"Indikator","Ausprägung","Jahr","Raumbezug","Indikatorwert","Basiswert.1","Basiswert.2","Basiswert.3","Basiswert.4","Basiswert.5","Name.Basiswert.1","Name.Basiswert.2","Name.Basiswert.3","Name.Basiswert.4","Name.Basiswert.5"
"Bevölkerungsanteil","insgesamt",2024,"Stadt München",100,1603776,1603776,NA,NA,NA,"Hauptwohnsitzbevölkerung (ausgewählte räumliche Einheit)","Hauptwohnsitzbevölkerung (insgesamt)",NA,NA,NA
"Bevölkerungsanteil","insgesamt",2024,"01 Altstadt - Lehel",1.3,20876,1603776,NA,NA,NA,"Hauptwohnsitzbevölkerung (ausgewählte räumliche Einheit)","Hauptwohnsitzbevölkerung (insgesamt)",NA,NA,NA
"Bevölkerungsanteil","insgesamt",2024,"02 Ludwigsvorstadt - Isarvorstadt",3.1,50081,1603776,NA,NA,NA,"Hauptwohnsitzbevölkerung (ausgewählte räumliche Einheit)","Hauptwohnsitzbevölkerung (insgesamt)",NA,NA,NA
"Bevölkerungsanteil","insgesamt",2024,"03 Maxvorstadt",3.3,52434,1603776,NA,NA,NA,"Hauptwohnsitzbevölkerung (ausgewählte räumliche Einheit)","Hauptwohnsitzbevölkerung (insgesamt)",NA,NA,NA
"Bevölkerungsanteil","insgesamt",2024,"04 Schwabing - West",4.3,68610,1603776,NA,NA,NA,"Hauptwohnsitzbevölkerung (ausgewählte räumliche Einheit)","Hauptwohnsitzbevölkerung (insgesamt)",NA,NA,NA
"Bevölkerungsanteil","insgesamt",2024,"05 Au - Haidhausen",4,63972,1603776,NA,NA,NA,"Hauptwohnsitzbevölkerung (ausgewählte räumliche Einheit)","Hauptwohnsitzbevölkerung (insgesamt)",NA,NA,NA
"Bevölkerungsanteil","insgesamt",2024,"06 Sendling",2.6,41002,1603776,NA,NA,NA,"Hauptwohnsitzbevölkerung (ausgewählte räumliche Einheit)","Hauptwohnsitzbevölkerung (insgesamt)",NA,NA,NA
"Bevölkerungsanteil","insgesamt",2024,"07 Sendling - Westpark",3.9,62240,1603776,NA,NA,NA,"Hauptwohnsitzbevölkerung (ausgewählte räumliche Einheit)","Hauptwohnsitzbevölkerung (insgesamt)",NA,NA,NA
"Bevölkerungsanteil","insgesamt",2024,"08 Schwanthalerhöhe",1.8,28684,1603776,NA,NA,NA,"Hauptwohnsitzbevölkerung (ausgewählte räumliche Einheit)","Hauptwohnsitzbevölkerung (insgesamt)",NA,NA,NA
"Bevölkerungsanteil","insgesamt",2024,"09 Neuhausen - Nymphenburg",6.4,101901,1603776,NA,NA,NA,"Hauptwohnsitzbevölkerung (ausgewählte räumliche Einheit)","Hauptwohnsitzbevölkerung (insgesamt)",NA,NA,NA
"Bevölkerungsanteil","insgesamt",2024,"10 Moosach",3.5,56015,1603776,NA,NA,NA,"Hauptwohnsitzbevölkerung (ausgewählte räumliche Einheit)","Hauptwohnsitzbevölkerung (insgesamt)",NA,NA,NA
"Bevölkerungsanteil","insgesamt",2024,"11 Milbertshofen - Am Hart",4.8,77281,1603776,NA,NA,NA,"Hauptwohnsitzbevölkerung (ausgewählte räumliche Einheit)","Hauptwohnsitzbevölkerung (insgesamt)",NA,NA,NA
"Bevölkerungsanteil","insgesamt",2024,"12 Schwabing - Freimann",4.8,77092,1603776,NA,NA,NA,"Hauptwohnsitzbevölkerung (ausgewählte räumliche Einheit)","Hauptwohnsitzbevölkerung (insgesamt)",NA,NA,NA
"Bevölkerungsanteil","insgesamt",2024,"13 Bogenhausen",6,95475,1603776,NA,NA,NA,"Hauptwohnsitzbevölkerung (ausgewählte räumliche Einheit)","Hauptwohnsitzbevölkerung (insgesamt)",NA,NA,NA
"Bevölkerungsanteil","insgesamt",2024,"14 Berg am Laim",3,47367,1603776,NA,NA,NA,"Hauptwohnsitzbevölkerung (ausgewählte räumliche Einheit)","Hauptwohnsitzbevölkerung (insgesamt)",NA,NA,NA
"Bevölkerungsanteil","insgesamt",2024,"15 Trudering - Riem",4.8,76280,1603776,NA,NA,NA,"Hauptwohnsitzbevölkerung (ausgewählte räumliche Einheit)","Hauptwohnsitzbevölkerung (insgesamt)",NA,NA,NA
"Bevölkerungsanteil","insgesamt",2024,"16 Ramersdorf - Perlach",7.5,120776,1603776,NA,NA,NA,"Hauptwohnsitzbevölkerung (ausgewählte räumliche Einheit)","Hauptwohnsitzbevölkerung (insgesamt)",NA,NA,NA
"Bevölkerungsanteil","insgesamt",2024,"17 Obergiesing - Fasangarten",3.4,54352,1603776,NA,NA,NA,"Hauptwohnsitzbevölkerung (ausgewählte räumliche Einheit)","Hauptwohnsitzbevölkerung (insgesamt)",NA,NA,NA
"Bevölkerungsanteil","insgesamt",2024,"18 Untergiesing - Harlaching",3.4,54067,1603776,NA,NA,NA,"Hauptwohnsitzbevölkerung (ausgewählte räumliche Einheit)","Hauptwohnsitzbevölkerung (insgesamt)",NA,NA,NA
"Bevölkerungsanteil","insgesamt",2024,"19 Thalkirchen - Obersendling - Forstenried - Fürstenried - Solln",6.5,103717,1603776,NA,NA,NA,"Hauptwohnsitzbevölkerung (ausgewählte räumliche Einheit)","Hauptwohnsitzbevölkerung (insgesamt)",NA,NA,NA
"Bevölkerungsanteil","insgesamt",2024,"20 Hadern",3.2,51637,1603776,NA,NA,NA,"Hauptwohnsitzbevölkerung (ausgewählte räumliche Einheit)","Hauptwohnsitzbevölkerung (insgesamt)",NA,NA,NA
"Bevölkerungsanteil","insgesamt",2024,"21 Pasing - Obermenzing",5.1,81804,1603776,NA,NA,NA,"Hauptwohnsitzbevölkerung (ausgewählte räumliche Einheit)","Hauptwohnsitzbevölkerung (insgesamt)",NA,NA,NA
"Bevölkerungsanteil","insgesamt",2024,"22 Aubing - Lochhausen - Langwied",3.8,61011,1603776,NA,NA,NA,"Hauptwohnsitzbevölkerung (ausgewählte räumliche Einheit)","Hauptwohnsitzbevölkerung (insgesamt)",NA,NA,NA
"Bevölkerungsanteil","insgesamt",2024,"23 Allach - Untermenzing",2.3,36230,1603776,NA,NA,NA,"Hauptwohnsitzbevölkerung (ausgewählte räumliche Einheit)","Hauptwohnsitzbevölkerung (insgesamt)",NA,NA,NA
"Bevölkerungsanteil","insgesamt",2024,"24 Feldmoching - Hasenbergl",4,63756,1603776,NA,NA,NA,"Hauptwohnsitzbevölkerung (ausgewählte räumliche Einheit)","Hauptwohnsitzbevölkerung (insgesamt)",NA,NA,NA
"Bevölkerungsanteil","insgesamt",2024,"25 Laim",3.6,57116,1603776,NA,NA,NA,"Hauptwohnsitzbevölkerung (ausgewählte räumliche Einheit)","Hauptwohnsitzbevölkerung (insgesamt)",NA,NA,NA
"Bevölkerungsanteil","insgesamt",2023,"Stadt München",100,1589026,1589026,NA,NA,NA,"Hauptwohnsitzbevölkerung (ausgewählte räumliche Einheit)","Hauptwohnsitzbevölkerung (insgesamt)",NA,NA,NA
"Bevölkerungsanteil","insgesamt",2023,"01 Altstadt - Lehel",1.3,20860,1589026,NA,NA,NA,"Hauptwohnsitzbevölkerung (ausgewählte räumliche Einheit)","Hauptwohnsitzbevölkerung (insgesamt)",NA,NA,NA
"Bevölkerungsanteil","insgesamt",2023,"02 Ludwigsvorstadt - Isarvorstadt",3.1,49876,1589026,NA,NA,NA,"Hauptwohnsitzbevölkerung (ausgewählte räumliche Einheit)","Hauptwohnsitzbevölkerung (insgesamt)",NA,NA,NA
"Bevölkerungsanteil","insgesamt",2023,"03 Maxvorstadt",3.3,51945,1589026,NA,NA,NA,"Hauptwohnsitzbevölkerung (ausgewählte räumliche Einheit)","Hauptwohnsitzbevölkerung (insgesamt)",NA,NA,NA
"Bevölkerungsanteil","insgesamt",2023,"04 Schwabing - West",4.3,68254,1589026,NA,NA,NA,"Hauptwohnsitzbevölkerung (ausgewählte räumliche Einheit)","Hauptwohnsitzbevölkerung (insgesamt)",NA,NA,NA
"Bevölkerungsanteil","insgesamt",2023,"05 Au - Haidhausen",4,63583,1589026,NA,NA,NA,"Hauptwohnsitzbevölkerung (ausgewählte räumliche Einheit)","Hauptwohnsitzbevölkerung (insgesamt)",NA,NA,NA
"Bevölkerungsanteil","insgesamt",2023,"06 Sendling",2.6,40790,1589026,NA,NA,NA,"Hauptwohnsitzbevölkerung (ausgewählte räumliche Einheit)","Hauptwohnsitzbevölkerung (insgesamt)",NA,NA,NA
"Bevölkerungsanteil","insgesamt",2023,"07 Sendling - Westpark",3.9,62065,1589026,NA,NA,NA,"Hauptwohnsitzbevölkerung (ausgewählte räumliche Einheit)","Hauptwohnsitzbevölkerung (insgesamt)",NA,NA,NA
"Bevölkerungsanteil","insgesamt",2023,"08 Schwanthalerhöhe",1.8,28732,1589026,NA,NA,NA,"Hauptwohnsitzbevölkerung (ausgewählte räumliche Einheit)","Hauptwohnsitzbevölkerung (insgesamt)",NA,NA,NA
"Bevölkerungsanteil","insgesamt",2023,"09 Neuhausen - Nymphenburg",6.3,100396,1589026,NA,NA,NA,"Hauptwohnsitzbevölkerung (ausgewählte räumliche Einheit)","Hauptwohnsitzbevölkerung (insgesamt)",NA,NA,NA
"Bevölkerungsanteil","insgesamt",2023,"10 Moosach",3.5,55851,1589026,NA,NA,NA,"Hauptwohnsitzbevölkerung (ausgewählte räumliche Einheit)","Hauptwohnsitzbevölkerung (insgesamt)",NA,NA,NA
"Bevölkerungsanteil","insgesamt",2023,"11 Milbertshofen - Am Hart",4.8,76971,1589026,NA,NA,NA,"Hauptwohnsitzbevölkerung (ausgewählte räumliche Einheit)","Hauptwohnsitzbevölkerung (insgesamt)",NA,NA,NA
"Bevölkerungsanteil","insgesamt",2023,"12 Schwabing - Freimann",4.8,76986,1589026,NA,NA,NA,"Hauptwohnsitzbevölkerung (ausgewählte räumliche Einheit)","Hauptwohnsitzbevölkerung (insgesamt)",NA,NA,NA
"Bevölkerungsanteil","insgesamt",2023,"13 Bogenhausen",5.9,94337,1589026,NA,NA,NA,"Hauptwohnsitzbevölkerung (ausgewählte räumliche Einheit)","Hauptwohnsitzbevölkerung (insgesamt)",NA,NA,NA
"Bevölkerungsanteil","insgesamt",2023,"14 Berg am Laim",3,47037,1589026,NA,NA,NA,"Hauptwohnsitzbevölkerung (ausgewählte räumliche Einheit)","Hauptwohnsitzbevölkerung (insgesamt)",NA,NA,NA
"Bevölkerungsanteil","insgesamt",2023,"15 Trudering - Riem",4.8,75728,1589026,NA,NA,NA,"Hauptwohnsitzbevölkerung (ausgewählte räumliche Einheit)","Hauptwohnsitzbevölkerung (insgesamt)",NA,NA,NA
"Bevölkerungsanteil","insgesamt",2023,"16 Ramersdorf - Perlach",7.6,120085,1589026,NA,NA,NA,"Hauptwohnsitzbevölkerung (ausgewählte räumliche Einheit)","Hauptwohnsitzbevölkerung (insgesamt)",NA,NA,NA
"Bevölkerungsanteil","insgesamt",2023,"17 Obergiesing - Fasangarten",3.4,53795,1589026,NA,NA,NA,"Hauptwohnsitzbevölkerung (ausgewählte räumliche Einheit)","Hauptwohnsitzbevölkerung (insgesamt)",NA,NA,NA
"Bevölkerungsanteil","insgesamt",2023,"18 Untergiesing - Harlaching",3.4,53909,1589026,NA,NA,NA,"Hauptwohnsitzbevölkerung (ausgewählte räumliche Einheit)","Hauptwohnsitzbevölkerung (insgesamt)",NA,NA,NA
"Bevölkerungsanteil","insgesamt",2023,"19 Thalkirchen - Obersendling - Forstenried - Fürstenried - Solln",6.4,101992,1589026,NA,NA,NA,"Hauptwohnsitzbevölkerung (ausgewählte räumliche Einheit)","Hauptwohnsitzbevölkerung (insgesamt)",NA,NA,NA
"Bevölkerungsanteil","insgesamt",2023,"20 Hadern",3.2,51446,1589026,NA,NA,NA,"Hauptwohnsitzbevölkerung (ausgewählte räumliche Einheit)","Hauptwohnsitzbevölkerung (insgesamt)",NA,NA,NA
"Bevölkerungsanteil","insgesamt",2023,"21 Pasing - Obermenzing",5.1,81246,1589026,NA,NA,NA,"Hauptwohnsitzbevölkerung (ausgewählte räumliche Einheit)","Hauptwohnsitzbevölkerung (insgesamt)",NA,NA,NA
"Bevölkerungsanteil","insgesamt",2023,"22 Aubing - Lochhausen - Langwied",3.6,57502,1589026,NA,NA,NA,"Hauptwohnsitzbevölkerung (ausgewählte räumliche Einheit)","Hauptwohnsitzbevölkerung (insgesamt)",NA,NA,NA
"Bevölkerungsanteil","insgesamt",2023,"23 Allach - Untermenzing",2.3,35918,1589026,NA,NA,NA,"Hauptwohnsitzbevölkerung (ausgewählte räumliche Einheit)","Hauptwohnsitzbevölkerung (insgesamt)",NA,NA,NA
"Bevölkerungsanteil","insgesamt",2023,"24 Feldmoching - Hasenbergl",4,63006,1589026,NA,NA,NA,"Hauptwohnsitzbevölkerung (ausgewählte räumliche Einheit)","Hauptwohnsitzbevölkerung (insgesamt)",NA,NA,NA
"Bevölkerungsanteil","insgesamt",2023,"25 Laim",3.6,56716,1589026,NA,NA,NA,"Hauptwohnsitzbevölkerung (ausgewählte räumliche Einheit)","Hauptwohnsitzbevölkerung (insgesamt)",NA,NA,NA
"Bevölkerungsanteil","insgesamt",2022,"Stadt München",100,1588330,1588330,NA,NA,NA,"Hauptwohnsitzbevölkerung (ausgewählte räumliche Einheit)","Hauptwohnsitzbevölkerung (insgesamt)",NA,NA,NA
"Bevölkerungsanteil","insgesamt",2022,"01 Altstadt - Lehel",1.3,20808,1588330,NA,NA,NA,"Hauptwohnsitzbevölkerung (ausgewählte räumliche Einheit)","Hauptwohnsitzbevölkerung (insgesamt)",NA,NA,NA
"Bevölkerungsanteil","insgesamt",2022,"02 Ludwigsvorstadt - Isarvorstadt",3.2,50915,1588330,NA,NA,NA,"Hauptwohnsitzbevölkerung (ausgewählte räumliche Einheit)","Hauptwohnsitzbevölkerung (insgesamt)",NA,NA,NA
"Bevölkerungsanteil","insgesamt",2022,"03 Maxvorstadt",3.3,52269,1588330,NA,NA,NA,"Hauptwohnsitzbevölkerung (ausgewählte räumliche Einheit)","Hauptwohnsitzbevölkerung (insgesamt)",NA,NA,NA
"Bevölkerungsanteil","insgesamt",2022,"04 Schwabing - West",4.3,68603,1588330,NA,NA,NA,"Hauptwohnsitzbevölkerung (ausgewählte räumliche Einheit)","Hauptwohnsitzbevölkerung (insgesamt)",NA,NA,NA
"Bevölkerungsanteil","insgesamt",2022,"05 Au - Haidhausen",4,63383,1588330,NA,NA,NA,"Hauptwohnsitzbevölkerung (ausgewählte räumliche Einheit)","Hauptwohnsitzbevölkerung (insgesamt)",NA,NA,NA
"Bevölkerungsanteil","insgesamt",2022,"06 Sendling",2.6,41011,1588330,NA,NA,NA,"Hauptwohnsitzbevölkerung (ausgewählte räumliche Einheit)","Hauptwohnsitzbevölkerung (insgesamt)",NA,NA,NA
"Bevölkerungsanteil","insgesamt",2022,"07 Sendling - Westpark",3.9,61702,1588330,NA,NA,NA,"Hauptwohnsitzbevölkerung (ausgewählte räumliche Einheit)","Hauptwohnsitzbevölkerung (insgesamt)",NA,NA,NA
"Bevölkerungsanteil","insgesamt",2022,"08 Schwanthalerhöhe",1.8,28986,1588330,NA,NA,NA,"Hauptwohnsitzbevölkerung (ausgewählte räumliche Einheit)","Hauptwohnsitzbevölkerung (insgesamt)",NA,NA,NA
"Bevölkerungsanteil","insgesamt",2022,"09 Neuhausen - Nymphenburg",6.3,100495,1588330,NA,NA,NA,"Hauptwohnsitzbevölkerung (ausgewählte räumliche Einheit)","Hauptwohnsitzbevölkerung (insgesamt)",NA,NA,NA
"Bevölkerungsanteil","insgesamt",2022,"10 Moosach",3.5,55761,1588330,NA,NA,NA,"Hauptwohnsitzbevölkerung (ausgewählte räumliche Einheit)","Hauptwohnsitzbevölkerung (insgesamt)",NA,NA,NA
"Bevölkerungsanteil","insgesamt",2022,"11 Milbertshofen - Am Hart",4.8,77002,1588330,NA,NA,NA,"Hauptwohnsitzbevölkerung (ausgewählte räumliche Einheit)","Hauptwohnsitzbevölkerung (insgesamt)",NA,NA,NA
"Bevölkerungsanteil","insgesamt",2022,"12 Schwabing - Freimann",5,79092,1588330,NA,NA,NA,"Hauptwohnsitzbevölkerung (ausgewählte räumliche Einheit)","Hauptwohnsitzbevölkerung (insgesamt)",NA,NA,NA
"Bevölkerungsanteil","insgesamt",2022,"13 Bogenhausen",5.9,94317,1588330,NA,NA,NA,"Hauptwohnsitzbevölkerung (ausgewählte räumliche Einheit)","Hauptwohnsitzbevölkerung (insgesamt)",NA,NA,NA
"Bevölkerungsanteil","insgesamt",2022,"14 Berg am Laim",3,47148,1588330,NA,NA,NA,"Hauptwohnsitzbevölkerung (ausgewählte räumliche Einheit)","Hauptwohnsitzbevölkerung (insgesamt)",NA,NA,NA
"Bevölkerungsanteil","insgesamt",2022,"15 Trudering - Riem",4.8,75998,1588330,NA,NA,NA,"Hauptwohnsitzbevölkerung (ausgewählte räumliche Einheit)","Hauptwohnsitzbevölkerung (insgesamt)",NA,NA,NA
"Bevölkerungsanteil","insgesamt",2022,"16 Ramersdorf - Perlach",7.5,119572,1588330,NA,NA,NA,"Hauptwohnsitzbevölkerung (ausgewählte räumliche Einheit)","Hauptwohnsitzbevölkerung (insgesamt)",NA,NA,NA
"Bevölkerungsanteil","insgesamt",2022,"17 Obergiesing - Fasangarten",3.4,53964,1588330,NA,NA,NA,"Hauptwohnsitzbevölkerung (ausgewählte räumliche Einheit)","Hauptwohnsitzbevölkerung (insgesamt)",NA,NA,NA
"Bevölkerungsanteil","insgesamt",2022,"18 Untergiesing - Harlaching",3.4,54068,1588330,NA,NA,NA,"Hauptwohnsitzbevölkerung (ausgewählte räumliche Einheit)","Hauptwohnsitzbevölkerung (insgesamt)",NA,NA,NA
"Bevölkerungsanteil","insgesamt",2022,"19 Thalkirchen - Obersendling - Forstenried - Fürstenried - Solln",6.4,101087,1588330,NA,NA,NA,"Hauptwohnsitzbevölkerung (ausgewählte räumliche Einheit)","Hauptwohnsitzbevölkerung (insgesamt)",NA,NA,NA
"Bevölkerungsanteil","insgesamt",2022,"20 Hadern",3.2,51239,1588330,NA,NA,NA,"Hauptwohnsitzbevölkerung (ausgewählte räumliche Einheit)","Hauptwohnsitzbevölkerung (insgesamt)",NA,NA,NA
"Bevölkerungsanteil","insgesamt",2022,"21 Pasing - Obermenzing",5.1,80309,1588330,NA,NA,NA,"Hauptwohnsitzbevölkerung (ausgewählte räumliche Einheit)","Hauptwohnsitzbevölkerung (insgesamt)",NA,NA,NA
"Bevölkerungsanteil","insgesamt",2022,"22 Aubing - Lochhausen - Langwied",3.4,54619,1588330,NA,NA,NA,"Hauptwohnsitzbevölkerung (ausgewählte räumliche Einheit)","Hauptwohnsitzbevölkerung (insgesamt)",NA,NA,NA
"Bevölkerungsanteil","insgesamt",2022,"23 Allach - Untermenzing",2.3,36017,1588330,NA,NA,NA,"Hauptwohnsitzbevölkerung (ausgewählte räumliche Einheit)","Hauptwohnsitzbevölkerung (insgesamt)",NA,NA,NA
"Bevölkerungsanteil","insgesamt",2022,"24 Feldmoching - Hasenbergl",4,63110,1588330,NA,NA,NA,"Hauptwohnsitzbevölkerung (ausgewählte räumliche Einheit)","Hauptwohnsitzbevölkerung (insgesamt)",NA,NA,NA
"Bevölkerungsanteil","insgesamt",2022,"25 Laim",3.6,56855,1588330,NA,NA,NA,"Hauptwohnsitzbevölkerung (ausgewählte räumliche Einheit)","Hauptwohnsitzbevölkerung (insgesamt)",NA,NA,NA
"Bevölkerungsanteil","insgesamt",2021,"Stadt München",100,1562128,1562128,NA,NA,NA,"Hauptwohnsitzbevölkerung (ausgewählte räumliche Einheit)","Hauptwohnsitzbevölkerung (insgesamt)",NA,NA,NA
"Bevölkerungsanteil","insgesamt",2021,"01 Altstadt - Lehel",1.3,20626,1562128,NA,NA,NA,"Hauptwohnsitzbevölkerung (ausgewählte räumliche Einheit)","Hauptwohnsitzbevölkerung (insgesamt)",NA,NA,NA
"Bevölkerungsanteil","insgesamt",2021,"02 Ludwigsvorstadt - Isarvorstadt",3.3,50943,1562128,NA,NA,NA,"Hauptwohnsitzbevölkerung (ausgewählte räumliche Einheit)","Hauptwohnsitzbevölkerung (insgesamt)",NA,NA,NA
"Bevölkerungsanteil","insgesamt",2021,"03 Maxvorstadt",3.3,51228,1562128,NA,NA,NA,"Hauptwohnsitzbevölkerung (ausgewählte räumliche Einheit)","Hauptwohnsitzbevölkerung (insgesamt)",NA,NA,NA
"Bevölkerungsanteil","insgesamt",2021,"04 Schwabing - West",4.4,68255,1562128,NA,NA,NA,"Hauptwohnsitzbevölkerung (ausgewählte räumliche Einheit)","Hauptwohnsitzbevölkerung (insgesamt)",NA,NA,NA
"Bevölkerungsanteil","insgesamt",2021,"05 Au - Haidhausen",4,62315,1562128,NA,NA,NA,"Hauptwohnsitzbevölkerung (ausgewählte räumliche Einheit)","Hauptwohnsitzbevölkerung (insgesamt)",NA,NA,NA
"Bevölkerungsanteil","insgesamt",2021,"06 Sendling",2.6,40704,1562128,NA,NA,NA,"Hauptwohnsitzbevölkerung (ausgewählte räumliche Einheit)","Hauptwohnsitzbevölkerung (insgesamt)",NA,NA,NA
"Bevölkerungsanteil","insgesamt",2021,"07 Sendling - Westpark",3.9,60540,1562128,NA,NA,NA,"Hauptwohnsitzbevölkerung (ausgewählte räumliche Einheit)","Hauptwohnsitzbevölkerung (insgesamt)",NA,NA,NA
"Bevölkerungsanteil","insgesamt",2021,"08 Schwanthalerhöhe",1.8,28870,1562128,NA,NA,NA,"Hauptwohnsitzbevölkerung (ausgewählte räumliche Einheit)","Hauptwohnsitzbevölkerung (insgesamt)",NA,NA,NA
"Bevölkerungsanteil","insgesamt",2021,"09 Neuhausen - Nymphenburg",6.4,99415,1562128,NA,NA,NA,"Hauptwohnsitzbevölkerung (ausgewählte räumliche Einheit)","Hauptwohnsitzbevölkerung (insgesamt)",NA,NA,NA
"Bevölkerungsanteil","insgesamt",2021,"10 Moosach",3.5,54928,1562128,NA,NA,NA,"Hauptwohnsitzbevölkerung (ausgewählte räumliche Einheit)","Hauptwohnsitzbevölkerung (insgesamt)",NA,NA,NA
"Bevölkerungsanteil","insgesamt",2021,"11 Milbertshofen - Am Hart",4.8,75658,1562128,NA,NA,NA,"Hauptwohnsitzbevölkerung (ausgewählte räumliche Einheit)","Hauptwohnsitzbevölkerung (insgesamt)",NA,NA,NA
"Bevölkerungsanteil","insgesamt",2021,"12 Schwabing - Freimann",5,77701,1562128,NA,NA,NA,"Hauptwohnsitzbevölkerung (ausgewählte räumliche Einheit)","Hauptwohnsitzbevölkerung (insgesamt)",NA,NA,NA
"Bevölkerungsanteil","insgesamt",2021,"13 Bogenhausen",5.9,92593,1562128,NA,NA,NA,"Hauptwohnsitzbevölkerung (ausgewählte räumliche Einheit)","Hauptwohnsitzbevölkerung (insgesamt)",NA,NA,NA
"Bevölkerungsanteil","insgesamt",2021,"14 Berg am Laim",3,46769,1562128,NA,NA,NA,"Hauptwohnsitzbevölkerung (ausgewählte räumliche Einheit)","Hauptwohnsitzbevölkerung (insgesamt)",NA,NA,NA
"Bevölkerungsanteil","insgesamt",2021,"15 Trudering - Riem",4.8,74884,1562128,NA,NA,NA,"Hauptwohnsitzbevölkerung (ausgewählte räumliche Einheit)","Hauptwohnsitzbevölkerung (insgesamt)",NA,NA,NA
"Bevölkerungsanteil","insgesamt",2021,"16 Ramersdorf - Perlach",7.6,118010,1562128,NA,NA,NA,"Hauptwohnsitzbevölkerung (ausgewählte räumliche Einheit)","Hauptwohnsitzbevölkerung (insgesamt)",NA,NA,NA
"Bevölkerungsanteil","insgesamt",2021,"17 Obergiesing - Fasangarten",3.4,53483,1562128,NA,NA,NA,"Hauptwohnsitzbevölkerung (ausgewählte räumliche Einheit)","Hauptwohnsitzbevölkerung (insgesamt)",NA,NA,NA
"Bevölkerungsanteil","insgesamt",2021,"18 Untergiesing - Harlaching",3.4,52999,1562128,NA,NA,NA,"Hauptwohnsitzbevölkerung (ausgewählte räumliche Einheit)","Hauptwohnsitzbevölkerung (insgesamt)",NA,NA,NA
"Bevölkerungsanteil","insgesamt",2021,"19 Thalkirchen - Obersendling - Forstenried - Fürstenried - Solln",6.4,99260,1562128,NA,NA,NA,"Hauptwohnsitzbevölkerung (ausgewählte räumliche Einheit)","Hauptwohnsitzbevölkerung (insgesamt)",NA,NA,NA
"Bevölkerungsanteil","insgesamt",2021,"20 Hadern",3.2,50290,1562128,NA,NA,NA,"Hauptwohnsitzbevölkerung (ausgewählte räumliche Einheit)","Hauptwohnsitzbevölkerung (insgesamt)",NA,NA,NA
"Bevölkerungsanteil","insgesamt",2021,"21 Pasing - Obermenzing",5,78232,1562128,NA,NA,NA,"Hauptwohnsitzbevölkerung (ausgewählte räumliche Einheit)","Hauptwohnsitzbevölkerung (insgesamt)",NA,NA,NA
"Bevölkerungsanteil","insgesamt",2021,"22 Aubing - Lochhausen - Langwied",3.3,51786,1562128,NA,NA,NA,"Hauptwohnsitzbevölkerung (ausgewählte räumliche Einheit)","Hauptwohnsitzbevölkerung (insgesamt)",NA,NA,NA
"Bevölkerungsanteil","insgesamt",2021,"23 Allach - Untermenzing",2.2,34566,1562128,NA,NA,NA,"Hauptwohnsitzbevölkerung (ausgewählte räumliche Einheit)","Hauptwohnsitzbevölkerung (insgesamt)",NA,NA,NA
"Bevölkerungsanteil","insgesamt",2021,"24 Feldmoching - Hasenbergl",4,62192,1562128,NA,NA,NA,"Hauptwohnsitzbevölkerung (ausgewählte räumliche Einheit)","Hauptwohnsitzbevölkerung (insgesamt)",NA,NA,NA
"Bevölkerungsanteil","insgesamt",2021,"25 Laim",3.6,55881,1562128,NA,NA,NA,"Hauptwohnsitzbevölkerung (ausgewählte räumliche Einheit)","Hauptwohnsitzbevölkerung (insgesamt)",NA,NA,NA
"Bevölkerungsanteil","insgesamt",2020,"Stadt München",100,1562096,1562096,NA,NA,NA,"Hauptwohnsitzbevölkerung (ausgewählte räumliche Einheit)","Hauptwohnsitzbevölkerung (insgesamt)",NA,NA,NA
"Bevölkerungsanteil","insgesamt",2020,"01 Altstadt - Lehel",1.3,20960,1562096,NA,NA,NA,"Hauptwohnsitzbevölkerung (ausgewählte räumliche Einheit)","Hauptwohnsitzbevölkerung (insgesamt)",NA,NA,NA
"Bevölkerungsanteil","insgesamt",2020,"02 Ludwigsvorstadt - Isarvorstadt",3.3,51547,1562096,NA,NA,NA,"Hauptwohnsitzbevölkerung (ausgewählte räumliche Einheit)","Hauptwohnsitzbevölkerung (insgesamt)",NA,NA,NA
"Bevölkerungsanteil","insgesamt",2020,"03 Maxvorstadt",3.3,51530,1562096,NA,NA,NA,"Hauptwohnsitzbevölkerung (ausgewählte räumliche Einheit)","Hauptwohnsitzbevölkerung (insgesamt)",NA,NA,NA
"Bevölkerungsanteil","insgesamt",2020,"04 Schwabing - West",4.4,68750,1562096,NA,NA,NA,"Hauptwohnsitzbevölkerung (ausgewählte räumliche Einheit)","Hauptwohnsitzbevölkerung (insgesamt)",NA,NA,NA
"Bevölkerungsanteil","insgesamt",2020,"05 Au - Haidhausen",4,62353,1562096,NA,NA,NA,"Hauptwohnsitzbevölkerung (ausgewählte räumliche Einheit)","Hauptwohnsitzbevölkerung (insgesamt)",NA,NA,NA
"Bevölkerungsanteil","insgesamt",2020,"06 Sendling",2.6,40916,1562096,NA,NA,NA,"Hauptwohnsitzbevölkerung (ausgewählte räumliche Einheit)","Hauptwohnsitzbevölkerung (insgesamt)",NA,NA,NA
"Bevölkerungsanteil","insgesamt",2020,"07 Sendling - Westpark",3.9,60468,1562096,NA,NA,NA,"Hauptwohnsitzbevölkerung (ausgewählte räumliche Einheit)","Hauptwohnsitzbevölkerung (insgesamt)",NA,NA,NA
"Bevölkerungsanteil","insgesamt",2020,"08 Schwanthalerhöhe",1.9,29328,1562096,NA,NA,NA,"Hauptwohnsitzbevölkerung (ausgewählte räumliche Einheit)","Hauptwohnsitzbevölkerung (insgesamt)",NA,NA,NA
"Bevölkerungsanteil","insgesamt",2020,"09 Neuhausen - Nymphenburg",6.4,99704,1562096,NA,NA,NA,"Hauptwohnsitzbevölkerung (ausgewählte räumliche Einheit)","Hauptwohnsitzbevölkerung (insgesamt)",NA,NA,NA
"Bevölkerungsanteil","insgesamt",2020,"10 Moosach",3.5,54934,1562096,NA,NA,NA,"Hauptwohnsitzbevölkerung (ausgewählte räumliche Einheit)","Hauptwohnsitzbevölkerung (insgesamt)",NA,NA,NA
"Bevölkerungsanteil","insgesamt",2020,"11 Milbertshofen - Am Hart",4.9,75999,1562096,NA,NA,NA,"Hauptwohnsitzbevölkerung (ausgewählte räumliche Einheit)","Hauptwohnsitzbevölkerung (insgesamt)",NA,NA,NA
"Bevölkerungsanteil","insgesamt",2020,"12 Schwabing - Freimann",5,78881,1562096,NA,NA,NA,"Hauptwohnsitzbevölkerung (ausgewählte räumliche Einheit)","Hauptwohnsitzbevölkerung (insgesamt)",NA,NA,NA
"Bevölkerungsanteil","insgesamt",2020,"13 Bogenhausen",5.9,91855,1562096,NA,NA,NA,"Hauptwohnsitzbevölkerung (ausgewählte räumliche Einheit)","Hauptwohnsitzbevölkerung (insgesamt)",NA,NA,NA
"Bevölkerungsanteil","insgesamt",2020,"14 Berg am Laim",3,46915,1562096,NA,NA,NA,"Hauptwohnsitzbevölkerung (ausgewählte räumliche Einheit)","Hauptwohnsitzbevölkerung (insgesamt)",NA,NA,NA
"Bevölkerungsanteil","insgesamt",2020,"15 Trudering - Riem",4.8,74456,1562096,NA,NA,NA,"Hauptwohnsitzbevölkerung (ausgewählte räumliche Einheit)","Hauptwohnsitzbevölkerung (insgesamt)",NA,NA,NA
"Bevölkerungsanteil","insgesamt",2020,"16 Ramersdorf - Perlach",7.6,118147,1562096,NA,NA,NA,"Hauptwohnsitzbevölkerung (ausgewählte räumliche Einheit)","Hauptwohnsitzbevölkerung (insgesamt)",NA,NA,NA
"Bevölkerungsanteil","insgesamt",2020,"17 Obergiesing - Fasangarten",3.5,53897,1562096,NA,NA,NA,"Hauptwohnsitzbevölkerung (ausgewählte räumliche Einheit)","Hauptwohnsitzbevölkerung (insgesamt)",NA,NA,NA
"Bevölkerungsanteil","insgesamt",2020,"18 Untergiesing - Harlaching",3.4,52940,1562096,NA,NA,NA,"Hauptwohnsitzbevölkerung (ausgewählte räumliche Einheit)","Hauptwohnsitzbevölkerung (insgesamt)",NA,NA,NA
"Bevölkerungsanteil","insgesamt",2020,"19 Thalkirchen - Obersendling - Forstenried - Fürstenried - Solln",6.3,98596,1562096,NA,NA,NA,"Hauptwohnsitzbevölkerung (ausgewählte räumliche Einheit)","Hauptwohnsitzbevölkerung (insgesamt)",NA,NA,NA
"Bevölkerungsanteil","insgesamt",2020,"20 Hadern",3.2,49770,1562096,NA,NA,NA,"Hauptwohnsitzbevölkerung (ausgewählte räumliche Einheit)","Hauptwohnsitzbevölkerung (insgesamt)",NA,NA,NA
"Bevölkerungsanteil","insgesamt",2020,"21 Pasing - Obermenzing",4.9,77301,1562096,NA,NA,NA,"Hauptwohnsitzbevölkerung (ausgewählte räumliche Einheit)","Hauptwohnsitzbevölkerung (insgesamt)",NA,NA,NA
"Bevölkerungsanteil","insgesamt",2020,"22 Aubing - Lochhausen - Langwied",3.2,50140,1562096,NA,NA,NA,"Hauptwohnsitzbevölkerung (ausgewählte räumliche Einheit)","Hauptwohnsitzbevölkerung (insgesamt)",NA,NA,NA
"Bevölkerungsanteil","insgesamt",2020,"23 Allach - Untermenzing",2.2,33710,1562096,NA,NA,NA,"Hauptwohnsitzbevölkerung (ausgewählte räumliche Einheit)","Hauptwohnsitzbevölkerung (insgesamt)",NA,NA,NA
"Bevölkerungsanteil","insgesamt",2020,"24 Feldmoching - Hasenbergl",4,62270,1562096,NA,NA,NA,"Hauptwohnsitzbevölkerung (ausgewählte räumliche Einheit)","Hauptwohnsitzbevölkerung (insgesamt)",NA,NA,NA
"Bevölkerungsanteil","insgesamt",2020,"25 Laim",3.6,56729,1562096,NA,NA,NA,"Hauptwohnsitzbevölkerung (ausgewählte räumliche Einheit)","Hauptwohnsitzbevölkerung (insgesamt)",NA,NA,NA
"Bevölkerungsanteil","insgesamt",2019,"Stadt München",100,1560042,1560042,NA,NA,NA,"Hauptwohnsitzbevölkerung (ausgewählte räumliche Einheit)","Hauptwohnsitzbevölkerung (insgesamt)",NA,NA,NA
"Bevölkerungsanteil","insgesamt",2019,"01 Altstadt - Lehel",1.4,21126,1560042,NA,NA,NA,"Hauptwohnsitzbevölkerung (ausgewählte räumliche Einheit)","Hauptwohnsitzbevölkerung (insgesamt)",NA,NA,NA
"Bevölkerungsanteil","insgesamt",2019,"02 Ludwigsvorstadt - Isarvorstadt",3.3,51933,1560042,NA,NA,NA,"Hauptwohnsitzbevölkerung (ausgewählte räumliche Einheit)","Hauptwohnsitzbevölkerung (insgesamt)",NA,NA,NA
"Bevölkerungsanteil","insgesamt",2019,"03 Maxvorstadt",3.3,51834,1560042,NA,NA,NA,"Hauptwohnsitzbevölkerung (ausgewählte räumliche Einheit)","Hauptwohnsitzbevölkerung (insgesamt)",NA,NA,NA
"Bevölkerungsanteil","insgesamt",2019,"04 Schwabing - West",4.4,68935,1560042,NA,NA,NA,"Hauptwohnsitzbevölkerung (ausgewählte räumliche Einheit)","Hauptwohnsitzbevölkerung (insgesamt)",NA,NA,NA
"Bevölkerungsanteil","insgesamt",2019,"05 Au - Haidhausen",4,61654,1560042,NA,NA,NA,"Hauptwohnsitzbevölkerung (ausgewählte räumliche Einheit)","Hauptwohnsitzbevölkerung (insgesamt)",NA,NA,NA
"Bevölkerungsanteil","insgesamt",2019,"06 Sendling",2.6,41256,1560042,NA,NA,NA,"Hauptwohnsitzbevölkerung (ausgewählte räumliche Einheit)","Hauptwohnsitzbevölkerung (insgesamt)",NA,NA,NA
"Bevölkerungsanteil","insgesamt",2019,"07 Sendling - Westpark",3.9,60498,1560042,NA,NA,NA,"Hauptwohnsitzbevölkerung (ausgewählte räumliche Einheit)","Hauptwohnsitzbevölkerung (insgesamt)",NA,NA,NA
"Bevölkerungsanteil","insgesamt",2019,"08 Schwanthalerhöhe",1.9,29611,1560042,NA,NA,NA,"Hauptwohnsitzbevölkerung (ausgewählte räumliche Einheit)","Hauptwohnsitzbevölkerung (insgesamt)",NA,NA,NA
"Bevölkerungsanteil","insgesamt",2019,"09 Neuhausen - Nymphenburg",6.4,100213,1560042,NA,NA,NA,"Hauptwohnsitzbevölkerung (ausgewählte räumliche Einheit)","Hauptwohnsitzbevölkerung (insgesamt)",NA,NA,NA
"Bevölkerungsanteil","insgesamt",2019,"10 Moosach",3.5,54872,1560042,NA,NA,NA,"Hauptwohnsitzbevölkerung (ausgewählte räumliche Einheit)","Hauptwohnsitzbevölkerung (insgesamt)",NA,NA,NA
"Bevölkerungsanteil","insgesamt",2019,"11 Milbertshofen - Am Hart",4.9,76559,1560042,NA,NA,NA,"Hauptwohnsitzbevölkerung (ausgewählte räumliche Einheit)","Hauptwohnsitzbevölkerung (insgesamt)",NA,NA,NA
"Bevölkerungsanteil","insgesamt",2019,"12 Schwabing - Freimann",5,78657,1560042,NA,NA,NA,"Hauptwohnsitzbevölkerung (ausgewählte räumliche Einheit)","Hauptwohnsitzbevölkerung (insgesamt)",NA,NA,NA
"Bevölkerungsanteil","insgesamt",2019,"13 Bogenhausen",5.8,90025,1560042,NA,NA,NA,"Hauptwohnsitzbevölkerung (ausgewählte räumliche Einheit)","Hauptwohnsitzbevölkerung (insgesamt)",NA,NA,NA
"Bevölkerungsanteil","insgesamt",2019,"14 Berg am Laim",3,47000,1560042,NA,NA,NA,"Hauptwohnsitzbevölkerung (ausgewählte räumliche Einheit)","Hauptwohnsitzbevölkerung (insgesamt)",NA,NA,NA
"Bevölkerungsanteil","insgesamt",2019,"15 Trudering - Riem",4.7,73479,1560042,NA,NA,NA,"Hauptwohnsitzbevölkerung (ausgewählte räumliche Einheit)","Hauptwohnsitzbevölkerung (insgesamt)",NA,NA,NA
"Bevölkerungsanteil","insgesamt",2019,"16 Ramersdorf - Perlach",7.6,117918,1560042,NA,NA,NA,"Hauptwohnsitzbevölkerung (ausgewählte räumliche Einheit)","Hauptwohnsitzbevölkerung (insgesamt)",NA,NA,NA
"Bevölkerungsanteil","insgesamt",2019,"17 Obergiesing - Fasangarten",3.5,54498,1560042,NA,NA,NA,"Hauptwohnsitzbevölkerung (ausgewählte räumliche Einheit)","Hauptwohnsitzbevölkerung (insgesamt)",NA,NA,NA
"Bevölkerungsanteil","insgesamt",2019,"18 Untergiesing - Harlaching",3.4,53243,1560042,NA,NA,NA,"Hauptwohnsitzbevölkerung (ausgewählte räumliche Einheit)","Hauptwohnsitzbevölkerung (insgesamt)",NA,NA,NA
"Bevölkerungsanteil","insgesamt",2019,"19 Thalkirchen - Obersendling - Forstenried - Fürstenried - Solln",6.3,97689,1560042,NA,NA,NA,"Hauptwohnsitzbevölkerung (ausgewählte räumliche Einheit)","Hauptwohnsitzbevölkerung (insgesamt)",NA,NA,NA
"Bevölkerungsanteil","insgesamt",2019,"20 Hadern",3.2,50165,1560042,NA,NA,NA,"Hauptwohnsitzbevölkerung (ausgewählte räumliche Einheit)","Hauptwohnsitzbevölkerung (insgesamt)",NA,NA,NA
"Bevölkerungsanteil","insgesamt",2019,"21 Pasing - Obermenzing",4.9,76348,1560042,NA,NA,NA,"Hauptwohnsitzbevölkerung (ausgewählte räumliche Einheit)","Hauptwohnsitzbevölkerung (insgesamt)",NA,NA,NA
"Bevölkerungsanteil","insgesamt",2019,"22 Aubing - Lochhausen - Langwied",3.1,49072,1560042,NA,NA,NA,"Hauptwohnsitzbevölkerung (ausgewählte räumliche Einheit)","Hauptwohnsitzbevölkerung (insgesamt)",NA,NA,NA
"Bevölkerungsanteil","insgesamt",2019,"23 Allach - Untermenzing",2.2,34277,1560042,NA,NA,NA,"Hauptwohnsitzbevölkerung (ausgewählte räumliche Einheit)","Hauptwohnsitzbevölkerung (insgesamt)",NA,NA,NA
"Bevölkerungsanteil","insgesamt",2019,"24 Feldmoching - Hasenbergl",4,62069,1560042,NA,NA,NA,"Hauptwohnsitzbevölkerung (ausgewählte räumliche Einheit)","Hauptwohnsitzbevölkerung (insgesamt)",NA,NA,NA
"Bevölkerungsanteil","insgesamt",2019,"25 Laim",3.7,57111,1560042,NA,NA,NA,"Hauptwohnsitzbevölkerung (ausgewählte räumliche Einheit)","Hauptwohnsitzbevölkerung (insgesamt)",NA,NA,NA
"Bevölkerungsanteil","insgesamt",2018,"Stadt München",100,1542211,1542211,NA,NA,NA,"Hauptwohnsitzbevölkerung (ausgewählte räumliche Einheit)","Hauptwohnsitzbevölkerung (insgesamt)",NA,NA,NA
"Bevölkerungsanteil","insgesamt",2018,"01 Altstadt - Lehel",1.4,21100,1542211,NA,NA,NA,"Hauptwohnsitzbevölkerung (ausgewählte räumliche Einheit)","Hauptwohnsitzbevölkerung (insgesamt)",NA,NA,NA
"Bevölkerungsanteil","insgesamt",2018,"02 Ludwigsvorstadt - Isarvorstadt",3.3,51644,1542211,NA,NA,NA,"Hauptwohnsitzbevölkerung (ausgewählte räumliche Einheit)","Hauptwohnsitzbevölkerung (insgesamt)",NA,NA,NA
"Bevölkerungsanteil","insgesamt",2018,"03 Maxvorstadt",3.3,51402,1542211,NA,NA,NA,"Hauptwohnsitzbevölkerung (ausgewählte räumliche Einheit)","Hauptwohnsitzbevölkerung (insgesamt)",NA,NA,NA
"Bevölkerungsanteil","insgesamt",2018,"04 Schwabing - West",4.4,68527,1542211,NA,NA,NA,"Hauptwohnsitzbevölkerung (ausgewählte räumliche Einheit)","Hauptwohnsitzbevölkerung (insgesamt)",NA,NA,NA
"Bevölkerungsanteil","insgesamt",2018,"05 Au - Haidhausen",4,61356,1542211,NA,NA,NA,"Hauptwohnsitzbevölkerung (ausgewählte räumliche Einheit)","Hauptwohnsitzbevölkerung (insgesamt)",NA,NA,NA
"Bevölkerungsanteil","insgesamt",2018,"06 Sendling",2.7,40983,1542211,NA,NA,NA,"Hauptwohnsitzbevölkerung (ausgewählte räumliche Einheit)","Hauptwohnsitzbevölkerung (insgesamt)",NA,NA,NA
"Bevölkerungsanteil","insgesamt",2018,"07 Sendling - Westpark",3.9,59643,1542211,NA,NA,NA,"Hauptwohnsitzbevölkerung (ausgewählte räumliche Einheit)","Hauptwohnsitzbevölkerung (insgesamt)",NA,NA,NA
"Bevölkerungsanteil","insgesamt",2018,"08 Schwanthalerhöhe",1.9,29743,1542211,NA,NA,NA,"Hauptwohnsitzbevölkerung (ausgewählte räumliche Einheit)","Hauptwohnsitzbevölkerung (insgesamt)",NA,NA,NA
"Bevölkerungsanteil","insgesamt",2018,"09 Neuhausen - Nymphenburg",6.4,98814,1542211,NA,NA,NA,"Hauptwohnsitzbevölkerung (ausgewählte räumliche Einheit)","Hauptwohnsitzbevölkerung (insgesamt)",NA,NA,NA
"Bevölkerungsanteil","insgesamt",2018,"10 Moosach",3.5,54223,1542211,NA,NA,NA,"Hauptwohnsitzbevölkerung (ausgewählte räumliche Einheit)","Hauptwohnsitzbevölkerung (insgesamt)",NA,NA,NA
"Bevölkerungsanteil","insgesamt",2018,"11 Milbertshofen - Am Hart",4.9,75094,1542211,NA,NA,NA,"Hauptwohnsitzbevölkerung (ausgewählte räumliche Einheit)","Hauptwohnsitzbevölkerung (insgesamt)",NA,NA,NA
"Bevölkerungsanteil","insgesamt",2018,"12 Schwabing - Freimann",5.1,77936,1542211,NA,NA,NA,"Hauptwohnsitzbevölkerung (ausgewählte räumliche Einheit)","Hauptwohnsitzbevölkerung (insgesamt)",NA,NA,NA
"Bevölkerungsanteil","insgesamt",2018,"13 Bogenhausen",5.7,87950,1542211,NA,NA,NA,"Hauptwohnsitzbevölkerung (ausgewählte räumliche Einheit)","Hauptwohnsitzbevölkerung (insgesamt)",NA,NA,NA
"Bevölkerungsanteil","insgesamt",2018,"14 Berg am Laim",3,46098,1542211,NA,NA,NA,"Hauptwohnsitzbevölkerung (ausgewählte räumliche Einheit)","Hauptwohnsitzbevölkerung (insgesamt)",NA,NA,NA
"Bevölkerungsanteil","insgesamt",2018,"15 Trudering - Riem",4.7,73206,1542211,NA,NA,NA,"Hauptwohnsitzbevölkerung (ausgewählte räumliche Einheit)","Hauptwohnsitzbevölkerung (insgesamt)",NA,NA,NA
"Bevölkerungsanteil","insgesamt",2018,"16 Ramersdorf - Perlach",7.5,116327,1542211,NA,NA,NA,"Hauptwohnsitzbevölkerung (ausgewählte räumliche Einheit)","Hauptwohnsitzbevölkerung (insgesamt)",NA,NA,NA
"Bevölkerungsanteil","insgesamt",2018,"17 Obergiesing - Fasangarten",3.5,54256,1542211,NA,NA,NA,"Hauptwohnsitzbevölkerung (ausgewählte räumliche Einheit)","Hauptwohnsitzbevölkerung (insgesamt)",NA,NA,NA
"Bevölkerungsanteil","insgesamt",2018,"18 Untergiesing - Harlaching",3.4,53184,1542211,NA,NA,NA,"Hauptwohnsitzbevölkerung (ausgewählte räumliche Einheit)","Hauptwohnsitzbevölkerung (insgesamt)",NA,NA,NA
"Bevölkerungsanteil","insgesamt",2018,"19 Thalkirchen - Obersendling - Forstenried - Fürstenried - Solln",6.3,96714,1542211,NA,NA,NA,"Hauptwohnsitzbevölkerung (ausgewählte räumliche Einheit)","Hauptwohnsitzbevölkerung (insgesamt)",NA,NA,NA
"Bevölkerungsanteil","insgesamt",2018,"20 Hadern",3.2,49898,1542211,NA,NA,NA,"Hauptwohnsitzbevölkerung (ausgewählte räumliche Einheit)","Hauptwohnsitzbevölkerung (insgesamt)",NA,NA,NA
"Bevölkerungsanteil","insgesamt",2018,"21 Pasing - Obermenzing",4.8,74625,1542211,NA,NA,NA,"Hauptwohnsitzbevölkerung (ausgewählte räumliche Einheit)","Hauptwohnsitzbevölkerung (insgesamt)",NA,NA,NA
"Bevölkerungsanteil","insgesamt",2018,"22 Aubing - Lochhausen - Langwied",3.1,47813,1542211,NA,NA,NA,"Hauptwohnsitzbevölkerung (ausgewählte räumliche Einheit)","Hauptwohnsitzbevölkerung (insgesamt)",NA,NA,NA
"Bevölkerungsanteil","insgesamt",2018,"23 Allach - Untermenzing",2.2,33355,1542211,NA,NA,NA,"Hauptwohnsitzbevölkerung (ausgewählte räumliche Einheit)","Hauptwohnsitzbevölkerung (insgesamt)",NA,NA,NA
"Bevölkerungsanteil","insgesamt",2018,"24 Feldmoching - Hasenbergl",4,61774,1542211,NA,NA,NA,"Hauptwohnsitzbevölkerung (ausgewählte räumliche Einheit)","Hauptwohnsitzbevölkerung (insgesamt)",NA,NA,NA
"Bevölkerungsanteil","insgesamt",2018,"25 Laim",3.7,56546,1542211,NA,NA,NA,"Hauptwohnsitzbevölkerung (ausgewählte räumliche Einheit)","Hauptwohnsitzbevölkerung (insgesamt)",NA,NA,NA
"Bevölkerungsanteil","insgesamt",2017,"Stadt München",100,1526056,1526056,NA,NA,NA,"Hauptwohnsitzbevölkerung (ausgewählte räumliche Einheit)","Hauptwohnsitzbevölkerung (insgesamt)",NA,NA,NA
"Bevölkerungsanteil","insgesamt",2017,"01 Altstadt - Lehel",1.4,20926,1526056,NA,NA,NA,"Hauptwohnsitzbevölkerung (ausgewählte räumliche Einheit)","Hauptwohnsitzbevölkerung (insgesamt)",NA,NA,NA
"Bevölkerungsanteil","insgesamt",2017,"02 Ludwigsvorstadt - Isarvorstadt",3.4,51632,1526056,NA,NA,NA,"Hauptwohnsitzbevölkerung (ausgewählte räumliche Einheit)","Hauptwohnsitzbevölkerung (insgesamt)",NA,NA,NA
"Bevölkerungsanteil","insgesamt",2017,"03 Maxvorstadt",3.4,51311,1526056,NA,NA,NA,"Hauptwohnsitzbevölkerung (ausgewählte räumliche Einheit)","Hauptwohnsitzbevölkerung (insgesamt)",NA,NA,NA
"Bevölkerungsanteil","insgesamt",2017,"04 Schwabing - West",4.5,68265,1526056,NA,NA,NA,"Hauptwohnsitzbevölkerung (ausgewählte räumliche Einheit)","Hauptwohnsitzbevölkerung (insgesamt)",NA,NA,NA
"Bevölkerungsanteil","insgesamt",2017,"05 Au - Haidhausen",4,60937,1526056,NA,NA,NA,"Hauptwohnsitzbevölkerung (ausgewählte räumliche Einheit)","Hauptwohnsitzbevölkerung (insgesamt)",NA,NA,NA
"Bevölkerungsanteil","insgesamt",2017,"06 Sendling",2.7,40682,1526056,NA,NA,NA,"Hauptwohnsitzbevölkerung (ausgewählte räumliche Einheit)","Hauptwohnsitzbevölkerung (insgesamt)",NA,NA,NA
"Bevölkerungsanteil","insgesamt",2017,"07 Sendling - Westpark",3.9,59386,1526056,NA,NA,NA,"Hauptwohnsitzbevölkerung (ausgewählte räumliche Einheit)","Hauptwohnsitzbevölkerung (insgesamt)",NA,NA,NA
"Bevölkerungsanteil","insgesamt",2017,"08 Schwanthalerhöhe",1.9,29535,1526056,NA,NA,NA,"Hauptwohnsitzbevölkerung (ausgewählte räumliche Einheit)","Hauptwohnsitzbevölkerung (insgesamt)",NA,NA,NA
"Bevölkerungsanteil","insgesamt",2017,"09 Neuhausen - Nymphenburg",6.5,98520,1526056,NA,NA,NA,"Hauptwohnsitzbevölkerung (ausgewählte räumliche Einheit)","Hauptwohnsitzbevölkerung (insgesamt)",NA,NA,NA
"Bevölkerungsanteil","insgesamt",2017,"10 Moosach",3.5,53662,1526056,NA,NA,NA,"Hauptwohnsitzbevölkerung (ausgewählte räumliche Einheit)","Hauptwohnsitzbevölkerung (insgesamt)",NA,NA,NA
"Bevölkerungsanteil","insgesamt",2017,"11 Milbertshofen - Am Hart",4.9,74731,1526056,NA,NA,NA,"Hauptwohnsitzbevölkerung (ausgewählte räumliche Einheit)","Hauptwohnsitzbevölkerung (insgesamt)",NA,NA,NA
"Bevölkerungsanteil","insgesamt",2017,"12 Schwabing - Freimann",5,76341,1526056,NA,NA,NA,"Hauptwohnsitzbevölkerung (ausgewählte räumliche Einheit)","Hauptwohnsitzbevölkerung (insgesamt)",NA,NA,NA
"Bevölkerungsanteil","insgesamt",2017,"13 Bogenhausen",5.6,85971,1526056,NA,NA,NA,"Hauptwohnsitzbevölkerung (ausgewählte räumliche Einheit)","Hauptwohnsitzbevölkerung (insgesamt)",NA,NA,NA
"Bevölkerungsanteil","insgesamt",2017,"14 Berg am Laim",3,45582,1526056,NA,NA,NA,"Hauptwohnsitzbevölkerung (ausgewählte räumliche Einheit)","Hauptwohnsitzbevölkerung (insgesamt)",NA,NA,NA
"Bevölkerungsanteil","insgesamt",2017,"15 Trudering - Riem",4.7,72006,1526056,NA,NA,NA,"Hauptwohnsitzbevölkerung (ausgewählte räumliche Einheit)","Hauptwohnsitzbevölkerung (insgesamt)",NA,NA,NA
"Bevölkerungsanteil","insgesamt",2017,"16 Ramersdorf - Perlach",7.5,114478,1526056,NA,NA,NA,"Hauptwohnsitzbevölkerung (ausgewählte räumliche Einheit)","Hauptwohnsitzbevölkerung (insgesamt)",NA,NA,NA
"Bevölkerungsanteil","insgesamt",2017,"17 Obergiesing - Fasangarten",3.5,53937,1526056,NA,NA,NA,"Hauptwohnsitzbevölkerung (ausgewählte räumliche Einheit)","Hauptwohnsitzbevölkerung (insgesamt)",NA,NA,NA
"Bevölkerungsanteil","insgesamt",2017,"18 Untergiesing - Harlaching",3.4,52600,1526056,NA,NA,NA,"Hauptwohnsitzbevölkerung (ausgewählte räumliche Einheit)","Hauptwohnsitzbevölkerung (insgesamt)",NA,NA,NA
"Bevölkerungsanteil","insgesamt",2017,"19 Thalkirchen - Obersendling - Forstenried - Fürstenried - Solln",6.3,95554,1526056,NA,NA,NA,"Hauptwohnsitzbevölkerung (ausgewählte räumliche Einheit)","Hauptwohnsitzbevölkerung (insgesamt)",NA,NA,NA
"Bevölkerungsanteil","insgesamt",2017,"20 Hadern",3.3,49626,1526056,NA,NA,NA,"Hauptwohnsitzbevölkerung (ausgewählte räumliche Einheit)","Hauptwohnsitzbevölkerung (insgesamt)",NA,NA,NA
"Bevölkerungsanteil","insgesamt",2017,"21 Pasing - Obermenzing",4.9,74098,1526056,NA,NA,NA,"Hauptwohnsitzbevölkerung (ausgewählte räumliche Einheit)","Hauptwohnsitzbevölkerung (insgesamt)",NA,NA,NA
"Bevölkerungsanteil","insgesamt",2017,"22 Aubing - Lochhausen - Langwied",3,46385,1526056,NA,NA,NA,"Hauptwohnsitzbevölkerung (ausgewählte räumliche Einheit)","Hauptwohnsitzbevölkerung (insgesamt)",NA,NA,NA
"Bevölkerungsanteil","insgesamt",2017,"23 Allach - Untermenzing",2.1,32677,1526056,NA,NA,NA,"Hauptwohnsitzbevölkerung (ausgewählte räumliche Einheit)","Hauptwohnsitzbevölkerung (insgesamt)",NA,NA,NA
"Bevölkerungsanteil","insgesamt",2017,"24 Feldmoching - Hasenbergl",4,60933,1526056,NA,NA,NA,"Hauptwohnsitzbevölkerung (ausgewählte räumliche Einheit)","Hauptwohnsitzbevölkerung (insgesamt)",NA,NA,NA
"Bevölkerungsanteil","insgesamt",2017,"25 Laim",3.7,56281,1526056,NA,NA,NA,"Hauptwohnsitzbevölkerung (ausgewählte räumliche Einheit)","Hauptwohnsitzbevölkerung (insgesamt)",NA,NA,NA
"Bevölkerungsanteil","insgesamt",2016,"Stadt München",100,1542860,1542860,NA,NA,NA,"Hauptwohnsitzbevölkerung (ausgewählte räumliche Einheit)","Hauptwohnsitzbevölkerung (insgesamt)",NA,NA,NA
"Bevölkerungsanteil","insgesamt",2016,"01 Altstadt - Lehel",1.4,21454,1542860,NA,NA,NA,"Hauptwohnsitzbevölkerung (ausgewählte räumliche Einheit)","Hauptwohnsitzbevölkerung (insgesamt)",NA,NA,NA
"Bevölkerungsanteil","insgesamt",2016,"02 Ludwigsvorstadt - Isarvorstadt",3.6,54915,1542860,NA,NA,NA,"Hauptwohnsitzbevölkerung (ausgewählte räumliche Einheit)","Hauptwohnsitzbevölkerung (insgesamt)",NA,NA,NA
"Bevölkerungsanteil","insgesamt",2016,"03 Maxvorstadt",3.5,53443,1542860,NA,NA,NA,"Hauptwohnsitzbevölkerung (ausgewählte räumliche Einheit)","Hauptwohnsitzbevölkerung (insgesamt)",NA,NA,NA
"Bevölkerungsanteil","insgesamt",2016,"04 Schwabing - West",4.5,69407,1542860,NA,NA,NA,"Hauptwohnsitzbevölkerung (ausgewählte räumliche Einheit)","Hauptwohnsitzbevölkerung (insgesamt)",NA,NA,NA
"Bevölkerungsanteil","insgesamt",2016,"05 Au - Haidhausen",4,61999,1542860,NA,NA,NA,"Hauptwohnsitzbevölkerung (ausgewählte räumliche Einheit)","Hauptwohnsitzbevölkerung (insgesamt)",NA,NA,NA
"Bevölkerungsanteil","insgesamt",2016,"06 Sendling",2.7,41230,1542860,NA,NA,NA,"Hauptwohnsitzbevölkerung (ausgewählte räumliche Einheit)","Hauptwohnsitzbevölkerung (insgesamt)",NA,NA,NA
"Bevölkerungsanteil","insgesamt",2016,"07 Sendling - Westpark",3.8,59174,1542860,NA,NA,NA,"Hauptwohnsitzbevölkerung (ausgewählte räumliche Einheit)","Hauptwohnsitzbevölkerung (insgesamt)",NA,NA,NA
"Bevölkerungsanteil","insgesamt",2016,"08 Schwanthalerhöhe",2,30282,1542860,NA,NA,NA,"Hauptwohnsitzbevölkerung (ausgewählte räumliche Einheit)","Hauptwohnsitzbevölkerung (insgesamt)",NA,NA,NA
"Bevölkerungsanteil","insgesamt",2016,"09 Neuhausen - Nymphenburg",6.5,99538,1542860,NA,NA,NA,"Hauptwohnsitzbevölkerung (ausgewählte räumliche Einheit)","Hauptwohnsitzbevölkerung (insgesamt)",NA,NA,NA
"Bevölkerungsanteil","insgesamt",2016,"10 Moosach",3.5,53859,1542860,NA,NA,NA,"Hauptwohnsitzbevölkerung (ausgewählte räumliche Einheit)","Hauptwohnsitzbevölkerung (insgesamt)",NA,NA,NA
"Bevölkerungsanteil","insgesamt",2016,"11 Milbertshofen - Am Hart",4.9,76255,1542860,NA,NA,NA,"Hauptwohnsitzbevölkerung (ausgewählte räumliche Einheit)","Hauptwohnsitzbevölkerung (insgesamt)",NA,NA,NA
"Bevölkerungsanteil","insgesamt",2016,"12 Schwabing - Freimann",5,77188,1542860,NA,NA,NA,"Hauptwohnsitzbevölkerung (ausgewählte räumliche Einheit)","Hauptwohnsitzbevölkerung (insgesamt)",NA,NA,NA
"Bevölkerungsanteil","insgesamt",2016,"13 Bogenhausen",5.6,87164,1542860,NA,NA,NA,"Hauptwohnsitzbevölkerung (ausgewählte räumliche Einheit)","Hauptwohnsitzbevölkerung (insgesamt)",NA,NA,NA
"Bevölkerungsanteil","insgesamt",2016,"14 Berg am Laim",3,45655,1542860,NA,NA,NA,"Hauptwohnsitzbevölkerung (ausgewählte räumliche Einheit)","Hauptwohnsitzbevölkerung (insgesamt)",NA,NA,NA
"Bevölkerungsanteil","insgesamt",2016,"15 Trudering - Riem",4.6,71448,1542860,NA,NA,NA,"Hauptwohnsitzbevölkerung (ausgewählte räumliche Einheit)","Hauptwohnsitzbevölkerung (insgesamt)",NA,NA,NA
"Bevölkerungsanteil","insgesamt",2016,"16 Ramersdorf - Perlach",7.4,113898,1542860,NA,NA,NA,"Hauptwohnsitzbevölkerung (ausgewählte räumliche Einheit)","Hauptwohnsitzbevölkerung (insgesamt)",NA,NA,NA
"Bevölkerungsanteil","insgesamt",2016,"17 Obergiesing - Fasangarten",3.6,54784,1542860,NA,NA,NA,"Hauptwohnsitzbevölkerung (ausgewählte räumliche Einheit)","Hauptwohnsitzbevölkerung (insgesamt)",NA,NA,NA
"Bevölkerungsanteil","insgesamt",2016,"18 Untergiesing - Harlaching",3.5,54050,1542860,NA,NA,NA,"Hauptwohnsitzbevölkerung (ausgewählte räumliche Einheit)","Hauptwohnsitzbevölkerung (insgesamt)",NA,NA,NA
"Bevölkerungsanteil","insgesamt",2016,"19 Thalkirchen - Obersendling - Forstenried - Fürstenried - Solln",6.2,96200,1542860,NA,NA,NA,"Hauptwohnsitzbevölkerung (ausgewählte räumliche Einheit)","Hauptwohnsitzbevölkerung (insgesamt)",NA,NA,NA
"Bevölkerungsanteil","insgesamt",2016,"20 Hadern",3.3,50567,1542860,NA,NA,NA,"Hauptwohnsitzbevölkerung (ausgewählte räumliche Einheit)","Hauptwohnsitzbevölkerung (insgesamt)",NA,NA,NA
"Bevölkerungsanteil","insgesamt",2016,"21 Pasing - Obermenzing",4.8,74432,1542860,NA,NA,NA,"Hauptwohnsitzbevölkerung (ausgewählte räumliche Einheit)","Hauptwohnsitzbevölkerung (insgesamt)",NA,NA,NA
"Bevölkerungsanteil","insgesamt",2016,"22 Aubing - Lochhausen - Langwied",3,45571,1542860,NA,NA,NA,"Hauptwohnsitzbevölkerung (ausgewählte räumliche Einheit)","Hauptwohnsitzbevölkerung (insgesamt)",NA,NA,NA
"Bevölkerungsanteil","insgesamt",2016,"23 Allach - Untermenzing",2.1,32248,1542860,NA,NA,NA,"Hauptwohnsitzbevölkerung (ausgewählte räumliche Einheit)","Hauptwohnsitzbevölkerung (insgesamt)",NA,NA,NA
"Bevölkerungsanteil","insgesamt",2016,"24 Feldmoching - Hasenbergl",4,61764,1542860,NA,NA,NA,"Hauptwohnsitzbevölkerung (ausgewählte räumliche Einheit)","Hauptwohnsitzbevölkerung (insgesamt)",NA,NA,NA
"Bevölkerungsanteil","insgesamt",2016,"25 Laim",3.7,56335,1542860,NA,NA,NA,"Hauptwohnsitzbevölkerung (ausgewählte räumliche Einheit)","Hauptwohnsitzbevölkerung (insgesamt)",NA,NA,NA
"Bevölkerungsanteil","insgesamt",2015,"Stadt München",100,1521678,1521678,NA,NA,NA,"Hauptwohnsitzbevölkerung (ausgewählte räumliche Einheit)","Hauptwohnsitzbevölkerung (insgesamt)",NA,NA,NA
"Bevölkerungsanteil","insgesamt",2015,"01 Altstadt - Lehel",1.4,21122,1521678,NA,NA,NA,"Hauptwohnsitzbevölkerung (ausgewählte räumliche Einheit)","Hauptwohnsitzbevölkerung (insgesamt)",NA,NA,NA
"Bevölkerungsanteil","insgesamt",2015,"02 Ludwigsvorstadt - Isarvorstadt",3.6,54049,1521678,NA,NA,NA,"Hauptwohnsitzbevölkerung (ausgewählte räumliche Einheit)","Hauptwohnsitzbevölkerung (insgesamt)",NA,NA,NA
"Bevölkerungsanteil","insgesamt",2015,"03 Maxvorstadt",3.5,53743,1521678,NA,NA,NA,"Hauptwohnsitzbevölkerung (ausgewählte räumliche Einheit)","Hauptwohnsitzbevölkerung (insgesamt)",NA,NA,NA
"Bevölkerungsanteil","insgesamt",2015,"04 Schwabing - West",4.5,68527,1521678,NA,NA,NA,"Hauptwohnsitzbevölkerung (ausgewählte räumliche Einheit)","Hauptwohnsitzbevölkerung (insgesamt)",NA,NA,NA
"Bevölkerungsanteil","insgesamt",2015,"05 Au - Haidhausen",4,61495,1521678,NA,NA,NA,"Hauptwohnsitzbevölkerung (ausgewählte räumliche Einheit)","Hauptwohnsitzbevölkerung (insgesamt)",NA,NA,NA
"Bevölkerungsanteil","insgesamt",2015,"06 Sendling",2.7,40879,1521678,NA,NA,NA,"Hauptwohnsitzbevölkerung (ausgewählte räumliche Einheit)","Hauptwohnsitzbevölkerung (insgesamt)",NA,NA,NA
"Bevölkerungsanteil","insgesamt",2015,"07 Sendling - Westpark",3.8,58398,1521678,NA,NA,NA,"Hauptwohnsitzbevölkerung (ausgewählte räumliche Einheit)","Hauptwohnsitzbevölkerung (insgesamt)",NA,NA,NA
"Bevölkerungsanteil","insgesamt",2015,"08 Schwanthalerhöhe",2,30381,1521678,NA,NA,NA,"Hauptwohnsitzbevölkerung (ausgewählte räumliche Einheit)","Hauptwohnsitzbevölkerung (insgesamt)",NA,NA,NA
"Bevölkerungsanteil","insgesamt",2015,"09 Neuhausen - Nymphenburg",6.5,98702,1521678,NA,NA,NA,"Hauptwohnsitzbevölkerung (ausgewählte räumliche Einheit)","Hauptwohnsitzbevölkerung (insgesamt)",NA,NA,NA
"Bevölkerungsanteil","insgesamt",2015,"10 Moosach",3.5,53261,1521678,NA,NA,NA,"Hauptwohnsitzbevölkerung (ausgewählte räumliche Einheit)","Hauptwohnsitzbevölkerung (insgesamt)",NA,NA,NA
"Bevölkerungsanteil","insgesamt",2015,"11 Milbertshofen - Am Hart",5,75488,1521678,NA,NA,NA,"Hauptwohnsitzbevölkerung (ausgewählte räumliche Einheit)","Hauptwohnsitzbevölkerung (insgesamt)",NA,NA,NA
"Bevölkerungsanteil","insgesamt",2015,"12 Schwabing - Freimann",4.9,75020,1521678,NA,NA,NA,"Hauptwohnsitzbevölkerung (ausgewählte räumliche Einheit)","Hauptwohnsitzbevölkerung (insgesamt)",NA,NA,NA
"Bevölkerungsanteil","insgesamt",2015,"13 Bogenhausen",5.6,85947,1521678,NA,NA,NA,"Hauptwohnsitzbevölkerung (ausgewählte räumliche Einheit)","Hauptwohnsitzbevölkerung (insgesamt)",NA,NA,NA
"Bevölkerungsanteil","insgesamt",2015,"14 Berg am Laim",3,45035,1521678,NA,NA,NA,"Hauptwohnsitzbevölkerung (ausgewählte räumliche Einheit)","Hauptwohnsitzbevölkerung (insgesamt)",NA,NA,NA
"Bevölkerungsanteil","insgesamt",2015,"15 Trudering - Riem",4.6,69830,1521678,NA,NA,NA,"Hauptwohnsitzbevölkerung (ausgewählte räumliche Einheit)","Hauptwohnsitzbevölkerung (insgesamt)",NA,NA,NA
"Bevölkerungsanteil","insgesamt",2015,"16 Ramersdorf - Perlach",7.4,112371,1521678,NA,NA,NA,"Hauptwohnsitzbevölkerung (ausgewählte räumliche Einheit)","Hauptwohnsitzbevölkerung (insgesamt)",NA,NA,NA
"Bevölkerungsanteil","insgesamt",2015,"17 Obergiesing - Fasangarten",3.6,54402,1521678,NA,NA,NA,"Hauptwohnsitzbevölkerung (ausgewählte räumliche Einheit)","Hauptwohnsitzbevölkerung (insgesamt)",NA,NA,NA
"Bevölkerungsanteil","insgesamt",2015,"18 Untergiesing - Harlaching",3.5,53377,1521678,NA,NA,NA,"Hauptwohnsitzbevölkerung (ausgewählte räumliche Einheit)","Hauptwohnsitzbevölkerung (insgesamt)",NA,NA,NA
"Bevölkerungsanteil","insgesamt",2015,"19 Thalkirchen - Obersendling - Forstenried - Fürstenried - Solln",6.2,93602,1521678,NA,NA,NA,"Hauptwohnsitzbevölkerung (ausgewählte räumliche Einheit)","Hauptwohnsitzbevölkerung (insgesamt)",NA,NA,NA
"Bevölkerungsanteil","insgesamt",2015,"20 Hadern",3.3,50257,1521678,NA,NA,NA,"Hauptwohnsitzbevölkerung (ausgewählte räumliche Einheit)","Hauptwohnsitzbevölkerung (insgesamt)",NA,NA,NA
"Bevölkerungsanteil","insgesamt",2015,"21 Pasing - Obermenzing",4.8,73320,1521678,NA,NA,NA,"Hauptwohnsitzbevölkerung (ausgewählte räumliche Einheit)","Hauptwohnsitzbevölkerung (insgesamt)",NA,NA,NA
"Bevölkerungsanteil","insgesamt",2015,"22 Aubing - Lochhausen - Langwied",2.9,43682,1521678,NA,NA,NA,"Hauptwohnsitzbevölkerung (ausgewählte räumliche Einheit)","Hauptwohnsitzbevölkerung (insgesamt)",NA,NA,NA
"Bevölkerungsanteil","insgesamt",2015,"23 Allach - Untermenzing",2.1,31882,1521678,NA,NA,NA,"Hauptwohnsitzbevölkerung (ausgewählte räumliche Einheit)","Hauptwohnsitzbevölkerung (insgesamt)",NA,NA,NA
"Bevölkerungsanteil","insgesamt",2015,"24 Feldmoching - Hasenbergl",4,61534,1521678,NA,NA,NA,"Hauptwohnsitzbevölkerung (ausgewählte räumliche Einheit)","Hauptwohnsitzbevölkerung (insgesamt)",NA,NA,NA
"Bevölkerungsanteil","insgesamt",2015,"25 Laim",3.6,55374,1521678,NA,NA,NA,"Hauptwohnsitzbevölkerung (ausgewählte räumliche Einheit)","Hauptwohnsitzbevölkerung (insgesamt)",NA,NA,NA
"Bevölkerungsanteil","insgesamt",2014,"Stadt München",100,1490681,1490681,NA,NA,NA,"Hauptwohnsitzbevölkerung (ausgewählte räumliche Einheit)","Hauptwohnsitzbevölkerung (insgesamt)",NA,NA,NA
"Bevölkerungsanteil","insgesamt",2014,"01 Altstadt - Lehel",1.4,20806,1490681,NA,NA,NA,"Hauptwohnsitzbevölkerung (ausgewählte räumliche Einheit)","Hauptwohnsitzbevölkerung (insgesamt)",NA,NA,NA
"Bevölkerungsanteil","insgesamt",2014,"02 Ludwigsvorstadt - Isarvorstadt",3.5,52177,1490681,NA,NA,NA,"Hauptwohnsitzbevölkerung (ausgewählte räumliche Einheit)","Hauptwohnsitzbevölkerung (insgesamt)",NA,NA,NA
"Bevölkerungsanteil","insgesamt",2014,"03 Maxvorstadt",3.5,52575,1490681,NA,NA,NA,"Hauptwohnsitzbevölkerung (ausgewählte räumliche Einheit)","Hauptwohnsitzbevölkerung (insgesamt)",NA,NA,NA
"Bevölkerungsanteil","insgesamt",2014,"04 Schwabing - West",4.5,67094,1490681,NA,NA,NA,"Hauptwohnsitzbevölkerung (ausgewählte räumliche Einheit)","Hauptwohnsitzbevölkerung (insgesamt)",NA,NA,NA
"Bevölkerungsanteil","insgesamt",2014,"05 Au - Haidhausen",4.1,60756,1490681,NA,NA,NA,"Hauptwohnsitzbevölkerung (ausgewählte räumliche Einheit)","Hauptwohnsitzbevölkerung (insgesamt)",NA,NA,NA
"Bevölkerungsanteil","insgesamt",2014,"06 Sendling",2.7,40422,1490681,NA,NA,NA,"Hauptwohnsitzbevölkerung (ausgewählte räumliche Einheit)","Hauptwohnsitzbevölkerung (insgesamt)",NA,NA,NA
"Bevölkerungsanteil","insgesamt",2014,"07 Sendling - Westpark",3.8,56485,1490681,NA,NA,NA,"Hauptwohnsitzbevölkerung (ausgewählte räumliche Einheit)","Hauptwohnsitzbevölkerung (insgesamt)",NA,NA,NA
"Bevölkerungsanteil","insgesamt",2014,"08 Schwanthalerhöhe",2,30083,1490681,NA,NA,NA,"Hauptwohnsitzbevölkerung (ausgewählte räumliche Einheit)","Hauptwohnsitzbevölkerung (insgesamt)",NA,NA,NA
"Bevölkerungsanteil","insgesamt",2014,"09 Neuhausen - Nymphenburg",6.5,97521,1490681,NA,NA,NA,"Hauptwohnsitzbevölkerung (ausgewählte räumliche Einheit)","Hauptwohnsitzbevölkerung (insgesamt)",NA,NA,NA
"Bevölkerungsanteil","insgesamt",2014,"10 Moosach",3.5,52657,1490681,NA,NA,NA,"Hauptwohnsitzbevölkerung (ausgewählte räumliche Einheit)","Hauptwohnsitzbevölkerung (insgesamt)",NA,NA,NA
"Bevölkerungsanteil","insgesamt",2014,"11 Milbertshofen - Am Hart",5,74667,1490681,NA,NA,NA,"Hauptwohnsitzbevölkerung (ausgewählte räumliche Einheit)","Hauptwohnsitzbevölkerung (insgesamt)",NA,NA,NA
"Bevölkerungsanteil","insgesamt",2014,"12 Schwabing - Freimann",4.8,71802,1490681,NA,NA,NA,"Hauptwohnsitzbevölkerung (ausgewählte räumliche Einheit)","Hauptwohnsitzbevölkerung (insgesamt)",NA,NA,NA
"Bevölkerungsanteil","insgesamt",2014,"13 Bogenhausen",5.6,83900,1490681,NA,NA,NA,"Hauptwohnsitzbevölkerung (ausgewählte räumliche Einheit)","Hauptwohnsitzbevölkerung (insgesamt)",NA,NA,NA
"Bevölkerungsanteil","insgesamt",2014,"14 Berg am Laim",3,44022,1490681,NA,NA,NA,"Hauptwohnsitzbevölkerung (ausgewählte räumliche Einheit)","Hauptwohnsitzbevölkerung (insgesamt)",NA,NA,NA
"Bevölkerungsanteil","insgesamt",2014,"15 Trudering - Riem",4.6,68063,1490681,NA,NA,NA,"Hauptwohnsitzbevölkerung (ausgewählte räumliche Einheit)","Hauptwohnsitzbevölkerung (insgesamt)",NA,NA,NA
"Bevölkerungsanteil","insgesamt",2014,"16 Ramersdorf - Perlach",7.4,110099,1490681,NA,NA,NA,"Hauptwohnsitzbevölkerung (ausgewählte räumliche Einheit)","Hauptwohnsitzbevölkerung (insgesamt)",NA,NA,NA
"Bevölkerungsanteil","insgesamt",2014,"17 Obergiesing - Fasangarten",3.5,52743,1490681,NA,NA,NA,"Hauptwohnsitzbevölkerung (ausgewählte räumliche Einheit)","Hauptwohnsitzbevölkerung (insgesamt)",NA,NA,NA
"Bevölkerungsanteil","insgesamt",2014,"18 Untergiesing - Harlaching",3.5,52452,1490681,NA,NA,NA,"Hauptwohnsitzbevölkerung (ausgewählte räumliche Einheit)","Hauptwohnsitzbevölkerung (insgesamt)",NA,NA,NA
"Bevölkerungsanteil","insgesamt",2014,"19 Thalkirchen - Obersendling - Forstenried - Fürstenried - Solln",6.1,91412,1490681,NA,NA,NA,"Hauptwohnsitzbevölkerung (ausgewählte räumliche Einheit)","Hauptwohnsitzbevölkerung (insgesamt)",NA,NA,NA
"Bevölkerungsanteil","insgesamt",2014,"20 Hadern",3.3,49874,1490681,NA,NA,NA,"Hauptwohnsitzbevölkerung (ausgewählte räumliche Einheit)","Hauptwohnsitzbevölkerung (insgesamt)",NA,NA,NA
"Bevölkerungsanteil","insgesamt",2014,"21 Pasing - Obermenzing",4.8,71880,1490681,NA,NA,NA,"Hauptwohnsitzbevölkerung (ausgewählte räumliche Einheit)","Hauptwohnsitzbevölkerung (insgesamt)",NA,NA,NA
"Bevölkerungsanteil","insgesamt",2014,"22 Aubing - Lochhausen - Langwied",2.9,42859,1490681,NA,NA,NA,"Hauptwohnsitzbevölkerung (ausgewählte räumliche Einheit)","Hauptwohnsitzbevölkerung (insgesamt)",NA,NA,NA
"Bevölkerungsanteil","insgesamt",2014,"23 Allach - Untermenzing",2.1,31353,1490681,NA,NA,NA,"Hauptwohnsitzbevölkerung (ausgewählte räumliche Einheit)","Hauptwohnsitzbevölkerung (insgesamt)",NA,NA,NA
"Bevölkerungsanteil","insgesamt",2014,"24 Feldmoching - Hasenbergl",4,60262,1490681,NA,NA,NA,"Hauptwohnsitzbevölkerung (ausgewählte räumliche Einheit)","Hauptwohnsitzbevölkerung (insgesamt)",NA,NA,NA
"Bevölkerungsanteil","insgesamt",2014,"25 Laim",3.7,54714,1490681,NA,NA,NA,"Hauptwohnsitzbevölkerung (ausgewählte räumliche Einheit)","Hauptwohnsitzbevölkerung (insgesamt)",NA,NA,NA
"Bevölkerungsanteil","insgesamt",2013,"Stadt München",100,1464962,1464962,NA,NA,NA,"Hauptwohnsitzbevölkerung (ausgewählte räumliche Einheit)","Hauptwohnsitzbevölkerung (insgesamt)",NA,NA,NA
"Bevölkerungsanteil","insgesamt",2013,"01 Altstadt - Lehel",1.4,20422,1464962,NA,NA,NA,"Hauptwohnsitzbevölkerung (ausgewählte räumliche Einheit)","Hauptwohnsitzbevölkerung (insgesamt)",NA,NA,NA
"Bevölkerungsanteil","insgesamt",2013,"02 Ludwigsvorstadt - Isarvorstadt",3.5,50620,1464962,NA,NA,NA,"Hauptwohnsitzbevölkerung (ausgewählte räumliche Einheit)","Hauptwohnsitzbevölkerung (insgesamt)",NA,NA,NA
"Bevölkerungsanteil","insgesamt",2013,"03 Maxvorstadt",3.5,51642,1464962,NA,NA,NA,"Hauptwohnsitzbevölkerung (ausgewählte räumliche Einheit)","Hauptwohnsitzbevölkerung (insgesamt)",NA,NA,NA
"Bevölkerungsanteil","insgesamt",2013,"04 Schwabing - West",4.5,65892,1464962,NA,NA,NA,"Hauptwohnsitzbevölkerung (ausgewählte räumliche Einheit)","Hauptwohnsitzbevölkerung (insgesamt)",NA,NA,NA
"Bevölkerungsanteil","insgesamt",2013,"05 Au - Haidhausen",4.1,59752,1464962,NA,NA,NA,"Hauptwohnsitzbevölkerung (ausgewählte räumliche Einheit)","Hauptwohnsitzbevölkerung (insgesamt)",NA,NA,NA
"Bevölkerungsanteil","insgesamt",2013,"06 Sendling",2.7,39953,1464962,NA,NA,NA,"Hauptwohnsitzbevölkerung (ausgewählte räumliche Einheit)","Hauptwohnsitzbevölkerung (insgesamt)",NA,NA,NA
"Bevölkerungsanteil","insgesamt",2013,"07 Sendling - Westpark",3.8,55405,1464962,NA,NA,NA,"Hauptwohnsitzbevölkerung (ausgewählte räumliche Einheit)","Hauptwohnsitzbevölkerung (insgesamt)",NA,NA,NA
"Bevölkerungsanteil","insgesamt",2013,"08 Schwanthalerhöhe",2,29663,1464962,NA,NA,NA,"Hauptwohnsitzbevölkerung (ausgewählte räumliche Einheit)","Hauptwohnsitzbevölkerung (insgesamt)",NA,NA,NA
"Bevölkerungsanteil","insgesamt",2013,"09 Neuhausen - Nymphenburg",6.5,95906,1464962,NA,NA,NA,"Hauptwohnsitzbevölkerung (ausgewählte räumliche Einheit)","Hauptwohnsitzbevölkerung (insgesamt)",NA,NA,NA
"Bevölkerungsanteil","insgesamt",2013,"10 Moosach",3.5,51537,1464962,NA,NA,NA,"Hauptwohnsitzbevölkerung (ausgewählte räumliche Einheit)","Hauptwohnsitzbevölkerung (insgesamt)",NA,NA,NA
"Bevölkerungsanteil","insgesamt",2013,"11 Milbertshofen - Am Hart",5,73617,1464962,NA,NA,NA,"Hauptwohnsitzbevölkerung (ausgewählte räumliche Einheit)","Hauptwohnsitzbevölkerung (insgesamt)",NA,NA,NA
"Bevölkerungsanteil","insgesamt",2013,"12 Schwabing - Freimann",4.8,69676,1464962,NA,NA,NA,"Hauptwohnsitzbevölkerung (ausgewählte räumliche Einheit)","Hauptwohnsitzbevölkerung (insgesamt)",NA,NA,NA
"Bevölkerungsanteil","insgesamt",2013,"13 Bogenhausen",5.6,82138,1464962,NA,NA,NA,"Hauptwohnsitzbevölkerung (ausgewählte räumliche Einheit)","Hauptwohnsitzbevölkerung (insgesamt)",NA,NA,NA
"Bevölkerungsanteil","insgesamt",2013,"14 Berg am Laim",2.9,43068,1464962,NA,NA,NA,"Hauptwohnsitzbevölkerung (ausgewählte räumliche Einheit)","Hauptwohnsitzbevölkerung (insgesamt)",NA,NA,NA
"Bevölkerungsanteil","insgesamt",2013,"15 Trudering - Riem",4.6,67009,1464962,NA,NA,NA,"Hauptwohnsitzbevölkerung (ausgewählte räumliche Einheit)","Hauptwohnsitzbevölkerung (insgesamt)",NA,NA,NA
"Bevölkerungsanteil","insgesamt",2013,"16 Ramersdorf - Perlach",7.4,108244,1464962,NA,NA,NA,"Hauptwohnsitzbevölkerung (ausgewählte räumliche Einheit)","Hauptwohnsitzbevölkerung (insgesamt)",NA,NA,NA
"Bevölkerungsanteil","insgesamt",2013,"17 Obergiesing - Fasangarten",3.5,51499,1464962,NA,NA,NA,"Hauptwohnsitzbevölkerung (ausgewählte räumliche Einheit)","Hauptwohnsitzbevölkerung (insgesamt)",NA,NA,NA
"Bevölkerungsanteil","insgesamt",2013,"18 Untergiesing - Harlaching",3.5,51937,1464962,NA,NA,NA,"Hauptwohnsitzbevölkerung (ausgewählte räumliche Einheit)","Hauptwohnsitzbevölkerung (insgesamt)",NA,NA,NA
"Bevölkerungsanteil","insgesamt",2013,"19 Thalkirchen - Obersendling - Forstenried - Fürstenried - Solln",6.2,90790,1464962,NA,NA,NA,"Hauptwohnsitzbevölkerung (ausgewählte räumliche Einheit)","Hauptwohnsitzbevölkerung (insgesamt)",NA,NA,NA
"Bevölkerungsanteil","insgesamt",2013,"20 Hadern",3.3,48945,1464962,NA,NA,NA,"Hauptwohnsitzbevölkerung (ausgewählte räumliche Einheit)","Hauptwohnsitzbevölkerung (insgesamt)",NA,NA,NA
"Bevölkerungsanteil","insgesamt",2013,"21 Pasing - Obermenzing",4.8,70783,1464962,NA,NA,NA,"Hauptwohnsitzbevölkerung (ausgewählte räumliche Einheit)","Hauptwohnsitzbevölkerung (insgesamt)",NA,NA,NA
"Bevölkerungsanteil","insgesamt",2013,"22 Aubing - Lochhausen - Langwied",2.9,42305,1464962,NA,NA,NA,"Hauptwohnsitzbevölkerung (ausgewählte räumliche Einheit)","Hauptwohnsitzbevölkerung (insgesamt)",NA,NA,NA
"Bevölkerungsanteil","insgesamt",2013,"23 Allach - Untermenzing",2.1,30737,1464962,NA,NA,NA,"Hauptwohnsitzbevölkerung (ausgewählte räumliche Einheit)","Hauptwohnsitzbevölkerung (insgesamt)",NA,NA,NA
"Bevölkerungsanteil","insgesamt",2013,"24 Feldmoching - Hasenbergl",4.1,59391,1464962,NA,NA,NA,"Hauptwohnsitzbevölkerung (ausgewählte räumliche Einheit)","Hauptwohnsitzbevölkerung (insgesamt)",NA,NA,NA
"Bevölkerungsanteil","insgesamt",2013,"25 Laim",3.7,54030,1464962,NA,NA,NA,"Hauptwohnsitzbevölkerung (ausgewählte räumliche Einheit)","Hauptwohnsitzbevölkerung (insgesamt)",NA,NA,NA
"Bevölkerungsanteil","insgesamt",2012,"Stadt München",100,1439474,1439474,NA,NA,NA,"Hauptwohnsitzbevölkerung (ausgewählte räumliche Einheit)","Hauptwohnsitzbevölkerung (insgesamt)",NA,NA,NA
"Bevölkerungsanteil","insgesamt",2012,"01 Altstadt - Lehel",1.4,20048,1439474,NA,NA,NA,"Hauptwohnsitzbevölkerung (ausgewählte räumliche Einheit)","Hauptwohnsitzbevölkerung (insgesamt)",NA,NA,NA
"Bevölkerungsanteil","insgesamt",2012,"02 Ludwigsvorstadt - Isarvorstadt",3.4,49657,1439474,NA,NA,NA,"Hauptwohnsitzbevölkerung (ausgewählte räumliche Einheit)","Hauptwohnsitzbevölkerung (insgesamt)",NA,NA,NA
"Bevölkerungsanteil","insgesamt",2012,"03 Maxvorstadt",3.5,50877,1439474,NA,NA,NA,"Hauptwohnsitzbevölkerung (ausgewählte räumliche Einheit)","Hauptwohnsitzbevölkerung (insgesamt)",NA,NA,NA
"Bevölkerungsanteil","insgesamt",2012,"04 Schwabing - West",4.5,64770,1439474,NA,NA,NA,"Hauptwohnsitzbevölkerung (ausgewählte räumliche Einheit)","Hauptwohnsitzbevölkerung (insgesamt)",NA,NA,NA
"Bevölkerungsanteil","insgesamt",2012,"05 Au - Haidhausen",4.1,58881,1439474,NA,NA,NA,"Hauptwohnsitzbevölkerung (ausgewählte räumliche Einheit)","Hauptwohnsitzbevölkerung (insgesamt)",NA,NA,NA
"Bevölkerungsanteil","insgesamt",2012,"06 Sendling",2.7,39567,1439474,NA,NA,NA,"Hauptwohnsitzbevölkerung (ausgewählte räumliche Einheit)","Hauptwohnsitzbevölkerung (insgesamt)",NA,NA,NA
"Bevölkerungsanteil","insgesamt",2012,"07 Sendling - Westpark",3.8,54552,1439474,NA,NA,NA,"Hauptwohnsitzbevölkerung (ausgewählte räumliche Einheit)","Hauptwohnsitzbevölkerung (insgesamt)",NA,NA,NA
"Bevölkerungsanteil","insgesamt",2012,"08 Schwanthalerhöhe",2,29402,1439474,NA,NA,NA,"Hauptwohnsitzbevölkerung (ausgewählte räumliche Einheit)","Hauptwohnsitzbevölkerung (insgesamt)",NA,NA,NA
"Bevölkerungsanteil","insgesamt",2012,"09 Neuhausen - Nymphenburg",6.5,94257,1439474,NA,NA,NA,"Hauptwohnsitzbevölkerung (ausgewählte räumliche Einheit)","Hauptwohnsitzbevölkerung (insgesamt)",NA,NA,NA
"Bevölkerungsanteil","insgesamt",2012,"10 Moosach",3.5,50253,1439474,NA,NA,NA,"Hauptwohnsitzbevölkerung (ausgewählte räumliche Einheit)","Hauptwohnsitzbevölkerung (insgesamt)",NA,NA,NA
"Bevölkerungsanteil","insgesamt",2012,"11 Milbertshofen - Am Hart",5,72506,1439474,NA,NA,NA,"Hauptwohnsitzbevölkerung (ausgewählte räumliche Einheit)","Hauptwohnsitzbevölkerung (insgesamt)",NA,NA,NA
"Bevölkerungsanteil","insgesamt",2012,"12 Schwabing - Freimann",4.8,68530,1439474,NA,NA,NA,"Hauptwohnsitzbevölkerung (ausgewählte räumliche Einheit)","Hauptwohnsitzbevölkerung (insgesamt)",NA,NA,NA
"Bevölkerungsanteil","insgesamt",2012,"13 Bogenhausen",5.6,80816,1439474,NA,NA,NA,"Hauptwohnsitzbevölkerung (ausgewählte räumliche Einheit)","Hauptwohnsitzbevölkerung (insgesamt)",NA,NA,NA
"Bevölkerungsanteil","insgesamt",2012,"14 Berg am Laim",2.9,42313,1439474,NA,NA,NA,"Hauptwohnsitzbevölkerung (ausgewählte räumliche Einheit)","Hauptwohnsitzbevölkerung (insgesamt)",NA,NA,NA
"Bevölkerungsanteil","insgesamt",2012,"15 Trudering - Riem",4.6,65869,1439474,NA,NA,NA,"Hauptwohnsitzbevölkerung (ausgewählte räumliche Einheit)","Hauptwohnsitzbevölkerung (insgesamt)",NA,NA,NA
"Bevölkerungsanteil","insgesamt",2012,"16 Ramersdorf - Perlach",7.4,107164,1439474,NA,NA,NA,"Hauptwohnsitzbevölkerung (ausgewählte räumliche Einheit)","Hauptwohnsitzbevölkerung (insgesamt)",NA,NA,NA
"Bevölkerungsanteil","insgesamt",2012,"17 Obergiesing - Fasangarten",3.6,51201,1439474,NA,NA,NA,"Hauptwohnsitzbevölkerung (ausgewählte räumliche Einheit)","Hauptwohnsitzbevölkerung (insgesamt)",NA,NA,NA
"Bevölkerungsanteil","insgesamt",2012,"18 Untergiesing - Harlaching",3.6,51180,1439474,NA,NA,NA,"Hauptwohnsitzbevölkerung (ausgewählte räumliche Einheit)","Hauptwohnsitzbevölkerung (insgesamt)",NA,NA,NA
"Bevölkerungsanteil","insgesamt",2012,"19 Thalkirchen - Obersendling - Forstenried - Fürstenried - Solln",6.1,87271,1439474,NA,NA,NA,"Hauptwohnsitzbevölkerung (ausgewählte räumliche Einheit)","Hauptwohnsitzbevölkerung (insgesamt)",NA,NA,NA
"Bevölkerungsanteil","insgesamt",2012,"20 Hadern",3.3,47949,1439474,NA,NA,NA,"Hauptwohnsitzbevölkerung (ausgewählte räumliche Einheit)","Hauptwohnsitzbevölkerung (insgesamt)",NA,NA,NA
"Bevölkerungsanteil","insgesamt",2012,"21 Pasing - Obermenzing",4.8,69295,1439474,NA,NA,NA,"Hauptwohnsitzbevölkerung (ausgewählte räumliche Einheit)","Hauptwohnsitzbevölkerung (insgesamt)",NA,NA,NA
"Bevölkerungsanteil","insgesamt",2012,"22 Aubing - Lochhausen - Langwied",2.9,41116,1439474,NA,NA,NA,"Hauptwohnsitzbevölkerung (ausgewählte räumliche Einheit)","Hauptwohnsitzbevölkerung (insgesamt)",NA,NA,NA
"Bevölkerungsanteil","insgesamt",2012,"23 Allach - Untermenzing",2.1,30393,1439474,NA,NA,NA,"Hauptwohnsitzbevölkerung (ausgewählte räumliche Einheit)","Hauptwohnsitzbevölkerung (insgesamt)",NA,NA,NA
"Bevölkerungsanteil","insgesamt",2012,"24 Feldmoching - Hasenbergl",4,58245,1439474,NA,NA,NA,"Hauptwohnsitzbevölkerung (ausgewählte räumliche Einheit)","Hauptwohnsitzbevölkerung (insgesamt)",NA,NA,NA
"Bevölkerungsanteil","insgesamt",2012,"25 Laim",3.7,53359,1439474,NA,NA,NA,"Hauptwohnsitzbevölkerung (ausgewählte räumliche Einheit)","Hauptwohnsitzbevölkerung (insgesamt)",NA,NA,NA
"Bevölkerungsanteil","insgesamt",2011,"Stadt München",100,1410741,1410741,NA,NA,NA,"Hauptwohnsitzbevölkerung (ausgewählte räumliche Einheit)","Hauptwohnsitzbevölkerung (insgesamt)",NA,NA,NA
"Bevölkerungsanteil","insgesamt",2011,"01 Altstadt - Lehel",1.4,19707,1410741,NA,NA,NA,"Hauptwohnsitzbevölkerung (ausgewählte räumliche Einheit)","Hauptwohnsitzbevölkerung (insgesamt)",NA,NA,NA
"Bevölkerungsanteil","insgesamt",2011,"02 Ludwigsvorstadt - Isarvorstadt",3.4,48231,1410741,NA,NA,NA,"Hauptwohnsitzbevölkerung (ausgewählte räumliche Einheit)","Hauptwohnsitzbevölkerung (insgesamt)",NA,NA,NA
"Bevölkerungsanteil","insgesamt",2011,"03 Maxvorstadt",3.5,49498,1410741,NA,NA,NA,"Hauptwohnsitzbevölkerung (ausgewählte räumliche Einheit)","Hauptwohnsitzbevölkerung (insgesamt)",NA,NA,NA
"Bevölkerungsanteil","insgesamt",2011,"04 Schwabing - West",4.5,63644,1410741,NA,NA,NA,"Hauptwohnsitzbevölkerung (ausgewählte räumliche Einheit)","Hauptwohnsitzbevölkerung (insgesamt)",NA,NA,NA
"Bevölkerungsanteil","insgesamt",2011,"05 Au - Haidhausen",4.1,57297,1410741,NA,NA,NA,"Hauptwohnsitzbevölkerung (ausgewählte räumliche Einheit)","Hauptwohnsitzbevölkerung (insgesamt)",NA,NA,NA
"Bevölkerungsanteil","insgesamt",2011,"06 Sendling",2.8,39002,1410741,NA,NA,NA,"Hauptwohnsitzbevölkerung (ausgewählte räumliche Einheit)","Hauptwohnsitzbevölkerung (insgesamt)",NA,NA,NA
"Bevölkerungsanteil","insgesamt",2011,"07 Sendling - Westpark",3.8,53271,1410741,NA,NA,NA,"Hauptwohnsitzbevölkerung (ausgewählte räumliche Einheit)","Hauptwohnsitzbevölkerung (insgesamt)",NA,NA,NA
"Bevölkerungsanteil","insgesamt",2011,"08 Schwanthalerhöhe",2,28678,1410741,NA,NA,NA,"Hauptwohnsitzbevölkerung (ausgewählte räumliche Einheit)","Hauptwohnsitzbevölkerung (insgesamt)",NA,NA,NA
"Bevölkerungsanteil","insgesamt",2011,"09 Neuhausen - Nymphenburg",6.5,92139,1410741,NA,NA,NA,"Hauptwohnsitzbevölkerung (ausgewählte räumliche Einheit)","Hauptwohnsitzbevölkerung (insgesamt)",NA,NA,NA
"Bevölkerungsanteil","insgesamt",2011,"10 Moosach",3.5,49384,1410741,NA,NA,NA,"Hauptwohnsitzbevölkerung (ausgewählte räumliche Einheit)","Hauptwohnsitzbevölkerung (insgesamt)",NA,NA,NA
"Bevölkerungsanteil","insgesamt",2011,"11 Milbertshofen - Am Hart",5,70470,1410741,NA,NA,NA,"Hauptwohnsitzbevölkerung (ausgewählte räumliche Einheit)","Hauptwohnsitzbevölkerung (insgesamt)",NA,NA,NA
"Bevölkerungsanteil","insgesamt",2011,"12 Schwabing - Freimann",4.7,66706,1410741,NA,NA,NA,"Hauptwohnsitzbevölkerung (ausgewählte räumliche Einheit)","Hauptwohnsitzbevölkerung (insgesamt)",NA,NA,NA
"Bevölkerungsanteil","insgesamt",2011,"13 Bogenhausen",5.6,79175,1410741,NA,NA,NA,"Hauptwohnsitzbevölkerung (ausgewählte räumliche Einheit)","Hauptwohnsitzbevölkerung (insgesamt)",NA,NA,NA
"Bevölkerungsanteil","insgesamt",2011,"14 Berg am Laim",2.9,41342,1410741,NA,NA,NA,"Hauptwohnsitzbevölkerung (ausgewählte räumliche Einheit)","Hauptwohnsitzbevölkerung (insgesamt)",NA,NA,NA
"Bevölkerungsanteil","insgesamt",2011,"15 Trudering - Riem",4.6,64983,1410741,NA,NA,NA,"Hauptwohnsitzbevölkerung (ausgewählte räumliche Einheit)","Hauptwohnsitzbevölkerung (insgesamt)",NA,NA,NA
"Bevölkerungsanteil","insgesamt",2011,"16 Ramersdorf - Perlach",7.5,105900,1410741,NA,NA,NA,"Hauptwohnsitzbevölkerung (ausgewählte räumliche Einheit)","Hauptwohnsitzbevölkerung (insgesamt)",NA,NA,NA
"Bevölkerungsanteil","insgesamt",2011,"17 Obergiesing - Fasangarten",3.6,50656,1410741,NA,NA,NA,"Hauptwohnsitzbevölkerung (ausgewählte räumliche Einheit)","Hauptwohnsitzbevölkerung (insgesamt)",NA,NA,NA
"Bevölkerungsanteil","insgesamt",2011,"18 Untergiesing - Harlaching",3.6,50455,1410741,NA,NA,NA,"Hauptwohnsitzbevölkerung (ausgewählte räumliche Einheit)","Hauptwohnsitzbevölkerung (insgesamt)",NA,NA,NA
"Bevölkerungsanteil","insgesamt",2011,"19 Thalkirchen - Obersendling - Forstenried - Fürstenried - Solln",6.1,85468,1410741,NA,NA,NA,"Hauptwohnsitzbevölkerung (ausgewählte räumliche Einheit)","Hauptwohnsitzbevölkerung (insgesamt)",NA,NA,NA
"Bevölkerungsanteil","insgesamt",2011,"20 Hadern",3.4,47459,1410741,NA,NA,NA,"Hauptwohnsitzbevölkerung (ausgewählte räumliche Einheit)","Hauptwohnsitzbevölkerung (insgesamt)",NA,NA,NA
"Bevölkerungsanteil","insgesamt",2011,"21 Pasing - Obermenzing",4.8,67878,1410741,NA,NA,NA,"Hauptwohnsitzbevölkerung (ausgewählte räumliche Einheit)","Hauptwohnsitzbevölkerung (insgesamt)",NA,NA,NA
"Bevölkerungsanteil","insgesamt",2011,"22 Aubing - Lochhausen - Langwied",2.8,39789,1410741,NA,NA,NA,"Hauptwohnsitzbevölkerung (ausgewählte räumliche Einheit)","Hauptwohnsitzbevölkerung (insgesamt)",NA,NA,NA
"Bevölkerungsanteil","insgesamt",2011,"23 Allach - Untermenzing",2.1,29693,1410741,NA,NA,NA,"Hauptwohnsitzbevölkerung (ausgewählte räumliche Einheit)","Hauptwohnsitzbevölkerung (insgesamt)",NA,NA,NA
"Bevölkerungsanteil","insgesamt",2011,"24 Feldmoching - Hasenbergl",4.1,57183,1410741,NA,NA,NA,"Hauptwohnsitzbevölkerung (ausgewählte räumliche Einheit)","Hauptwohnsitzbevölkerung (insgesamt)",NA,NA,NA
"Bevölkerungsanteil","insgesamt",2011,"25 Laim",3.7,52733,1410741,NA,NA,NA,"Hauptwohnsitzbevölkerung (ausgewählte räumliche Einheit)","Hauptwohnsitzbevölkerung (insgesamt)",NA,NA,NA
"Bevölkerungsanteil","insgesamt",2010,"Stadt München",100,1382273,1382273,NA,NA,NA,"Hauptwohnsitzbevölkerung (ausgewählte räumliche Einheit)","Hauptwohnsitzbevölkerung (insgesamt)",NA,NA,NA
"Bevölkerungsanteil","insgesamt",2010,"01 Altstadt - Lehel",1.4,19207,1382273,NA,NA,NA,"Hauptwohnsitzbevölkerung (ausgewählte räumliche Einheit)","Hauptwohnsitzbevölkerung (insgesamt)",NA,NA,NA
"Bevölkerungsanteil","insgesamt",2010,"02 Ludwigsvorstadt - Isarvorstadt",3.4,47357,1382273,NA,NA,NA,"Hauptwohnsitzbevölkerung (ausgewählte räumliche Einheit)","Hauptwohnsitzbevölkerung (insgesamt)",NA,NA,NA
"Bevölkerungsanteil","insgesamt",2010,"03 Maxvorstadt",3.5,48875,1382273,NA,NA,NA,"Hauptwohnsitzbevölkerung (ausgewählte räumliche Einheit)","Hauptwohnsitzbevölkerung (insgesamt)",NA,NA,NA
"Bevölkerungsanteil","insgesamt",2010,"04 Schwabing - West",4.5,62856,1382273,NA,NA,NA,"Hauptwohnsitzbevölkerung (ausgewählte räumliche Einheit)","Hauptwohnsitzbevölkerung (insgesamt)",NA,NA,NA
"Bevölkerungsanteil","insgesamt",2010,"05 Au - Haidhausen",4.1,56322,1382273,NA,NA,NA,"Hauptwohnsitzbevölkerung (ausgewählte räumliche Einheit)","Hauptwohnsitzbevölkerung (insgesamt)",NA,NA,NA
"Bevölkerungsanteil","insgesamt",2010,"06 Sendling",2.8,38567,1382273,NA,NA,NA,"Hauptwohnsitzbevölkerung (ausgewählte räumliche Einheit)","Hauptwohnsitzbevölkerung (insgesamt)",NA,NA,NA
"Bevölkerungsanteil","insgesamt",2010,"07 Sendling - Westpark",3.8,52495,1382273,NA,NA,NA,"Hauptwohnsitzbevölkerung (ausgewählte räumliche Einheit)","Hauptwohnsitzbevölkerung (insgesamt)",NA,NA,NA
"Bevölkerungsanteil","insgesamt",2010,"08 Schwanthalerhöhe",2,28004,1382273,NA,NA,NA,"Hauptwohnsitzbevölkerung (ausgewählte räumliche Einheit)","Hauptwohnsitzbevölkerung (insgesamt)",NA,NA,NA
"Bevölkerungsanteil","insgesamt",2010,"09 Neuhausen - Nymphenburg",6.5,89286,1382273,NA,NA,NA,"Hauptwohnsitzbevölkerung (ausgewählte räumliche Einheit)","Hauptwohnsitzbevölkerung (insgesamt)",NA,NA,NA
"Bevölkerungsanteil","insgesamt",2010,"10 Moosach",3.5,48421,1382273,NA,NA,NA,"Hauptwohnsitzbevölkerung (ausgewählte räumliche Einheit)","Hauptwohnsitzbevölkerung (insgesamt)",NA,NA,NA
"Bevölkerungsanteil","insgesamt",2010,"11 Milbertshofen - Am Hart",5,68970,1382273,NA,NA,NA,"Hauptwohnsitzbevölkerung (ausgewählte räumliche Einheit)","Hauptwohnsitzbevölkerung (insgesamt)",NA,NA,NA
"Bevölkerungsanteil","insgesamt",2010,"12 Schwabing - Freimann",4.7,65158,1382273,NA,NA,NA,"Hauptwohnsitzbevölkerung (ausgewählte räumliche Einheit)","Hauptwohnsitzbevölkerung (insgesamt)",NA,NA,NA
"Bevölkerungsanteil","insgesamt",2010,"13 Bogenhausen",5.6,77542,1382273,NA,NA,NA,"Hauptwohnsitzbevölkerung (ausgewählte räumliche Einheit)","Hauptwohnsitzbevölkerung (insgesamt)",NA,NA,NA
"Bevölkerungsanteil","insgesamt",2010,"14 Berg am Laim",2.9,40550,1382273,NA,NA,NA,"Hauptwohnsitzbevölkerung (ausgewählte räumliche Einheit)","Hauptwohnsitzbevölkerung (insgesamt)",NA,NA,NA
"Bevölkerungsanteil","insgesamt",2010,"15 Trudering - Riem",4.5,62756,1382273,NA,NA,NA,"Hauptwohnsitzbevölkerung (ausgewählte räumliche Einheit)","Hauptwohnsitzbevölkerung (insgesamt)",NA,NA,NA
"Bevölkerungsanteil","insgesamt",2010,"16 Ramersdorf - Perlach",7.6,104737,1382273,NA,NA,NA,"Hauptwohnsitzbevölkerung (ausgewählte räumliche Einheit)","Hauptwohnsitzbevölkerung (insgesamt)",NA,NA,NA
"Bevölkerungsanteil","insgesamt",2010,"17 Obergiesing - Fasangarten",3.5,49030,1382273,NA,NA,NA,"Hauptwohnsitzbevölkerung (ausgewählte räumliche Einheit)","Hauptwohnsitzbevölkerung (insgesamt)",NA,NA,NA
"Bevölkerungsanteil","insgesamt",2010,"18 Untergiesing - Harlaching",3.6,49502,1382273,NA,NA,NA,"Hauptwohnsitzbevölkerung (ausgewählte räumliche Einheit)","Hauptwohnsitzbevölkerung (insgesamt)",NA,NA,NA
"Bevölkerungsanteil","insgesamt",2010,"19 Thalkirchen - Obersendling - Forstenried - Fürstenried - Solln",6,83584,1382273,NA,NA,NA,"Hauptwohnsitzbevölkerung (ausgewählte räumliche Einheit)","Hauptwohnsitzbevölkerung (insgesamt)",NA,NA,NA
"Bevölkerungsanteil","insgesamt",2010,"20 Hadern",3.4,46851,1382273,NA,NA,NA,"Hauptwohnsitzbevölkerung (ausgewählte räumliche Einheit)","Hauptwohnsitzbevölkerung (insgesamt)",NA,NA,NA
"Bevölkerungsanteil","insgesamt",2010,"21 Pasing - Obermenzing",4.8,66244,1382273,NA,NA,NA,"Hauptwohnsitzbevölkerung (ausgewählte räumliche Einheit)","Hauptwohnsitzbevölkerung (insgesamt)",NA,NA,NA
"Bevölkerungsanteil","insgesamt",2010,"22 Aubing - Lochhausen - Langwied",2.8,38863,1382273,NA,NA,NA,"Hauptwohnsitzbevölkerung (ausgewählte räumliche Einheit)","Hauptwohnsitzbevölkerung (insgesamt)",NA,NA,NA
"Bevölkerungsanteil","insgesamt",2010,"23 Allach - Untermenzing",2.1,29161,1382273,NA,NA,NA,"Hauptwohnsitzbevölkerung (ausgewählte räumliche Einheit)","Hauptwohnsitzbevölkerung (insgesamt)",NA,NA,NA
"Bevölkerungsanteil","insgesamt",2010,"24 Feldmoching - Hasenbergl",4.1,56130,1382273,NA,NA,NA,"Hauptwohnsitzbevölkerung (ausgewählte räumliche Einheit)","Hauptwohnsitzbevölkerung (insgesamt)",NA,NA,NA
"Bevölkerungsanteil","insgesamt",2010,"25 Laim",3.7,51805,1382273,NA,NA,NA,"Hauptwohnsitzbevölkerung (ausgewählte räumliche Einheit)","Hauptwohnsitzbevölkerung (insgesamt)",NA,NA,NA
"Bevölkerungsanteil","insgesamt",2009,"Stadt München",100,1364194,1364194,NA,NA,NA,"Hauptwohnsitzbevölkerung (ausgewählte räumliche Einheit)","Hauptwohnsitzbevölkerung (insgesamt)",NA,NA,NA
"Bevölkerungsanteil","insgesamt",2009,"01 Altstadt - Lehel",1.4,18932,1364194,NA,NA,NA,"Hauptwohnsitzbevölkerung (ausgewählte räumliche Einheit)","Hauptwohnsitzbevölkerung (insgesamt)",NA,NA,NA
"Bevölkerungsanteil","insgesamt",2009,"02 Ludwigsvorstadt - Isarvorstadt",3.4,46446,1364194,NA,NA,NA,"Hauptwohnsitzbevölkerung (ausgewählte räumliche Einheit)","Hauptwohnsitzbevölkerung (insgesamt)",NA,NA,NA
"Bevölkerungsanteil","insgesamt",2009,"03 Maxvorstadt",3.6,48619,1364194,NA,NA,NA,"Hauptwohnsitzbevölkerung (ausgewählte räumliche Einheit)","Hauptwohnsitzbevölkerung (insgesamt)",NA,NA,NA
"Bevölkerungsanteil","insgesamt",2009,"04 Schwabing - West",4.5,62028,1364194,NA,NA,NA,"Hauptwohnsitzbevölkerung (ausgewählte räumliche Einheit)","Hauptwohnsitzbevölkerung (insgesamt)",NA,NA,NA
"Bevölkerungsanteil","insgesamt",2009,"05 Au - Haidhausen",4.1,55590,1364194,NA,NA,NA,"Hauptwohnsitzbevölkerung (ausgewählte räumliche Einheit)","Hauptwohnsitzbevölkerung (insgesamt)",NA,NA,NA
"Bevölkerungsanteil","insgesamt",2009,"06 Sendling",2.8,38112,1364194,NA,NA,NA,"Hauptwohnsitzbevölkerung (ausgewählte räumliche Einheit)","Hauptwohnsitzbevölkerung (insgesamt)",NA,NA,NA
"Bevölkerungsanteil","insgesamt",2009,"07 Sendling - Westpark",3.8,52185,1364194,NA,NA,NA,"Hauptwohnsitzbevölkerung (ausgewählte räumliche Einheit)","Hauptwohnsitzbevölkerung (insgesamt)",NA,NA,NA
"Bevölkerungsanteil","insgesamt",2009,"08 Schwanthalerhöhe",2,27814,1364194,NA,NA,NA,"Hauptwohnsitzbevölkerung (ausgewählte räumliche Einheit)","Hauptwohnsitzbevölkerung (insgesamt)",NA,NA,NA
"Bevölkerungsanteil","insgesamt",2009,"09 Neuhausen - Nymphenburg",6.4,87846,1364194,NA,NA,NA,"Hauptwohnsitzbevölkerung (ausgewählte räumliche Einheit)","Hauptwohnsitzbevölkerung (insgesamt)",NA,NA,NA
"Bevölkerungsanteil","insgesamt",2009,"10 Moosach",3.6,48692,1364194,NA,NA,NA,"Hauptwohnsitzbevölkerung (ausgewählte räumliche Einheit)","Hauptwohnsitzbevölkerung (insgesamt)",NA,NA,NA
"Bevölkerungsanteil","insgesamt",2009,"11 Milbertshofen - Am Hart",5,68023,1364194,NA,NA,NA,"Hauptwohnsitzbevölkerung (ausgewählte räumliche Einheit)","Hauptwohnsitzbevölkerung (insgesamt)",NA,NA,NA
"Bevölkerungsanteil","insgesamt",2009,"12 Schwabing - Freimann",4.7,63720,1364194,NA,NA,NA,"Hauptwohnsitzbevölkerung (ausgewählte räumliche Einheit)","Hauptwohnsitzbevölkerung (insgesamt)",NA,NA,NA
"Bevölkerungsanteil","insgesamt",2009,"13 Bogenhausen",5.6,76684,1364194,NA,NA,NA,"Hauptwohnsitzbevölkerung (ausgewählte räumliche Einheit)","Hauptwohnsitzbevölkerung (insgesamt)",NA,NA,NA
"Bevölkerungsanteil","insgesamt",2009,"14 Berg am Laim",2.9,39787,1364194,NA,NA,NA,"Hauptwohnsitzbevölkerung (ausgewählte räumliche Einheit)","Hauptwohnsitzbevölkerung (insgesamt)",NA,NA,NA
"Bevölkerungsanteil","insgesamt",2009,"15 Trudering - Riem",4.5,60879,1364194,NA,NA,NA,"Hauptwohnsitzbevölkerung (ausgewählte räumliche Einheit)","Hauptwohnsitzbevölkerung (insgesamt)",NA,NA,NA
"Bevölkerungsanteil","insgesamt",2009,"16 Ramersdorf - Perlach",7.6,103732,1364194,NA,NA,NA,"Hauptwohnsitzbevölkerung (ausgewählte räumliche Einheit)","Hauptwohnsitzbevölkerung (insgesamt)",NA,NA,NA
"Bevölkerungsanteil","insgesamt",2009,"17 Obergiesing - Fasangarten",3.5,48425,1364194,NA,NA,NA,"Hauptwohnsitzbevölkerung (ausgewählte räumliche Einheit)","Hauptwohnsitzbevölkerung (insgesamt)",NA,NA,NA
"Bevölkerungsanteil","insgesamt",2009,"18 Untergiesing - Harlaching",3.6,48911,1364194,NA,NA,NA,"Hauptwohnsitzbevölkerung (ausgewählte räumliche Einheit)","Hauptwohnsitzbevölkerung (insgesamt)",NA,NA,NA
"Bevölkerungsanteil","insgesamt",2009,"19 Thalkirchen - Obersendling - Forstenried - Fürstenried - Solln",6,82482,1364194,NA,NA,NA,"Hauptwohnsitzbevölkerung (ausgewählte räumliche Einheit)","Hauptwohnsitzbevölkerung (insgesamt)",NA,NA,NA
"Bevölkerungsanteil","insgesamt",2009,"20 Hadern",3.4,46490,1364194,NA,NA,NA,"Hauptwohnsitzbevölkerung (ausgewählte räumliche Einheit)","Hauptwohnsitzbevölkerung (insgesamt)",NA,NA,NA
"Bevölkerungsanteil","insgesamt",2009,"21 Pasing - Obermenzing",4.8,65279,1364194,NA,NA,NA,"Hauptwohnsitzbevölkerung (ausgewählte räumliche Einheit)","Hauptwohnsitzbevölkerung (insgesamt)",NA,NA,NA
"Bevölkerungsanteil","insgesamt",2009,"22 Aubing - Lochhausen - Langwied",2.8,38268,1364194,NA,NA,NA,"Hauptwohnsitzbevölkerung (ausgewählte räumliche Einheit)","Hauptwohnsitzbevölkerung (insgesamt)",NA,NA,NA
"Bevölkerungsanteil","insgesamt",2009,"23 Allach - Untermenzing",2.1,28732,1364194,NA,NA,NA,"Hauptwohnsitzbevölkerung (ausgewählte räumliche Einheit)","Hauptwohnsitzbevölkerung (insgesamt)",NA,NA,NA
"Bevölkerungsanteil","insgesamt",2009,"24 Feldmoching - Hasenbergl",4,55180,1364194,NA,NA,NA,"Hauptwohnsitzbevölkerung (ausgewählte räumliche Einheit)","Hauptwohnsitzbevölkerung (insgesamt)",NA,NA,NA
"Bevölkerungsanteil","insgesamt",2009,"25 Laim",3.8,51338,1364194,NA,NA,NA,"Hauptwohnsitzbevölkerung (ausgewählte räumliche Einheit)","Hauptwohnsitzbevölkerung (insgesamt)",NA,NA,NA
"Bevölkerungsanteil","insgesamt",2008,"Stadt München",100,1367314,1367314,NA,NA,NA,"Hauptwohnsitzbevölkerung (ausgewählte räumliche Einheit)","Hauptwohnsitzbevölkerung (insgesamt)",NA,NA,NA
"Bevölkerungsanteil","insgesamt",2008,"01 Altstadt - Lehel",1.4,19505,1367314,NA,NA,NA,"Hauptwohnsitzbevölkerung (ausgewählte räumliche Einheit)","Hauptwohnsitzbevölkerung (insgesamt)",NA,NA,NA
"Bevölkerungsanteil","insgesamt",2008,"02 Ludwigsvorstadt - Isarvorstadt",3.5,47599,1367314,NA,NA,NA,"Hauptwohnsitzbevölkerung (ausgewählte räumliche Einheit)","Hauptwohnsitzbevölkerung (insgesamt)",NA,NA,NA
"Bevölkerungsanteil","insgesamt",2008,"03 Maxvorstadt",3.6,48884,1367314,NA,NA,NA,"Hauptwohnsitzbevölkerung (ausgewählte räumliche Einheit)","Hauptwohnsitzbevölkerung (insgesamt)",NA,NA,NA
"Bevölkerungsanteil","insgesamt",2008,"04 Schwabing - West",4.6,62541,1367314,NA,NA,NA,"Hauptwohnsitzbevölkerung (ausgewählte räumliche Einheit)","Hauptwohnsitzbevölkerung (insgesamt)",NA,NA,NA
"Bevölkerungsanteil","insgesamt",2008,"05 Au - Haidhausen",4.1,55853,1367314,NA,NA,NA,"Hauptwohnsitzbevölkerung (ausgewählte räumliche Einheit)","Hauptwohnsitzbevölkerung (insgesamt)",NA,NA,NA
"Bevölkerungsanteil","insgesamt",2008,"06 Sendling",2.8,38335,1367314,NA,NA,NA,"Hauptwohnsitzbevölkerung (ausgewählte räumliche Einheit)","Hauptwohnsitzbevölkerung (insgesamt)",NA,NA,NA
"Bevölkerungsanteil","insgesamt",2008,"07 Sendling - Westpark",3.8,52257,1367314,NA,NA,NA,"Hauptwohnsitzbevölkerung (ausgewählte räumliche Einheit)","Hauptwohnsitzbevölkerung (insgesamt)",NA,NA,NA
"Bevölkerungsanteil","insgesamt",2008,"08 Schwanthalerhöhe",2,27789,1367314,NA,NA,NA,"Hauptwohnsitzbevölkerung (ausgewählte räumliche Einheit)","Hauptwohnsitzbevölkerung (insgesamt)",NA,NA,NA
"Bevölkerungsanteil","insgesamt",2008,"09 Neuhausen - Nymphenburg",6.4,87043,1367314,NA,NA,NA,"Hauptwohnsitzbevölkerung (ausgewählte räumliche Einheit)","Hauptwohnsitzbevölkerung (insgesamt)",NA,NA,NA
"Bevölkerungsanteil","insgesamt",2008,"10 Moosach",3.5,48451,1367314,NA,NA,NA,"Hauptwohnsitzbevölkerung (ausgewählte räumliche Einheit)","Hauptwohnsitzbevölkerung (insgesamt)",NA,NA,NA
"Bevölkerungsanteil","insgesamt",2008,"11 Milbertshofen - Am Hart",5,68198,1367314,NA,NA,NA,"Hauptwohnsitzbevölkerung (ausgewählte räumliche Einheit)","Hauptwohnsitzbevölkerung (insgesamt)",NA,NA,NA
"Bevölkerungsanteil","insgesamt",2008,"12 Schwabing - Freimann",4.7,64350,1367314,NA,NA,NA,"Hauptwohnsitzbevölkerung (ausgewählte räumliche Einheit)","Hauptwohnsitzbevölkerung (insgesamt)",NA,NA,NA
"Bevölkerungsanteil","insgesamt",2008,"13 Bogenhausen",5.6,77112,1367314,NA,NA,NA,"Hauptwohnsitzbevölkerung (ausgewählte räumliche Einheit)","Hauptwohnsitzbevölkerung (insgesamt)",NA,NA,NA
"Bevölkerungsanteil","insgesamt",2008,"14 Berg am Laim",2.9,40039,1367314,NA,NA,NA,"Hauptwohnsitzbevölkerung (ausgewählte räumliche Einheit)","Hauptwohnsitzbevölkerung (insgesamt)",NA,NA,NA
"Bevölkerungsanteil","insgesamt",2008,"15 Trudering - Riem",4.3,59031,1367314,NA,NA,NA,"Hauptwohnsitzbevölkerung (ausgewählte räumliche Einheit)","Hauptwohnsitzbevölkerung (insgesamt)",NA,NA,NA
"Bevölkerungsanteil","insgesamt",2008,"16 Ramersdorf - Perlach",7.6,104089,1367314,NA,NA,NA,"Hauptwohnsitzbevölkerung (ausgewählte räumliche Einheit)","Hauptwohnsitzbevölkerung (insgesamt)",NA,NA,NA
"Bevölkerungsanteil","insgesamt",2008,"17 Obergiesing - Fasangarten",3.5,48282,1367314,NA,NA,NA,"Hauptwohnsitzbevölkerung (ausgewählte räumliche Einheit)","Hauptwohnsitzbevölkerung (insgesamt)",NA,NA,NA
"Bevölkerungsanteil","insgesamt",2008,"18 Untergiesing - Harlaching",3.6,49391,1367314,NA,NA,NA,"Hauptwohnsitzbevölkerung (ausgewählte räumliche Einheit)","Hauptwohnsitzbevölkerung (insgesamt)",NA,NA,NA
"Bevölkerungsanteil","insgesamt",2008,"19 Thalkirchen - Obersendling - Forstenried - Fürstenried - Solln",6.1,82771,1367314,NA,NA,NA,"Hauptwohnsitzbevölkerung (ausgewählte räumliche Einheit)","Hauptwohnsitzbevölkerung (insgesamt)",NA,NA,NA
"Bevölkerungsanteil","insgesamt",2008,"20 Hadern",3.4,46385,1367314,NA,NA,NA,"Hauptwohnsitzbevölkerung (ausgewählte räumliche Einheit)","Hauptwohnsitzbevölkerung (insgesamt)",NA,NA,NA
"Bevölkerungsanteil","insgesamt",2008,"21 Pasing - Obermenzing",4.8,65290,1367314,NA,NA,NA,"Hauptwohnsitzbevölkerung (ausgewählte räumliche Einheit)","Hauptwohnsitzbevölkerung (insgesamt)",NA,NA,NA
"Bevölkerungsanteil","insgesamt",2008,"22 Aubing - Lochhausen - Langwied",2.8,38327,1367314,NA,NA,NA,"Hauptwohnsitzbevölkerung (ausgewählte räumliche Einheit)","Hauptwohnsitzbevölkerung (insgesamt)",NA,NA,NA
"Bevölkerungsanteil","insgesamt",2008,"23 Allach - Untermenzing",2.1,28796,1367314,NA,NA,NA,"Hauptwohnsitzbevölkerung (ausgewählte räumliche Einheit)","Hauptwohnsitzbevölkerung (insgesamt)",NA,NA,NA
"Bevölkerungsanteil","insgesamt",2008,"24 Feldmoching - Hasenbergl",4.1,55667,1367314,NA,NA,NA,"Hauptwohnsitzbevölkerung (ausgewählte räumliche Einheit)","Hauptwohnsitzbevölkerung (insgesamt)",NA,NA,NA
"Bevölkerungsanteil","insgesamt",2008,"25 Laim",3.8,51329,1367314,NA,NA,NA,"Hauptwohnsitzbevölkerung (ausgewählte räumliche Einheit)","Hauptwohnsitzbevölkerung (insgesamt)",NA,NA,NA
"Bevölkerungsanteil","insgesamt",2007,"Stadt München",100,1351445,1351445,NA,NA,NA,"Hauptwohnsitzbevölkerung (ausgewählte räumliche Einheit)","Hauptwohnsitzbevölkerung (insgesamt)",NA,NA,NA
"Bevölkerungsanteil","insgesamt",2007,"01 Altstadt - Lehel",1.4,19228,1351445,NA,NA,NA,"Hauptwohnsitzbevölkerung (ausgewählte räumliche Einheit)","Hauptwohnsitzbevölkerung (insgesamt)",NA,NA,NA
"Bevölkerungsanteil","insgesamt",2007,"02 Ludwigsvorstadt - Isarvorstadt",3.4,46520,1351445,NA,NA,NA,"Hauptwohnsitzbevölkerung (ausgewählte räumliche Einheit)","Hauptwohnsitzbevölkerung (insgesamt)",NA,NA,NA
"Bevölkerungsanteil","insgesamt",2007,"03 Maxvorstadt",3.5,47711,1351445,NA,NA,NA,"Hauptwohnsitzbevölkerung (ausgewählte räumliche Einheit)","Hauptwohnsitzbevölkerung (insgesamt)",NA,NA,NA
"Bevölkerungsanteil","insgesamt",2007,"04 Schwabing - West",4.6,61514,1351445,NA,NA,NA,"Hauptwohnsitzbevölkerung (ausgewählte räumliche Einheit)","Hauptwohnsitzbevölkerung (insgesamt)",NA,NA,NA
"Bevölkerungsanteil","insgesamt",2007,"05 Au - Haidhausen",4.1,55288,1351445,NA,NA,NA,"Hauptwohnsitzbevölkerung (ausgewählte räumliche Einheit)","Hauptwohnsitzbevölkerung (insgesamt)",NA,NA,NA
"Bevölkerungsanteil","insgesamt",2007,"06 Sendling",2.8,37940,1351445,NA,NA,NA,"Hauptwohnsitzbevölkerung (ausgewählte räumliche Einheit)","Hauptwohnsitzbevölkerung (insgesamt)",NA,NA,NA
"Bevölkerungsanteil","insgesamt",2007,"07 Sendling - Westpark",3.8,51745,1351445,NA,NA,NA,"Hauptwohnsitzbevölkerung (ausgewählte räumliche Einheit)","Hauptwohnsitzbevölkerung (insgesamt)",NA,NA,NA
"Bevölkerungsanteil","insgesamt",2007,"08 Schwanthalerhöhe",2,26877,1351445,NA,NA,NA,"Hauptwohnsitzbevölkerung (ausgewählte räumliche Einheit)","Hauptwohnsitzbevölkerung (insgesamt)",NA,NA,NA
"Bevölkerungsanteil","insgesamt",2007,"09 Neuhausen - Nymphenburg",6.4,85964,1351445,NA,NA,NA,"Hauptwohnsitzbevölkerung (ausgewählte räumliche Einheit)","Hauptwohnsitzbevölkerung (insgesamt)",NA,NA,NA
"Bevölkerungsanteil","insgesamt",2007,"10 Moosach",3.6,48306,1351445,NA,NA,NA,"Hauptwohnsitzbevölkerung (ausgewählte räumliche Einheit)","Hauptwohnsitzbevölkerung (insgesamt)",NA,NA,NA
"Bevölkerungsanteil","insgesamt",2007,"11 Milbertshofen - Am Hart",5,67864,1351445,NA,NA,NA,"Hauptwohnsitzbevölkerung (ausgewählte räumliche Einheit)","Hauptwohnsitzbevölkerung (insgesamt)",NA,NA,NA
"Bevölkerungsanteil","insgesamt",2007,"12 Schwabing - Freimann",4.7,63832,1351445,NA,NA,NA,"Hauptwohnsitzbevölkerung (ausgewählte räumliche Einheit)","Hauptwohnsitzbevölkerung (insgesamt)",NA,NA,NA
"Bevölkerungsanteil","insgesamt",2007,"13 Bogenhausen",5.7,76709,1351445,NA,NA,NA,"Hauptwohnsitzbevölkerung (ausgewählte räumliche Einheit)","Hauptwohnsitzbevölkerung (insgesamt)",NA,NA,NA
"Bevölkerungsanteil","insgesamt",2007,"14 Berg am Laim",2.9,39786,1351445,NA,NA,NA,"Hauptwohnsitzbevölkerung (ausgewählte räumliche Einheit)","Hauptwohnsitzbevölkerung (insgesamt)",NA,NA,NA
"Bevölkerungsanteil","insgesamt",2007,"15 Trudering - Riem",4.2,56487,1351445,NA,NA,NA,"Hauptwohnsitzbevölkerung (ausgewählte räumliche Einheit)","Hauptwohnsitzbevölkerung (insgesamt)",NA,NA,NA
"Bevölkerungsanteil","insgesamt",2007,"16 Ramersdorf - Perlach",7.7,103447,1351445,NA,NA,NA,"Hauptwohnsitzbevölkerung (ausgewählte räumliche Einheit)","Hauptwohnsitzbevölkerung (insgesamt)",NA,NA,NA
"Bevölkerungsanteil","insgesamt",2007,"17 Obergiesing - Fasangarten",3.5,47791,1351445,NA,NA,NA,"Hauptwohnsitzbevölkerung (ausgewählte räumliche Einheit)","Hauptwohnsitzbevölkerung (insgesamt)",NA,NA,NA
"Bevölkerungsanteil","insgesamt",2007,"18 Untergiesing - Harlaching",3.6,48990,1351445,NA,NA,NA,"Hauptwohnsitzbevölkerung (ausgewählte räumliche Einheit)","Hauptwohnsitzbevölkerung (insgesamt)",NA,NA,NA
"Bevölkerungsanteil","insgesamt",2007,"19 Thalkirchen - Obersendling - Forstenried - Fürstenried - Solln",6.1,82283,1351445,NA,NA,NA,"Hauptwohnsitzbevölkerung (ausgewählte räumliche Einheit)","Hauptwohnsitzbevölkerung (insgesamt)",NA,NA,NA
"Bevölkerungsanteil","insgesamt",2007,"20 Hadern",3.4,46059,1351445,NA,NA,NA,"Hauptwohnsitzbevölkerung (ausgewählte räumliche Einheit)","Hauptwohnsitzbevölkerung (insgesamt)",NA,NA,NA
"Bevölkerungsanteil","insgesamt",2007,"21 Pasing - Obermenzing",4.8,64773,1351445,NA,NA,NA,"Hauptwohnsitzbevölkerung (ausgewählte räumliche Einheit)","Hauptwohnsitzbevölkerung (insgesamt)",NA,NA,NA
"Bevölkerungsanteil","insgesamt",2007,"22 Aubing - Lochhausen - Langwied",2.8,38091,1351445,NA,NA,NA,"Hauptwohnsitzbevölkerung (ausgewählte räumliche Einheit)","Hauptwohnsitzbevölkerung (insgesamt)",NA,NA,NA
"Bevölkerungsanteil","insgesamt",2007,"23 Allach - Untermenzing",2.1,28165,1351445,NA,NA,NA,"Hauptwohnsitzbevölkerung (ausgewählte räumliche Einheit)","Hauptwohnsitzbevölkerung (insgesamt)",NA,NA,NA
"Bevölkerungsanteil","insgesamt",2007,"24 Feldmoching - Hasenbergl",4.1,55475,1351445,NA,NA,NA,"Hauptwohnsitzbevölkerung (ausgewählte räumliche Einheit)","Hauptwohnsitzbevölkerung (insgesamt)",NA,NA,NA
"Bevölkerungsanteil","insgesamt",2007,"25 Laim",3.7,50600,1351445,NA,NA,NA,"Hauptwohnsitzbevölkerung (ausgewählte räumliche Einheit)","Hauptwohnsitzbevölkerung (insgesamt)",NA,NA,NA
"Bevölkerungsanteil","insgesamt",2006,"Stadt München",100,1326206,1326206,NA,NA,NA,"Hauptwohnsitzbevölkerung (ausgewählte räumliche Einheit)","Hauptwohnsitzbevölkerung (insgesamt)",NA,NA,NA
"Bevölkerungsanteil","insgesamt",2006,"01 Altstadt - Lehel",1.4,18876,1326206,NA,NA,NA,"Hauptwohnsitzbevölkerung (ausgewählte räumliche Einheit)","Hauptwohnsitzbevölkerung (insgesamt)",NA,NA,NA
"Bevölkerungsanteil","insgesamt",2006,"02 Ludwigsvorstadt - Isarvorstadt",3.4,45736,1326206,NA,NA,NA,"Hauptwohnsitzbevölkerung (ausgewählte räumliche Einheit)","Hauptwohnsitzbevölkerung (insgesamt)",NA,NA,NA
"Bevölkerungsanteil","insgesamt",2006,"03 Maxvorstadt",3.5,46058,1326206,NA,NA,NA,"Hauptwohnsitzbevölkerung (ausgewählte räumliche Einheit)","Hauptwohnsitzbevölkerung (insgesamt)",NA,NA,NA
"Bevölkerungsanteil","insgesamt",2006,"04 Schwabing - West",4.5,59553,1326206,NA,NA,NA,"Hauptwohnsitzbevölkerung (ausgewählte räumliche Einheit)","Hauptwohnsitzbevölkerung (insgesamt)",NA,NA,NA
"Bevölkerungsanteil","insgesamt",2006,"05 Au - Haidhausen",4.1,54382,1326206,NA,NA,NA,"Hauptwohnsitzbevölkerung (ausgewählte räumliche Einheit)","Hauptwohnsitzbevölkerung (insgesamt)",NA,NA,NA
"Bevölkerungsanteil","insgesamt",2006,"06 Sendling",2.8,37146,1326206,NA,NA,NA,"Hauptwohnsitzbevölkerung (ausgewählte räumliche Einheit)","Hauptwohnsitzbevölkerung (insgesamt)",NA,NA,NA
"Bevölkerungsanteil","insgesamt",2006,"07 Sendling - Westpark",3.8,50903,1326206,NA,NA,NA,"Hauptwohnsitzbevölkerung (ausgewählte räumliche Einheit)","Hauptwohnsitzbevölkerung (insgesamt)",NA,NA,NA
"Bevölkerungsanteil","insgesamt",2006,"08 Schwanthalerhöhe",2,26103,1326206,NA,NA,NA,"Hauptwohnsitzbevölkerung (ausgewählte räumliche Einheit)","Hauptwohnsitzbevölkerung (insgesamt)",NA,NA,NA
"Bevölkerungsanteil","insgesamt",2006,"09 Neuhausen - Nymphenburg",6.4,84604,1326206,NA,NA,NA,"Hauptwohnsitzbevölkerung (ausgewählte räumliche Einheit)","Hauptwohnsitzbevölkerung (insgesamt)",NA,NA,NA
"Bevölkerungsanteil","insgesamt",2006,"10 Moosach",3.6,47754,1326206,NA,NA,NA,"Hauptwohnsitzbevölkerung (ausgewählte räumliche Einheit)","Hauptwohnsitzbevölkerung (insgesamt)",NA,NA,NA
"Bevölkerungsanteil","insgesamt",2006,"11 Milbertshofen - Am Hart",5.1,66992,1326206,NA,NA,NA,"Hauptwohnsitzbevölkerung (ausgewählte räumliche Einheit)","Hauptwohnsitzbevölkerung (insgesamt)",NA,NA,NA
"Bevölkerungsanteil","insgesamt",2006,"12 Schwabing - Freimann",4.7,62430,1326206,NA,NA,NA,"Hauptwohnsitzbevölkerung (ausgewählte räumliche Einheit)","Hauptwohnsitzbevölkerung (insgesamt)",NA,NA,NA
"Bevölkerungsanteil","insgesamt",2006,"13 Bogenhausen",5.7,75657,1326206,NA,NA,NA,"Hauptwohnsitzbevölkerung (ausgewählte räumliche Einheit)","Hauptwohnsitzbevölkerung (insgesamt)",NA,NA,NA
"Bevölkerungsanteil","insgesamt",2006,"14 Berg am Laim",2.9,39009,1326206,NA,NA,NA,"Hauptwohnsitzbevölkerung (ausgewählte räumliche Einheit)","Hauptwohnsitzbevölkerung (insgesamt)",NA,NA,NA
"Bevölkerungsanteil","insgesamt",2006,"15 Trudering - Riem",4.1,53915,1326206,NA,NA,NA,"Hauptwohnsitzbevölkerung (ausgewählte räumliche Einheit)","Hauptwohnsitzbevölkerung (insgesamt)",NA,NA,NA
"Bevölkerungsanteil","insgesamt",2006,"16 Ramersdorf - Perlach",7.7,102689,1326206,NA,NA,NA,"Hauptwohnsitzbevölkerung (ausgewählte räumliche Einheit)","Hauptwohnsitzbevölkerung (insgesamt)",NA,NA,NA
"Bevölkerungsanteil","insgesamt",2006,"17 Obergiesing - Fasangarten",3.5,47007,1326206,NA,NA,NA,"Hauptwohnsitzbevölkerung (ausgewählte räumliche Einheit)","Hauptwohnsitzbevölkerung (insgesamt)",NA,NA,NA
"Bevölkerungsanteil","insgesamt",2006,"18 Untergiesing - Harlaching",3.6,48075,1326206,NA,NA,NA,"Hauptwohnsitzbevölkerung (ausgewählte räumliche Einheit)","Hauptwohnsitzbevölkerung (insgesamt)",NA,NA,NA
"Bevölkerungsanteil","insgesamt",2006,"19 Thalkirchen - Obersendling - Forstenried - Fürstenried - Solln",6.1,80701,1326206,NA,NA,NA,"Hauptwohnsitzbevölkerung (ausgewählte räumliche Einheit)","Hauptwohnsitzbevölkerung (insgesamt)",NA,NA,NA
"Bevölkerungsanteil","insgesamt",2006,"20 Hadern",3.4,44993,1326206,NA,NA,NA,"Hauptwohnsitzbevölkerung (ausgewählte räumliche Einheit)","Hauptwohnsitzbevölkerung (insgesamt)",NA,NA,NA
"Bevölkerungsanteil","insgesamt",2006,"21 Pasing - Obermenzing",4.8,63763,1326206,NA,NA,NA,"Hauptwohnsitzbevölkerung (ausgewählte räumliche Einheit)","Hauptwohnsitzbevölkerung (insgesamt)",NA,NA,NA
"Bevölkerungsanteil","insgesamt",2006,"22 Aubing - Lochhausen - Langwied",2.9,37857,1326206,NA,NA,NA,"Hauptwohnsitzbevölkerung (ausgewählte räumliche Einheit)","Hauptwohnsitzbevölkerung (insgesamt)",NA,NA,NA
"Bevölkerungsanteil","insgesamt",2006,"23 Allach - Untermenzing",2.1,27730,1326206,NA,NA,NA,"Hauptwohnsitzbevölkerung (ausgewählte räumliche Einheit)","Hauptwohnsitzbevölkerung (insgesamt)",NA,NA,NA
"Bevölkerungsanteil","insgesamt",2006,"24 Feldmoching - Hasenbergl",4.1,54245,1326206,NA,NA,NA,"Hauptwohnsitzbevölkerung (ausgewählte räumliche Einheit)","Hauptwohnsitzbevölkerung (insgesamt)",NA,NA,NA
"Bevölkerungsanteil","insgesamt",2006,"25 Laim",3.8,50028,1326206,NA,NA,NA,"Hauptwohnsitzbevölkerung (ausgewählte räumliche Einheit)","Hauptwohnsitzbevölkerung (insgesamt)",NA,NA,NA
"Bevölkerungsanteil","insgesamt",2005,"Stadt München",100,1288307,1288307,NA,NA,NA,"Hauptwohnsitzbevölkerung (ausgewählte räumliche Einheit)","Hauptwohnsitzbevölkerung (insgesamt)",NA,NA,NA
"Bevölkerungsanteil","insgesamt",2005,"01 Altstadt - Lehel",1.4,18631,1288307,NA,NA,NA,"Hauptwohnsitzbevölkerung (ausgewählte räumliche Einheit)","Hauptwohnsitzbevölkerung (insgesamt)",NA,NA,NA
"Bevölkerungsanteil","insgesamt",2005,"02 Ludwigsvorstadt - Isarvorstadt",3.4,43945,1288307,NA,NA,NA,"Hauptwohnsitzbevölkerung (ausgewählte räumliche Einheit)","Hauptwohnsitzbevölkerung (insgesamt)",NA,NA,NA
"Bevölkerungsanteil","insgesamt",2005,"03 Maxvorstadt",3.3,42201,1288307,NA,NA,NA,"Hauptwohnsitzbevölkerung (ausgewählte räumliche Einheit)","Hauptwohnsitzbevölkerung (insgesamt)",NA,NA,NA
"Bevölkerungsanteil","insgesamt",2005,"04 Schwabing - West",4.3,56033,1288307,NA,NA,NA,"Hauptwohnsitzbevölkerung (ausgewählte räumliche Einheit)","Hauptwohnsitzbevölkerung (insgesamt)",NA,NA,NA
"Bevölkerungsanteil","insgesamt",2005,"05 Au - Haidhausen",4.1,52502,1288307,NA,NA,NA,"Hauptwohnsitzbevölkerung (ausgewählte räumliche Einheit)","Hauptwohnsitzbevölkerung (insgesamt)",NA,NA,NA
"Bevölkerungsanteil","insgesamt",2005,"06 Sendling",2.8,35966,1288307,NA,NA,NA,"Hauptwohnsitzbevölkerung (ausgewählte räumliche Einheit)","Hauptwohnsitzbevölkerung (insgesamt)",NA,NA,NA
"Bevölkerungsanteil","insgesamt",2005,"07 Sendling - Westpark",3.8,49472,1288307,NA,NA,NA,"Hauptwohnsitzbevölkerung (ausgewählte räumliche Einheit)","Hauptwohnsitzbevölkerung (insgesamt)",NA,NA,NA
"Bevölkerungsanteil","insgesamt",2005,"08 Schwanthalerhöhe",2,25507,1288307,NA,NA,NA,"Hauptwohnsitzbevölkerung (ausgewählte räumliche Einheit)","Hauptwohnsitzbevölkerung (insgesamt)",NA,NA,NA
"Bevölkerungsanteil","insgesamt",2005,"09 Neuhausen - Nymphenburg",6.4,82156,1288307,NA,NA,NA,"Hauptwohnsitzbevölkerung (ausgewählte räumliche Einheit)","Hauptwohnsitzbevölkerung (insgesamt)",NA,NA,NA
"Bevölkerungsanteil","insgesamt",2005,"10 Moosach",3.7,47198,1288307,NA,NA,NA,"Hauptwohnsitzbevölkerung (ausgewählte räumliche Einheit)","Hauptwohnsitzbevölkerung (insgesamt)",NA,NA,NA
"Bevölkerungsanteil","insgesamt",2005,"11 Milbertshofen - Am Hart",5,64612,1288307,NA,NA,NA,"Hauptwohnsitzbevölkerung (ausgewählte räumliche Einheit)","Hauptwohnsitzbevölkerung (insgesamt)",NA,NA,NA
"Bevölkerungsanteil","insgesamt",2005,"12 Schwabing - Freimann",4.6,59767,1288307,NA,NA,NA,"Hauptwohnsitzbevölkerung (ausgewählte räumliche Einheit)","Hauptwohnsitzbevölkerung (insgesamt)",NA,NA,NA
"Bevölkerungsanteil","insgesamt",2005,"13 Bogenhausen",5.7,73860,1288307,NA,NA,NA,"Hauptwohnsitzbevölkerung (ausgewählte räumliche Einheit)","Hauptwohnsitzbevölkerung (insgesamt)",NA,NA,NA
"Bevölkerungsanteil","insgesamt",2005,"14 Berg am Laim",3,38341,1288307,NA,NA,NA,"Hauptwohnsitzbevölkerung (ausgewählte räumliche Einheit)","Hauptwohnsitzbevölkerung (insgesamt)",NA,NA,NA
"Bevölkerungsanteil","insgesamt",2005,"15 Trudering - Riem",4,50990,1288307,NA,NA,NA,"Hauptwohnsitzbevölkerung (ausgewählte räumliche Einheit)","Hauptwohnsitzbevölkerung (insgesamt)",NA,NA,NA
"Bevölkerungsanteil","insgesamt",2005,"16 Ramersdorf - Perlach",7.9,101820,1288307,NA,NA,NA,"Hauptwohnsitzbevölkerung (ausgewählte räumliche Einheit)","Hauptwohnsitzbevölkerung (insgesamt)",NA,NA,NA
"Bevölkerungsanteil","insgesamt",2005,"17 Obergiesing - Fasangarten",3.5,45132,1288307,NA,NA,NA,"Hauptwohnsitzbevölkerung (ausgewählte räumliche Einheit)","Hauptwohnsitzbevölkerung (insgesamt)",NA,NA,NA
"Bevölkerungsanteil","insgesamt",2005,"18 Untergiesing - Harlaching",3.6,46857,1288307,NA,NA,NA,"Hauptwohnsitzbevölkerung (ausgewählte räumliche Einheit)","Hauptwohnsitzbevölkerung (insgesamt)",NA,NA,NA
"Bevölkerungsanteil","insgesamt",2005,"19 Thalkirchen - Obersendling - Forstenried - Fürstenried - Solln",6.1,79148,1288307,NA,NA,NA,"Hauptwohnsitzbevölkerung (ausgewählte räumliche Einheit)","Hauptwohnsitzbevölkerung (insgesamt)",NA,NA,NA
"Bevölkerungsanteil","insgesamt",2005,"20 Hadern",3.4,43981,1288307,NA,NA,NA,"Hauptwohnsitzbevölkerung (ausgewählte räumliche Einheit)","Hauptwohnsitzbevölkerung (insgesamt)",NA,NA,NA
"Bevölkerungsanteil","insgesamt",2005,"21 Pasing - Obermenzing",4.9,62724,1288307,NA,NA,NA,"Hauptwohnsitzbevölkerung (ausgewählte räumliche Einheit)","Hauptwohnsitzbevölkerung (insgesamt)",NA,NA,NA
"Bevölkerungsanteil","insgesamt",2005,"22 Aubing - Lochhausen - Langwied",2.9,37560,1288307,NA,NA,NA,"Hauptwohnsitzbevölkerung (ausgewählte räumliche Einheit)","Hauptwohnsitzbevölkerung (insgesamt)",NA,NA,NA
"Bevölkerungsanteil","insgesamt",2005,"23 Allach - Untermenzing",2.1,27586,1288307,NA,NA,NA,"Hauptwohnsitzbevölkerung (ausgewählte räumliche Einheit)","Hauptwohnsitzbevölkerung (insgesamt)",NA,NA,NA
"Bevölkerungsanteil","insgesamt",2005,"24 Feldmoching - Hasenbergl",4.1,53389,1288307,NA,NA,NA,"Hauptwohnsitzbevölkerung (ausgewählte räumliche Einheit)","Hauptwohnsitzbevölkerung (insgesamt)",NA,NA,NA
"Bevölkerungsanteil","insgesamt",2005,"25 Laim",3.8,48927,1288307,NA,NA,NA,"Hauptwohnsitzbevölkerung (ausgewählte räumliche Einheit)","Hauptwohnsitzbevölkerung (insgesamt)",NA,NA,NA
"Bevölkerungsanteil","insgesamt",2004,"Stadt München",100,1273186,1273186,NA,NA,NA,"Hauptwohnsitzbevölkerung (ausgewählte räumliche Einheit)","Hauptwohnsitzbevölkerung (insgesamt)",NA,NA,NA
"Bevölkerungsanteil","insgesamt",2004,"01 Altstadt - Lehel",1.4,18210,1273186,NA,NA,NA,"Hauptwohnsitzbevölkerung (ausgewählte räumliche Einheit)","Hauptwohnsitzbevölkerung (insgesamt)",NA,NA,NA
"Bevölkerungsanteil","insgesamt",2004,"02 Ludwigsvorstadt - Isarvorstadt",3.4,43469,1273186,NA,NA,NA,"Hauptwohnsitzbevölkerung (ausgewählte räumliche Einheit)","Hauptwohnsitzbevölkerung (insgesamt)",NA,NA,NA
"Bevölkerungsanteil","insgesamt",2004,"03 Maxvorstadt",3.3,41581,1273186,NA,NA,NA,"Hauptwohnsitzbevölkerung (ausgewählte räumliche Einheit)","Hauptwohnsitzbevölkerung (insgesamt)",NA,NA,NA
"Bevölkerungsanteil","insgesamt",2004,"04 Schwabing - West",4.3,55231,1273186,NA,NA,NA,"Hauptwohnsitzbevölkerung (ausgewählte räumliche Einheit)","Hauptwohnsitzbevölkerung (insgesamt)",NA,NA,NA
"Bevölkerungsanteil","insgesamt",2004,"05 Au - Haidhausen",4,51383,1273186,NA,NA,NA,"Hauptwohnsitzbevölkerung (ausgewählte räumliche Einheit)","Hauptwohnsitzbevölkerung (insgesamt)",NA,NA,NA
"Bevölkerungsanteil","insgesamt",2004,"06 Sendling",2.8,35691,1273186,NA,NA,NA,"Hauptwohnsitzbevölkerung (ausgewählte räumliche Einheit)","Hauptwohnsitzbevölkerung (insgesamt)",NA,NA,NA
"Bevölkerungsanteil","insgesamt",2004,"07 Sendling - Westpark",3.8,48669,1273186,NA,NA,NA,"Hauptwohnsitzbevölkerung (ausgewählte räumliche Einheit)","Hauptwohnsitzbevölkerung (insgesamt)",NA,NA,NA
"Bevölkerungsanteil","insgesamt",2004,"08 Schwanthalerhöhe",2,25369,1273186,NA,NA,NA,"Hauptwohnsitzbevölkerung (ausgewählte räumliche Einheit)","Hauptwohnsitzbevölkerung (insgesamt)",NA,NA,NA
"Bevölkerungsanteil","insgesamt",2004,"09 Neuhausen - Nymphenburg",6.4,81921,1273186,NA,NA,NA,"Hauptwohnsitzbevölkerung (ausgewählte räumliche Einheit)","Hauptwohnsitzbevölkerung (insgesamt)",NA,NA,NA
"Bevölkerungsanteil","insgesamt",2004,"10 Moosach",3.7,46856,1273186,NA,NA,NA,"Hauptwohnsitzbevölkerung (ausgewählte räumliche Einheit)","Hauptwohnsitzbevölkerung (insgesamt)",NA,NA,NA
"Bevölkerungsanteil","insgesamt",2004,"11 Milbertshofen - Am Hart",5,63076,1273186,NA,NA,NA,"Hauptwohnsitzbevölkerung (ausgewählte räumliche Einheit)","Hauptwohnsitzbevölkerung (insgesamt)",NA,NA,NA
"Bevölkerungsanteil","insgesamt",2004,"12 Schwabing - Freimann",4.7,59602,1273186,NA,NA,NA,"Hauptwohnsitzbevölkerung (ausgewählte räumliche Einheit)","Hauptwohnsitzbevölkerung (insgesamt)",NA,NA,NA
"Bevölkerungsanteil","insgesamt",2004,"13 Bogenhausen",5.7,72982,1273186,NA,NA,NA,"Hauptwohnsitzbevölkerung (ausgewählte räumliche Einheit)","Hauptwohnsitzbevölkerung (insgesamt)",NA,NA,NA
"Bevölkerungsanteil","insgesamt",2004,"14 Berg am Laim",3,38139,1273186,NA,NA,NA,"Hauptwohnsitzbevölkerung (ausgewählte räumliche Einheit)","Hauptwohnsitzbevölkerung (insgesamt)",NA,NA,NA
"Bevölkerungsanteil","insgesamt",2004,"15 Trudering - Riem",3.8,48914,1273186,NA,NA,NA,"Hauptwohnsitzbevölkerung (ausgewählte räumliche Einheit)","Hauptwohnsitzbevölkerung (insgesamt)",NA,NA,NA
"Bevölkerungsanteil","insgesamt",2004,"16 Ramersdorf - Perlach",7.9,100851,1273186,NA,NA,NA,"Hauptwohnsitzbevölkerung (ausgewählte räumliche Einheit)","Hauptwohnsitzbevölkerung (insgesamt)",NA,NA,NA
"Bevölkerungsanteil","insgesamt",2004,"17 Obergiesing - Fasangarten",3.5,44473,1273186,NA,NA,NA,"Hauptwohnsitzbevölkerung (ausgewählte räumliche Einheit)","Hauptwohnsitzbevölkerung (insgesamt)",NA,NA,NA
"Bevölkerungsanteil","insgesamt",2004,"18 Untergiesing - Harlaching",3.6,46462,1273186,NA,NA,NA,"Hauptwohnsitzbevölkerung (ausgewählte räumliche Einheit)","Hauptwohnsitzbevölkerung (insgesamt)",NA,NA,NA
"Bevölkerungsanteil","insgesamt",2004,"19 Thalkirchen - Obersendling - Forstenried - Fürstenried - Solln",6.1,78057,1273186,NA,NA,NA,"Hauptwohnsitzbevölkerung (ausgewählte räumliche Einheit)","Hauptwohnsitzbevölkerung (insgesamt)",NA,NA,NA
"Bevölkerungsanteil","insgesamt",2004,"20 Hadern",3.4,43396,1273186,NA,NA,NA,"Hauptwohnsitzbevölkerung (ausgewählte räumliche Einheit)","Hauptwohnsitzbevölkerung (insgesamt)",NA,NA,NA
"Bevölkerungsanteil","insgesamt",2004,"21 Pasing - Obermenzing",4.9,62081,1273186,NA,NA,NA,"Hauptwohnsitzbevölkerung (ausgewählte räumliche Einheit)","Hauptwohnsitzbevölkerung (insgesamt)",NA,NA,NA
"Bevölkerungsanteil","insgesamt",2004,"22 Aubing - Lochhausen - Langwied",3,37595,1273186,NA,NA,NA,"Hauptwohnsitzbevölkerung (ausgewählte räumliche Einheit)","Hauptwohnsitzbevölkerung (insgesamt)",NA,NA,NA
"Bevölkerungsanteil","insgesamt",2004,"23 Allach - Untermenzing",2.2,27374,1273186,NA,NA,NA,"Hauptwohnsitzbevölkerung (ausgewählte räumliche Einheit)","Hauptwohnsitzbevölkerung (insgesamt)",NA,NA,NA
"Bevölkerungsanteil","insgesamt",2004,"24 Feldmoching - Hasenbergl",4.2,52958,1273186,NA,NA,NA,"Hauptwohnsitzbevölkerung (ausgewählte räumliche Einheit)","Hauptwohnsitzbevölkerung (insgesamt)",NA,NA,NA
"Bevölkerungsanteil","insgesamt",2004,"25 Laim",3.8,48841,1273186,NA,NA,NA,"Hauptwohnsitzbevölkerung (ausgewählte räumliche Einheit)","Hauptwohnsitzbevölkerung (insgesamt)",NA,NA,NA
"Bevölkerungsanteil","insgesamt",2003,"Stadt München",100,1267813,1267813,NA,NA,NA,"Hauptwohnsitzbevölkerung (ausgewählte räumliche Einheit)","Hauptwohnsitzbevölkerung (insgesamt)",NA,NA,NA
"Bevölkerungsanteil","insgesamt",2003,"01 Altstadt - Lehel",1.4,18159,1267813,NA,NA,NA,"Hauptwohnsitzbevölkerung (ausgewählte räumliche Einheit)","Hauptwohnsitzbevölkerung (insgesamt)",NA,NA,NA
"Bevölkerungsanteil","insgesamt",2003,"02 Ludwigsvorstadt - Isarvorstadt",3.4,43637,1267813,NA,NA,NA,"Hauptwohnsitzbevölkerung (ausgewählte räumliche Einheit)","Hauptwohnsitzbevölkerung (insgesamt)",NA,NA,NA
"Bevölkerungsanteil","insgesamt",2003,"03 Maxvorstadt",3.3,41502,1267813,NA,NA,NA,"Hauptwohnsitzbevölkerung (ausgewählte räumliche Einheit)","Hauptwohnsitzbevölkerung (insgesamt)",NA,NA,NA
"Bevölkerungsanteil","insgesamt",2003,"04 Schwabing - West",4.3,54351,1267813,NA,NA,NA,"Hauptwohnsitzbevölkerung (ausgewählte räumliche Einheit)","Hauptwohnsitzbevölkerung (insgesamt)",NA,NA,NA
"Bevölkerungsanteil","insgesamt",2003,"05 Au - Haidhausen",4.1,51636,1267813,NA,NA,NA,"Hauptwohnsitzbevölkerung (ausgewählte räumliche Einheit)","Hauptwohnsitzbevölkerung (insgesamt)",NA,NA,NA
"Bevölkerungsanteil","insgesamt",2003,"06 Sendling",2.8,35113,1267813,NA,NA,NA,"Hauptwohnsitzbevölkerung (ausgewählte räumliche Einheit)","Hauptwohnsitzbevölkerung (insgesamt)",NA,NA,NA
"Bevölkerungsanteil","insgesamt",2003,"07 Sendling - Westpark",3.8,48564,1267813,NA,NA,NA,"Hauptwohnsitzbevölkerung (ausgewählte räumliche Einheit)","Hauptwohnsitzbevölkerung (insgesamt)",NA,NA,NA
"Bevölkerungsanteil","insgesamt",2003,"08 Schwanthalerhöhe",2,25328,1267813,NA,NA,NA,"Hauptwohnsitzbevölkerung (ausgewählte räumliche Einheit)","Hauptwohnsitzbevölkerung (insgesamt)",NA,NA,NA
"Bevölkerungsanteil","insgesamt",2003,"09 Neuhausen - Nymphenburg",6.4,81661,1267813,NA,NA,NA,"Hauptwohnsitzbevölkerung (ausgewählte räumliche Einheit)","Hauptwohnsitzbevölkerung (insgesamt)",NA,NA,NA
"Bevölkerungsanteil","insgesamt",2003,"10 Moosach",3.7,46546,1267813,NA,NA,NA,"Hauptwohnsitzbevölkerung (ausgewählte räumliche Einheit)","Hauptwohnsitzbevölkerung (insgesamt)",NA,NA,NA
"Bevölkerungsanteil","insgesamt",2003,"11 Milbertshofen - Am Hart",4.9,61886,1267813,NA,NA,NA,"Hauptwohnsitzbevölkerung (ausgewählte räumliche Einheit)","Hauptwohnsitzbevölkerung (insgesamt)",NA,NA,NA
"Bevölkerungsanteil","insgesamt",2003,"12 Schwabing - Freimann",4.7,60215,1267813,NA,NA,NA,"Hauptwohnsitzbevölkerung (ausgewählte räumliche Einheit)","Hauptwohnsitzbevölkerung (insgesamt)",NA,NA,NA
"Bevölkerungsanteil","insgesamt",2003,"13 Bogenhausen",5.8,73070,1267813,NA,NA,NA,"Hauptwohnsitzbevölkerung (ausgewählte räumliche Einheit)","Hauptwohnsitzbevölkerung (insgesamt)",NA,NA,NA
"Bevölkerungsanteil","insgesamt",2003,"14 Berg am Laim",3,37628,1267813,NA,NA,NA,"Hauptwohnsitzbevölkerung (ausgewählte räumliche Einheit)","Hauptwohnsitzbevölkerung (insgesamt)",NA,NA,NA
"Bevölkerungsanteil","insgesamt",2003,"15 Trudering - Riem",3.8,47919,1267813,NA,NA,NA,"Hauptwohnsitzbevölkerung (ausgewählte räumliche Einheit)","Hauptwohnsitzbevölkerung (insgesamt)",NA,NA,NA
"Bevölkerungsanteil","insgesamt",2003,"16 Ramersdorf - Perlach",7.9,100735,1267813,NA,NA,NA,"Hauptwohnsitzbevölkerung (ausgewählte räumliche Einheit)","Hauptwohnsitzbevölkerung (insgesamt)",NA,NA,NA
"Bevölkerungsanteil","insgesamt",2003,"17 Obergiesing - Fasangarten",3.5,44761,1267813,NA,NA,NA,"Hauptwohnsitzbevölkerung (ausgewählte räumliche Einheit)","Hauptwohnsitzbevölkerung (insgesamt)",NA,NA,NA
"Bevölkerungsanteil","insgesamt",2003,"18 Untergiesing - Harlaching",3.7,46707,1267813,NA,NA,NA,"Hauptwohnsitzbevölkerung (ausgewählte räumliche Einheit)","Hauptwohnsitzbevölkerung (insgesamt)",NA,NA,NA
"Bevölkerungsanteil","insgesamt",2003,"19 Thalkirchen - Obersendling - Forstenried - Fürstenried - Solln",6.1,77850,1267813,NA,NA,NA,"Hauptwohnsitzbevölkerung (ausgewählte räumliche Einheit)","Hauptwohnsitzbevölkerung (insgesamt)",NA,NA,NA
"Bevölkerungsanteil","insgesamt",2003,"20 Hadern",3.4,42823,1267813,NA,NA,NA,"Hauptwohnsitzbevölkerung (ausgewählte räumliche Einheit)","Hauptwohnsitzbevölkerung (insgesamt)",NA,NA,NA
"Bevölkerungsanteil","insgesamt",2003,"21 Pasing - Obermenzing",4.9,61509,1267813,NA,NA,NA,"Hauptwohnsitzbevölkerung (ausgewählte räumliche Einheit)","Hauptwohnsitzbevölkerung (insgesamt)",NA,NA,NA
"Bevölkerungsanteil","insgesamt",2003,"22 Aubing - Lochhausen - Langwied",3,37566,1267813,NA,NA,NA,"Hauptwohnsitzbevölkerung (ausgewählte räumliche Einheit)","Hauptwohnsitzbevölkerung (insgesamt)",NA,NA,NA
"Bevölkerungsanteil","insgesamt",2003,"23 Allach - Untermenzing",2.1,26977,1267813,NA,NA,NA,"Hauptwohnsitzbevölkerung (ausgewählte räumliche Einheit)","Hauptwohnsitzbevölkerung (insgesamt)",NA,NA,NA
"Bevölkerungsanteil","insgesamt",2003,"24 Feldmoching - Hasenbergl",4.2,52961,1267813,NA,NA,NA,"Hauptwohnsitzbevölkerung (ausgewählte räumliche Einheit)","Hauptwohnsitzbevölkerung (insgesamt)",NA,NA,NA
"Bevölkerungsanteil","insgesamt",2003,"25 Laim",3.8,48708,1267813,NA,NA,NA,"Hauptwohnsitzbevölkerung (ausgewählte räumliche Einheit)","Hauptwohnsitzbevölkerung (insgesamt)",NA,NA,NA
"Bevölkerungsanteil","insgesamt",2002,"Stadt München",100,1264309,1264309,NA,NA,NA,"Hauptwohnsitzbevölkerung (ausgewählte räumliche Einheit)","Hauptwohnsitzbevölkerung (insgesamt)",NA,NA,NA
"Bevölkerungsanteil","insgesamt",2002,"01 Altstadt - Lehel",1.4,18193,1264309,NA,NA,NA,"Hauptwohnsitzbevölkerung (ausgewählte räumliche Einheit)","Hauptwohnsitzbevölkerung (insgesamt)",NA,NA,NA
"Bevölkerungsanteil","insgesamt",2002,"02 Ludwigsvorstadt - Isarvorstadt",3.5,44059,1264309,NA,NA,NA,"Hauptwohnsitzbevölkerung (ausgewählte räumliche Einheit)","Hauptwohnsitzbevölkerung (insgesamt)",NA,NA,NA
"Bevölkerungsanteil","insgesamt",2002,"03 Maxvorstadt",3.3,41606,1264309,NA,NA,NA,"Hauptwohnsitzbevölkerung (ausgewählte räumliche Einheit)","Hauptwohnsitzbevölkerung (insgesamt)",NA,NA,NA
"Bevölkerungsanteil","insgesamt",2002,"04 Schwabing - West",4.3,54272,1264309,NA,NA,NA,"Hauptwohnsitzbevölkerung (ausgewählte räumliche Einheit)","Hauptwohnsitzbevölkerung (insgesamt)",NA,NA,NA
"Bevölkerungsanteil","insgesamt",2002,"05 Au - Haidhausen",4.1,52000,1264309,NA,NA,NA,"Hauptwohnsitzbevölkerung (ausgewählte räumliche Einheit)","Hauptwohnsitzbevölkerung (insgesamt)",NA,NA,NA
"Bevölkerungsanteil","insgesamt",2002,"06 Sendling",2.8,35102,1264309,NA,NA,NA,"Hauptwohnsitzbevölkerung (ausgewählte räumliche Einheit)","Hauptwohnsitzbevölkerung (insgesamt)",NA,NA,NA
"Bevölkerungsanteil","insgesamt",2002,"07 Sendling - Westpark",3.8,48448,1264309,NA,NA,NA,"Hauptwohnsitzbevölkerung (ausgewählte räumliche Einheit)","Hauptwohnsitzbevölkerung (insgesamt)",NA,NA,NA
"Bevölkerungsanteil","insgesamt",2002,"08 Schwanthalerhöhe",2,25080,1264309,NA,NA,NA,"Hauptwohnsitzbevölkerung (ausgewählte räumliche Einheit)","Hauptwohnsitzbevölkerung (insgesamt)",NA,NA,NA
"Bevölkerungsanteil","insgesamt",2002,"09 Neuhausen - Nymphenburg",6.5,81947,1264309,NA,NA,NA,"Hauptwohnsitzbevölkerung (ausgewählte räumliche Einheit)","Hauptwohnsitzbevölkerung (insgesamt)",NA,NA,NA
"Bevölkerungsanteil","insgesamt",2002,"10 Moosach",3.7,46333,1264309,NA,NA,NA,"Hauptwohnsitzbevölkerung (ausgewählte räumliche Einheit)","Hauptwohnsitzbevölkerung (insgesamt)",NA,NA,NA
"Bevölkerungsanteil","insgesamt",2002,"11 Milbertshofen - Am Hart",4.9,61655,1264309,NA,NA,NA,"Hauptwohnsitzbevölkerung (ausgewählte räumliche Einheit)","Hauptwohnsitzbevölkerung (insgesamt)",NA,NA,NA
"Bevölkerungsanteil","insgesamt",2002,"12 Schwabing - Freimann",4.8,60060,1264309,NA,NA,NA,"Hauptwohnsitzbevölkerung (ausgewählte räumliche Einheit)","Hauptwohnsitzbevölkerung (insgesamt)",NA,NA,NA
"Bevölkerungsanteil","insgesamt",2002,"13 Bogenhausen",5.7,72429,1264309,NA,NA,NA,"Hauptwohnsitzbevölkerung (ausgewählte räumliche Einheit)","Hauptwohnsitzbevölkerung (insgesamt)",NA,NA,NA
"Bevölkerungsanteil","insgesamt",2002,"14 Berg am Laim",3,37793,1264309,NA,NA,NA,"Hauptwohnsitzbevölkerung (ausgewählte räumliche Einheit)","Hauptwohnsitzbevölkerung (insgesamt)",NA,NA,NA
"Bevölkerungsanteil","insgesamt",2002,"15 Trudering - Riem",3.7,47186,1264309,NA,NA,NA,"Hauptwohnsitzbevölkerung (ausgewählte räumliche Einheit)","Hauptwohnsitzbevölkerung (insgesamt)",NA,NA,NA
"Bevölkerungsanteil","insgesamt",2002,"16 Ramersdorf - Perlach",7.9,100145,1264309,NA,NA,NA,"Hauptwohnsitzbevölkerung (ausgewählte räumliche Einheit)","Hauptwohnsitzbevölkerung (insgesamt)",NA,NA,NA
"Bevölkerungsanteil","insgesamt",2002,"17 Obergiesing - Fasangarten",3.5,44616,1264309,NA,NA,NA,"Hauptwohnsitzbevölkerung (ausgewählte räumliche Einheit)","Hauptwohnsitzbevölkerung (insgesamt)",NA,NA,NA
"Bevölkerungsanteil","insgesamt",2002,"18 Untergiesing - Harlaching",3.7,46495,1264309,NA,NA,NA,"Hauptwohnsitzbevölkerung (ausgewählte räumliche Einheit)","Hauptwohnsitzbevölkerung (insgesamt)",NA,NA,NA
"Bevölkerungsanteil","insgesamt",2002,"19 Thalkirchen - Obersendling - Forstenried - Fürstenried - Solln",6.1,77659,1264309,NA,NA,NA,"Hauptwohnsitzbevölkerung (ausgewählte räumliche Einheit)","Hauptwohnsitzbevölkerung (insgesamt)",NA,NA,NA
"Bevölkerungsanteil","insgesamt",2002,"20 Hadern",3.4,42563,1264309,NA,NA,NA,"Hauptwohnsitzbevölkerung (ausgewählte räumliche Einheit)","Hauptwohnsitzbevölkerung (insgesamt)",NA,NA,NA
"Bevölkerungsanteil","insgesamt",2002,"21 Pasing - Obermenzing",4.8,60616,1264309,NA,NA,NA,"Hauptwohnsitzbevölkerung (ausgewählte räumliche Einheit)","Hauptwohnsitzbevölkerung (insgesamt)",NA,NA,NA
"Bevölkerungsanteil","insgesamt",2002,"22 Aubing - Lochhausen - Langwied",3,37532,1264309,NA,NA,NA,"Hauptwohnsitzbevölkerung (ausgewählte räumliche Einheit)","Hauptwohnsitzbevölkerung (insgesamt)",NA,NA,NA
"Bevölkerungsanteil","insgesamt",2002,"23 Allach - Untermenzing",2.1,26903,1264309,NA,NA,NA,"Hauptwohnsitzbevölkerung (ausgewählte räumliche Einheit)","Hauptwohnsitzbevölkerung (insgesamt)",NA,NA,NA
"Bevölkerungsanteil","insgesamt",2002,"24 Feldmoching - Hasenbergl",4.2,53010,1264309,NA,NA,NA,"Hauptwohnsitzbevölkerung (ausgewählte räumliche Einheit)","Hauptwohnsitzbevölkerung (insgesamt)",NA,NA,NA
"Bevölkerungsanteil","insgesamt",2002,"25 Laim",3.8,48606,1264309,NA,NA,NA,"Hauptwohnsitzbevölkerung (ausgewählte räumliche Einheit)","Hauptwohnsitzbevölkerung (insgesamt)",NA,NA,NA
"Bevölkerungsanteil","insgesamt",2001,"Stadt München",100,1260597,1260597,NA,NA,NA,"Hauptwohnsitzbevölkerung (ausgewählte räumliche Einheit)","Hauptwohnsitzbevölkerung (insgesamt)",NA,NA,NA
"Bevölkerungsanteil","insgesamt",2001,"01 Altstadt - Lehel",1.5,18462,1260597,NA,NA,NA,"Hauptwohnsitzbevölkerung (ausgewählte räumliche Einheit)","Hauptwohnsitzbevölkerung (insgesamt)",NA,NA,NA
"Bevölkerungsanteil","insgesamt",2001,"02 Ludwigsvorstadt - Isarvorstadt",3.5,44484,1260597,NA,NA,NA,"Hauptwohnsitzbevölkerung (ausgewählte räumliche Einheit)","Hauptwohnsitzbevölkerung (insgesamt)",NA,NA,NA
"Bevölkerungsanteil","insgesamt",2001,"03 Maxvorstadt",3.3,42159,1260597,NA,NA,NA,"Hauptwohnsitzbevölkerung (ausgewählte räumliche Einheit)","Hauptwohnsitzbevölkerung (insgesamt)",NA,NA,NA
"Bevölkerungsanteil","insgesamt",2001,"04 Schwabing - West",4.3,54580,1260597,NA,NA,NA,"Hauptwohnsitzbevölkerung (ausgewählte räumliche Einheit)","Hauptwohnsitzbevölkerung (insgesamt)",NA,NA,NA
"Bevölkerungsanteil","insgesamt",2001,"05 Au - Haidhausen",4.1,51947,1260597,NA,NA,NA,"Hauptwohnsitzbevölkerung (ausgewählte räumliche Einheit)","Hauptwohnsitzbevölkerung (insgesamt)",NA,NA,NA
"Bevölkerungsanteil","insgesamt",2001,"06 Sendling",2.8,34820,1260597,NA,NA,NA,"Hauptwohnsitzbevölkerung (ausgewählte räumliche Einheit)","Hauptwohnsitzbevölkerung (insgesamt)",NA,NA,NA
"Bevölkerungsanteil","insgesamt",2001,"07 Sendling - Westpark",3.9,48608,1260597,NA,NA,NA,"Hauptwohnsitzbevölkerung (ausgewählte räumliche Einheit)","Hauptwohnsitzbevölkerung (insgesamt)",NA,NA,NA
"Bevölkerungsanteil","insgesamt",2001,"08 Schwanthalerhöhe",2,24905,1260597,NA,NA,NA,"Hauptwohnsitzbevölkerung (ausgewählte räumliche Einheit)","Hauptwohnsitzbevölkerung (insgesamt)",NA,NA,NA
"Bevölkerungsanteil","insgesamt",2001,"09 Neuhausen - Nymphenburg",6.5,82235,1260597,NA,NA,NA,"Hauptwohnsitzbevölkerung (ausgewählte räumliche Einheit)","Hauptwohnsitzbevölkerung (insgesamt)",NA,NA,NA
"Bevölkerungsanteil","insgesamt",2001,"10 Moosach",3.7,46174,1260597,NA,NA,NA,"Hauptwohnsitzbevölkerung (ausgewählte räumliche Einheit)","Hauptwohnsitzbevölkerung (insgesamt)",NA,NA,NA
"Bevölkerungsanteil","insgesamt",2001,"11 Milbertshofen - Am Hart",4.8,61034,1260597,NA,NA,NA,"Hauptwohnsitzbevölkerung (ausgewählte räumliche Einheit)","Hauptwohnsitzbevölkerung (insgesamt)",NA,NA,NA
"Bevölkerungsanteil","insgesamt",2001,"12 Schwabing - Freimann",4.7,59392,1260597,NA,NA,NA,"Hauptwohnsitzbevölkerung (ausgewählte räumliche Einheit)","Hauptwohnsitzbevölkerung (insgesamt)",NA,NA,NA
"Bevölkerungsanteil","insgesamt",2001,"13 Bogenhausen",5.7,71716,1260597,NA,NA,NA,"Hauptwohnsitzbevölkerung (ausgewählte räumliche Einheit)","Hauptwohnsitzbevölkerung (insgesamt)",NA,NA,NA
"Bevölkerungsanteil","insgesamt",2001,"14 Berg am Laim",3,37605,1260597,NA,NA,NA,"Hauptwohnsitzbevölkerung (ausgewählte räumliche Einheit)","Hauptwohnsitzbevölkerung (insgesamt)",NA,NA,NA
"Bevölkerungsanteil","insgesamt",2001,"15 Trudering - Riem",3.6,45403,1260597,NA,NA,NA,"Hauptwohnsitzbevölkerung (ausgewählte räumliche Einheit)","Hauptwohnsitzbevölkerung (insgesamt)",NA,NA,NA
"Bevölkerungsanteil","insgesamt",2001,"16 Ramersdorf - Perlach",8,100407,1260597,NA,NA,NA,"Hauptwohnsitzbevölkerung (ausgewählte räumliche Einheit)","Hauptwohnsitzbevölkerung (insgesamt)",NA,NA,NA
"Bevölkerungsanteil","insgesamt",2001,"17 Obergiesing - Fasangarten",3.5,44143,1260597,NA,NA,NA,"Hauptwohnsitzbevölkerung (ausgewählte räumliche Einheit)","Hauptwohnsitzbevölkerung (insgesamt)",NA,NA,NA
"Bevölkerungsanteil","insgesamt",2001,"18 Untergiesing - Harlaching",3.7,46580,1260597,NA,NA,NA,"Hauptwohnsitzbevölkerung (ausgewählte räumliche Einheit)","Hauptwohnsitzbevölkerung (insgesamt)",NA,NA,NA
"Bevölkerungsanteil","insgesamt",2001,"19 Thalkirchen - Obersendling - Forstenried - Fürstenried - Solln",6.1,77518,1260597,NA,NA,NA,"Hauptwohnsitzbevölkerung (ausgewählte räumliche Einheit)","Hauptwohnsitzbevölkerung (insgesamt)",NA,NA,NA
"Bevölkerungsanteil","insgesamt",2001,"20 Hadern",3.3,41858,1260597,NA,NA,NA,"Hauptwohnsitzbevölkerung (ausgewählte räumliche Einheit)","Hauptwohnsitzbevölkerung (insgesamt)",NA,NA,NA
"Bevölkerungsanteil","insgesamt",2001,"21 Pasing - Obermenzing",4.8,60445,1260597,NA,NA,NA,"Hauptwohnsitzbevölkerung (ausgewählte räumliche Einheit)","Hauptwohnsitzbevölkerung (insgesamt)",NA,NA,NA
"Bevölkerungsanteil","insgesamt",2001,"22 Aubing - Lochhausen - Langwied",3,37693,1260597,NA,NA,NA,"Hauptwohnsitzbevölkerung (ausgewählte räumliche Einheit)","Hauptwohnsitzbevölkerung (insgesamt)",NA,NA,NA
"Bevölkerungsanteil","insgesamt",2001,"23 Allach - Untermenzing",2.1,26794,1260597,NA,NA,NA,"Hauptwohnsitzbevölkerung (ausgewählte räumliche Einheit)","Hauptwohnsitzbevölkerung (insgesamt)",NA,NA,NA
"Bevölkerungsanteil","insgesamt",2001,"24 Feldmoching - Hasenbergl",4.2,52896,1260597,NA,NA,NA,"Hauptwohnsitzbevölkerung (ausgewählte räumliche Einheit)","Hauptwohnsitzbevölkerung (insgesamt)",NA,NA,NA
"Bevölkerungsanteil","insgesamt",2001,"25 Laim",3.9,48739,1260597,NA,NA,NA,"Hauptwohnsitzbevölkerung (ausgewählte räumliche Einheit)","Hauptwohnsitzbevölkerung (insgesamt)",NA,NA,NA
"Bevölkerungsanteil","insgesamt",2000,"Stadt München",100,1247934,1247934,NA,NA,NA,"Hauptwohnsitzbevölkerung (ausgewählte räumliche Einheit)","Hauptwohnsitzbevölkerung (insgesamt)",NA,NA,NA
"Bevölkerungsanteil","insgesamt",2000,"01 Altstadt - Lehel",1.5,18374,1247934,NA,NA,NA,"Hauptwohnsitzbevölkerung (ausgewählte räumliche Einheit)","Hauptwohnsitzbevölkerung (insgesamt)",NA,NA,NA
"Bevölkerungsanteil","insgesamt",2000,"02 Ludwigsvorstadt - Isarvorstadt",3.6,44451,1247934,NA,NA,NA,"Hauptwohnsitzbevölkerung (ausgewählte räumliche Einheit)","Hauptwohnsitzbevölkerung (insgesamt)",NA,NA,NA
"Bevölkerungsanteil","insgesamt",2000,"03 Maxvorstadt",3.3,41726,1247934,NA,NA,NA,"Hauptwohnsitzbevölkerung (ausgewählte räumliche Einheit)","Hauptwohnsitzbevölkerung (insgesamt)",NA,NA,NA
"Bevölkerungsanteil","insgesamt",2000,"04 Schwabing - West",4.3,53789,1247934,NA,NA,NA,"Hauptwohnsitzbevölkerung (ausgewählte räumliche Einheit)","Hauptwohnsitzbevölkerung (insgesamt)",NA,NA,NA
"Bevölkerungsanteil","insgesamt",2000,"05 Au - Haidhausen",4.2,52028,1247934,NA,NA,NA,"Hauptwohnsitzbevölkerung (ausgewählte räumliche Einheit)","Hauptwohnsitzbevölkerung (insgesamt)",NA,NA,NA
"Bevölkerungsanteil","insgesamt",2000,"06 Sendling",2.8,34462,1247934,NA,NA,NA,"Hauptwohnsitzbevölkerung (ausgewählte räumliche Einheit)","Hauptwohnsitzbevölkerung (insgesamt)",NA,NA,NA
"Bevölkerungsanteil","insgesamt",2000,"07 Sendling - Westpark",3.9,48388,1247934,NA,NA,NA,"Hauptwohnsitzbevölkerung (ausgewählte räumliche Einheit)","Hauptwohnsitzbevölkerung (insgesamt)",NA,NA,NA
"Bevölkerungsanteil","insgesamt",2000,"08 Schwanthalerhöhe",2,24883,1247934,NA,NA,NA,"Hauptwohnsitzbevölkerung (ausgewählte räumliche Einheit)","Hauptwohnsitzbevölkerung (insgesamt)",NA,NA,NA
"Bevölkerungsanteil","insgesamt",2000,"09 Neuhausen - Nymphenburg",6.6,81968,1247934,NA,NA,NA,"Hauptwohnsitzbevölkerung (ausgewählte räumliche Einheit)","Hauptwohnsitzbevölkerung (insgesamt)",NA,NA,NA
"Bevölkerungsanteil","insgesamt",2000,"10 Moosach",3.6,45507,1247934,NA,NA,NA,"Hauptwohnsitzbevölkerung (ausgewählte räumliche Einheit)","Hauptwohnsitzbevölkerung (insgesamt)",NA,NA,NA
"Bevölkerungsanteil","insgesamt",2000,"11 Milbertshofen - Am Hart",4.8,60225,1247934,NA,NA,NA,"Hauptwohnsitzbevölkerung (ausgewählte räumliche Einheit)","Hauptwohnsitzbevölkerung (insgesamt)",NA,NA,NA
"Bevölkerungsanteil","insgesamt",2000,"12 Schwabing - Freimann",4.6,57653,1247934,NA,NA,NA,"Hauptwohnsitzbevölkerung (ausgewählte räumliche Einheit)","Hauptwohnsitzbevölkerung (insgesamt)",NA,NA,NA
"Bevölkerungsanteil","insgesamt",2000,"13 Bogenhausen",5.7,70984,1247934,NA,NA,NA,"Hauptwohnsitzbevölkerung (ausgewählte räumliche Einheit)","Hauptwohnsitzbevölkerung (insgesamt)",NA,NA,NA
"Bevölkerungsanteil","insgesamt",2000,"14 Berg am Laim",3,37090,1247934,NA,NA,NA,"Hauptwohnsitzbevölkerung (ausgewählte räumliche Einheit)","Hauptwohnsitzbevölkerung (insgesamt)",NA,NA,NA
"Bevölkerungsanteil","insgesamt",2000,"15 Trudering - Riem",3.4,43003,1247934,NA,NA,NA,"Hauptwohnsitzbevölkerung (ausgewählte räumliche Einheit)","Hauptwohnsitzbevölkerung (insgesamt)",NA,NA,NA
"Bevölkerungsanteil","insgesamt",2000,"16 Ramersdorf - Perlach",8,100015,1247934,NA,NA,NA,"Hauptwohnsitzbevölkerung (ausgewählte räumliche Einheit)","Hauptwohnsitzbevölkerung (insgesamt)",NA,NA,NA
"Bevölkerungsanteil","insgesamt",2000,"17 Obergiesing - Fasangarten",3.5,43974,1247934,NA,NA,NA,"Hauptwohnsitzbevölkerung (ausgewählte räumliche Einheit)","Hauptwohnsitzbevölkerung (insgesamt)",NA,NA,NA
"Bevölkerungsanteil","insgesamt",2000,"18 Untergiesing - Harlaching",3.7,46153,1247934,NA,NA,NA,"Hauptwohnsitzbevölkerung (ausgewählte räumliche Einheit)","Hauptwohnsitzbevölkerung (insgesamt)",NA,NA,NA
"Bevölkerungsanteil","insgesamt",2000,"19 Thalkirchen - Obersendling - Forstenried - Fürstenried - Solln",6.2,76762,1247934,NA,NA,NA,"Hauptwohnsitzbevölkerung (ausgewählte räumliche Einheit)","Hauptwohnsitzbevölkerung (insgesamt)",NA,NA,NA
"Bevölkerungsanteil","insgesamt",2000,"20 Hadern",3.3,41689,1247934,NA,NA,NA,"Hauptwohnsitzbevölkerung (ausgewählte räumliche Einheit)","Hauptwohnsitzbevölkerung (insgesamt)",NA,NA,NA
"Bevölkerungsanteil","insgesamt",2000,"21 Pasing - Obermenzing",4.8,59758,1247934,NA,NA,NA,"Hauptwohnsitzbevölkerung (ausgewählte räumliche Einheit)","Hauptwohnsitzbevölkerung (insgesamt)",NA,NA,NA
"Bevölkerungsanteil","insgesamt",2000,"22 Aubing - Lochhausen - Langwied",3,37423,1247934,NA,NA,NA,"Hauptwohnsitzbevölkerung (ausgewählte räumliche Einheit)","Hauptwohnsitzbevölkerung (insgesamt)",NA,NA,NA
"Bevölkerungsanteil","insgesamt",2000,"23 Allach - Untermenzing",2.1,26682,1247934,NA,NA,NA,"Hauptwohnsitzbevölkerung (ausgewählte räumliche Einheit)","Hauptwohnsitzbevölkerung (insgesamt)",NA,NA,NA
"Bevölkerungsanteil","insgesamt",2000,"24 Feldmoching - Hasenbergl",4.2,52413,1247934,NA,NA,NA,"Hauptwohnsitzbevölkerung (ausgewählte räumliche Einheit)","Hauptwohnsitzbevölkerung (insgesamt)",NA,NA,NA
"Bevölkerungsanteil","insgesamt",2000,"25 Laim",3.9,48534,1247934,NA,NA,NA,"Hauptwohnsitzbevölkerung (ausgewählte räumliche Einheit)","Hauptwohnsitzbevölkerung (insgesamt)",NA,NA,NA
