"Indikator","Ausprägung","Jahr","Raumbezug","Indikatorwert","Basiswert.1","Basiswert.2","Basiswert.3","Basiswert.4","Basiswert.5","Name.Basiswert.1","Name.Basiswert.2","Name.Basiswert.3","Name.Basiswert.4","Name.Basiswert.5"
"Durchschnittsalter","deutsch",2024,"Stadt München",42.2,46971289,1112955,NA,NA,NA,"Summe (Alter in Jahren * Hautwohnsitzbevölkerung im jeweiligen Altersjahr) (deutsch)","Hauptwohnsitzbevölkerung (deutsch)",NA,NA,NA
"Durchschnittsalter","deutsch",2024,"01 Altstadt - Lehel",42.1,657072,15600,NA,NA,NA,"Summe (Alter in Jahren * Hautwohnsitzbevölkerung im jeweiligen Altersjahr) (deutsch)","Hauptwohnsitzbevölkerung (deutsch)",NA,NA,NA
"Durchschnittsalter","deutsch",2024,"02 Ludwigsvorstadt - Isarvorstadt",39.6,1456528,36806,NA,NA,NA,"Summe (Alter in Jahren * Hautwohnsitzbevölkerung im jeweiligen Altersjahr) (deutsch)","Hauptwohnsitzbevölkerung (deutsch)",NA,NA,NA
"Durchschnittsalter","deutsch",2024,"03 Maxvorstadt",38.7,1485402,38404,NA,NA,NA,"Summe (Alter in Jahren * Hautwohnsitzbevölkerung im jeweiligen Altersjahr) (deutsch)","Hauptwohnsitzbevölkerung (deutsch)",NA,NA,NA
"Durchschnittsalter","deutsch",2024,"04 Schwabing - West",41.8,2176662,52016,NA,NA,NA,"Summe (Alter in Jahren * Hautwohnsitzbevölkerung im jeweiligen Altersjahr) (deutsch)","Hauptwohnsitzbevölkerung (deutsch)",NA,NA,NA
"Durchschnittsalter","deutsch",2024,"05 Au - Haidhausen",40.4,1966018,48704,NA,NA,NA,"Summe (Alter in Jahren * Hautwohnsitzbevölkerung im jeweiligen Altersjahr) (deutsch)","Hauptwohnsitzbevölkerung (deutsch)",NA,NA,NA
"Durchschnittsalter","deutsch",2024,"06 Sendling",41.2,1215852,29535,NA,NA,NA,"Summe (Alter in Jahren * Hautwohnsitzbevölkerung im jeweiligen Altersjahr) (deutsch)","Hauptwohnsitzbevölkerung (deutsch)",NA,NA,NA
"Durchschnittsalter","deutsch",2024,"07 Sendling - Westpark",42.2,1799862,42645,NA,NA,NA,"Summe (Alter in Jahren * Hautwohnsitzbevölkerung im jeweiligen Altersjahr) (deutsch)","Hauptwohnsitzbevölkerung (deutsch)",NA,NA,NA
"Durchschnittsalter","deutsch",2024,"08 Schwanthalerhöhe",38.8,757099,19515,NA,NA,NA,"Summe (Alter in Jahren * Hautwohnsitzbevölkerung im jeweiligen Altersjahr) (deutsch)","Hauptwohnsitzbevölkerung (deutsch)",NA,NA,NA
"Durchschnittsalter","deutsch",2024,"09 Neuhausen - Nymphenburg",41.9,3133534,74863,NA,NA,NA,"Summe (Alter in Jahren * Hautwohnsitzbevölkerung im jeweiligen Altersjahr) (deutsch)","Hauptwohnsitzbevölkerung (deutsch)",NA,NA,NA
"Durchschnittsalter","deutsch",2024,"10 Moosach",42.7,1560383,36535,NA,NA,NA,"Summe (Alter in Jahren * Hautwohnsitzbevölkerung im jeweiligen Altersjahr) (deutsch)","Hauptwohnsitzbevölkerung (deutsch)",NA,NA,NA
"Durchschnittsalter","deutsch",2024,"11 Milbertshofen - Am Hart",40.3,1756326,43603,NA,NA,NA,"Summe (Alter in Jahren * Hautwohnsitzbevölkerung im jeweiligen Altersjahr) (deutsch)","Hauptwohnsitzbevölkerung (deutsch)",NA,NA,NA
"Durchschnittsalter","deutsch",2024,"12 Schwabing - Freimann",41.8,2228196,53365,NA,NA,NA,"Summe (Alter in Jahren * Hautwohnsitzbevölkerung im jeweiligen Altersjahr) (deutsch)","Hauptwohnsitzbevölkerung (deutsch)",NA,NA,NA
"Durchschnittsalter","deutsch",2024,"13 Bogenhausen",44,2979287,67671,NA,NA,NA,"Summe (Alter in Jahren * Hautwohnsitzbevölkerung im jeweiligen Altersjahr) (deutsch)","Hauptwohnsitzbevölkerung (deutsch)",NA,NA,NA
"Durchschnittsalter","deutsch",2024,"14 Berg am Laim",42,1290411,30742,NA,NA,NA,"Summe (Alter in Jahren * Hautwohnsitzbevölkerung im jeweiligen Altersjahr) (deutsch)","Hauptwohnsitzbevölkerung (deutsch)",NA,NA,NA
"Durchschnittsalter","deutsch",2024,"15 Trudering - Riem",41.9,2380530,56763,NA,NA,NA,"Summe (Alter in Jahren * Hautwohnsitzbevölkerung im jeweiligen Altersjahr) (deutsch)","Hauptwohnsitzbevölkerung (deutsch)",NA,NA,NA
"Durchschnittsalter","deutsch",2024,"16 Ramersdorf - Perlach",43,3297133,76687,NA,NA,NA,"Summe (Alter in Jahren * Hautwohnsitzbevölkerung im jeweiligen Altersjahr) (deutsch)","Hauptwohnsitzbevölkerung (deutsch)",NA,NA,NA
"Durchschnittsalter","deutsch",2024,"17 Obergiesing - Fasangarten",41.5,1515541,36508,NA,NA,NA,"Summe (Alter in Jahren * Hautwohnsitzbevölkerung im jeweiligen Altersjahr) (deutsch)","Hauptwohnsitzbevölkerung (deutsch)",NA,NA,NA
"Durchschnittsalter","deutsch",2024,"18 Untergiesing - Harlaching",44.1,1770971,40165,NA,NA,NA,"Summe (Alter in Jahren * Hautwohnsitzbevölkerung im jeweiligen Altersjahr) (deutsch)","Hauptwohnsitzbevölkerung (deutsch)",NA,NA,NA
"Durchschnittsalter","deutsch",2024,"19 Thalkirchen - Obersendling - Forstenried - Fürstenried - Solln",44.6,3165014,70996,NA,NA,NA,"Summe (Alter in Jahren * Hautwohnsitzbevölkerung im jeweiligen Altersjahr) (deutsch)","Hauptwohnsitzbevölkerung (deutsch)",NA,NA,NA
"Durchschnittsalter","deutsch",2024,"20 Hadern",45.1,1586924,35210,NA,NA,NA,"Summe (Alter in Jahren * Hautwohnsitzbevölkerung im jeweiligen Altersjahr) (deutsch)","Hauptwohnsitzbevölkerung (deutsch)",NA,NA,NA
"Durchschnittsalter","deutsch",2024,"21 Pasing - Obermenzing",43.3,2597391,59958,NA,NA,NA,"Summe (Alter in Jahren * Hautwohnsitzbevölkerung im jeweiligen Altersjahr) (deutsch)","Hauptwohnsitzbevölkerung (deutsch)",NA,NA,NA
"Durchschnittsalter","deutsch",2024,"22 Aubing - Lochhausen - Langwied",40.5,1615599,39910,NA,NA,NA,"Summe (Alter in Jahren * Hautwohnsitzbevölkerung im jeweiligen Altersjahr) (deutsch)","Hauptwohnsitzbevölkerung (deutsch)",NA,NA,NA
"Durchschnittsalter","deutsch",2024,"23 Allach - Untermenzing",42.7,1129205,26474,NA,NA,NA,"Summe (Alter in Jahren * Hautwohnsitzbevölkerung im jeweiligen Altersjahr) (deutsch)","Hauptwohnsitzbevölkerung (deutsch)",NA,NA,NA
"Durchschnittsalter","deutsch",2024,"24 Feldmoching - Hasenbergl",42.3,1748023,41286,NA,NA,NA,"Summe (Alter in Jahren * Hautwohnsitzbevölkerung im jeweiligen Altersjahr) (deutsch)","Hauptwohnsitzbevölkerung (deutsch)",NA,NA,NA
"Durchschnittsalter","deutsch",2024,"25 Laim",43.7,1702326,38994,NA,NA,NA,"Summe (Alter in Jahren * Hautwohnsitzbevölkerung im jeweiligen Altersjahr) (deutsch)","Hauptwohnsitzbevölkerung (deutsch)",NA,NA,NA
"Durchschnittsalter","deutsch",2023,"Stadt München",42.2,46892449,1111171,NA,NA,NA,"Summe (Alter in Jahren * Hautwohnsitzbevölkerung im jeweiligen Altersjahr) (deutsch)","Hauptwohnsitzbevölkerung (deutsch)",NA,NA,NA
"Durchschnittsalter","deutsch",2023,"01 Altstadt - Lehel",42,655112,15586,NA,NA,NA,"Summe (Alter in Jahren * Hautwohnsitzbevölkerung im jeweiligen Altersjahr) (deutsch)","Hauptwohnsitzbevölkerung (deutsch)",NA,NA,NA
"Durchschnittsalter","deutsch",2023,"02 Ludwigsvorstadt - Isarvorstadt",39.4,1445340,36679,NA,NA,NA,"Summe (Alter in Jahren * Hautwohnsitzbevölkerung im jeweiligen Altersjahr) (deutsch)","Hauptwohnsitzbevölkerung (deutsch)",NA,NA,NA
"Durchschnittsalter","deutsch",2023,"03 Maxvorstadt",38.8,1481407,38163,NA,NA,NA,"Summe (Alter in Jahren * Hautwohnsitzbevölkerung im jeweiligen Altersjahr) (deutsch)","Hauptwohnsitzbevölkerung (deutsch)",NA,NA,NA
"Durchschnittsalter","deutsch",2023,"04 Schwabing - West",41.9,2174802,51910,NA,NA,NA,"Summe (Alter in Jahren * Hautwohnsitzbevölkerung im jeweiligen Altersjahr) (deutsch)","Hauptwohnsitzbevölkerung (deutsch)",NA,NA,NA
"Durchschnittsalter","deutsch",2023,"05 Au - Haidhausen",40.3,1947576,48309,NA,NA,NA,"Summe (Alter in Jahren * Hautwohnsitzbevölkerung im jeweiligen Altersjahr) (deutsch)","Hauptwohnsitzbevölkerung (deutsch)",NA,NA,NA
"Durchschnittsalter","deutsch",2023,"06 Sendling",41.1,1209600,29410,NA,NA,NA,"Summe (Alter in Jahren * Hautwohnsitzbevölkerung im jeweiligen Altersjahr) (deutsch)","Hauptwohnsitzbevölkerung (deutsch)",NA,NA,NA
"Durchschnittsalter","deutsch",2023,"07 Sendling - Westpark",42.2,1803347,42715,NA,NA,NA,"Summe (Alter in Jahren * Hautwohnsitzbevölkerung im jeweiligen Altersjahr) (deutsch)","Hauptwohnsitzbevölkerung (deutsch)",NA,NA,NA
"Durchschnittsalter","deutsch",2023,"08 Schwanthalerhöhe",38.7,751926,19453,NA,NA,NA,"Summe (Alter in Jahren * Hautwohnsitzbevölkerung im jeweiligen Altersjahr) (deutsch)","Hauptwohnsitzbevölkerung (deutsch)",NA,NA,NA
"Durchschnittsalter","deutsch",2023,"09 Neuhausen - Nymphenburg",42,3112804,74140,NA,NA,NA,"Summe (Alter in Jahren * Hautwohnsitzbevölkerung im jeweiligen Altersjahr) (deutsch)","Hauptwohnsitzbevölkerung (deutsch)",NA,NA,NA
"Durchschnittsalter","deutsch",2023,"10 Moosach",42.6,1571048,36875,NA,NA,NA,"Summe (Alter in Jahren * Hautwohnsitzbevölkerung im jeweiligen Altersjahr) (deutsch)","Hauptwohnsitzbevölkerung (deutsch)",NA,NA,NA
"Durchschnittsalter","deutsch",2023,"11 Milbertshofen - Am Hart",40.2,1760233,43765,NA,NA,NA,"Summe (Alter in Jahren * Hautwohnsitzbevölkerung im jeweiligen Altersjahr) (deutsch)","Hauptwohnsitzbevölkerung (deutsch)",NA,NA,NA
"Durchschnittsalter","deutsch",2023,"12 Schwabing - Freimann",41.6,2233270,53634,NA,NA,NA,"Summe (Alter in Jahren * Hautwohnsitzbevölkerung im jeweiligen Altersjahr) (deutsch)","Hauptwohnsitzbevölkerung (deutsch)",NA,NA,NA
"Durchschnittsalter","deutsch",2023,"13 Bogenhausen",44,2977653,67735,NA,NA,NA,"Summe (Alter in Jahren * Hautwohnsitzbevölkerung im jeweiligen Altersjahr) (deutsch)","Hauptwohnsitzbevölkerung (deutsch)",NA,NA,NA
"Durchschnittsalter","deutsch",2023,"14 Berg am Laim",42,1295068,30821,NA,NA,NA,"Summe (Alter in Jahren * Hautwohnsitzbevölkerung im jeweiligen Altersjahr) (deutsch)","Hauptwohnsitzbevölkerung (deutsch)",NA,NA,NA
"Durchschnittsalter","deutsch",2023,"15 Trudering - Riem",41.7,2368378,56835,NA,NA,NA,"Summe (Alter in Jahren * Hautwohnsitzbevölkerung im jeweiligen Altersjahr) (deutsch)","Hauptwohnsitzbevölkerung (deutsch)",NA,NA,NA
"Durchschnittsalter","deutsch",2023,"16 Ramersdorf - Perlach",43,3306576,76956,NA,NA,NA,"Summe (Alter in Jahren * Hautwohnsitzbevölkerung im jeweiligen Altersjahr) (deutsch)","Hauptwohnsitzbevölkerung (deutsch)",NA,NA,NA
"Durchschnittsalter","deutsch",2023,"17 Obergiesing - Fasangarten",41.4,1510413,36466,NA,NA,NA,"Summe (Alter in Jahren * Hautwohnsitzbevölkerung im jeweiligen Altersjahr) (deutsch)","Hauptwohnsitzbevölkerung (deutsch)",NA,NA,NA
"Durchschnittsalter","deutsch",2023,"18 Untergiesing - Harlaching",44,1775897,40367,NA,NA,NA,"Summe (Alter in Jahren * Hautwohnsitzbevölkerung im jeweiligen Altersjahr) (deutsch)","Hauptwohnsitzbevölkerung (deutsch)",NA,NA,NA
"Durchschnittsalter","deutsch",2023,"19 Thalkirchen - Obersendling - Forstenried - Fürstenried - Solln",44.7,3155770,70676,NA,NA,NA,"Summe (Alter in Jahren * Hautwohnsitzbevölkerung im jeweiligen Altersjahr) (deutsch)","Hauptwohnsitzbevölkerung (deutsch)",NA,NA,NA
"Durchschnittsalter","deutsch",2023,"20 Hadern",45.1,1597382,35405,NA,NA,NA,"Summe (Alter in Jahren * Hautwohnsitzbevölkerung im jeweiligen Altersjahr) (deutsch)","Hauptwohnsitzbevölkerung (deutsch)",NA,NA,NA
"Durchschnittsalter","deutsch",2023,"21 Pasing - Obermenzing",43.3,2593520,59925,NA,NA,NA,"Summe (Alter in Jahren * Hautwohnsitzbevölkerung im jeweiligen Altersjahr) (deutsch)","Hauptwohnsitzbevölkerung (deutsch)",NA,NA,NA
"Durchschnittsalter","deutsch",2023,"22 Aubing - Lochhausen - Langwied",41.1,1582161,38524,NA,NA,NA,"Summe (Alter in Jahren * Hautwohnsitzbevölkerung im jeweiligen Altersjahr) (deutsch)","Hauptwohnsitzbevölkerung (deutsch)",NA,NA,NA
"Durchschnittsalter","deutsch",2023,"23 Allach - Untermenzing",42.6,1129736,26513,NA,NA,NA,"Summe (Alter in Jahren * Hautwohnsitzbevölkerung im jeweiligen Altersjahr) (deutsch)","Hauptwohnsitzbevölkerung (deutsch)",NA,NA,NA
"Durchschnittsalter","deutsch",2023,"24 Feldmoching - Hasenbergl",42.4,1749892,41260,NA,NA,NA,"Summe (Alter in Jahren * Hautwohnsitzbevölkerung im jeweiligen Altersjahr) (deutsch)","Hauptwohnsitzbevölkerung (deutsch)",NA,NA,NA
"Durchschnittsalter","deutsch",2023,"25 Laim",43.6,1703538,39049,NA,NA,NA,"Summe (Alter in Jahren * Hautwohnsitzbevölkerung im jeweiligen Altersjahr) (deutsch)","Hauptwohnsitzbevölkerung (deutsch)",NA,NA,NA
"Durchschnittsalter","deutsch",2022,"Stadt München",42.2,46803419,1110016,NA,NA,NA,"Summe (Alter in Jahren * Hautwohnsitzbevölkerung im jeweiligen Altersjahr) (deutsch)","Hauptwohnsitzbevölkerung (deutsch)",NA,NA,NA
"Durchschnittsalter","deutsch",2022,"01 Altstadt - Lehel",42.1,650093,15446,NA,NA,NA,"Summe (Alter in Jahren * Hautwohnsitzbevölkerung im jeweiligen Altersjahr) (deutsch)","Hauptwohnsitzbevölkerung (deutsch)",NA,NA,NA
"Durchschnittsalter","deutsch",2022,"02 Ludwigsvorstadt - Isarvorstadt",39.2,1441065,36716,NA,NA,NA,"Summe (Alter in Jahren * Hautwohnsitzbevölkerung im jeweiligen Altersjahr) (deutsch)","Hauptwohnsitzbevölkerung (deutsch)",NA,NA,NA
"Durchschnittsalter","deutsch",2022,"03 Maxvorstadt",38.8,1478139,38098,NA,NA,NA,"Summe (Alter in Jahren * Hautwohnsitzbevölkerung im jeweiligen Altersjahr) (deutsch)","Hauptwohnsitzbevölkerung (deutsch)",NA,NA,NA
"Durchschnittsalter","deutsch",2022,"04 Schwabing - West",41.9,2179058,52058,NA,NA,NA,"Summe (Alter in Jahren * Hautwohnsitzbevölkerung im jeweiligen Altersjahr) (deutsch)","Hauptwohnsitzbevölkerung (deutsch)",NA,NA,NA
"Durchschnittsalter","deutsch",2022,"05 Au - Haidhausen",40.2,1930181,47965,NA,NA,NA,"Summe (Alter in Jahren * Hautwohnsitzbevölkerung im jeweiligen Altersjahr) (deutsch)","Hauptwohnsitzbevölkerung (deutsch)",NA,NA,NA
"Durchschnittsalter","deutsch",2022,"06 Sendling",40.9,1211248,29613,NA,NA,NA,"Summe (Alter in Jahren * Hautwohnsitzbevölkerung im jeweiligen Altersjahr) (deutsch)","Hauptwohnsitzbevölkerung (deutsch)",NA,NA,NA
"Durchschnittsalter","deutsch",2022,"07 Sendling - Westpark",42.2,1795780,42575,NA,NA,NA,"Summe (Alter in Jahren * Hautwohnsitzbevölkerung im jeweiligen Altersjahr) (deutsch)","Hauptwohnsitzbevölkerung (deutsch)",NA,NA,NA
"Durchschnittsalter","deutsch",2022,"08 Schwanthalerhöhe",38.3,751334,19600,NA,NA,NA,"Summe (Alter in Jahren * Hautwohnsitzbevölkerung im jeweiligen Altersjahr) (deutsch)","Hauptwohnsitzbevölkerung (deutsch)",NA,NA,NA
"Durchschnittsalter","deutsch",2022,"09 Neuhausen - Nymphenburg",41.9,3105271,74166,NA,NA,NA,"Summe (Alter in Jahren * Hautwohnsitzbevölkerung im jeweiligen Altersjahr) (deutsch)","Hauptwohnsitzbevölkerung (deutsch)",NA,NA,NA
"Durchschnittsalter","deutsch",2022,"10 Moosach",42.7,1570375,36804,NA,NA,NA,"Summe (Alter in Jahren * Hautwohnsitzbevölkerung im jeweiligen Altersjahr) (deutsch)","Hauptwohnsitzbevölkerung (deutsch)",NA,NA,NA
"Durchschnittsalter","deutsch",2022,"11 Milbertshofen - Am Hart",40.2,1762999,43806,NA,NA,NA,"Summe (Alter in Jahren * Hautwohnsitzbevölkerung im jeweiligen Altersjahr) (deutsch)","Hauptwohnsitzbevölkerung (deutsch)",NA,NA,NA
"Durchschnittsalter","deutsch",2022,"12 Schwabing - Freimann",41.6,2225592,53554,NA,NA,NA,"Summe (Alter in Jahren * Hautwohnsitzbevölkerung im jeweiligen Altersjahr) (deutsch)","Hauptwohnsitzbevölkerung (deutsch)",NA,NA,NA
"Durchschnittsalter","deutsch",2022,"13 Bogenhausen",43.8,2993103,68300,NA,NA,NA,"Summe (Alter in Jahren * Hautwohnsitzbevölkerung im jeweiligen Altersjahr) (deutsch)","Hauptwohnsitzbevölkerung (deutsch)",NA,NA,NA
"Durchschnittsalter","deutsch",2022,"14 Berg am Laim",41.9,1295045,30905,NA,NA,NA,"Summe (Alter in Jahren * Hautwohnsitzbevölkerung im jeweiligen Altersjahr) (deutsch)","Hauptwohnsitzbevölkerung (deutsch)",NA,NA,NA
"Durchschnittsalter","deutsch",2022,"15 Trudering - Riem",41.4,2359967,57010,NA,NA,NA,"Summe (Alter in Jahren * Hautwohnsitzbevölkerung im jeweiligen Altersjahr) (deutsch)","Hauptwohnsitzbevölkerung (deutsch)",NA,NA,NA
"Durchschnittsalter","deutsch",2022,"16 Ramersdorf - Perlach",43,3300918,76697,NA,NA,NA,"Summe (Alter in Jahren * Hautwohnsitzbevölkerung im jeweiligen Altersjahr) (deutsch)","Hauptwohnsitzbevölkerung (deutsch)",NA,NA,NA
"Durchschnittsalter","deutsch",2022,"17 Obergiesing - Fasangarten",41.3,1502013,36362,NA,NA,NA,"Summe (Alter in Jahren * Hautwohnsitzbevölkerung im jeweiligen Altersjahr) (deutsch)","Hauptwohnsitzbevölkerung (deutsch)",NA,NA,NA
"Durchschnittsalter","deutsch",2022,"18 Untergiesing - Harlaching",44,1772412,40291,NA,NA,NA,"Summe (Alter in Jahren * Hautwohnsitzbevölkerung im jeweiligen Altersjahr) (deutsch)","Hauptwohnsitzbevölkerung (deutsch)",NA,NA,NA
"Durchschnittsalter","deutsch",2022,"19 Thalkirchen - Obersendling - Forstenried - Fürstenried - Solln",44.7,3155929,70571,NA,NA,NA,"Summe (Alter in Jahren * Hautwohnsitzbevölkerung im jeweiligen Altersjahr) (deutsch)","Hauptwohnsitzbevölkerung (deutsch)",NA,NA,NA
"Durchschnittsalter","deutsch",2022,"20 Hadern",45,1596202,35450,NA,NA,NA,"Summe (Alter in Jahren * Hautwohnsitzbevölkerung im jeweiligen Altersjahr) (deutsch)","Hauptwohnsitzbevölkerung (deutsch)",NA,NA,NA
"Durchschnittsalter","deutsch",2022,"21 Pasing - Obermenzing",43.3,2583826,59674,NA,NA,NA,"Summe (Alter in Jahren * Hautwohnsitzbevölkerung im jeweiligen Altersjahr) (deutsch)","Hauptwohnsitzbevölkerung (deutsch)",NA,NA,NA
"Durchschnittsalter","deutsch",2022,"22 Aubing - Lochhausen - Langwied",41.7,1550728,37220,NA,NA,NA,"Summe (Alter in Jahren * Hautwohnsitzbevölkerung im jeweiligen Altersjahr) (deutsch)","Hauptwohnsitzbevölkerung (deutsch)",NA,NA,NA
"Durchschnittsalter","deutsch",2022,"23 Allach - Untermenzing",42.7,1127979,26443,NA,NA,NA,"Summe (Alter in Jahren * Hautwohnsitzbevölkerung im jeweiligen Altersjahr) (deutsch)","Hauptwohnsitzbevölkerung (deutsch)",NA,NA,NA
"Durchschnittsalter","deutsch",2022,"24 Feldmoching - Hasenbergl",42.4,1753121,41366,NA,NA,NA,"Summe (Alter in Jahren * Hautwohnsitzbevölkerung im jeweiligen Altersjahr) (deutsch)","Hauptwohnsitzbevölkerung (deutsch)",NA,NA,NA
"Durchschnittsalter","deutsch",2022,"25 Laim",43.5,1711041,39326,NA,NA,NA,"Summe (Alter in Jahren * Hautwohnsitzbevölkerung im jeweiligen Altersjahr) (deutsch)","Hauptwohnsitzbevölkerung (deutsch)",NA,NA,NA
"Durchschnittsalter","deutsch",2021,"Stadt München",42.1,46836179,1111737,NA,NA,NA,"Summe (Alter in Jahren * Hautwohnsitzbevölkerung im jeweiligen Altersjahr) (deutsch)","Hauptwohnsitzbevölkerung (deutsch)",NA,NA,NA
"Durchschnittsalter","deutsch",2021,"01 Altstadt - Lehel",42,652075,15536,NA,NA,NA,"Summe (Alter in Jahren * Hautwohnsitzbevölkerung im jeweiligen Altersjahr) (deutsch)","Hauptwohnsitzbevölkerung (deutsch)",NA,NA,NA
"Durchschnittsalter","deutsch",2021,"02 Ludwigsvorstadt - Isarvorstadt",39.1,1439821,36799,NA,NA,NA,"Summe (Alter in Jahren * Hautwohnsitzbevölkerung im jeweiligen Altersjahr) (deutsch)","Hauptwohnsitzbevölkerung (deutsch)",NA,NA,NA
"Durchschnittsalter","deutsch",2021,"03 Maxvorstadt",38.8,1482144,38167,NA,NA,NA,"Summe (Alter in Jahren * Hautwohnsitzbevölkerung im jeweiligen Altersjahr) (deutsch)","Hauptwohnsitzbevölkerung (deutsch)",NA,NA,NA
"Durchschnittsalter","deutsch",2021,"04 Schwabing - West",41.8,2185959,52357,NA,NA,NA,"Summe (Alter in Jahren * Hautwohnsitzbevölkerung im jeweiligen Altersjahr) (deutsch)","Hauptwohnsitzbevölkerung (deutsch)",NA,NA,NA
"Durchschnittsalter","deutsch",2021,"05 Au - Haidhausen",40.1,1911341,47621,NA,NA,NA,"Summe (Alter in Jahren * Hautwohnsitzbevölkerung im jeweiligen Altersjahr) (deutsch)","Hauptwohnsitzbevölkerung (deutsch)",NA,NA,NA
"Durchschnittsalter","deutsch",2021,"06 Sendling",40.8,1211063,29694,NA,NA,NA,"Summe (Alter in Jahren * Hautwohnsitzbevölkerung im jeweiligen Altersjahr) (deutsch)","Hauptwohnsitzbevölkerung (deutsch)",NA,NA,NA
"Durchschnittsalter","deutsch",2021,"07 Sendling - Westpark",42.2,1795918,42590,NA,NA,NA,"Summe (Alter in Jahren * Hautwohnsitzbevölkerung im jeweiligen Altersjahr) (deutsch)","Hauptwohnsitzbevölkerung (deutsch)",NA,NA,NA
"Durchschnittsalter","deutsch",2021,"08 Schwanthalerhöhe",38.1,750200,19705,NA,NA,NA,"Summe (Alter in Jahren * Hautwohnsitzbevölkerung im jeweiligen Altersjahr) (deutsch)","Hauptwohnsitzbevölkerung (deutsch)",NA,NA,NA
"Durchschnittsalter","deutsch",2021,"09 Neuhausen - Nymphenburg",41.8,3114459,74461,NA,NA,NA,"Summe (Alter in Jahren * Hautwohnsitzbevölkerung im jeweiligen Altersjahr) (deutsch)","Hauptwohnsitzbevölkerung (deutsch)",NA,NA,NA
"Durchschnittsalter","deutsch",2021,"10 Moosach",42.7,1572152,36812,NA,NA,NA,"Summe (Alter in Jahren * Hautwohnsitzbevölkerung im jeweiligen Altersjahr) (deutsch)","Hauptwohnsitzbevölkerung (deutsch)",NA,NA,NA
"Durchschnittsalter","deutsch",2021,"11 Milbertshofen - Am Hart",40.2,1767526,43919,NA,NA,NA,"Summe (Alter in Jahren * Hautwohnsitzbevölkerung im jeweiligen Altersjahr) (deutsch)","Hauptwohnsitzbevölkerung (deutsch)",NA,NA,NA
"Durchschnittsalter","deutsch",2021,"12 Schwabing - Freimann",41.3,2232411,54051,NA,NA,NA,"Summe (Alter in Jahren * Hautwohnsitzbevölkerung im jeweiligen Altersjahr) (deutsch)","Hauptwohnsitzbevölkerung (deutsch)",NA,NA,NA
"Durchschnittsalter","deutsch",2021,"13 Bogenhausen",43.7,3003772,68680,NA,NA,NA,"Summe (Alter in Jahren * Hautwohnsitzbevölkerung im jeweiligen Altersjahr) (deutsch)","Hauptwohnsitzbevölkerung (deutsch)",NA,NA,NA
"Durchschnittsalter","deutsch",2021,"14 Berg am Laim",41.8,1302543,31178,NA,NA,NA,"Summe (Alter in Jahren * Hautwohnsitzbevölkerung im jeweiligen Altersjahr) (deutsch)","Hauptwohnsitzbevölkerung (deutsch)",NA,NA,NA
"Durchschnittsalter","deutsch",2021,"15 Trudering - Riem",41.2,2348678,57050,NA,NA,NA,"Summe (Alter in Jahren * Hautwohnsitzbevölkerung im jeweiligen Altersjahr) (deutsch)","Hauptwohnsitzbevölkerung (deutsch)",NA,NA,NA
"Durchschnittsalter","deutsch",2021,"16 Ramersdorf - Perlach",43.1,3318075,76943,NA,NA,NA,"Summe (Alter in Jahren * Hautwohnsitzbevölkerung im jeweiligen Altersjahr) (deutsch)","Hauptwohnsitzbevölkerung (deutsch)",NA,NA,NA
"Durchschnittsalter","deutsch",2021,"17 Obergiesing - Fasangarten",41.1,1510697,36778,NA,NA,NA,"Summe (Alter in Jahren * Hautwohnsitzbevölkerung im jeweiligen Altersjahr) (deutsch)","Hauptwohnsitzbevölkerung (deutsch)",NA,NA,NA
"Durchschnittsalter","deutsch",2021,"18 Untergiesing - Harlaching",44,1765966,40171,NA,NA,NA,"Summe (Alter in Jahren * Hautwohnsitzbevölkerung im jeweiligen Altersjahr) (deutsch)","Hauptwohnsitzbevölkerung (deutsch)",NA,NA,NA
"Durchschnittsalter","deutsch",2021,"19 Thalkirchen - Obersendling - Forstenried - Fürstenried - Solln",44.7,3166203,70886,NA,NA,NA,"Summe (Alter in Jahren * Hautwohnsitzbevölkerung im jeweiligen Altersjahr) (deutsch)","Hauptwohnsitzbevölkerung (deutsch)",NA,NA,NA
"Durchschnittsalter","deutsch",2021,"20 Hadern",45.2,1608914,35563,NA,NA,NA,"Summe (Alter in Jahren * Hautwohnsitzbevölkerung im jeweiligen Altersjahr) (deutsch)","Hauptwohnsitzbevölkerung (deutsch)",NA,NA,NA
"Durchschnittsalter","deutsch",2021,"21 Pasing - Obermenzing",43.3,2566177,59290,NA,NA,NA,"Summe (Alter in Jahren * Hautwohnsitzbevölkerung im jeweiligen Altersjahr) (deutsch)","Hauptwohnsitzbevölkerung (deutsch)",NA,NA,NA
"Durchschnittsalter","deutsch",2021,"22 Aubing - Lochhausen - Langwied",42.2,1525120,36143,NA,NA,NA,"Summe (Alter in Jahren * Hautwohnsitzbevölkerung im jeweiligen Altersjahr) (deutsch)","Hauptwohnsitzbevölkerung (deutsch)",NA,NA,NA
"Durchschnittsalter","deutsch",2021,"23 Allach - Untermenzing",42.8,1121812,26216,NA,NA,NA,"Summe (Alter in Jahren * Hautwohnsitzbevölkerung im jeweiligen Altersjahr) (deutsch)","Hauptwohnsitzbevölkerung (deutsch)",NA,NA,NA
"Durchschnittsalter","deutsch",2021,"24 Feldmoching - Hasenbergl",42.4,1761895,41583,NA,NA,NA,"Summe (Alter in Jahren * Hautwohnsitzbevölkerung im jeweiligen Altersjahr) (deutsch)","Hauptwohnsitzbevölkerung (deutsch)",NA,NA,NA
"Durchschnittsalter","deutsch",2021,"25 Laim",43.5,1721258,39544,NA,NA,NA,"Summe (Alter in Jahren * Hautwohnsitzbevölkerung im jeweiligen Altersjahr) (deutsch)","Hauptwohnsitzbevölkerung (deutsch)",NA,NA,NA
"Durchschnittsalter","deutsch",2020,"Stadt München",42.2,47066346,1116110,NA,NA,NA,"Summe (Alter in Jahren * Hautwohnsitzbevölkerung im jeweiligen Altersjahr) (deutsch)","Hauptwohnsitzbevölkerung (deutsch)",NA,NA,NA
"Durchschnittsalter","deutsch",2020,"01 Altstadt - Lehel",42.1,659107,15668,NA,NA,NA,"Summe (Alter in Jahren * Hautwohnsitzbevölkerung im jeweiligen Altersjahr) (deutsch)","Hauptwohnsitzbevölkerung (deutsch)",NA,NA,NA
"Durchschnittsalter","deutsch",2020,"02 Ludwigsvorstadt - Isarvorstadt",39.1,1447384,37013,NA,NA,NA,"Summe (Alter in Jahren * Hautwohnsitzbevölkerung im jeweiligen Altersjahr) (deutsch)","Hauptwohnsitzbevölkerung (deutsch)",NA,NA,NA
"Durchschnittsalter","deutsch",2020,"03 Maxvorstadt",39,1495004,38327,NA,NA,NA,"Summe (Alter in Jahren * Hautwohnsitzbevölkerung im jeweiligen Altersjahr) (deutsch)","Hauptwohnsitzbevölkerung (deutsch)",NA,NA,NA
"Durchschnittsalter","deutsch",2020,"04 Schwabing - West",41.7,2209121,52979,NA,NA,NA,"Summe (Alter in Jahren * Hautwohnsitzbevölkerung im jeweiligen Altersjahr) (deutsch)","Hauptwohnsitzbevölkerung (deutsch)",NA,NA,NA
"Durchschnittsalter","deutsch",2020,"05 Au - Haidhausen",40.2,1916720,47634,NA,NA,NA,"Summe (Alter in Jahren * Hautwohnsitzbevölkerung im jeweiligen Altersjahr) (deutsch)","Hauptwohnsitzbevölkerung (deutsch)",NA,NA,NA
"Durchschnittsalter","deutsch",2020,"06 Sendling",40.7,1217999,29896,NA,NA,NA,"Summe (Alter in Jahren * Hautwohnsitzbevölkerung im jeweiligen Altersjahr) (deutsch)","Hauptwohnsitzbevölkerung (deutsch)",NA,NA,NA
"Durchschnittsalter","deutsch",2020,"07 Sendling - Westpark",42.3,1802479,42661,NA,NA,NA,"Summe (Alter in Jahren * Hautwohnsitzbevölkerung im jeweiligen Altersjahr) (deutsch)","Hauptwohnsitzbevölkerung (deutsch)",NA,NA,NA
"Durchschnittsalter","deutsch",2020,"08 Schwanthalerhöhe",38,754181,19854,NA,NA,NA,"Summe (Alter in Jahren * Hautwohnsitzbevölkerung im jeweiligen Altersjahr) (deutsch)","Hauptwohnsitzbevölkerung (deutsch)",NA,NA,NA
"Durchschnittsalter","deutsch",2020,"09 Neuhausen - Nymphenburg",41.8,3136733,75069,NA,NA,NA,"Summe (Alter in Jahren * Hautwohnsitzbevölkerung im jeweiligen Altersjahr) (deutsch)","Hauptwohnsitzbevölkerung (deutsch)",NA,NA,NA
"Durchschnittsalter","deutsch",2020,"10 Moosach",42.7,1586336,37180,NA,NA,NA,"Summe (Alter in Jahren * Hautwohnsitzbevölkerung im jeweiligen Altersjahr) (deutsch)","Hauptwohnsitzbevölkerung (deutsch)",NA,NA,NA
"Durchschnittsalter","deutsch",2020,"11 Milbertshofen - Am Hart",40.2,1797374,44669,NA,NA,NA,"Summe (Alter in Jahren * Hautwohnsitzbevölkerung im jeweiligen Altersjahr) (deutsch)","Hauptwohnsitzbevölkerung (deutsch)",NA,NA,NA
"Durchschnittsalter","deutsch",2020,"12 Schwabing - Freimann",41.1,2262777,55009,NA,NA,NA,"Summe (Alter in Jahren * Hautwohnsitzbevölkerung im jeweiligen Altersjahr) (deutsch)","Hauptwohnsitzbevölkerung (deutsch)",NA,NA,NA
"Durchschnittsalter","deutsch",2020,"13 Bogenhausen",43.8,3010762,68813,NA,NA,NA,"Summe (Alter in Jahren * Hautwohnsitzbevölkerung im jeweiligen Altersjahr) (deutsch)","Hauptwohnsitzbevölkerung (deutsch)",NA,NA,NA
"Durchschnittsalter","deutsch",2020,"14 Berg am Laim",41.8,1316862,31529,NA,NA,NA,"Summe (Alter in Jahren * Hautwohnsitzbevölkerung im jeweiligen Altersjahr) (deutsch)","Hauptwohnsitzbevölkerung (deutsch)",NA,NA,NA
"Durchschnittsalter","deutsch",2020,"15 Trudering - Riem",41.1,2334278,56809,NA,NA,NA,"Summe (Alter in Jahren * Hautwohnsitzbevölkerung im jeweiligen Altersjahr) (deutsch)","Hauptwohnsitzbevölkerung (deutsch)",NA,NA,NA
"Durchschnittsalter","deutsch",2020,"16 Ramersdorf - Perlach",43.2,3345768,77446,NA,NA,NA,"Summe (Alter in Jahren * Hautwohnsitzbevölkerung im jeweiligen Altersjahr) (deutsch)","Hauptwohnsitzbevölkerung (deutsch)",NA,NA,NA
"Durchschnittsalter","deutsch",2020,"17 Obergiesing - Fasangarten",41,1522196,37092,NA,NA,NA,"Summe (Alter in Jahren * Hautwohnsitzbevölkerung im jeweiligen Altersjahr) (deutsch)","Hauptwohnsitzbevölkerung (deutsch)",NA,NA,NA
"Durchschnittsalter","deutsch",2020,"18 Untergiesing - Harlaching",44,1770388,40241,NA,NA,NA,"Summe (Alter in Jahren * Hautwohnsitzbevölkerung im jeweiligen Altersjahr) (deutsch)","Hauptwohnsitzbevölkerung (deutsch)",NA,NA,NA
"Durchschnittsalter","deutsch",2020,"19 Thalkirchen - Obersendling - Forstenried - Fürstenried - Solln",44.8,3175514,70950,NA,NA,NA,"Summe (Alter in Jahren * Hautwohnsitzbevölkerung im jeweiligen Altersjahr) (deutsch)","Hauptwohnsitzbevölkerung (deutsch)",NA,NA,NA
"Durchschnittsalter","deutsch",2020,"20 Hadern",45.3,1620993,35771,NA,NA,NA,"Summe (Alter in Jahren * Hautwohnsitzbevölkerung im jeweiligen Altersjahr) (deutsch)","Hauptwohnsitzbevölkerung (deutsch)",NA,NA,NA
"Durchschnittsalter","deutsch",2020,"21 Pasing - Obermenzing",43.4,2545891,58605,NA,NA,NA,"Summe (Alter in Jahren * Hautwohnsitzbevölkerung im jeweiligen Altersjahr) (deutsch)","Hauptwohnsitzbevölkerung (deutsch)",NA,NA,NA
"Durchschnittsalter","deutsch",2020,"22 Aubing - Lochhausen - Langwied",42.6,1504980,35299,NA,NA,NA,"Summe (Alter in Jahren * Hautwohnsitzbevölkerung im jeweiligen Altersjahr) (deutsch)","Hauptwohnsitzbevölkerung (deutsch)",NA,NA,NA
"Durchschnittsalter","deutsch",2020,"23 Allach - Untermenzing",43.2,1107749,25667,NA,NA,NA,"Summe (Alter in Jahren * Hautwohnsitzbevölkerung im jeweiligen Altersjahr) (deutsch)","Hauptwohnsitzbevölkerung (deutsch)",NA,NA,NA
"Durchschnittsalter","deutsch",2020,"24 Feldmoching - Hasenbergl",42.5,1772655,41697,NA,NA,NA,"Summe (Alter in Jahren * Hautwohnsitzbevölkerung im jeweiligen Altersjahr) (deutsch)","Hauptwohnsitzbevölkerung (deutsch)",NA,NA,NA
"Durchschnittsalter","deutsch",2020,"25 Laim",43.6,1753095,40232,NA,NA,NA,"Summe (Alter in Jahren * Hautwohnsitzbevölkerung im jeweiligen Altersjahr) (deutsch)","Hauptwohnsitzbevölkerung (deutsch)",NA,NA,NA
"Durchschnittsalter","deutsch",2019,"Stadt München",42.2,47014691,1115288,NA,NA,NA,"Summe (Alter in Jahren * Hautwohnsitzbevölkerung im jeweiligen Altersjahr) (deutsch)","Hauptwohnsitzbevölkerung (deutsch)",NA,NA,NA
"Durchschnittsalter","deutsch",2019,"01 Altstadt - Lehel",42.1,658509,15624,NA,NA,NA,"Summe (Alter in Jahren * Hautwohnsitzbevölkerung im jeweiligen Altersjahr) (deutsch)","Hauptwohnsitzbevölkerung (deutsch)",NA,NA,NA
"Durchschnittsalter","deutsch",2019,"02 Ludwigsvorstadt - Isarvorstadt",38.9,1449223,37233,NA,NA,NA,"Summe (Alter in Jahren * Hautwohnsitzbevölkerung im jeweiligen Altersjahr) (deutsch)","Hauptwohnsitzbevölkerung (deutsch)",NA,NA,NA
"Durchschnittsalter","deutsch",2019,"03 Maxvorstadt",38.9,1500943,38577,NA,NA,NA,"Summe (Alter in Jahren * Hautwohnsitzbevölkerung im jeweiligen Altersjahr) (deutsch)","Hauptwohnsitzbevölkerung (deutsch)",NA,NA,NA
"Durchschnittsalter","deutsch",2019,"04 Schwabing - West",41.5,2209877,53205,NA,NA,NA,"Summe (Alter in Jahren * Hautwohnsitzbevölkerung im jeweiligen Altersjahr) (deutsch)","Hauptwohnsitzbevölkerung (deutsch)",NA,NA,NA
"Durchschnittsalter","deutsch",2019,"05 Au - Haidhausen",40.3,1897608,47135,NA,NA,NA,"Summe (Alter in Jahren * Hautwohnsitzbevölkerung im jeweiligen Altersjahr) (deutsch)","Hauptwohnsitzbevölkerung (deutsch)",NA,NA,NA
"Durchschnittsalter","deutsch",2019,"06 Sendling",40.6,1219521,30038,NA,NA,NA,"Summe (Alter in Jahren * Hautwohnsitzbevölkerung im jeweiligen Altersjahr) (deutsch)","Hauptwohnsitzbevölkerung (deutsch)",NA,NA,NA
"Durchschnittsalter","deutsch",2019,"07 Sendling - Westpark",42.3,1806152,42681,NA,NA,NA,"Summe (Alter in Jahren * Hautwohnsitzbevölkerung im jeweiligen Altersjahr) (deutsch)","Hauptwohnsitzbevölkerung (deutsch)",NA,NA,NA
"Durchschnittsalter","deutsch",2019,"08 Schwanthalerhöhe",37.8,753474,19947,NA,NA,NA,"Summe (Alter in Jahren * Hautwohnsitzbevölkerung im jeweiligen Altersjahr) (deutsch)","Hauptwohnsitzbevölkerung (deutsch)",NA,NA,NA
"Durchschnittsalter","deutsch",2019,"09 Neuhausen - Nymphenburg",41.7,3139870,75306,NA,NA,NA,"Summe (Alter in Jahren * Hautwohnsitzbevölkerung im jeweiligen Altersjahr) (deutsch)","Hauptwohnsitzbevölkerung (deutsch)",NA,NA,NA
"Durchschnittsalter","deutsch",2019,"10 Moosach",42.7,1585973,37185,NA,NA,NA,"Summe (Alter in Jahren * Hautwohnsitzbevölkerung im jeweiligen Altersjahr) (deutsch)","Hauptwohnsitzbevölkerung (deutsch)",NA,NA,NA
"Durchschnittsalter","deutsch",2019,"11 Milbertshofen - Am Hart",40.3,1810412,44958,NA,NA,NA,"Summe (Alter in Jahren * Hautwohnsitzbevölkerung im jeweiligen Altersjahr) (deutsch)","Hauptwohnsitzbevölkerung (deutsch)",NA,NA,NA
"Durchschnittsalter","deutsch",2019,"12 Schwabing - Freimann",40.9,2266001,55348,NA,NA,NA,"Summe (Alter in Jahren * Hautwohnsitzbevölkerung im jeweiligen Altersjahr) (deutsch)","Hauptwohnsitzbevölkerung (deutsch)",NA,NA,NA
"Durchschnittsalter","deutsch",2019,"13 Bogenhausen",44,2973176,67624,NA,NA,NA,"Summe (Alter in Jahren * Hautwohnsitzbevölkerung im jeweiligen Altersjahr) (deutsch)","Hauptwohnsitzbevölkerung (deutsch)",NA,NA,NA
"Durchschnittsalter","deutsch",2019,"14 Berg am Laim",41.8,1323951,31644,NA,NA,NA,"Summe (Alter in Jahren * Hautwohnsitzbevölkerung im jeweiligen Altersjahr) (deutsch)","Hauptwohnsitzbevölkerung (deutsch)",NA,NA,NA
"Durchschnittsalter","deutsch",2019,"15 Trudering - Riem",40.9,2304195,56273,NA,NA,NA,"Summe (Alter in Jahren * Hautwohnsitzbevölkerung im jeweiligen Altersjahr) (deutsch)","Hauptwohnsitzbevölkerung (deutsch)",NA,NA,NA
"Durchschnittsalter","deutsch",2019,"16 Ramersdorf - Perlach",43.3,3346763,77375,NA,NA,NA,"Summe (Alter in Jahren * Hautwohnsitzbevölkerung im jeweiligen Altersjahr) (deutsch)","Hauptwohnsitzbevölkerung (deutsch)",NA,NA,NA
"Durchschnittsalter","deutsch",2019,"17 Obergiesing - Fasangarten",40.9,1531653,37445,NA,NA,NA,"Summe (Alter in Jahren * Hautwohnsitzbevölkerung im jeweiligen Altersjahr) (deutsch)","Hauptwohnsitzbevölkerung (deutsch)",NA,NA,NA
"Durchschnittsalter","deutsch",2019,"18 Untergiesing - Harlaching",43.9,1771833,40335,NA,NA,NA,"Summe (Alter in Jahren * Hautwohnsitzbevölkerung im jeweiligen Altersjahr) (deutsch)","Hauptwohnsitzbevölkerung (deutsch)",NA,NA,NA
"Durchschnittsalter","deutsch",2019,"19 Thalkirchen - Obersendling - Forstenried - Fürstenried - Solln",44.9,3167940,70566,NA,NA,NA,"Summe (Alter in Jahren * Hautwohnsitzbevölkerung im jeweiligen Altersjahr) (deutsch)","Hauptwohnsitzbevölkerung (deutsch)",NA,NA,NA
"Durchschnittsalter","deutsch",2019,"20 Hadern",45.2,1633519,36123,NA,NA,NA,"Summe (Alter in Jahren * Hautwohnsitzbevölkerung im jeweiligen Altersjahr) (deutsch)","Hauptwohnsitzbevölkerung (deutsch)",NA,NA,NA
"Durchschnittsalter","deutsch",2019,"21 Pasing - Obermenzing",43.5,2526694,58128,NA,NA,NA,"Summe (Alter in Jahren * Hautwohnsitzbevölkerung im jeweiligen Altersjahr) (deutsch)","Hauptwohnsitzbevölkerung (deutsch)",NA,NA,NA
"Durchschnittsalter","deutsch",2019,"22 Aubing - Lochhausen - Langwied",43,1486618,34588,NA,NA,NA,"Summe (Alter in Jahren * Hautwohnsitzbevölkerung im jeweiligen Altersjahr) (deutsch)","Hauptwohnsitzbevölkerung (deutsch)",NA,NA,NA
"Durchschnittsalter","deutsch",2019,"23 Allach - Untermenzing",43.3,1110677,25679,NA,NA,NA,"Summe (Alter in Jahren * Hautwohnsitzbevölkerung im jeweiligen Altersjahr) (deutsch)","Hauptwohnsitzbevölkerung (deutsch)",NA,NA,NA
"Durchschnittsalter","deutsch",2019,"24 Feldmoching - Hasenbergl",42.6,1776604,41717,NA,NA,NA,"Summe (Alter in Jahren * Hautwohnsitzbevölkerung im jeweiligen Altersjahr) (deutsch)","Hauptwohnsitzbevölkerung (deutsch)",NA,NA,NA
"Durchschnittsalter","deutsch",2019,"25 Laim",43.5,1763505,40554,NA,NA,NA,"Summe (Alter in Jahren * Hautwohnsitzbevölkerung im jeweiligen Altersjahr) (deutsch)","Hauptwohnsitzbevölkerung (deutsch)",NA,NA,NA
"Durchschnittsalter","deutsch",2018,"Stadt München",42.1,46738821,1108919,NA,NA,NA,"Summe (Alter in Jahren * Hautwohnsitzbevölkerung im jeweiligen Altersjahr) (deutsch)","Hauptwohnsitzbevölkerung (deutsch)",NA,NA,NA
"Durchschnittsalter","deutsch",2018,"01 Altstadt - Lehel",42.1,656628,15600,NA,NA,NA,"Summe (Alter in Jahren * Hautwohnsitzbevölkerung im jeweiligen Altersjahr) (deutsch)","Hauptwohnsitzbevölkerung (deutsch)",NA,NA,NA
"Durchschnittsalter","deutsch",2018,"02 Ludwigsvorstadt - Isarvorstadt",38.8,1435372,36990,NA,NA,NA,"Summe (Alter in Jahren * Hautwohnsitzbevölkerung im jeweiligen Altersjahr) (deutsch)","Hauptwohnsitzbevölkerung (deutsch)",NA,NA,NA
"Durchschnittsalter","deutsch",2018,"03 Maxvorstadt",38.8,1489577,38351,NA,NA,NA,"Summe (Alter in Jahren * Hautwohnsitzbevölkerung im jeweiligen Altersjahr) (deutsch)","Hauptwohnsitzbevölkerung (deutsch)",NA,NA,NA
"Durchschnittsalter","deutsch",2018,"04 Schwabing - West",41.5,2197788,52999,NA,NA,NA,"Summe (Alter in Jahren * Hautwohnsitzbevölkerung im jeweiligen Altersjahr) (deutsch)","Hauptwohnsitzbevölkerung (deutsch)",NA,NA,NA
"Durchschnittsalter","deutsch",2018,"05 Au - Haidhausen",40,1876646,46910,NA,NA,NA,"Summe (Alter in Jahren * Hautwohnsitzbevölkerung im jeweiligen Altersjahr) (deutsch)","Hauptwohnsitzbevölkerung (deutsch)",NA,NA,NA
"Durchschnittsalter","deutsch",2018,"06 Sendling",40.6,1216540,29971,NA,NA,NA,"Summe (Alter in Jahren * Hautwohnsitzbevölkerung im jeweiligen Altersjahr) (deutsch)","Hauptwohnsitzbevölkerung (deutsch)",NA,NA,NA
"Durchschnittsalter","deutsch",2018,"07 Sendling - Westpark",42.3,1796638,42428,NA,NA,NA,"Summe (Alter in Jahren * Hautwohnsitzbevölkerung im jeweiligen Altersjahr) (deutsch)","Hauptwohnsitzbevölkerung (deutsch)",NA,NA,NA
"Durchschnittsalter","deutsch",2018,"08 Schwanthalerhöhe",37.7,745997,19775,NA,NA,NA,"Summe (Alter in Jahren * Hautwohnsitzbevölkerung im jeweiligen Altersjahr) (deutsch)","Hauptwohnsitzbevölkerung (deutsch)",NA,NA,NA
"Durchschnittsalter","deutsch",2018,"09 Neuhausen - Nymphenburg",41.7,3119566,74834,NA,NA,NA,"Summe (Alter in Jahren * Hautwohnsitzbevölkerung im jeweiligen Altersjahr) (deutsch)","Hauptwohnsitzbevölkerung (deutsch)",NA,NA,NA
"Durchschnittsalter","deutsch",2018,"10 Moosach",42.7,1586880,37151,NA,NA,NA,"Summe (Alter in Jahren * Hautwohnsitzbevölkerung im jeweiligen Altersjahr) (deutsch)","Hauptwohnsitzbevölkerung (deutsch)",NA,NA,NA
"Durchschnittsalter","deutsch",2018,"11 Milbertshofen - Am Hart",40.4,1797284,44473,NA,NA,NA,"Summe (Alter in Jahren * Hautwohnsitzbevölkerung im jeweiligen Altersjahr) (deutsch)","Hauptwohnsitzbevölkerung (deutsch)",NA,NA,NA
"Durchschnittsalter","deutsch",2018,"12 Schwabing - Freimann",40.8,2248779,55069,NA,NA,NA,"Summe (Alter in Jahren * Hautwohnsitzbevölkerung im jeweiligen Altersjahr) (deutsch)","Hauptwohnsitzbevölkerung (deutsch)",NA,NA,NA
"Durchschnittsalter","deutsch",2018,"13 Bogenhausen",44.2,2936572,66466,NA,NA,NA,"Summe (Alter in Jahren * Hautwohnsitzbevölkerung im jeweiligen Altersjahr) (deutsch)","Hauptwohnsitzbevölkerung (deutsch)",NA,NA,NA
"Durchschnittsalter","deutsch",2018,"14 Berg am Laim",41.9,1315865,31396,NA,NA,NA,"Summe (Alter in Jahren * Hautwohnsitzbevölkerung im jeweiligen Altersjahr) (deutsch)","Hauptwohnsitzbevölkerung (deutsch)",NA,NA,NA
"Durchschnittsalter","deutsch",2018,"15 Trudering - Riem",40.7,2286909,56167,NA,NA,NA,"Summe (Alter in Jahren * Hautwohnsitzbevölkerung im jeweiligen Altersjahr) (deutsch)","Hauptwohnsitzbevölkerung (deutsch)",NA,NA,NA
"Durchschnittsalter","deutsch",2018,"16 Ramersdorf - Perlach",43.3,3333208,76902,NA,NA,NA,"Summe (Alter in Jahren * Hautwohnsitzbevölkerung im jeweiligen Altersjahr) (deutsch)","Hauptwohnsitzbevölkerung (deutsch)",NA,NA,NA
"Durchschnittsalter","deutsch",2018,"17 Obergiesing - Fasangarten",40.8,1527023,37400,NA,NA,NA,"Summe (Alter in Jahren * Hautwohnsitzbevölkerung im jeweiligen Altersjahr) (deutsch)","Hauptwohnsitzbevölkerung (deutsch)",NA,NA,NA
"Durchschnittsalter","deutsch",2018,"18 Untergiesing - Harlaching",43.8,1769047,40352,NA,NA,NA,"Summe (Alter in Jahren * Hautwohnsitzbevölkerung im jeweiligen Altersjahr) (deutsch)","Hauptwohnsitzbevölkerung (deutsch)",NA,NA,NA
"Durchschnittsalter","deutsch",2018,"19 Thalkirchen - Obersendling - Forstenried - Fürstenried - Solln",44.9,3154288,70174,NA,NA,NA,"Summe (Alter in Jahren * Hautwohnsitzbevölkerung im jeweiligen Altersjahr) (deutsch)","Hauptwohnsitzbevölkerung (deutsch)",NA,NA,NA
"Durchschnittsalter","deutsch",2018,"20 Hadern",45.1,1638125,36300,NA,NA,NA,"Summe (Alter in Jahren * Hautwohnsitzbevölkerung im jeweiligen Altersjahr) (deutsch)","Hauptwohnsitzbevölkerung (deutsch)",NA,NA,NA
"Durchschnittsalter","deutsch",2018,"21 Pasing - Obermenzing",43.5,2500839,57512,NA,NA,NA,"Summe (Alter in Jahren * Hautwohnsitzbevölkerung im jeweiligen Altersjahr) (deutsch)","Hauptwohnsitzbevölkerung (deutsch)",NA,NA,NA
"Durchschnittsalter","deutsch",2018,"22 Aubing - Lochhausen - Langwied",43.1,1474779,34223,NA,NA,NA,"Summe (Alter in Jahren * Hautwohnsitzbevölkerung im jeweiligen Altersjahr) (deutsch)","Hauptwohnsitzbevölkerung (deutsch)",NA,NA,NA
"Durchschnittsalter","deutsch",2018,"23 Allach - Untermenzing",43.4,1098047,25293,NA,NA,NA,"Summe (Alter in Jahren * Hautwohnsitzbevölkerung im jeweiligen Altersjahr) (deutsch)","Hauptwohnsitzbevölkerung (deutsch)",NA,NA,NA
"Durchschnittsalter","deutsch",2018,"24 Feldmoching - Hasenbergl",42.5,1774510,41737,NA,NA,NA,"Summe (Alter in Jahren * Hautwohnsitzbevölkerung im jeweiligen Altersjahr) (deutsch)","Hauptwohnsitzbevölkerung (deutsch)",NA,NA,NA
"Durchschnittsalter","deutsch",2018,"25 Laim",43.6,1761914,40446,NA,NA,NA,"Summe (Alter in Jahren * Hautwohnsitzbevölkerung im jeweiligen Altersjahr) (deutsch)","Hauptwohnsitzbevölkerung (deutsch)",NA,NA,NA
"Durchschnittsalter","deutsch",2017,"Stadt München",42.1,46532544,1104224,NA,NA,NA,"Summe (Alter in Jahren * Hautwohnsitzbevölkerung im jeweiligen Altersjahr) (deutsch)","Hauptwohnsitzbevölkerung (deutsch)",NA,NA,NA
"Durchschnittsalter","deutsch",2017,"01 Altstadt - Lehel",42.1,650495,15433,NA,NA,NA,"Summe (Alter in Jahren * Hautwohnsitzbevölkerung im jeweiligen Altersjahr) (deutsch)","Hauptwohnsitzbevölkerung (deutsch)",NA,NA,NA
"Durchschnittsalter","deutsch",2017,"02 Ludwigsvorstadt - Isarvorstadt",38.7,1426264,36807,NA,NA,NA,"Summe (Alter in Jahren * Hautwohnsitzbevölkerung im jeweiligen Altersjahr) (deutsch)","Hauptwohnsitzbevölkerung (deutsch)",NA,NA,NA
"Durchschnittsalter","deutsch",2017,"03 Maxvorstadt",38.7,1482329,38308,NA,NA,NA,"Summe (Alter in Jahren * Hautwohnsitzbevölkerung im jeweiligen Altersjahr) (deutsch)","Hauptwohnsitzbevölkerung (deutsch)",NA,NA,NA
"Durchschnittsalter","deutsch",2017,"04 Schwabing - West",41.4,2189318,52909,NA,NA,NA,"Summe (Alter in Jahren * Hautwohnsitzbevölkerung im jeweiligen Altersjahr) (deutsch)","Hauptwohnsitzbevölkerung (deutsch)",NA,NA,NA
"Durchschnittsalter","deutsch",2017,"05 Au - Haidhausen",39.9,1863283,46748,NA,NA,NA,"Summe (Alter in Jahren * Hautwohnsitzbevölkerung im jeweiligen Altersjahr) (deutsch)","Hauptwohnsitzbevölkerung (deutsch)",NA,NA,NA
"Durchschnittsalter","deutsch",2017,"06 Sendling",40.5,1210688,29868,NA,NA,NA,"Summe (Alter in Jahren * Hautwohnsitzbevölkerung im jeweiligen Altersjahr) (deutsch)","Hauptwohnsitzbevölkerung (deutsch)",NA,NA,NA
"Durchschnittsalter","deutsch",2017,"07 Sendling - Westpark",42.4,1799845,42498,NA,NA,NA,"Summe (Alter in Jahren * Hautwohnsitzbevölkerung im jeweiligen Altersjahr) (deutsch)","Hauptwohnsitzbevölkerung (deutsch)",NA,NA,NA
"Durchschnittsalter","deutsch",2017,"08 Schwanthalerhöhe",37.7,742901,19699,NA,NA,NA,"Summe (Alter in Jahren * Hautwohnsitzbevölkerung im jeweiligen Altersjahr) (deutsch)","Hauptwohnsitzbevölkerung (deutsch)",NA,NA,NA
"Durchschnittsalter","deutsch",2017,"09 Neuhausen - Nymphenburg",41.6,3103020,74515,NA,NA,NA,"Summe (Alter in Jahren * Hautwohnsitzbevölkerung im jeweiligen Altersjahr) (deutsch)","Hauptwohnsitzbevölkerung (deutsch)",NA,NA,NA
"Durchschnittsalter","deutsch",2017,"10 Moosach",42.7,1582274,37060,NA,NA,NA,"Summe (Alter in Jahren * Hautwohnsitzbevölkerung im jeweiligen Altersjahr) (deutsch)","Hauptwohnsitzbevölkerung (deutsch)",NA,NA,NA
"Durchschnittsalter","deutsch",2017,"11 Milbertshofen - Am Hart",40.5,1804776,44584,NA,NA,NA,"Summe (Alter in Jahren * Hautwohnsitzbevölkerung im jeweiligen Altersjahr) (deutsch)","Hauptwohnsitzbevölkerung (deutsch)",NA,NA,NA
"Durchschnittsalter","deutsch",2017,"12 Schwabing - Freimann",40.9,2221761,54361,NA,NA,NA,"Summe (Alter in Jahren * Hautwohnsitzbevölkerung im jeweiligen Altersjahr) (deutsch)","Hauptwohnsitzbevölkerung (deutsch)",NA,NA,NA
"Durchschnittsalter","deutsch",2017,"13 Bogenhausen",44.3,2904643,65576,NA,NA,NA,"Summe (Alter in Jahren * Hautwohnsitzbevölkerung im jeweiligen Altersjahr) (deutsch)","Hauptwohnsitzbevölkerung (deutsch)",NA,NA,NA
"Durchschnittsalter","deutsch",2017,"14 Berg am Laim",41.9,1313699,31328,NA,NA,NA,"Summe (Alter in Jahren * Hautwohnsitzbevölkerung im jeweiligen Altersjahr) (deutsch)","Hauptwohnsitzbevölkerung (deutsch)",NA,NA,NA
"Durchschnittsalter","deutsch",2017,"15 Trudering - Riem",40.5,2258424,55781,NA,NA,NA,"Summe (Alter in Jahren * Hautwohnsitzbevölkerung im jeweiligen Altersjahr) (deutsch)","Hauptwohnsitzbevölkerung (deutsch)",NA,NA,NA
"Durchschnittsalter","deutsch",2017,"16 Ramersdorf - Perlach",43.5,3321621,76381,NA,NA,NA,"Summe (Alter in Jahren * Hautwohnsitzbevölkerung im jeweiligen Altersjahr) (deutsch)","Hauptwohnsitzbevölkerung (deutsch)",NA,NA,NA
"Durchschnittsalter","deutsch",2017,"17 Obergiesing - Fasangarten",40.7,1518711,37320,NA,NA,NA,"Summe (Alter in Jahren * Hautwohnsitzbevölkerung im jeweiligen Altersjahr) (deutsch)","Hauptwohnsitzbevölkerung (deutsch)",NA,NA,NA
"Durchschnittsalter","deutsch",2017,"18 Untergiesing - Harlaching",43.8,1762941,40254,NA,NA,NA,"Summe (Alter in Jahren * Hautwohnsitzbevölkerung im jeweiligen Altersjahr) (deutsch)","Hauptwohnsitzbevölkerung (deutsch)",NA,NA,NA
"Durchschnittsalter","deutsch",2017,"19 Thalkirchen - Obersendling - Forstenried - Fürstenried - Solln",45,3151541,69957,NA,NA,NA,"Summe (Alter in Jahren * Hautwohnsitzbevölkerung im jeweiligen Altersjahr) (deutsch)","Hauptwohnsitzbevölkerung (deutsch)",NA,NA,NA
"Durchschnittsalter","deutsch",2017,"20 Hadern",45,1639019,36416,NA,NA,NA,"Summe (Alter in Jahren * Hautwohnsitzbevölkerung im jeweiligen Altersjahr) (deutsch)","Hauptwohnsitzbevölkerung (deutsch)",NA,NA,NA
"Durchschnittsalter","deutsch",2017,"21 Pasing - Obermenzing",43.4,2491580,57384,NA,NA,NA,"Summe (Alter in Jahren * Hautwohnsitzbevölkerung im jeweiligen Altersjahr) (deutsch)","Hauptwohnsitzbevölkerung (deutsch)",NA,NA,NA
"Durchschnittsalter","deutsch",2017,"22 Aubing - Lochhausen - Langwied",43.4,1460729,33663,NA,NA,NA,"Summe (Alter in Jahren * Hautwohnsitzbevölkerung im jeweiligen Altersjahr) (deutsch)","Hauptwohnsitzbevölkerung (deutsch)",NA,NA,NA
"Durchschnittsalter","deutsch",2017,"23 Allach - Untermenzing",43.4,1090499,25150,NA,NA,NA,"Summe (Alter in Jahren * Hautwohnsitzbevölkerung im jeweiligen Altersjahr) (deutsch)","Hauptwohnsitzbevölkerung (deutsch)",NA,NA,NA
"Durchschnittsalter","deutsch",2017,"24 Feldmoching - Hasenbergl",42.6,1775544,41637,NA,NA,NA,"Summe (Alter in Jahren * Hautwohnsitzbevölkerung im jeweiligen Altersjahr) (deutsch)","Hauptwohnsitzbevölkerung (deutsch)",NA,NA,NA
"Durchschnittsalter","deutsch",2017,"25 Laim",43.5,1766639,40587,NA,NA,NA,"Summe (Alter in Jahren * Hautwohnsitzbevölkerung im jeweiligen Altersjahr) (deutsch)","Hauptwohnsitzbevölkerung (deutsch)",NA,NA,NA
"Durchschnittsalter","deutsch",2016,"Stadt München",42.2,46633862,1105696,NA,NA,NA,"Summe (Alter in Jahren * Hautwohnsitzbevölkerung im jeweiligen Altersjahr) (deutsch)","Hauptwohnsitzbevölkerung (deutsch)",NA,NA,NA
"Durchschnittsalter","deutsch",2016,"01 Altstadt - Lehel",42.1,656457,15582,NA,NA,NA,"Summe (Alter in Jahren * Hautwohnsitzbevölkerung im jeweiligen Altersjahr) (deutsch)","Hauptwohnsitzbevölkerung (deutsch)",NA,NA,NA
"Durchschnittsalter","deutsch",2016,"02 Ludwigsvorstadt - Isarvorstadt",38.7,1431191,37003,NA,NA,NA,"Summe (Alter in Jahren * Hautwohnsitzbevölkerung im jeweiligen Altersjahr) (deutsch)","Hauptwohnsitzbevölkerung (deutsch)",NA,NA,NA
"Durchschnittsalter","deutsch",2016,"03 Maxvorstadt",38.8,1493977,38551,NA,NA,NA,"Summe (Alter in Jahren * Hautwohnsitzbevölkerung im jeweiligen Altersjahr) (deutsch)","Hauptwohnsitzbevölkerung (deutsch)",NA,NA,NA
"Durchschnittsalter","deutsch",2016,"04 Schwabing - West",41.3,2195780,53143,NA,NA,NA,"Summe (Alter in Jahren * Hautwohnsitzbevölkerung im jeweiligen Altersjahr) (deutsch)","Hauptwohnsitzbevölkerung (deutsch)",NA,NA,NA
"Durchschnittsalter","deutsch",2016,"05 Au - Haidhausen",39.9,1862370,46672,NA,NA,NA,"Summe (Alter in Jahren * Hautwohnsitzbevölkerung im jeweiligen Altersjahr) (deutsch)","Hauptwohnsitzbevölkerung (deutsch)",NA,NA,NA
"Durchschnittsalter","deutsch",2016,"06 Sendling",40.6,1211980,29884,NA,NA,NA,"Summe (Alter in Jahren * Hautwohnsitzbevölkerung im jeweiligen Altersjahr) (deutsch)","Hauptwohnsitzbevölkerung (deutsch)",NA,NA,NA
"Durchschnittsalter","deutsch",2016,"07 Sendling - Westpark",42.6,1794936,42148,NA,NA,NA,"Summe (Alter in Jahren * Hautwohnsitzbevölkerung im jeweiligen Altersjahr) (deutsch)","Hauptwohnsitzbevölkerung (deutsch)",NA,NA,NA
"Durchschnittsalter","deutsch",2016,"08 Schwanthalerhöhe",37.7,745144,19786,NA,NA,NA,"Summe (Alter in Jahren * Hautwohnsitzbevölkerung im jeweiligen Altersjahr) (deutsch)","Hauptwohnsitzbevölkerung (deutsch)",NA,NA,NA
"Durchschnittsalter","deutsch",2016,"09 Neuhausen - Nymphenburg",41.6,3108087,74660,NA,NA,NA,"Summe (Alter in Jahren * Hautwohnsitzbevölkerung im jeweiligen Altersjahr) (deutsch)","Hauptwohnsitzbevölkerung (deutsch)",NA,NA,NA
"Durchschnittsalter","deutsch",2016,"10 Moosach",42.7,1590643,37244,NA,NA,NA,"Summe (Alter in Jahren * Hautwohnsitzbevölkerung im jeweiligen Altersjahr) (deutsch)","Hauptwohnsitzbevölkerung (deutsch)",NA,NA,NA
"Durchschnittsalter","deutsch",2016,"11 Milbertshofen - Am Hart",40.6,1822044,44921,NA,NA,NA,"Summe (Alter in Jahren * Hautwohnsitzbevölkerung im jeweiligen Altersjahr) (deutsch)","Hauptwohnsitzbevölkerung (deutsch)",NA,NA,NA
"Durchschnittsalter","deutsch",2016,"12 Schwabing - Freimann",41,2214824,54012,NA,NA,NA,"Summe (Alter in Jahren * Hautwohnsitzbevölkerung im jeweiligen Altersjahr) (deutsch)","Hauptwohnsitzbevölkerung (deutsch)",NA,NA,NA
"Durchschnittsalter","deutsch",2016,"13 Bogenhausen",44.3,2908223,65711,NA,NA,NA,"Summe (Alter in Jahren * Hautwohnsitzbevölkerung im jeweiligen Altersjahr) (deutsch)","Hauptwohnsitzbevölkerung (deutsch)",NA,NA,NA
"Durchschnittsalter","deutsch",2016,"14 Berg am Laim",42.1,1314290,31243,NA,NA,NA,"Summe (Alter in Jahren * Hautwohnsitzbevölkerung im jeweiligen Altersjahr) (deutsch)","Hauptwohnsitzbevölkerung (deutsch)",NA,NA,NA
"Durchschnittsalter","deutsch",2016,"15 Trudering - Riem",40.4,2232543,55209,NA,NA,NA,"Summe (Alter in Jahren * Hautwohnsitzbevölkerung im jeweiligen Altersjahr) (deutsch)","Hauptwohnsitzbevölkerung (deutsch)",NA,NA,NA
"Durchschnittsalter","deutsch",2016,"16 Ramersdorf - Perlach",43.7,3313338,75796,NA,NA,NA,"Summe (Alter in Jahren * Hautwohnsitzbevölkerung im jeweiligen Altersjahr) (deutsch)","Hauptwohnsitzbevölkerung (deutsch)",NA,NA,NA
"Durchschnittsalter","deutsch",2016,"17 Obergiesing - Fasangarten",40.8,1528627,37512,NA,NA,NA,"Summe (Alter in Jahren * Hautwohnsitzbevölkerung im jeweiligen Altersjahr) (deutsch)","Hauptwohnsitzbevölkerung (deutsch)",NA,NA,NA
"Durchschnittsalter","deutsch",2016,"18 Untergiesing - Harlaching",43.8,1776159,40516,NA,NA,NA,"Summe (Alter in Jahren * Hautwohnsitzbevölkerung im jeweiligen Altersjahr) (deutsch)","Hauptwohnsitzbevölkerung (deutsch)",NA,NA,NA
"Durchschnittsalter","deutsch",2016,"19 Thalkirchen - Obersendling - Forstenried - Fürstenried - Solln",45.1,3160198,70073,NA,NA,NA,"Summe (Alter in Jahren * Hautwohnsitzbevölkerung im jeweiligen Altersjahr) (deutsch)","Hauptwohnsitzbevölkerung (deutsch)",NA,NA,NA
"Durchschnittsalter","deutsch",2016,"20 Hadern",44.9,1650327,36771,NA,NA,NA,"Summe (Alter in Jahren * Hautwohnsitzbevölkerung im jeweiligen Altersjahr) (deutsch)","Hauptwohnsitzbevölkerung (deutsch)",NA,NA,NA
"Durchschnittsalter","deutsch",2016,"21 Pasing - Obermenzing",43.2,2497098,57759,NA,NA,NA,"Summe (Alter in Jahren * Hautwohnsitzbevölkerung im jeweiligen Altersjahr) (deutsch)","Hauptwohnsitzbevölkerung (deutsch)",NA,NA,NA
"Durchschnittsalter","deutsch",2016,"22 Aubing - Lochhausen - Langwied",43.6,1462284,33553,NA,NA,NA,"Summe (Alter in Jahren * Hautwohnsitzbevölkerung im jeweiligen Altersjahr) (deutsch)","Hauptwohnsitzbevölkerung (deutsch)",NA,NA,NA
"Durchschnittsalter","deutsch",2016,"23 Allach - Untermenzing",43.3,1089446,25161,NA,NA,NA,"Summe (Alter in Jahren * Hautwohnsitzbevölkerung im jeweiligen Altersjahr) (deutsch)","Hauptwohnsitzbevölkerung (deutsch)",NA,NA,NA
"Durchschnittsalter","deutsch",2016,"24 Feldmoching - Hasenbergl",42.7,1792644,41957,NA,NA,NA,"Summe (Alter in Jahren * Hautwohnsitzbevölkerung im jeweiligen Altersjahr) (deutsch)","Hauptwohnsitzbevölkerung (deutsch)",NA,NA,NA
"Durchschnittsalter","deutsch",2016,"25 Laim",43.6,1781252,40829,NA,NA,NA,"Summe (Alter in Jahren * Hautwohnsitzbevölkerung im jeweiligen Altersjahr) (deutsch)","Hauptwohnsitzbevölkerung (deutsch)",NA,NA,NA
"Durchschnittsalter","deutsch",2015,"Stadt München",42.2,46499722,1102287,NA,NA,NA,"Summe (Alter in Jahren * Hautwohnsitzbevölkerung im jeweiligen Altersjahr) (deutsch)","Hauptwohnsitzbevölkerung (deutsch)",NA,NA,NA
"Durchschnittsalter","deutsch",2015,"01 Altstadt - Lehel",42.1,654656,15543,NA,NA,NA,"Summe (Alter in Jahren * Hautwohnsitzbevölkerung im jeweiligen Altersjahr) (deutsch)","Hauptwohnsitzbevölkerung (deutsch)",NA,NA,NA
"Durchschnittsalter","deutsch",2015,"02 Ludwigsvorstadt - Isarvorstadt",38.6,1425920,36911,NA,NA,NA,"Summe (Alter in Jahren * Hautwohnsitzbevölkerung im jeweiligen Altersjahr) (deutsch)","Hauptwohnsitzbevölkerung (deutsch)",NA,NA,NA
"Durchschnittsalter","deutsch",2015,"03 Maxvorstadt",38.7,1501526,38806,NA,NA,NA,"Summe (Alter in Jahren * Hautwohnsitzbevölkerung im jeweiligen Altersjahr) (deutsch)","Hauptwohnsitzbevölkerung (deutsch)",NA,NA,NA
"Durchschnittsalter","deutsch",2015,"04 Schwabing - West",41.3,2179230,52746,NA,NA,NA,"Summe (Alter in Jahren * Hautwohnsitzbevölkerung im jeweiligen Altersjahr) (deutsch)","Hauptwohnsitzbevölkerung (deutsch)",NA,NA,NA
"Durchschnittsalter","deutsch",2015,"05 Au - Haidhausen",39.8,1858235,46681,NA,NA,NA,"Summe (Alter in Jahren * Hautwohnsitzbevölkerung im jeweiligen Altersjahr) (deutsch)","Hauptwohnsitzbevölkerung (deutsch)",NA,NA,NA
"Durchschnittsalter","deutsch",2015,"06 Sendling",40.5,1204963,29737,NA,NA,NA,"Summe (Alter in Jahren * Hautwohnsitzbevölkerung im jeweiligen Altersjahr) (deutsch)","Hauptwohnsitzbevölkerung (deutsch)",NA,NA,NA
"Durchschnittsalter","deutsch",2015,"07 Sendling - Westpark",42.7,1784552,41773,NA,NA,NA,"Summe (Alter in Jahren * Hautwohnsitzbevölkerung im jeweiligen Altersjahr) (deutsch)","Hauptwohnsitzbevölkerung (deutsch)",NA,NA,NA
"Durchschnittsalter","deutsch",2015,"08 Schwanthalerhöhe",37.5,745088,19889,NA,NA,NA,"Summe (Alter in Jahren * Hautwohnsitzbevölkerung im jeweiligen Altersjahr) (deutsch)","Hauptwohnsitzbevölkerung (deutsch)",NA,NA,NA
"Durchschnittsalter","deutsch",2015,"09 Neuhausen - Nymphenburg",41.6,3100226,74438,NA,NA,NA,"Summe (Alter in Jahren * Hautwohnsitzbevölkerung im jeweiligen Altersjahr) (deutsch)","Hauptwohnsitzbevölkerung (deutsch)",NA,NA,NA
"Durchschnittsalter","deutsch",2015,"10 Moosach",42.8,1588427,37141,NA,NA,NA,"Summe (Alter in Jahren * Hautwohnsitzbevölkerung im jeweiligen Altersjahr) (deutsch)","Hauptwohnsitzbevölkerung (deutsch)",NA,NA,NA
"Durchschnittsalter","deutsch",2015,"11 Milbertshofen - Am Hart",40.5,1829280,45126,NA,NA,NA,"Summe (Alter in Jahren * Hautwohnsitzbevölkerung im jeweiligen Altersjahr) (deutsch)","Hauptwohnsitzbevölkerung (deutsch)",NA,NA,NA
"Durchschnittsalter","deutsch",2015,"12 Schwabing - Freimann",41.1,2175962,52952,NA,NA,NA,"Summe (Alter in Jahren * Hautwohnsitzbevölkerung im jeweiligen Altersjahr) (deutsch)","Hauptwohnsitzbevölkerung (deutsch)",NA,NA,NA
"Durchschnittsalter","deutsch",2015,"13 Bogenhausen",44.2,2904271,65690,NA,NA,NA,"Summe (Alter in Jahren * Hautwohnsitzbevölkerung im jeweiligen Altersjahr) (deutsch)","Hauptwohnsitzbevölkerung (deutsch)",NA,NA,NA
"Durchschnittsalter","deutsch",2015,"14 Berg am Laim",42.2,1309191,30991,NA,NA,NA,"Summe (Alter in Jahren * Hautwohnsitzbevölkerung im jeweiligen Altersjahr) (deutsch)","Hauptwohnsitzbevölkerung (deutsch)",NA,NA,NA
"Durchschnittsalter","deutsch",2015,"15 Trudering - Riem",40.3,2215368,54981,NA,NA,NA,"Summe (Alter in Jahren * Hautwohnsitzbevölkerung im jeweiligen Altersjahr) (deutsch)","Hauptwohnsitzbevölkerung (deutsch)",NA,NA,NA
"Durchschnittsalter","deutsch",2015,"16 Ramersdorf - Perlach",43.8,3313034,75573,NA,NA,NA,"Summe (Alter in Jahren * Hautwohnsitzbevölkerung im jeweiligen Altersjahr) (deutsch)","Hauptwohnsitzbevölkerung (deutsch)",NA,NA,NA
"Durchschnittsalter","deutsch",2015,"17 Obergiesing - Fasangarten",40.8,1532024,37579,NA,NA,NA,"Summe (Alter in Jahren * Hautwohnsitzbevölkerung im jeweiligen Altersjahr) (deutsch)","Hauptwohnsitzbevölkerung (deutsch)",NA,NA,NA
"Durchschnittsalter","deutsch",2015,"18 Untergiesing - Harlaching",43.9,1774370,40448,NA,NA,NA,"Summe (Alter in Jahren * Hautwohnsitzbevölkerung im jeweiligen Altersjahr) (deutsch)","Hauptwohnsitzbevölkerung (deutsch)",NA,NA,NA
"Durchschnittsalter","deutsch",2015,"19 Thalkirchen - Obersendling - Forstenried - Fürstenried - Solln",45.1,3162333,70138,NA,NA,NA,"Summe (Alter in Jahren * Hautwohnsitzbevölkerung im jeweiligen Altersjahr) (deutsch)","Hauptwohnsitzbevölkerung (deutsch)",NA,NA,NA
"Durchschnittsalter","deutsch",2015,"20 Hadern",44.7,1656912,37059,NA,NA,NA,"Summe (Alter in Jahren * Hautwohnsitzbevölkerung im jeweiligen Altersjahr) (deutsch)","Hauptwohnsitzbevölkerung (deutsch)",NA,NA,NA
"Durchschnittsalter","deutsch",2015,"21 Pasing - Obermenzing",43.2,2473699,57243,NA,NA,NA,"Summe (Alter in Jahren * Hautwohnsitzbevölkerung im jeweiligen Altersjahr) (deutsch)","Hauptwohnsitzbevölkerung (deutsch)",NA,NA,NA
"Durchschnittsalter","deutsch",2015,"22 Aubing - Lochhausen - Langwied",43.8,1447538,33042,NA,NA,NA,"Summe (Alter in Jahren * Hautwohnsitzbevölkerung im jeweiligen Altersjahr) (deutsch)","Hauptwohnsitzbevölkerung (deutsch)",NA,NA,NA
"Durchschnittsalter","deutsch",2015,"23 Allach - Untermenzing",43.2,1088501,25194,NA,NA,NA,"Summe (Alter in Jahren * Hautwohnsitzbevölkerung im jeweiligen Altersjahr) (deutsch)","Hauptwohnsitzbevölkerung (deutsch)",NA,NA,NA
"Durchschnittsalter","deutsch",2015,"24 Feldmoching - Hasenbergl",42.8,1795521,41991,NA,NA,NA,"Summe (Alter in Jahren * Hautwohnsitzbevölkerung im jeweiligen Altersjahr) (deutsch)","Hauptwohnsitzbevölkerung (deutsch)",NA,NA,NA
"Durchschnittsalter","deutsch",2015,"25 Laim",43.8,1778895,40615,NA,NA,NA,"Summe (Alter in Jahren * Hautwohnsitzbevölkerung im jeweiligen Altersjahr) (deutsch)","Hauptwohnsitzbevölkerung (deutsch)",NA,NA,NA
"Durchschnittsalter","deutsch",2014,"Stadt München",42.2,46323517,1097309,NA,NA,NA,"Summe (Alter in Jahren * Hautwohnsitzbevölkerung im jeweiligen Altersjahr) (deutsch)","Hauptwohnsitzbevölkerung (deutsch)",NA,NA,NA
"Durchschnittsalter","deutsch",2014,"01 Altstadt - Lehel",42.1,650534,15435,NA,NA,NA,"Summe (Alter in Jahren * Hautwohnsitzbevölkerung im jeweiligen Altersjahr) (deutsch)","Hauptwohnsitzbevölkerung (deutsch)",NA,NA,NA
"Durchschnittsalter","deutsch",2014,"02 Ludwigsvorstadt - Isarvorstadt",38.7,1409419,36399,NA,NA,NA,"Summe (Alter in Jahren * Hautwohnsitzbevölkerung im jeweiligen Altersjahr) (deutsch)","Hauptwohnsitzbevölkerung (deutsch)",NA,NA,NA
"Durchschnittsalter","deutsch",2014,"03 Maxvorstadt",38.7,1505715,38904,NA,NA,NA,"Summe (Alter in Jahren * Hautwohnsitzbevölkerung im jeweiligen Altersjahr) (deutsch)","Hauptwohnsitzbevölkerung (deutsch)",NA,NA,NA
"Durchschnittsalter","deutsch",2014,"04 Schwabing - West",41.5,2161587,52135,NA,NA,NA,"Summe (Alter in Jahren * Hautwohnsitzbevölkerung im jeweiligen Altersjahr) (deutsch)","Hauptwohnsitzbevölkerung (deutsch)",NA,NA,NA
"Durchschnittsalter","deutsch",2014,"05 Au - Haidhausen",39.8,1852397,46531,NA,NA,NA,"Summe (Alter in Jahren * Hautwohnsitzbevölkerung im jeweiligen Altersjahr) (deutsch)","Hauptwohnsitzbevölkerung (deutsch)",NA,NA,NA
"Durchschnittsalter","deutsch",2014,"06 Sendling",40.5,1198776,29612,NA,NA,NA,"Summe (Alter in Jahren * Hautwohnsitzbevölkerung im jeweiligen Altersjahr) (deutsch)","Hauptwohnsitzbevölkerung (deutsch)",NA,NA,NA
"Durchschnittsalter","deutsch",2014,"07 Sendling - Westpark",43,1767078,41131,NA,NA,NA,"Summe (Alter in Jahren * Hautwohnsitzbevölkerung im jeweiligen Altersjahr) (deutsch)","Hauptwohnsitzbevölkerung (deutsch)",NA,NA,NA
"Durchschnittsalter","deutsch",2014,"08 Schwanthalerhöhe",37.4,742029,19853,NA,NA,NA,"Summe (Alter in Jahren * Hautwohnsitzbevölkerung im jeweiligen Altersjahr) (deutsch)","Hauptwohnsitzbevölkerung (deutsch)",NA,NA,NA
"Durchschnittsalter","deutsch",2014,"09 Neuhausen - Nymphenburg",41.6,3088832,74212,NA,NA,NA,"Summe (Alter in Jahren * Hautwohnsitzbevölkerung im jeweiligen Altersjahr) (deutsch)","Hauptwohnsitzbevölkerung (deutsch)",NA,NA,NA
"Durchschnittsalter","deutsch",2014,"10 Moosach",42.8,1585626,37051,NA,NA,NA,"Summe (Alter in Jahren * Hautwohnsitzbevölkerung im jeweiligen Altersjahr) (deutsch)","Hauptwohnsitzbevölkerung (deutsch)",NA,NA,NA
"Durchschnittsalter","deutsch",2014,"11 Milbertshofen - Am Hart",40.5,1838445,45414,NA,NA,NA,"Summe (Alter in Jahren * Hautwohnsitzbevölkerung im jeweiligen Altersjahr) (deutsch)","Hauptwohnsitzbevölkerung (deutsch)",NA,NA,NA
"Durchschnittsalter","deutsch",2014,"12 Schwabing - Freimann",41.3,2156968,52194,NA,NA,NA,"Summe (Alter in Jahren * Hautwohnsitzbevölkerung im jeweiligen Altersjahr) (deutsch)","Hauptwohnsitzbevölkerung (deutsch)",NA,NA,NA
"Durchschnittsalter","deutsch",2014,"13 Bogenhausen",44.1,2896533,65614,NA,NA,NA,"Summe (Alter in Jahren * Hautwohnsitzbevölkerung im jeweiligen Altersjahr) (deutsch)","Hauptwohnsitzbevölkerung (deutsch)",NA,NA,NA
"Durchschnittsalter","deutsch",2014,"14 Berg am Laim",42.3,1306727,30881,NA,NA,NA,"Summe (Alter in Jahren * Hautwohnsitzbevölkerung im jeweiligen Altersjahr) (deutsch)","Hauptwohnsitzbevölkerung (deutsch)",NA,NA,NA
"Durchschnittsalter","deutsch",2014,"15 Trudering - Riem",40.2,2181159,54316,NA,NA,NA,"Summe (Alter in Jahren * Hautwohnsitzbevölkerung im jeweiligen Altersjahr) (deutsch)","Hauptwohnsitzbevölkerung (deutsch)",NA,NA,NA
"Durchschnittsalter","deutsch",2014,"16 Ramersdorf - Perlach",43.8,3305982,75400,NA,NA,NA,"Summe (Alter in Jahren * Hautwohnsitzbevölkerung im jeweiligen Altersjahr) (deutsch)","Hauptwohnsitzbevölkerung (deutsch)",NA,NA,NA
"Durchschnittsalter","deutsch",2014,"17 Obergiesing - Fasangarten",41,1512101,36885,NA,NA,NA,"Summe (Alter in Jahren * Hautwohnsitzbevölkerung im jeweiligen Altersjahr) (deutsch)","Hauptwohnsitzbevölkerung (deutsch)",NA,NA,NA
"Durchschnittsalter","deutsch",2014,"18 Untergiesing - Harlaching",43.7,1776551,40613,NA,NA,NA,"Summe (Alter in Jahren * Hautwohnsitzbevölkerung im jeweiligen Altersjahr) (deutsch)","Hauptwohnsitzbevölkerung (deutsch)",NA,NA,NA
"Durchschnittsalter","deutsch",2014,"19 Thalkirchen - Obersendling - Forstenried - Fürstenried - Solln",45.1,3143728,69635,NA,NA,NA,"Summe (Alter in Jahren * Hautwohnsitzbevölkerung im jeweiligen Altersjahr) (deutsch)","Hauptwohnsitzbevölkerung (deutsch)",NA,NA,NA
"Durchschnittsalter","deutsch",2014,"20 Hadern",44.6,1664717,37287,NA,NA,NA,"Summe (Alter in Jahren * Hautwohnsitzbevölkerung im jeweiligen Altersjahr) (deutsch)","Hauptwohnsitzbevölkerung (deutsch)",NA,NA,NA
"Durchschnittsalter","deutsch",2014,"21 Pasing - Obermenzing",43.1,2464603,57126,NA,NA,NA,"Summe (Alter in Jahren * Hautwohnsitzbevölkerung im jeweiligen Altersjahr) (deutsch)","Hauptwohnsitzbevölkerung (deutsch)",NA,NA,NA
"Durchschnittsalter","deutsch",2014,"22 Aubing - Lochhausen - Langwied",44,1446194,32863,NA,NA,NA,"Summe (Alter in Jahren * Hautwohnsitzbevölkerung im jeweiligen Altersjahr) (deutsch)","Hauptwohnsitzbevölkerung (deutsch)",NA,NA,NA
"Durchschnittsalter","deutsch",2014,"23 Allach - Untermenzing",43.1,1088473,25237,NA,NA,NA,"Summe (Alter in Jahren * Hautwohnsitzbevölkerung im jeweiligen Altersjahr) (deutsch)","Hauptwohnsitzbevölkerung (deutsch)",NA,NA,NA
"Durchschnittsalter","deutsch",2014,"24 Feldmoching - Hasenbergl",42.9,1796395,41915,NA,NA,NA,"Summe (Alter in Jahren * Hautwohnsitzbevölkerung im jeweiligen Altersjahr) (deutsch)","Hauptwohnsitzbevölkerung (deutsch)",NA,NA,NA
"Durchschnittsalter","deutsch",2014,"25 Laim",43.8,1782932,40665,NA,NA,NA,"Summe (Alter in Jahren * Hautwohnsitzbevölkerung im jeweiligen Altersjahr) (deutsch)","Hauptwohnsitzbevölkerung (deutsch)",NA,NA,NA
"Durchschnittsalter","deutsch",2013,"Stadt München",42.2,46109674,1092161,NA,NA,NA,"Summe (Alter in Jahren * Hautwohnsitzbevölkerung im jeweiligen Altersjahr) (deutsch)","Hauptwohnsitzbevölkerung (deutsch)",NA,NA,NA
"Durchschnittsalter","deutsch",2013,"01 Altstadt - Lehel",42.2,649187,15369,NA,NA,NA,"Summe (Alter in Jahren * Hautwohnsitzbevölkerung im jeweiligen Altersjahr) (deutsch)","Hauptwohnsitzbevölkerung (deutsch)",NA,NA,NA
"Durchschnittsalter","deutsch",2013,"02 Ludwigsvorstadt - Isarvorstadt",38.7,1403073,36274,NA,NA,NA,"Summe (Alter in Jahren * Hautwohnsitzbevölkerung im jeweiligen Altersjahr) (deutsch)","Hauptwohnsitzbevölkerung (deutsch)",NA,NA,NA
"Durchschnittsalter","deutsch",2013,"03 Maxvorstadt",38.7,1498980,38764,NA,NA,NA,"Summe (Alter in Jahren * Hautwohnsitzbevölkerung im jeweiligen Altersjahr) (deutsch)","Hauptwohnsitzbevölkerung (deutsch)",NA,NA,NA
"Durchschnittsalter","deutsch",2013,"04 Schwabing - West",41.6,2152376,51777,NA,NA,NA,"Summe (Alter in Jahren * Hautwohnsitzbevölkerung im jeweiligen Altersjahr) (deutsch)","Hauptwohnsitzbevölkerung (deutsch)",NA,NA,NA
"Durchschnittsalter","deutsch",2013,"05 Au - Haidhausen",39.8,1835002,46123,NA,NA,NA,"Summe (Alter in Jahren * Hautwohnsitzbevölkerung im jeweiligen Altersjahr) (deutsch)","Hauptwohnsitzbevölkerung (deutsch)",NA,NA,NA
"Durchschnittsalter","deutsch",2013,"06 Sendling",40.4,1194632,29567,NA,NA,NA,"Summe (Alter in Jahren * Hautwohnsitzbevölkerung im jeweiligen Altersjahr) (deutsch)","Hauptwohnsitzbevölkerung (deutsch)",NA,NA,NA
"Durchschnittsalter","deutsch",2013,"07 Sendling - Westpark",43.1,1763616,40960,NA,NA,NA,"Summe (Alter in Jahren * Hautwohnsitzbevölkerung im jeweiligen Altersjahr) (deutsch)","Hauptwohnsitzbevölkerung (deutsch)",NA,NA,NA
"Durchschnittsalter","deutsch",2013,"08 Schwanthalerhöhe",37.4,735395,19689,NA,NA,NA,"Summe (Alter in Jahren * Hautwohnsitzbevölkerung im jeweiligen Altersjahr) (deutsch)","Hauptwohnsitzbevölkerung (deutsch)",NA,NA,NA
"Durchschnittsalter","deutsch",2013,"09 Neuhausen - Nymphenburg",41.6,3070329,73823,NA,NA,NA,"Summe (Alter in Jahren * Hautwohnsitzbevölkerung im jeweiligen Altersjahr) (deutsch)","Hauptwohnsitzbevölkerung (deutsch)",NA,NA,NA
"Durchschnittsalter","deutsch",2013,"10 Moosach",43,1577932,36732,NA,NA,NA,"Summe (Alter in Jahren * Hautwohnsitzbevölkerung im jeweiligen Altersjahr) (deutsch)","Hauptwohnsitzbevölkerung (deutsch)",NA,NA,NA
"Durchschnittsalter","deutsch",2013,"11 Milbertshofen - Am Hart",40.6,1840138,45374,NA,NA,NA,"Summe (Alter in Jahren * Hautwohnsitzbevölkerung im jeweiligen Altersjahr) (deutsch)","Hauptwohnsitzbevölkerung (deutsch)",NA,NA,NA
"Durchschnittsalter","deutsch",2013,"12 Schwabing - Freimann",41.3,2146707,51989,NA,NA,NA,"Summe (Alter in Jahren * Hautwohnsitzbevölkerung im jeweiligen Altersjahr) (deutsch)","Hauptwohnsitzbevölkerung (deutsch)",NA,NA,NA
"Durchschnittsalter","deutsch",2013,"13 Bogenhausen",44.2,2874447,65012,NA,NA,NA,"Summe (Alter in Jahren * Hautwohnsitzbevölkerung im jeweiligen Altersjahr) (deutsch)","Hauptwohnsitzbevölkerung (deutsch)",NA,NA,NA
"Durchschnittsalter","deutsch",2013,"14 Berg am Laim",42.4,1300002,30635,NA,NA,NA,"Summe (Alter in Jahren * Hautwohnsitzbevölkerung im jeweiligen Altersjahr) (deutsch)","Hauptwohnsitzbevölkerung (deutsch)",NA,NA,NA
"Durchschnittsalter","deutsch",2013,"15 Trudering - Riem",40,2158491,53986,NA,NA,NA,"Summe (Alter in Jahren * Hautwohnsitzbevölkerung im jeweiligen Altersjahr) (deutsch)","Hauptwohnsitzbevölkerung (deutsch)",NA,NA,NA
"Durchschnittsalter","deutsch",2013,"16 Ramersdorf - Perlach",43.9,3304049,75298,NA,NA,NA,"Summe (Alter in Jahren * Hautwohnsitzbevölkerung im jeweiligen Altersjahr) (deutsch)","Hauptwohnsitzbevölkerung (deutsch)",NA,NA,NA
"Durchschnittsalter","deutsch",2013,"17 Obergiesing - Fasangarten",41.1,1497418,36452,NA,NA,NA,"Summe (Alter in Jahren * Hautwohnsitzbevölkerung im jeweiligen Altersjahr) (deutsch)","Hauptwohnsitzbevölkerung (deutsch)",NA,NA,NA
"Durchschnittsalter","deutsch",2013,"18 Untergiesing - Harlaching",43.7,1771911,40537,NA,NA,NA,"Summe (Alter in Jahren * Hautwohnsitzbevölkerung im jeweiligen Altersjahr) (deutsch)","Hauptwohnsitzbevölkerung (deutsch)",NA,NA,NA
"Durchschnittsalter","deutsch",2013,"19 Thalkirchen - Obersendling - Forstenried - Fürstenried - Solln",45.2,3126741,69148,NA,NA,NA,"Summe (Alter in Jahren * Hautwohnsitzbevölkerung im jeweiligen Altersjahr) (deutsch)","Hauptwohnsitzbevölkerung (deutsch)",NA,NA,NA
"Durchschnittsalter","deutsch",2013,"20 Hadern",44.6,1658771,37230,NA,NA,NA,"Summe (Alter in Jahren * Hautwohnsitzbevölkerung im jeweiligen Altersjahr) (deutsch)","Hauptwohnsitzbevölkerung (deutsch)",NA,NA,NA
"Durchschnittsalter","deutsch",2013,"21 Pasing - Obermenzing",43,2449541,56961,NA,NA,NA,"Summe (Alter in Jahren * Hautwohnsitzbevölkerung im jeweiligen Altersjahr) (deutsch)","Hauptwohnsitzbevölkerung (deutsch)",NA,NA,NA
"Durchschnittsalter","deutsch",2013,"22 Aubing - Lochhausen - Langwied",43.9,1442674,32870,NA,NA,NA,"Summe (Alter in Jahren * Hautwohnsitzbevölkerung im jeweiligen Altersjahr) (deutsch)","Hauptwohnsitzbevölkerung (deutsch)",NA,NA,NA
"Durchschnittsalter","deutsch",2013,"23 Allach - Untermenzing",43.1,1081774,25084,NA,NA,NA,"Summe (Alter in Jahren * Hautwohnsitzbevölkerung im jeweiligen Altersjahr) (deutsch)","Hauptwohnsitzbevölkerung (deutsch)",NA,NA,NA
"Durchschnittsalter","deutsch",2013,"24 Feldmoching - Hasenbergl",42.9,1795562,41869,NA,NA,NA,"Summe (Alter in Jahren * Hautwohnsitzbevölkerung im jeweiligen Altersjahr) (deutsch)","Hauptwohnsitzbevölkerung (deutsch)",NA,NA,NA
"Durchschnittsalter","deutsch",2013,"25 Laim",43.8,1780926,40638,NA,NA,NA,"Summe (Alter in Jahren * Hautwohnsitzbevölkerung im jeweiligen Altersjahr) (deutsch)","Hauptwohnsitzbevölkerung (deutsch)",NA,NA,NA
"Durchschnittsalter","deutsch",2012,"Stadt München",42.2,45852332,1085658,NA,NA,NA,"Summe (Alter in Jahren * Hautwohnsitzbevölkerung im jeweiligen Altersjahr) (deutsch)","Hauptwohnsitzbevölkerung (deutsch)",NA,NA,NA
"Durchschnittsalter","deutsch",2012,"01 Altstadt - Lehel",42.3,647511,15319,NA,NA,NA,"Summe (Alter in Jahren * Hautwohnsitzbevölkerung im jeweiligen Altersjahr) (deutsch)","Hauptwohnsitzbevölkerung (deutsch)",NA,NA,NA
"Durchschnittsalter","deutsch",2012,"02 Ludwigsvorstadt - Isarvorstadt",38.6,1392637,36053,NA,NA,NA,"Summe (Alter in Jahren * Hautwohnsitzbevölkerung im jeweiligen Altersjahr) (deutsch)","Hauptwohnsitzbevölkerung (deutsch)",NA,NA,NA
"Durchschnittsalter","deutsch",2012,"03 Maxvorstadt",38.7,1495246,38652,NA,NA,NA,"Summe (Alter in Jahren * Hautwohnsitzbevölkerung im jeweiligen Altersjahr) (deutsch)","Hauptwohnsitzbevölkerung (deutsch)",NA,NA,NA
"Durchschnittsalter","deutsch",2012,"04 Schwabing - West",41.6,2133610,51306,NA,NA,NA,"Summe (Alter in Jahren * Hautwohnsitzbevölkerung im jeweiligen Altersjahr) (deutsch)","Hauptwohnsitzbevölkerung (deutsch)",NA,NA,NA
"Durchschnittsalter","deutsch",2012,"05 Au - Haidhausen",39.8,1824108,45832,NA,NA,NA,"Summe (Alter in Jahren * Hautwohnsitzbevölkerung im jeweiligen Altersjahr) (deutsch)","Hauptwohnsitzbevölkerung (deutsch)",NA,NA,NA
"Durchschnittsalter","deutsch",2012,"06 Sendling",40.4,1190345,29479,NA,NA,NA,"Summe (Alter in Jahren * Hautwohnsitzbevölkerung im jeweiligen Altersjahr) (deutsch)","Hauptwohnsitzbevölkerung (deutsch)",NA,NA,NA
"Durchschnittsalter","deutsch",2012,"07 Sendling - Westpark",43.2,1757726,40723,NA,NA,NA,"Summe (Alter in Jahren * Hautwohnsitzbevölkerung im jeweiligen Altersjahr) (deutsch)","Hauptwohnsitzbevölkerung (deutsch)",NA,NA,NA
"Durchschnittsalter","deutsch",2012,"08 Schwanthalerhöhe",37.4,731972,19588,NA,NA,NA,"Summe (Alter in Jahren * Hautwohnsitzbevölkerung im jeweiligen Altersjahr) (deutsch)","Hauptwohnsitzbevölkerung (deutsch)",NA,NA,NA
"Durchschnittsalter","deutsch",2012,"09 Neuhausen - Nymphenburg",41.7,3050141,73131,NA,NA,NA,"Summe (Alter in Jahren * Hautwohnsitzbevölkerung im jeweiligen Altersjahr) (deutsch)","Hauptwohnsitzbevölkerung (deutsch)",NA,NA,NA
"Durchschnittsalter","deutsch",2012,"10 Moosach",43.1,1561333,36215,NA,NA,NA,"Summe (Alter in Jahren * Hautwohnsitzbevölkerung im jeweiligen Altersjahr) (deutsch)","Hauptwohnsitzbevölkerung (deutsch)",NA,NA,NA
"Durchschnittsalter","deutsch",2012,"11 Milbertshofen - Am Hart",40.6,1838534,45309,NA,NA,NA,"Summe (Alter in Jahren * Hautwohnsitzbevölkerung im jeweiligen Altersjahr) (deutsch)","Hauptwohnsitzbevölkerung (deutsch)",NA,NA,NA
"Durchschnittsalter","deutsch",2012,"12 Schwabing - Freimann",41.1,2134281,51925,NA,NA,NA,"Summe (Alter in Jahren * Hautwohnsitzbevölkerung im jeweiligen Altersjahr) (deutsch)","Hauptwohnsitzbevölkerung (deutsch)",NA,NA,NA
"Durchschnittsalter","deutsch",2012,"13 Bogenhausen",44.2,2856607,64650,NA,NA,NA,"Summe (Alter in Jahren * Hautwohnsitzbevölkerung im jeweiligen Altersjahr) (deutsch)","Hauptwohnsitzbevölkerung (deutsch)",NA,NA,NA
"Durchschnittsalter","deutsch",2012,"14 Berg am Laim",42.6,1294877,30377,NA,NA,NA,"Summe (Alter in Jahren * Hautwohnsitzbevölkerung im jeweiligen Altersjahr) (deutsch)","Hauptwohnsitzbevölkerung (deutsch)",NA,NA,NA
"Durchschnittsalter","deutsch",2012,"15 Trudering - Riem",39.8,2124159,53403,NA,NA,NA,"Summe (Alter in Jahren * Hautwohnsitzbevölkerung im jeweiligen Altersjahr) (deutsch)","Hauptwohnsitzbevölkerung (deutsch)",NA,NA,NA
"Durchschnittsalter","deutsch",2012,"16 Ramersdorf - Perlach",43.8,3305160,75386,NA,NA,NA,"Summe (Alter in Jahren * Hautwohnsitzbevölkerung im jeweiligen Altersjahr) (deutsch)","Hauptwohnsitzbevölkerung (deutsch)",NA,NA,NA
"Durchschnittsalter","deutsch",2012,"17 Obergiesing - Fasangarten",41.2,1493763,36274,NA,NA,NA,"Summe (Alter in Jahren * Hautwohnsitzbevölkerung im jeweiligen Altersjahr) (deutsch)","Hauptwohnsitzbevölkerung (deutsch)",NA,NA,NA
"Durchschnittsalter","deutsch",2012,"18 Untergiesing - Harlaching",43.8,1774505,40531,NA,NA,NA,"Summe (Alter in Jahren * Hautwohnsitzbevölkerung im jeweiligen Altersjahr) (deutsch)","Hauptwohnsitzbevölkerung (deutsch)",NA,NA,NA
"Durchschnittsalter","deutsch",2012,"19 Thalkirchen - Obersendling - Forstenried - Fürstenried - Solln",45.3,3099997,68376,NA,NA,NA,"Summe (Alter in Jahren * Hautwohnsitzbevölkerung im jeweiligen Altersjahr) (deutsch)","Hauptwohnsitzbevölkerung (deutsch)",NA,NA,NA
"Durchschnittsalter","deutsch",2012,"20 Hadern",44.5,1648751,37035,NA,NA,NA,"Summe (Alter in Jahren * Hautwohnsitzbevölkerung im jeweiligen Altersjahr) (deutsch)","Hauptwohnsitzbevölkerung (deutsch)",NA,NA,NA
"Durchschnittsalter","deutsch",2012,"21 Pasing - Obermenzing",43,2425690,56413,NA,NA,NA,"Summe (Alter in Jahren * Hautwohnsitzbevölkerung im jeweiligen Altersjahr) (deutsch)","Hauptwohnsitzbevölkerung (deutsch)",NA,NA,NA
"Durchschnittsalter","deutsch",2012,"22 Aubing - Lochhausen - Langwied",44,1420884,32310,NA,NA,NA,"Summe (Alter in Jahren * Hautwohnsitzbevölkerung im jeweiligen Altersjahr) (deutsch)","Hauptwohnsitzbevölkerung (deutsch)",NA,NA,NA
"Durchschnittsalter","deutsch",2012,"23 Allach - Untermenzing",43,1075358,24997,NA,NA,NA,"Summe (Alter in Jahren * Hautwohnsitzbevölkerung im jeweiligen Altersjahr) (deutsch)","Hauptwohnsitzbevölkerung (deutsch)",NA,NA,NA
"Durchschnittsalter","deutsch",2012,"24 Feldmoching - Hasenbergl",43,1790821,41689,NA,NA,NA,"Summe (Alter in Jahren * Hautwohnsitzbevölkerung im jeweiligen Altersjahr) (deutsch)","Hauptwohnsitzbevölkerung (deutsch)",NA,NA,NA
"Durchschnittsalter","deutsch",2012,"25 Laim",43.9,1784249,40684,NA,NA,NA,"Summe (Alter in Jahren * Hautwohnsitzbevölkerung im jeweiligen Altersjahr) (deutsch)","Hauptwohnsitzbevölkerung (deutsch)",NA,NA,NA
"Durchschnittsalter","deutsch",2011,"Stadt München",42.3,45486549,1076006,NA,NA,NA,"Summe (Alter in Jahren * Hautwohnsitzbevölkerung im jeweiligen Altersjahr) (deutsch)","Hauptwohnsitzbevölkerung (deutsch)",NA,NA,NA
"Durchschnittsalter","deutsch",2011,"01 Altstadt - Lehel",42.2,647711,15351,NA,NA,NA,"Summe (Alter in Jahren * Hautwohnsitzbevölkerung im jeweiligen Altersjahr) (deutsch)","Hauptwohnsitzbevölkerung (deutsch)",NA,NA,NA
"Durchschnittsalter","deutsch",2011,"02 Ludwigsvorstadt - Isarvorstadt",38.7,1377444,35617,NA,NA,NA,"Summe (Alter in Jahren * Hautwohnsitzbevölkerung im jeweiligen Altersjahr) (deutsch)","Hauptwohnsitzbevölkerung (deutsch)",NA,NA,NA
"Durchschnittsalter","deutsch",2011,"03 Maxvorstadt",38.8,1478319,38142,NA,NA,NA,"Summe (Alter in Jahren * Hautwohnsitzbevölkerung im jeweiligen Altersjahr) (deutsch)","Hauptwohnsitzbevölkerung (deutsch)",NA,NA,NA
"Durchschnittsalter","deutsch",2011,"04 Schwabing - West",41.7,2116189,50762,NA,NA,NA,"Summe (Alter in Jahren * Hautwohnsitzbevölkerung im jeweiligen Altersjahr) (deutsch)","Hauptwohnsitzbevölkerung (deutsch)",NA,NA,NA
"Durchschnittsalter","deutsch",2011,"05 Au - Haidhausen",40,1795345,44874,NA,NA,NA,"Summe (Alter in Jahren * Hautwohnsitzbevölkerung im jeweiligen Altersjahr) (deutsch)","Hauptwohnsitzbevölkerung (deutsch)",NA,NA,NA
"Durchschnittsalter","deutsch",2011,"06 Sendling",40.4,1183866,29324,NA,NA,NA,"Summe (Alter in Jahren * Hautwohnsitzbevölkerung im jeweiligen Altersjahr) (deutsch)","Hauptwohnsitzbevölkerung (deutsch)",NA,NA,NA
"Durchschnittsalter","deutsch",2011,"07 Sendling - Westpark",43.3,1749445,40364,NA,NA,NA,"Summe (Alter in Jahren * Hautwohnsitzbevölkerung im jeweiligen Altersjahr) (deutsch)","Hauptwohnsitzbevölkerung (deutsch)",NA,NA,NA
"Durchschnittsalter","deutsch",2011,"08 Schwanthalerhöhe",37.5,714726,19075,NA,NA,NA,"Summe (Alter in Jahren * Hautwohnsitzbevölkerung im jeweiligen Altersjahr) (deutsch)","Hauptwohnsitzbevölkerung (deutsch)",NA,NA,NA
"Durchschnittsalter","deutsch",2011,"09 Neuhausen - Nymphenburg",41.8,3018532,72291,NA,NA,NA,"Summe (Alter in Jahren * Hautwohnsitzbevölkerung im jeweiligen Altersjahr) (deutsch)","Hauptwohnsitzbevölkerung (deutsch)",NA,NA,NA
"Durchschnittsalter","deutsch",2011,"10 Moosach",43.1,1548870,35966,NA,NA,NA,"Summe (Alter in Jahren * Hautwohnsitzbevölkerung im jeweiligen Altersjahr) (deutsch)","Hauptwohnsitzbevölkerung (deutsch)",NA,NA,NA
"Durchschnittsalter","deutsch",2011,"11 Milbertshofen - Am Hart",40.7,1829930,44953,NA,NA,NA,"Summe (Alter in Jahren * Hautwohnsitzbevölkerung im jeweiligen Altersjahr) (deutsch)","Hauptwohnsitzbevölkerung (deutsch)",NA,NA,NA
"Durchschnittsalter","deutsch",2011,"12 Schwabing - Freimann",41.1,2105877,51185,NA,NA,NA,"Summe (Alter in Jahren * Hautwohnsitzbevölkerung im jeweiligen Altersjahr) (deutsch)","Hauptwohnsitzbevölkerung (deutsch)",NA,NA,NA
"Durchschnittsalter","deutsch",2011,"13 Bogenhausen",44,2830454,64262,NA,NA,NA,"Summe (Alter in Jahren * Hautwohnsitzbevölkerung im jeweiligen Altersjahr) (deutsch)","Hauptwohnsitzbevölkerung (deutsch)",NA,NA,NA
"Durchschnittsalter","deutsch",2011,"14 Berg am Laim",42.8,1281911,29984,NA,NA,NA,"Summe (Alter in Jahren * Hautwohnsitzbevölkerung im jeweiligen Altersjahr) (deutsch)","Hauptwohnsitzbevölkerung (deutsch)",NA,NA,NA
"Durchschnittsalter","deutsch",2011,"15 Trudering - Riem",39.5,2088470,52810,NA,NA,NA,"Summe (Alter in Jahren * Hautwohnsitzbevölkerung im jeweiligen Altersjahr) (deutsch)","Hauptwohnsitzbevölkerung (deutsch)",NA,NA,NA
"Durchschnittsalter","deutsch",2011,"16 Ramersdorf - Perlach",43.8,3300153,75406,NA,NA,NA,"Summe (Alter in Jahren * Hautwohnsitzbevölkerung im jeweiligen Altersjahr) (deutsch)","Hauptwohnsitzbevölkerung (deutsch)",NA,NA,NA
"Durchschnittsalter","deutsch",2011,"17 Obergiesing - Fasangarten",41.3,1491614,36147,NA,NA,NA,"Summe (Alter in Jahren * Hautwohnsitzbevölkerung im jeweiligen Altersjahr) (deutsch)","Hauptwohnsitzbevölkerung (deutsch)",NA,NA,NA
"Durchschnittsalter","deutsch",2011,"18 Untergiesing - Harlaching",43.8,1765011,40276,NA,NA,NA,"Summe (Alter in Jahren * Hautwohnsitzbevölkerung im jeweiligen Altersjahr) (deutsch)","Hauptwohnsitzbevölkerung (deutsch)",NA,NA,NA
"Durchschnittsalter","deutsch",2011,"19 Thalkirchen - Obersendling - Forstenried - Fürstenried - Solln",45.5,3075548,67624,NA,NA,NA,"Summe (Alter in Jahren * Hautwohnsitzbevölkerung im jeweiligen Altersjahr) (deutsch)","Hauptwohnsitzbevölkerung (deutsch)",NA,NA,NA
"Durchschnittsalter","deutsch",2011,"20 Hadern",44.4,1645797,37040,NA,NA,NA,"Summe (Alter in Jahren * Hautwohnsitzbevölkerung im jeweiligen Altersjahr) (deutsch)","Hauptwohnsitzbevölkerung (deutsch)",NA,NA,NA
"Durchschnittsalter","deutsch",2011,"21 Pasing - Obermenzing",43,2401169,55864,NA,NA,NA,"Summe (Alter in Jahren * Hautwohnsitzbevölkerung im jeweiligen Altersjahr) (deutsch)","Hauptwohnsitzbevölkerung (deutsch)",NA,NA,NA
"Durchschnittsalter","deutsch",2011,"22 Aubing - Lochhausen - Langwied",44.2,1400711,31711,NA,NA,NA,"Summe (Alter in Jahren * Hautwohnsitzbevölkerung im jeweiligen Altersjahr) (deutsch)","Hauptwohnsitzbevölkerung (deutsch)",NA,NA,NA
"Durchschnittsalter","deutsch",2011,"23 Allach - Untermenzing",43,1065807,24760,NA,NA,NA,"Summe (Alter in Jahren * Hautwohnsitzbevölkerung im jeweiligen Altersjahr) (deutsch)","Hauptwohnsitzbevölkerung (deutsch)",NA,NA,NA
"Durchschnittsalter","deutsch",2011,"24 Feldmoching - Hasenbergl",43,1786302,41494,NA,NA,NA,"Summe (Alter in Jahren * Hautwohnsitzbevölkerung im jeweiligen Altersjahr) (deutsch)","Hauptwohnsitzbevölkerung (deutsch)",NA,NA,NA
"Durchschnittsalter","deutsch",2011,"25 Laim",43.9,1787348,40724,NA,NA,NA,"Summe (Alter in Jahren * Hautwohnsitzbevölkerung im jeweiligen Altersjahr) (deutsch)","Hauptwohnsitzbevölkerung (deutsch)",NA,NA,NA
"Durchschnittsalter","deutsch",2010,"Stadt München",42.4,45106309,1064819,NA,NA,NA,"Summe (Alter in Jahren * Hautwohnsitzbevölkerung im jeweiligen Altersjahr) (deutsch)","Hauptwohnsitzbevölkerung (deutsch)",NA,NA,NA
"Durchschnittsalter","deutsch",2010,"01 Altstadt - Lehel",42.3,642145,15168,NA,NA,NA,"Summe (Alter in Jahren * Hautwohnsitzbevölkerung im jeweiligen Altersjahr) (deutsch)","Hauptwohnsitzbevölkerung (deutsch)",NA,NA,NA
"Durchschnittsalter","deutsch",2010,"02 Ludwigsvorstadt - Isarvorstadt",38.9,1363810,35102,NA,NA,NA,"Summe (Alter in Jahren * Hautwohnsitzbevölkerung im jeweiligen Altersjahr) (deutsch)","Hauptwohnsitzbevölkerung (deutsch)",NA,NA,NA
"Durchschnittsalter","deutsch",2010,"03 Maxvorstadt",38.8,1473028,38010,NA,NA,NA,"Summe (Alter in Jahren * Hautwohnsitzbevölkerung im jeweiligen Altersjahr) (deutsch)","Hauptwohnsitzbevölkerung (deutsch)",NA,NA,NA
"Durchschnittsalter","deutsch",2010,"04 Schwabing - West",41.8,2106297,50375,NA,NA,NA,"Summe (Alter in Jahren * Hautwohnsitzbevölkerung im jeweiligen Altersjahr) (deutsch)","Hauptwohnsitzbevölkerung (deutsch)",NA,NA,NA
"Durchschnittsalter","deutsch",2010,"05 Au - Haidhausen",40.1,1778465,44354,NA,NA,NA,"Summe (Alter in Jahren * Hautwohnsitzbevölkerung im jeweiligen Altersjahr) (deutsch)","Hauptwohnsitzbevölkerung (deutsch)",NA,NA,NA
"Durchschnittsalter","deutsch",2010,"06 Sendling",40.3,1177620,29223,NA,NA,NA,"Summe (Alter in Jahren * Hautwohnsitzbevölkerung im jeweiligen Altersjahr) (deutsch)","Hauptwohnsitzbevölkerung (deutsch)",NA,NA,NA
"Durchschnittsalter","deutsch",2010,"07 Sendling - Westpark",43.4,1749794,40275,NA,NA,NA,"Summe (Alter in Jahren * Hautwohnsitzbevölkerung im jeweiligen Altersjahr) (deutsch)","Hauptwohnsitzbevölkerung (deutsch)",NA,NA,NA
"Durchschnittsalter","deutsch",2010,"08 Schwanthalerhöhe",37.6,704384,18718,NA,NA,NA,"Summe (Alter in Jahren * Hautwohnsitzbevölkerung im jeweiligen Altersjahr) (deutsch)","Hauptwohnsitzbevölkerung (deutsch)",NA,NA,NA
"Durchschnittsalter","deutsch",2010,"09 Neuhausen - Nymphenburg",42,2972276,70822,NA,NA,NA,"Summe (Alter in Jahren * Hautwohnsitzbevölkerung im jeweiligen Altersjahr) (deutsch)","Hauptwohnsitzbevölkerung (deutsch)",NA,NA,NA
"Durchschnittsalter","deutsch",2010,"10 Moosach",43,1541954,35854,NA,NA,NA,"Summe (Alter in Jahren * Hautwohnsitzbevölkerung im jeweiligen Altersjahr) (deutsch)","Hauptwohnsitzbevölkerung (deutsch)",NA,NA,NA
"Durchschnittsalter","deutsch",2010,"11 Milbertshofen - Am Hart",40.8,1819584,44597,NA,NA,NA,"Summe (Alter in Jahren * Hautwohnsitzbevölkerung im jeweiligen Altersjahr) (deutsch)","Hauptwohnsitzbevölkerung (deutsch)",NA,NA,NA
"Durchschnittsalter","deutsch",2010,"12 Schwabing - Freimann",41.2,2080220,50486,NA,NA,NA,"Summe (Alter in Jahren * Hautwohnsitzbevölkerung im jeweiligen Altersjahr) (deutsch)","Hauptwohnsitzbevölkerung (deutsch)",NA,NA,NA
"Durchschnittsalter","deutsch",2010,"13 Bogenhausen",44,2794275,63555,NA,NA,NA,"Summe (Alter in Jahren * Hautwohnsitzbevölkerung im jeweiligen Altersjahr) (deutsch)","Hauptwohnsitzbevölkerung (deutsch)",NA,NA,NA
"Durchschnittsalter","deutsch",2010,"14 Berg am Laim",42.9,1270854,29590,NA,NA,NA,"Summe (Alter in Jahren * Hautwohnsitzbevölkerung im jeweiligen Altersjahr) (deutsch)","Hauptwohnsitzbevölkerung (deutsch)",NA,NA,NA
"Durchschnittsalter","deutsch",2010,"15 Trudering - Riem",39.6,2045677,51678,NA,NA,NA,"Summe (Alter in Jahren * Hautwohnsitzbevölkerung im jeweiligen Altersjahr) (deutsch)","Hauptwohnsitzbevölkerung (deutsch)",NA,NA,NA
"Durchschnittsalter","deutsch",2010,"16 Ramersdorf - Perlach",43.7,3296846,75429,NA,NA,NA,"Summe (Alter in Jahren * Hautwohnsitzbevölkerung im jeweiligen Altersjahr) (deutsch)","Hauptwohnsitzbevölkerung (deutsch)",NA,NA,NA
"Durchschnittsalter","deutsch",2010,"17 Obergiesing - Fasangarten",41.6,1472508,35365,NA,NA,NA,"Summe (Alter in Jahren * Hautwohnsitzbevölkerung im jeweiligen Altersjahr) (deutsch)","Hauptwohnsitzbevölkerung (deutsch)",NA,NA,NA
"Durchschnittsalter","deutsch",2010,"18 Untergiesing - Harlaching",44,1756958,39928,NA,NA,NA,"Summe (Alter in Jahren * Hautwohnsitzbevölkerung im jeweiligen Altersjahr) (deutsch)","Hauptwohnsitzbevölkerung (deutsch)",NA,NA,NA
"Durchschnittsalter","deutsch",2010,"19 Thalkirchen - Obersendling - Forstenried - Fürstenried - Solln",45.5,3054300,67117,NA,NA,NA,"Summe (Alter in Jahren * Hautwohnsitzbevölkerung im jeweiligen Altersjahr) (deutsch)","Hauptwohnsitzbevölkerung (deutsch)",NA,NA,NA
"Durchschnittsalter","deutsch",2010,"20 Hadern",44.4,1632697,36775,NA,NA,NA,"Summe (Alter in Jahren * Hautwohnsitzbevölkerung im jeweiligen Altersjahr) (deutsch)","Hauptwohnsitzbevölkerung (deutsch)",NA,NA,NA
"Durchschnittsalter","deutsch",2010,"21 Pasing - Obermenzing",43.1,2372449,55023,NA,NA,NA,"Summe (Alter in Jahren * Hautwohnsitzbevölkerung im jeweiligen Altersjahr) (deutsch)","Hauptwohnsitzbevölkerung (deutsch)",NA,NA,NA
"Durchschnittsalter","deutsch",2010,"22 Aubing - Lochhausen - Langwied",44.2,1384260,31289,NA,NA,NA,"Summe (Alter in Jahren * Hautwohnsitzbevölkerung im jeweiligen Altersjahr) (deutsch)","Hauptwohnsitzbevölkerung (deutsch)",NA,NA,NA
"Durchschnittsalter","deutsch",2010,"23 Allach - Untermenzing",43.1,1057790,24522,NA,NA,NA,"Summe (Alter in Jahren * Hautwohnsitzbevölkerung im jeweiligen Altersjahr) (deutsch)","Hauptwohnsitzbevölkerung (deutsch)",NA,NA,NA
"Durchschnittsalter","deutsch",2010,"24 Feldmoching - Hasenbergl",43.2,1774329,41115,NA,NA,NA,"Summe (Alter in Jahren * Hautwohnsitzbevölkerung im jeweiligen Altersjahr) (deutsch)","Hauptwohnsitzbevölkerung (deutsch)",NA,NA,NA
"Durchschnittsalter","deutsch",2010,"25 Laim",44.1,1783789,40449,NA,NA,NA,"Summe (Alter in Jahren * Hautwohnsitzbevölkerung im jeweiligen Altersjahr) (deutsch)","Hauptwohnsitzbevölkerung (deutsch)",NA,NA,NA
"Durchschnittsalter","insgesamt",2024,"Stadt München",41.3,66296257,1603776,NA,NA,NA,"Summe (Alter in Jahren * Hautwohnsitzbevölkerung im jeweiligen Altersjahr) (insgesamt)","Hauptwohnsitzbevölkerung (insgesamt)",NA,NA,NA
"Durchschnittsalter","insgesamt",2024,"01 Altstadt - Lehel",41.7,870300,20876,NA,NA,NA,"Summe (Alter in Jahren * Hautwohnsitzbevölkerung im jeweiligen Altersjahr) (insgesamt)","Hauptwohnsitzbevölkerung (insgesamt)",NA,NA,NA
"Durchschnittsalter","insgesamt",2024,"02 Ludwigsvorstadt - Isarvorstadt",39.8,1995271,50081,NA,NA,NA,"Summe (Alter in Jahren * Hautwohnsitzbevölkerung im jeweiligen Altersjahr) (insgesamt)","Hauptwohnsitzbevölkerung (insgesamt)",NA,NA,NA
"Durchschnittsalter","insgesamt",2024,"03 Maxvorstadt",38.5,2020097,52434,NA,NA,NA,"Summe (Alter in Jahren * Hautwohnsitzbevölkerung im jeweiligen Altersjahr) (insgesamt)","Hauptwohnsitzbevölkerung (insgesamt)",NA,NA,NA
"Durchschnittsalter","insgesamt",2024,"04 Schwabing - West",41.3,2830733,68610,NA,NA,NA,"Summe (Alter in Jahren * Hautwohnsitzbevölkerung im jeweiligen Altersjahr) (insgesamt)","Hauptwohnsitzbevölkerung (insgesamt)",NA,NA,NA
"Durchschnittsalter","insgesamt",2024,"05 Au - Haidhausen",40.7,2601254,63972,NA,NA,NA,"Summe (Alter in Jahren * Hautwohnsitzbevölkerung im jeweiligen Altersjahr) (insgesamt)","Hauptwohnsitzbevölkerung (insgesamt)",NA,NA,NA
"Durchschnittsalter","insgesamt",2024,"06 Sendling",41.1,1684035,41002,NA,NA,NA,"Summe (Alter in Jahren * Hautwohnsitzbevölkerung im jeweiligen Altersjahr) (insgesamt)","Hauptwohnsitzbevölkerung (insgesamt)",NA,NA,NA
"Durchschnittsalter","insgesamt",2024,"07 Sendling - Westpark",41.6,2586089,62240,NA,NA,NA,"Summe (Alter in Jahren * Hautwohnsitzbevölkerung im jeweiligen Altersjahr) (insgesamt)","Hauptwohnsitzbevölkerung (insgesamt)",NA,NA,NA
"Durchschnittsalter","insgesamt",2024,"08 Schwanthalerhöhe",40.5,1161127,28684,NA,NA,NA,"Summe (Alter in Jahren * Hautwohnsitzbevölkerung im jeweiligen Altersjahr) (insgesamt)","Hauptwohnsitzbevölkerung (insgesamt)",NA,NA,NA
"Durchschnittsalter","insgesamt",2024,"09 Neuhausen - Nymphenburg",41.4,4221465,101901,NA,NA,NA,"Summe (Alter in Jahren * Hautwohnsitzbevölkerung im jeweiligen Altersjahr) (insgesamt)","Hauptwohnsitzbevölkerung (insgesamt)",NA,NA,NA
"Durchschnittsalter","insgesamt",2024,"10 Moosach",41.6,2331544,56015,NA,NA,NA,"Summe (Alter in Jahren * Hautwohnsitzbevölkerung im jeweiligen Altersjahr) (insgesamt)","Hauptwohnsitzbevölkerung (insgesamt)",NA,NA,NA
"Durchschnittsalter","insgesamt",2024,"11 Milbertshofen - Am Hart",39.8,3077477,77281,NA,NA,NA,"Summe (Alter in Jahren * Hautwohnsitzbevölkerung im jeweiligen Altersjahr) (insgesamt)","Hauptwohnsitzbevölkerung (insgesamt)",NA,NA,NA
"Durchschnittsalter","insgesamt",2024,"12 Schwabing - Freimann",40.4,3111933,77092,NA,NA,NA,"Summe (Alter in Jahren * Hautwohnsitzbevölkerung im jeweiligen Altersjahr) (insgesamt)","Hauptwohnsitzbevölkerung (insgesamt)",NA,NA,NA
"Durchschnittsalter","insgesamt",2024,"13 Bogenhausen",42.4,4044125,95475,NA,NA,NA,"Summe (Alter in Jahren * Hautwohnsitzbevölkerung im jeweiligen Altersjahr) (insgesamt)","Hauptwohnsitzbevölkerung (insgesamt)",NA,NA,NA
"Durchschnittsalter","insgesamt",2024,"14 Berg am Laim",41.5,1965538,47367,NA,NA,NA,"Summe (Alter in Jahren * Hautwohnsitzbevölkerung im jeweiligen Altersjahr) (insgesamt)","Hauptwohnsitzbevölkerung (insgesamt)",NA,NA,NA
"Durchschnittsalter","insgesamt",2024,"15 Trudering - Riem",41.2,3139485,76280,NA,NA,NA,"Summe (Alter in Jahren * Hautwohnsitzbevölkerung im jeweiligen Altersjahr) (insgesamt)","Hauptwohnsitzbevölkerung (insgesamt)",NA,NA,NA
"Durchschnittsalter","insgesamt",2024,"16 Ramersdorf - Perlach",42.1,5081553,120776,NA,NA,NA,"Summe (Alter in Jahren * Hautwohnsitzbevölkerung im jeweiligen Altersjahr) (insgesamt)","Hauptwohnsitzbevölkerung (insgesamt)",NA,NA,NA
"Durchschnittsalter","insgesamt",2024,"17 Obergiesing - Fasangarten",41.1,2235204,54352,NA,NA,NA,"Summe (Alter in Jahren * Hautwohnsitzbevölkerung im jeweiligen Altersjahr) (insgesamt)","Hauptwohnsitzbevölkerung (insgesamt)",NA,NA,NA
"Durchschnittsalter","insgesamt",2024,"18 Untergiesing - Harlaching",43.3,2338688,54067,NA,NA,NA,"Summe (Alter in Jahren * Hautwohnsitzbevölkerung im jeweiligen Altersjahr) (insgesamt)","Hauptwohnsitzbevölkerung (insgesamt)",NA,NA,NA
"Durchschnittsalter","insgesamt",2024,"19 Thalkirchen - Obersendling - Forstenried - Fürstenried - Solln",42.5,4405425,103717,NA,NA,NA,"Summe (Alter in Jahren * Hautwohnsitzbevölkerung im jeweiligen Altersjahr) (insgesamt)","Hauptwohnsitzbevölkerung (insgesamt)",NA,NA,NA
"Durchschnittsalter","insgesamt",2024,"20 Hadern",43,2221914,51637,NA,NA,NA,"Summe (Alter in Jahren * Hautwohnsitzbevölkerung im jeweiligen Altersjahr) (insgesamt)","Hauptwohnsitzbevölkerung (insgesamt)",NA,NA,NA
"Durchschnittsalter","insgesamt",2024,"21 Pasing - Obermenzing",41.9,3430509,81804,NA,NA,NA,"Summe (Alter in Jahren * Hautwohnsitzbevölkerung im jeweiligen Altersjahr) (insgesamt)","Hauptwohnsitzbevölkerung (insgesamt)",NA,NA,NA
"Durchschnittsalter","insgesamt",2024,"22 Aubing - Lochhausen - Langwied",38.9,2375157,61011,NA,NA,NA,"Summe (Alter in Jahren * Hautwohnsitzbevölkerung im jeweiligen Altersjahr) (insgesamt)","Hauptwohnsitzbevölkerung (insgesamt)",NA,NA,NA
"Durchschnittsalter","insgesamt",2024,"23 Allach - Untermenzing",41.5,1502261,36230,NA,NA,NA,"Summe (Alter in Jahren * Hautwohnsitzbevölkerung im jeweiligen Altersjahr) (insgesamt)","Hauptwohnsitzbevölkerung (insgesamt)",NA,NA,NA
"Durchschnittsalter","insgesamt",2024,"24 Feldmoching - Hasenbergl",41.5,2647133,63756,NA,NA,NA,"Summe (Alter in Jahren * Hautwohnsitzbevölkerung im jeweiligen Altersjahr) (insgesamt)","Hauptwohnsitzbevölkerung (insgesamt)",NA,NA,NA
"Durchschnittsalter","insgesamt",2024,"25 Laim",42.3,2417940,57116,NA,NA,NA,"Summe (Alter in Jahren * Hautwohnsitzbevölkerung im jeweiligen Altersjahr) (insgesamt)","Hauptwohnsitzbevölkerung (insgesamt)",NA,NA,NA
"Durchschnittsalter","insgesamt",2023,"Stadt München",41.3,65612810,1589026,NA,NA,NA,"Summe (Alter in Jahren * Hautwohnsitzbevölkerung im jeweiligen Altersjahr) (insgesamt)","Hauptwohnsitzbevölkerung (insgesamt)",NA,NA,NA
"Durchschnittsalter","insgesamt",2023,"01 Altstadt - Lehel",41.6,867704,20860,NA,NA,NA,"Summe (Alter in Jahren * Hautwohnsitzbevölkerung im jeweiligen Altersjahr) (insgesamt)","Hauptwohnsitzbevölkerung (insgesamt)",NA,NA,NA
"Durchschnittsalter","insgesamt",2023,"02 Ludwigsvorstadt - Isarvorstadt",39.6,1976786,49876,NA,NA,NA,"Summe (Alter in Jahren * Hautwohnsitzbevölkerung im jeweiligen Altersjahr) (insgesamt)","Hauptwohnsitzbevölkerung (insgesamt)",NA,NA,NA
"Durchschnittsalter","insgesamt",2023,"03 Maxvorstadt",38.6,2004590,51945,NA,NA,NA,"Summe (Alter in Jahren * Hautwohnsitzbevölkerung im jeweiligen Altersjahr) (insgesamt)","Hauptwohnsitzbevölkerung (insgesamt)",NA,NA,NA
"Durchschnittsalter","insgesamt",2023,"04 Schwabing - West",41.2,2815008,68254,NA,NA,NA,"Summe (Alter in Jahren * Hautwohnsitzbevölkerung im jeweiligen Altersjahr) (insgesamt)","Hauptwohnsitzbevölkerung (insgesamt)",NA,NA,NA
"Durchschnittsalter","insgesamt",2023,"05 Au - Haidhausen",40.5,2577307,63583,NA,NA,NA,"Summe (Alter in Jahren * Hautwohnsitzbevölkerung im jeweiligen Altersjahr) (insgesamt)","Hauptwohnsitzbevölkerung (insgesamt)",NA,NA,NA
"Durchschnittsalter","insgesamt",2023,"06 Sendling",41,1670955,40790,NA,NA,NA,"Summe (Alter in Jahren * Hautwohnsitzbevölkerung im jeweiligen Altersjahr) (insgesamt)","Hauptwohnsitzbevölkerung (insgesamt)",NA,NA,NA
"Durchschnittsalter","insgesamt",2023,"07 Sendling - Westpark",41.5,2573669,62065,NA,NA,NA,"Summe (Alter in Jahren * Hautwohnsitzbevölkerung im jeweiligen Altersjahr) (insgesamt)","Hauptwohnsitzbevölkerung (insgesamt)",NA,NA,NA
"Durchschnittsalter","insgesamt",2023,"08 Schwanthalerhöhe",40.2,1154779,28732,NA,NA,NA,"Summe (Alter in Jahren * Hautwohnsitzbevölkerung im jeweiligen Altersjahr) (insgesamt)","Hauptwohnsitzbevölkerung (insgesamt)",NA,NA,NA
"Durchschnittsalter","insgesamt",2023,"09 Neuhausen - Nymphenburg",41.5,4165441,100396,NA,NA,NA,"Summe (Alter in Jahren * Hautwohnsitzbevölkerung im jeweiligen Altersjahr) (insgesamt)","Hauptwohnsitzbevölkerung (insgesamt)",NA,NA,NA
"Durchschnittsalter","insgesamt",2023,"10 Moosach",41.5,2318726,55851,NA,NA,NA,"Summe (Alter in Jahren * Hautwohnsitzbevölkerung im jeweiligen Altersjahr) (insgesamt)","Hauptwohnsitzbevölkerung (insgesamt)",NA,NA,NA
"Durchschnittsalter","insgesamt",2023,"11 Milbertshofen - Am Hart",39.7,3053182,76971,NA,NA,NA,"Summe (Alter in Jahren * Hautwohnsitzbevölkerung im jeweiligen Altersjahr) (insgesamt)","Hauptwohnsitzbevölkerung (insgesamt)",NA,NA,NA
"Durchschnittsalter","insgesamt",2023,"12 Schwabing - Freimann",40.2,3094899,76986,NA,NA,NA,"Summe (Alter in Jahren * Hautwohnsitzbevölkerung im jeweiligen Altersjahr) (insgesamt)","Hauptwohnsitzbevölkerung (insgesamt)",NA,NA,NA
"Durchschnittsalter","insgesamt",2023,"13 Bogenhausen",42.3,3991878,94337,NA,NA,NA,"Summe (Alter in Jahren * Hautwohnsitzbevölkerung im jeweiligen Altersjahr) (insgesamt)","Hauptwohnsitzbevölkerung (insgesamt)",NA,NA,NA
"Durchschnittsalter","insgesamt",2023,"14 Berg am Laim",41.4,1947686,47037,NA,NA,NA,"Summe (Alter in Jahren * Hautwohnsitzbevölkerung im jeweiligen Altersjahr) (insgesamt)","Hauptwohnsitzbevölkerung (insgesamt)",NA,NA,NA
"Durchschnittsalter","insgesamt",2023,"15 Trudering - Riem",40.9,3097495,75728,NA,NA,NA,"Summe (Alter in Jahren * Hautwohnsitzbevölkerung im jeweiligen Altersjahr) (insgesamt)","Hauptwohnsitzbevölkerung (insgesamt)",NA,NA,NA
"Durchschnittsalter","insgesamt",2023,"16 Ramersdorf - Perlach",42,5042231,120085,NA,NA,NA,"Summe (Alter in Jahren * Hautwohnsitzbevölkerung im jeweiligen Altersjahr) (insgesamt)","Hauptwohnsitzbevölkerung (insgesamt)",NA,NA,NA
"Durchschnittsalter","insgesamt",2023,"17 Obergiesing - Fasangarten",41,2207090,53795,NA,NA,NA,"Summe (Alter in Jahren * Hautwohnsitzbevölkerung im jeweiligen Altersjahr) (insgesamt)","Hauptwohnsitzbevölkerung (insgesamt)",NA,NA,NA
"Durchschnittsalter","insgesamt",2023,"18 Untergiesing - Harlaching",43.2,2328226,53909,NA,NA,NA,"Summe (Alter in Jahren * Hautwohnsitzbevölkerung im jeweiligen Altersjahr) (insgesamt)","Hauptwohnsitzbevölkerung (insgesamt)",NA,NA,NA
"Durchschnittsalter","insgesamt",2023,"19 Thalkirchen - Obersendling - Forstenried - Fürstenried - Solln",42.5,4339532,101992,NA,NA,NA,"Summe (Alter in Jahren * Hautwohnsitzbevölkerung im jeweiligen Altersjahr) (insgesamt)","Hauptwohnsitzbevölkerung (insgesamt)",NA,NA,NA
"Durchschnittsalter","insgesamt",2023,"20 Hadern",43,2212477,51446,NA,NA,NA,"Summe (Alter in Jahren * Hautwohnsitzbevölkerung im jeweiligen Altersjahr) (insgesamt)","Hauptwohnsitzbevölkerung (insgesamt)",NA,NA,NA
"Durchschnittsalter","insgesamt",2023,"21 Pasing - Obermenzing",41.8,3398180,81246,NA,NA,NA,"Summe (Alter in Jahren * Hautwohnsitzbevölkerung im jeweiligen Altersjahr) (insgesamt)","Hauptwohnsitzbevölkerung (insgesamt)",NA,NA,NA
"Durchschnittsalter","insgesamt",2023,"22 Aubing - Lochhausen - Langwied",39.5,2273810,57502,NA,NA,NA,"Summe (Alter in Jahren * Hautwohnsitzbevölkerung im jeweiligen Altersjahr) (insgesamt)","Hauptwohnsitzbevölkerung (insgesamt)",NA,NA,NA
"Durchschnittsalter","insgesamt",2023,"23 Allach - Untermenzing",41.3,1484799,35918,NA,NA,NA,"Summe (Alter in Jahren * Hautwohnsitzbevölkerung im jeweiligen Altersjahr) (insgesamt)","Hauptwohnsitzbevölkerung (insgesamt)",NA,NA,NA
"Durchschnittsalter","insgesamt",2023,"24 Feldmoching - Hasenbergl",41.5,2617152,63006,NA,NA,NA,"Summe (Alter in Jahren * Hautwohnsitzbevölkerung im jeweiligen Altersjahr) (insgesamt)","Hauptwohnsitzbevölkerung (insgesamt)",NA,NA,NA
"Durchschnittsalter","insgesamt",2023,"25 Laim",42.3,2399208,56716,NA,NA,NA,"Summe (Alter in Jahren * Hautwohnsitzbevölkerung im jeweiligen Altersjahr) (insgesamt)","Hauptwohnsitzbevölkerung (insgesamt)",NA,NA,NA
"Durchschnittsalter","insgesamt",2022,"Stadt München",41.2,65453000,1588330,NA,NA,NA,"Summe (Alter in Jahren * Hautwohnsitzbevölkerung im jeweiligen Altersjahr) (insgesamt)","Hauptwohnsitzbevölkerung (insgesamt)",NA,NA,NA
"Durchschnittsalter","insgesamt",2022,"01 Altstadt - Lehel",41.6,865434,20808,NA,NA,NA,"Summe (Alter in Jahren * Hautwohnsitzbevölkerung im jeweiligen Altersjahr) (insgesamt)","Hauptwohnsitzbevölkerung (insgesamt)",NA,NA,NA
"Durchschnittsalter","insgesamt",2022,"02 Ludwigsvorstadt - Isarvorstadt",39.4,2006791,50915,NA,NA,NA,"Summe (Alter in Jahren * Hautwohnsitzbevölkerung im jeweiligen Altersjahr) (insgesamt)","Hauptwohnsitzbevölkerung (insgesamt)",NA,NA,NA
"Durchschnittsalter","insgesamt",2022,"03 Maxvorstadt",38.5,2010397,52269,NA,NA,NA,"Summe (Alter in Jahren * Hautwohnsitzbevölkerung im jeweiligen Altersjahr) (insgesamt)","Hauptwohnsitzbevölkerung (insgesamt)",NA,NA,NA
"Durchschnittsalter","insgesamt",2022,"04 Schwabing - West",41.2,2823744,68603,NA,NA,NA,"Summe (Alter in Jahren * Hautwohnsitzbevölkerung im jeweiligen Altersjahr) (insgesamt)","Hauptwohnsitzbevölkerung (insgesamt)",NA,NA,NA
"Durchschnittsalter","insgesamt",2022,"05 Au - Haidhausen",40.4,2563630,63383,NA,NA,NA,"Summe (Alter in Jahren * Hautwohnsitzbevölkerung im jeweiligen Altersjahr) (insgesamt)","Hauptwohnsitzbevölkerung (insgesamt)",NA,NA,NA
"Durchschnittsalter","insgesamt",2022,"06 Sendling",40.8,1671661,41011,NA,NA,NA,"Summe (Alter in Jahren * Hautwohnsitzbevölkerung im jeweiligen Altersjahr) (insgesamt)","Hauptwohnsitzbevölkerung (insgesamt)",NA,NA,NA
"Durchschnittsalter","insgesamt",2022,"07 Sendling - Westpark",41.4,2556509,61702,NA,NA,NA,"Summe (Alter in Jahren * Hautwohnsitzbevölkerung im jeweiligen Altersjahr) (insgesamt)","Hauptwohnsitzbevölkerung (insgesamt)",NA,NA,NA
"Durchschnittsalter","insgesamt",2022,"08 Schwanthalerhöhe",39.9,1156503,28986,NA,NA,NA,"Summe (Alter in Jahren * Hautwohnsitzbevölkerung im jeweiligen Altersjahr) (insgesamt)","Hauptwohnsitzbevölkerung (insgesamt)",NA,NA,NA
"Durchschnittsalter","insgesamt",2022,"09 Neuhausen - Nymphenburg",41.4,4157818,100495,NA,NA,NA,"Summe (Alter in Jahren * Hautwohnsitzbevölkerung im jeweiligen Altersjahr) (insgesamt)","Hauptwohnsitzbevölkerung (insgesamt)",NA,NA,NA
"Durchschnittsalter","insgesamt",2022,"10 Moosach",41.5,2313289,55761,NA,NA,NA,"Summe (Alter in Jahren * Hautwohnsitzbevölkerung im jeweiligen Altersjahr) (insgesamt)","Hauptwohnsitzbevölkerung (insgesamt)",NA,NA,NA
"Durchschnittsalter","insgesamt",2022,"11 Milbertshofen - Am Hart",39.7,3053694,77002,NA,NA,NA,"Summe (Alter in Jahren * Hautwohnsitzbevölkerung im jeweiligen Altersjahr) (insgesamt)","Hauptwohnsitzbevölkerung (insgesamt)",NA,NA,NA
"Durchschnittsalter","insgesamt",2022,"12 Schwabing - Freimann",39.7,3143418,79092,NA,NA,NA,"Summe (Alter in Jahren * Hautwohnsitzbevölkerung im jeweiligen Altersjahr) (insgesamt)","Hauptwohnsitzbevölkerung (insgesamt)",NA,NA,NA
"Durchschnittsalter","insgesamt",2022,"13 Bogenhausen",42.2,3979655,94317,NA,NA,NA,"Summe (Alter in Jahren * Hautwohnsitzbevölkerung im jeweiligen Altersjahr) (insgesamt)","Hauptwohnsitzbevölkerung (insgesamt)",NA,NA,NA
"Durchschnittsalter","insgesamt",2022,"14 Berg am Laim",41.3,1945574,47148,NA,NA,NA,"Summe (Alter in Jahren * Hautwohnsitzbevölkerung im jeweiligen Altersjahr) (insgesamt)","Hauptwohnsitzbevölkerung (insgesamt)",NA,NA,NA
"Durchschnittsalter","insgesamt",2022,"15 Trudering - Riem",40.6,3084373,75998,NA,NA,NA,"Summe (Alter in Jahren * Hautwohnsitzbevölkerung im jeweiligen Altersjahr) (insgesamt)","Hauptwohnsitzbevölkerung (insgesamt)",NA,NA,NA
"Durchschnittsalter","insgesamt",2022,"16 Ramersdorf - Perlach",42,5020573,119572,NA,NA,NA,"Summe (Alter in Jahren * Hautwohnsitzbevölkerung im jeweiligen Altersjahr) (insgesamt)","Hauptwohnsitzbevölkerung (insgesamt)",NA,NA,NA
"Durchschnittsalter","insgesamt",2022,"17 Obergiesing - Fasangarten",40.9,2206869,53964,NA,NA,NA,"Summe (Alter in Jahren * Hautwohnsitzbevölkerung im jeweiligen Altersjahr) (insgesamt)","Hauptwohnsitzbevölkerung (insgesamt)",NA,NA,NA
"Durchschnittsalter","insgesamt",2022,"18 Untergiesing - Harlaching",43,2326094,54068,NA,NA,NA,"Summe (Alter in Jahren * Hautwohnsitzbevölkerung im jeweiligen Altersjahr) (insgesamt)","Hauptwohnsitzbevölkerung (insgesamt)",NA,NA,NA
"Durchschnittsalter","insgesamt",2022,"19 Thalkirchen - Obersendling - Forstenried - Fürstenried - Solln",42.7,4311751,101087,NA,NA,NA,"Summe (Alter in Jahren * Hautwohnsitzbevölkerung im jeweiligen Altersjahr) (insgesamt)","Hauptwohnsitzbevölkerung (insgesamt)",NA,NA,NA
"Durchschnittsalter","insgesamt",2022,"20 Hadern",42.9,2200533,51239,NA,NA,NA,"Summe (Alter in Jahren * Hautwohnsitzbevölkerung im jeweiligen Altersjahr) (insgesamt)","Hauptwohnsitzbevölkerung (insgesamt)",NA,NA,NA
"Durchschnittsalter","insgesamt",2022,"21 Pasing - Obermenzing",41.9,3365370,80309,NA,NA,NA,"Summe (Alter in Jahren * Hautwohnsitzbevölkerung im jeweiligen Altersjahr) (insgesamt)","Hauptwohnsitzbevölkerung (insgesamt)",NA,NA,NA
"Durchschnittsalter","insgesamt",2022,"22 Aubing - Lochhausen - Langwied",40.1,2190895,54619,NA,NA,NA,"Summe (Alter in Jahren * Hautwohnsitzbevölkerung im jeweiligen Altersjahr) (insgesamt)","Hauptwohnsitzbevölkerung (insgesamt)",NA,NA,NA
"Durchschnittsalter","insgesamt",2022,"23 Allach - Untermenzing",41.2,1483504,36017,NA,NA,NA,"Summe (Alter in Jahren * Hautwohnsitzbevölkerung im jeweiligen Altersjahr) (insgesamt)","Hauptwohnsitzbevölkerung (insgesamt)",NA,NA,NA
"Durchschnittsalter","insgesamt",2022,"24 Feldmoching - Hasenbergl",41.5,2616515,63110,NA,NA,NA,"Summe (Alter in Jahren * Hautwohnsitzbevölkerung im jeweiligen Altersjahr) (insgesamt)","Hauptwohnsitzbevölkerung (insgesamt)",NA,NA,NA
"Durchschnittsalter","insgesamt",2022,"25 Laim",42.2,2398406,56855,NA,NA,NA,"Summe (Alter in Jahren * Hautwohnsitzbevölkerung im jeweiligen Altersjahr) (insgesamt)","Hauptwohnsitzbevölkerung (insgesamt)",NA,NA,NA
"Durchschnittsalter","insgesamt",2021,"Stadt München",41.3,64548517,1562128,NA,NA,NA,"Summe (Alter in Jahren * Hautwohnsitzbevölkerung im jeweiligen Altersjahr) (insgesamt)","Hauptwohnsitzbevölkerung (insgesamt)",NA,NA,NA
"Durchschnittsalter","insgesamt",2021,"01 Altstadt - Lehel",41.7,860805,20626,NA,NA,NA,"Summe (Alter in Jahren * Hautwohnsitzbevölkerung im jeweiligen Altersjahr) (insgesamt)","Hauptwohnsitzbevölkerung (insgesamt)",NA,NA,NA
"Durchschnittsalter","insgesamt",2021,"02 Ludwigsvorstadt - Isarvorstadt",39.5,2009837,50943,NA,NA,NA,"Summe (Alter in Jahren * Hautwohnsitzbevölkerung im jeweiligen Altersjahr) (insgesamt)","Hauptwohnsitzbevölkerung (insgesamt)",NA,NA,NA
"Durchschnittsalter","insgesamt",2021,"03 Maxvorstadt",38.7,1981190,51228,NA,NA,NA,"Summe (Alter in Jahren * Hautwohnsitzbevölkerung im jeweiligen Altersjahr) (insgesamt)","Hauptwohnsitzbevölkerung (insgesamt)",NA,NA,NA
"Durchschnittsalter","insgesamt",2021,"04 Schwabing - West",41.1,2808559,68255,NA,NA,NA,"Summe (Alter in Jahren * Hautwohnsitzbevölkerung im jeweiligen Altersjahr) (insgesamt)","Hauptwohnsitzbevölkerung (insgesamt)",NA,NA,NA
"Durchschnittsalter","insgesamt",2021,"05 Au - Haidhausen",40.4,2518607,62315,NA,NA,NA,"Summe (Alter in Jahren * Hautwohnsitzbevölkerung im jeweiligen Altersjahr) (insgesamt)","Hauptwohnsitzbevölkerung (insgesamt)",NA,NA,NA
"Durchschnittsalter","insgesamt",2021,"06 Sendling",40.7,1658399,40704,NA,NA,NA,"Summe (Alter in Jahren * Hautwohnsitzbevölkerung im jeweiligen Altersjahr) (insgesamt)","Hauptwohnsitzbevölkerung (insgesamt)",NA,NA,NA
"Durchschnittsalter","insgesamt",2021,"07 Sendling - Westpark",41.6,2515651,60540,NA,NA,NA,"Summe (Alter in Jahren * Hautwohnsitzbevölkerung im jeweiligen Altersjahr) (insgesamt)","Hauptwohnsitzbevölkerung (insgesamt)",NA,NA,NA
"Durchschnittsalter","insgesamt",2021,"08 Schwanthalerhöhe",39.8,1149472,28870,NA,NA,NA,"Summe (Alter in Jahren * Hautwohnsitzbevölkerung im jeweiligen Altersjahr) (insgesamt)","Hauptwohnsitzbevölkerung (insgesamt)",NA,NA,NA
"Durchschnittsalter","insgesamt",2021,"09 Neuhausen - Nymphenburg",41.4,4118764,99415,NA,NA,NA,"Summe (Alter in Jahren * Hautwohnsitzbevölkerung im jeweiligen Altersjahr) (insgesamt)","Hauptwohnsitzbevölkerung (insgesamt)",NA,NA,NA
"Durchschnittsalter","insgesamt",2021,"10 Moosach",41.6,2282848,54928,NA,NA,NA,"Summe (Alter in Jahren * Hautwohnsitzbevölkerung im jeweiligen Altersjahr) (insgesamt)","Hauptwohnsitzbevölkerung (insgesamt)",NA,NA,NA
"Durchschnittsalter","insgesamt",2021,"11 Milbertshofen - Am Hart",39.8,3009432,75658,NA,NA,NA,"Summe (Alter in Jahren * Hautwohnsitzbevölkerung im jeweiligen Altersjahr) (insgesamt)","Hauptwohnsitzbevölkerung (insgesamt)",NA,NA,NA
"Durchschnittsalter","insgesamt",2021,"12 Schwabing - Freimann",39.8,3093807,77701,NA,NA,NA,"Summe (Alter in Jahren * Hautwohnsitzbevölkerung im jeweiligen Altersjahr) (insgesamt)","Hauptwohnsitzbevölkerung (insgesamt)",NA,NA,NA
"Durchschnittsalter","insgesamt",2021,"13 Bogenhausen",42.4,3923363,92593,NA,NA,NA,"Summe (Alter in Jahren * Hautwohnsitzbevölkerung im jeweiligen Altersjahr) (insgesamt)","Hauptwohnsitzbevölkerung (insgesamt)",NA,NA,NA
"Durchschnittsalter","insgesamt",2021,"14 Berg am Laim",41.2,1927415,46769,NA,NA,NA,"Summe (Alter in Jahren * Hautwohnsitzbevölkerung im jeweiligen Altersjahr) (insgesamt)","Hauptwohnsitzbevölkerung (insgesamt)",NA,NA,NA
"Durchschnittsalter","insgesamt",2021,"15 Trudering - Riem",40.5,3029061,74884,NA,NA,NA,"Summe (Alter in Jahren * Hautwohnsitzbevölkerung im jeweiligen Altersjahr) (insgesamt)","Hauptwohnsitzbevölkerung (insgesamt)",NA,NA,NA
"Durchschnittsalter","insgesamt",2021,"16 Ramersdorf - Perlach",42.1,4969451,118010,NA,NA,NA,"Summe (Alter in Jahren * Hautwohnsitzbevölkerung im jeweiligen Altersjahr) (insgesamt)","Hauptwohnsitzbevölkerung (insgesamt)",NA,NA,NA
"Durchschnittsalter","insgesamt",2021,"17 Obergiesing - Fasangarten",40.8,2184506,53483,NA,NA,NA,"Summe (Alter in Jahren * Hautwohnsitzbevölkerung im jeweiligen Altersjahr) (insgesamt)","Hauptwohnsitzbevölkerung (insgesamt)",NA,NA,NA
"Durchschnittsalter","insgesamt",2021,"18 Untergiesing - Harlaching",43.2,2286910,52999,NA,NA,NA,"Summe (Alter in Jahren * Hautwohnsitzbevölkerung im jeweiligen Altersjahr) (insgesamt)","Hauptwohnsitzbevölkerung (insgesamt)",NA,NA,NA
"Durchschnittsalter","insgesamt",2021,"19 Thalkirchen - Obersendling - Forstenried - Fürstenried - Solln",42.8,4249959,99260,NA,NA,NA,"Summe (Alter in Jahren * Hautwohnsitzbevölkerung im jeweiligen Altersjahr) (insgesamt)","Hauptwohnsitzbevölkerung (insgesamt)",NA,NA,NA
"Durchschnittsalter","insgesamt",2021,"20 Hadern",43.3,2175778,50290,NA,NA,NA,"Summe (Alter in Jahren * Hautwohnsitzbevölkerung im jeweiligen Altersjahr) (insgesamt)","Hauptwohnsitzbevölkerung (insgesamt)",NA,NA,NA
"Durchschnittsalter","insgesamt",2021,"21 Pasing - Obermenzing",42.1,3295036,78232,NA,NA,NA,"Summe (Alter in Jahren * Hautwohnsitzbevölkerung im jeweiligen Altersjahr) (insgesamt)","Hauptwohnsitzbevölkerung (insgesamt)",NA,NA,NA
"Durchschnittsalter","insgesamt",2021,"22 Aubing - Lochhausen - Langwied",40.7,2106842,51786,NA,NA,NA,"Summe (Alter in Jahren * Hautwohnsitzbevölkerung im jeweiligen Altersjahr) (insgesamt)","Hauptwohnsitzbevölkerung (insgesamt)",NA,NA,NA
"Durchschnittsalter","insgesamt",2021,"23 Allach - Untermenzing",41.7,1442430,34566,NA,NA,NA,"Summe (Alter in Jahren * Hautwohnsitzbevölkerung im jeweiligen Altersjahr) (insgesamt)","Hauptwohnsitzbevölkerung (insgesamt)",NA,NA,NA
"Durchschnittsalter","insgesamt",2021,"24 Feldmoching - Hasenbergl",41.6,2584550,62192,NA,NA,NA,"Summe (Alter in Jahren * Hautwohnsitzbevölkerung im jeweiligen Altersjahr) (insgesamt)","Hauptwohnsitzbevölkerung (insgesamt)",NA,NA,NA
"Durchschnittsalter","insgesamt",2021,"25 Laim",42.3,2365845,55881,NA,NA,NA,"Summe (Alter in Jahren * Hautwohnsitzbevölkerung im jeweiligen Altersjahr) (insgesamt)","Hauptwohnsitzbevölkerung (insgesamt)",NA,NA,NA
"Durchschnittsalter","insgesamt",2020,"Stadt München",41.4,64615795,1562096,NA,NA,NA,"Summe (Alter in Jahren * Hautwohnsitzbevölkerung im jeweiligen Altersjahr) (insgesamt)","Hauptwohnsitzbevölkerung (insgesamt)",NA,NA,NA
"Durchschnittsalter","insgesamt",2020,"01 Altstadt - Lehel",41.8,876677,20960,NA,NA,NA,"Summe (Alter in Jahren * Hautwohnsitzbevölkerung im jeweiligen Altersjahr) (insgesamt)","Hauptwohnsitzbevölkerung (insgesamt)",NA,NA,NA
"Durchschnittsalter","insgesamt",2020,"02 Ludwigsvorstadt - Isarvorstadt",39.4,2033275,51547,NA,NA,NA,"Summe (Alter in Jahren * Hautwohnsitzbevölkerung im jeweiligen Altersjahr) (insgesamt)","Hauptwohnsitzbevölkerung (insgesamt)",NA,NA,NA
"Durchschnittsalter","insgesamt",2020,"03 Maxvorstadt",38.8,2001742,51530,NA,NA,NA,"Summe (Alter in Jahren * Hautwohnsitzbevölkerung im jeweiligen Altersjahr) (insgesamt)","Hauptwohnsitzbevölkerung (insgesamt)",NA,NA,NA
"Durchschnittsalter","insgesamt",2020,"04 Schwabing - West",41.1,2828914,68750,NA,NA,NA,"Summe (Alter in Jahren * Hautwohnsitzbevölkerung im jeweiligen Altersjahr) (insgesamt)","Hauptwohnsitzbevölkerung (insgesamt)",NA,NA,NA
"Durchschnittsalter","insgesamt",2020,"05 Au - Haidhausen",40.5,2526705,62353,NA,NA,NA,"Summe (Alter in Jahren * Hautwohnsitzbevölkerung im jeweiligen Altersjahr) (insgesamt)","Hauptwohnsitzbevölkerung (insgesamt)",NA,NA,NA
"Durchschnittsalter","insgesamt",2020,"06 Sendling",40.7,1666474,40916,NA,NA,NA,"Summe (Alter in Jahren * Hautwohnsitzbevölkerung im jeweiligen Altersjahr) (insgesamt)","Hauptwohnsitzbevölkerung (insgesamt)",NA,NA,NA
"Durchschnittsalter","insgesamt",2020,"07 Sendling - Westpark",41.6,2513120,60468,NA,NA,NA,"Summe (Alter in Jahren * Hautwohnsitzbevölkerung im jeweiligen Altersjahr) (insgesamt)","Hauptwohnsitzbevölkerung (insgesamt)",NA,NA,NA
"Durchschnittsalter","insgesamt",2020,"08 Schwanthalerhöhe",39.6,1161680,29328,NA,NA,NA,"Summe (Alter in Jahren * Hautwohnsitzbevölkerung im jeweiligen Altersjahr) (insgesamt)","Hauptwohnsitzbevölkerung (insgesamt)",NA,NA,NA
"Durchschnittsalter","insgesamt",2020,"09 Neuhausen - Nymphenburg",41.4,4128872,99704,NA,NA,NA,"Summe (Alter in Jahren * Hautwohnsitzbevölkerung im jeweiligen Altersjahr) (insgesamt)","Hauptwohnsitzbevölkerung (insgesamt)",NA,NA,NA
"Durchschnittsalter","insgesamt",2020,"10 Moosach",41.6,2285238,54934,NA,NA,NA,"Summe (Alter in Jahren * Hautwohnsitzbevölkerung im jeweiligen Altersjahr) (insgesamt)","Hauptwohnsitzbevölkerung (insgesamt)",NA,NA,NA
"Durchschnittsalter","insgesamt",2020,"11 Milbertshofen - Am Hart",39.8,3026371,75999,NA,NA,NA,"Summe (Alter in Jahren * Hautwohnsitzbevölkerung im jeweiligen Altersjahr) (insgesamt)","Hauptwohnsitzbevölkerung (insgesamt)",NA,NA,NA
"Durchschnittsalter","insgesamt",2020,"12 Schwabing - Freimann",39.6,3126259,78881,NA,NA,NA,"Summe (Alter in Jahren * Hautwohnsitzbevölkerung im jeweiligen Altersjahr) (insgesamt)","Hauptwohnsitzbevölkerung (insgesamt)",NA,NA,NA
"Durchschnittsalter","insgesamt",2020,"13 Bogenhausen",42.5,3900953,91855,NA,NA,NA,"Summe (Alter in Jahren * Hautwohnsitzbevölkerung im jeweiligen Altersjahr) (insgesamt)","Hauptwohnsitzbevölkerung (insgesamt)",NA,NA,NA
"Durchschnittsalter","insgesamt",2020,"14 Berg am Laim",41.2,1933266,46915,NA,NA,NA,"Summe (Alter in Jahren * Hautwohnsitzbevölkerung im jeweiligen Altersjahr) (insgesamt)","Hauptwohnsitzbevölkerung (insgesamt)",NA,NA,NA
"Durchschnittsalter","insgesamt",2020,"15 Trudering - Riem",40.4,3007526,74456,NA,NA,NA,"Summe (Alter in Jahren * Hautwohnsitzbevölkerung im jeweiligen Altersjahr) (insgesamt)","Hauptwohnsitzbevölkerung (insgesamt)",NA,NA,NA
"Durchschnittsalter","insgesamt",2020,"16 Ramersdorf - Perlach",42.1,4979023,118147,NA,NA,NA,"Summe (Alter in Jahren * Hautwohnsitzbevölkerung im jeweiligen Altersjahr) (insgesamt)","Hauptwohnsitzbevölkerung (insgesamt)",NA,NA,NA
"Durchschnittsalter","insgesamt",2020,"17 Obergiesing - Fasangarten",40.9,2202003,53897,NA,NA,NA,"Summe (Alter in Jahren * Hautwohnsitzbevölkerung im jeweiligen Altersjahr) (insgesamt)","Hauptwohnsitzbevölkerung (insgesamt)",NA,NA,NA
"Durchschnittsalter","insgesamt",2020,"18 Untergiesing - Harlaching",43.2,2286263,52940,NA,NA,NA,"Summe (Alter in Jahren * Hautwohnsitzbevölkerung im jeweiligen Altersjahr) (insgesamt)","Hauptwohnsitzbevölkerung (insgesamt)",NA,NA,NA
"Durchschnittsalter","insgesamt",2020,"19 Thalkirchen - Obersendling - Forstenried - Fürstenried - Solln",42.9,4230359,98596,NA,NA,NA,"Summe (Alter in Jahren * Hautwohnsitzbevölkerung im jeweiligen Altersjahr) (insgesamt)","Hauptwohnsitzbevölkerung (insgesamt)",NA,NA,NA
"Durchschnittsalter","insgesamt",2020,"20 Hadern",43.5,2166611,49770,NA,NA,NA,"Summe (Alter in Jahren * Hautwohnsitzbevölkerung im jeweiligen Altersjahr) (insgesamt)","Hauptwohnsitzbevölkerung (insgesamt)",NA,NA,NA
"Durchschnittsalter","insgesamt",2020,"21 Pasing - Obermenzing",42.3,3266052,77301,NA,NA,NA,"Summe (Alter in Jahren * Hautwohnsitzbevölkerung im jeweiligen Altersjahr) (insgesamt)","Hauptwohnsitzbevölkerung (insgesamt)",NA,NA,NA
"Durchschnittsalter","insgesamt",2020,"22 Aubing - Lochhausen - Langwied",41.1,2058250,50140,NA,NA,NA,"Summe (Alter in Jahren * Hautwohnsitzbevölkerung im jeweiligen Altersjahr) (insgesamt)","Hauptwohnsitzbevölkerung (insgesamt)",NA,NA,NA
"Durchschnittsalter","insgesamt",2020,"23 Allach - Untermenzing",42.1,1419139,33710,NA,NA,NA,"Summe (Alter in Jahren * Hautwohnsitzbevölkerung im jeweiligen Altersjahr) (insgesamt)","Hauptwohnsitzbevölkerung (insgesamt)",NA,NA,NA
"Durchschnittsalter","insgesamt",2020,"24 Feldmoching - Hasenbergl",41.6,2589448,62270,NA,NA,NA,"Summe (Alter in Jahren * Hautwohnsitzbevölkerung im jeweiligen Altersjahr) (insgesamt)","Hauptwohnsitzbevölkerung (insgesamt)",NA,NA,NA
"Durchschnittsalter","insgesamt",2020,"25 Laim",42.3,2401575,56729,NA,NA,NA,"Summe (Alter in Jahren * Hautwohnsitzbevölkerung im jeweiligen Altersjahr) (insgesamt)","Hauptwohnsitzbevölkerung (insgesamt)",NA,NA,NA
"Durchschnittsalter","insgesamt",2019,"Stadt München",41.2,64325757,1560042,NA,NA,NA,"Summe (Alter in Jahren * Hautwohnsitzbevölkerung im jeweiligen Altersjahr) (insgesamt)","Hauptwohnsitzbevölkerung (insgesamt)",NA,NA,NA
"Durchschnittsalter","insgesamt",2019,"01 Altstadt - Lehel",41.7,881811,21126,NA,NA,NA,"Summe (Alter in Jahren * Hautwohnsitzbevölkerung im jeweiligen Altersjahr) (insgesamt)","Hauptwohnsitzbevölkerung (insgesamt)",NA,NA,NA
"Durchschnittsalter","insgesamt",2019,"02 Ludwigsvorstadt - Isarvorstadt",39.2,2036508,51933,NA,NA,NA,"Summe (Alter in Jahren * Hautwohnsitzbevölkerung im jeweiligen Altersjahr) (insgesamt)","Hauptwohnsitzbevölkerung (insgesamt)",NA,NA,NA
"Durchschnittsalter","insgesamt",2019,"03 Maxvorstadt",38.7,2007325,51834,NA,NA,NA,"Summe (Alter in Jahren * Hautwohnsitzbevölkerung im jeweiligen Altersjahr) (insgesamt)","Hauptwohnsitzbevölkerung (insgesamt)",NA,NA,NA
"Durchschnittsalter","insgesamt",2019,"04 Schwabing - West",40.9,2821740,68935,NA,NA,NA,"Summe (Alter in Jahren * Hautwohnsitzbevölkerung im jeweiligen Altersjahr) (insgesamt)","Hauptwohnsitzbevölkerung (insgesamt)",NA,NA,NA
"Durchschnittsalter","insgesamt",2019,"05 Au - Haidhausen",40.5,2495711,61654,NA,NA,NA,"Summe (Alter in Jahren * Hautwohnsitzbevölkerung im jeweiligen Altersjahr) (insgesamt)","Hauptwohnsitzbevölkerung (insgesamt)",NA,NA,NA
"Durchschnittsalter","insgesamt",2019,"06 Sendling",40.5,1669557,41256,NA,NA,NA,"Summe (Alter in Jahren * Hautwohnsitzbevölkerung im jeweiligen Altersjahr) (insgesamt)","Hauptwohnsitzbevölkerung (insgesamt)",NA,NA,NA
"Durchschnittsalter","insgesamt",2019,"07 Sendling - Westpark",41.4,2507312,60498,NA,NA,NA,"Summe (Alter in Jahren * Hautwohnsitzbevölkerung im jeweiligen Altersjahr) (insgesamt)","Hauptwohnsitzbevölkerung (insgesamt)",NA,NA,NA
"Durchschnittsalter","insgesamt",2019,"08 Schwanthalerhöhe",39.2,1162095,29611,NA,NA,NA,"Summe (Alter in Jahren * Hautwohnsitzbevölkerung im jeweiligen Altersjahr) (insgesamt)","Hauptwohnsitzbevölkerung (insgesamt)",NA,NA,NA
"Durchschnittsalter","insgesamt",2019,"09 Neuhausen - Nymphenburg",41.2,4132200,100213,NA,NA,NA,"Summe (Alter in Jahren * Hautwohnsitzbevölkerung im jeweiligen Altersjahr) (insgesamt)","Hauptwohnsitzbevölkerung (insgesamt)",NA,NA,NA
"Durchschnittsalter","insgesamt",2019,"10 Moosach",41.5,2276392,54872,NA,NA,NA,"Summe (Alter in Jahren * Hautwohnsitzbevölkerung im jeweiligen Altersjahr) (insgesamt)","Hauptwohnsitzbevölkerung (insgesamt)",NA,NA,NA
"Durchschnittsalter","insgesamt",2019,"11 Milbertshofen - Am Hart",39.6,3032017,76559,NA,NA,NA,"Summe (Alter in Jahren * Hautwohnsitzbevölkerung im jeweiligen Altersjahr) (insgesamt)","Hauptwohnsitzbevölkerung (insgesamt)",NA,NA,NA
"Durchschnittsalter","insgesamt",2019,"12 Schwabing - Freimann",39.5,3103103,78657,NA,NA,NA,"Summe (Alter in Jahren * Hautwohnsitzbevölkerung im jeweiligen Altersjahr) (insgesamt)","Hauptwohnsitzbevölkerung (insgesamt)",NA,NA,NA
"Durchschnittsalter","insgesamt",2019,"13 Bogenhausen",42.6,3832204,90025,NA,NA,NA,"Summe (Alter in Jahren * Hautwohnsitzbevölkerung im jeweiligen Altersjahr) (insgesamt)","Hauptwohnsitzbevölkerung (insgesamt)",NA,NA,NA
"Durchschnittsalter","insgesamt",2019,"14 Berg am Laim",41.1,1931287,47000,NA,NA,NA,"Summe (Alter in Jahren * Hautwohnsitzbevölkerung im jeweiligen Altersjahr) (insgesamt)","Hauptwohnsitzbevölkerung (insgesamt)",NA,NA,NA
"Durchschnittsalter","insgesamt",2019,"15 Trudering - Riem",40.2,2953645,73479,NA,NA,NA,"Summe (Alter in Jahren * Hautwohnsitzbevölkerung im jeweiligen Altersjahr) (insgesamt)","Hauptwohnsitzbevölkerung (insgesamt)",NA,NA,NA
"Durchschnittsalter","insgesamt",2019,"16 Ramersdorf - Perlach",42,4956750,117918,NA,NA,NA,"Summe (Alter in Jahren * Hautwohnsitzbevölkerung im jeweiligen Altersjahr) (insgesamt)","Hauptwohnsitzbevölkerung (insgesamt)",NA,NA,NA
"Durchschnittsalter","insgesamt",2019,"17 Obergiesing - Fasangarten",40.6,2210135,54498,NA,NA,NA,"Summe (Alter in Jahren * Hautwohnsitzbevölkerung im jeweiligen Altersjahr) (insgesamt)","Hauptwohnsitzbevölkerung (insgesamt)",NA,NA,NA
"Durchschnittsalter","insgesamt",2019,"18 Untergiesing - Harlaching",43,2288478,53243,NA,NA,NA,"Summe (Alter in Jahren * Hautwohnsitzbevölkerung im jeweiligen Altersjahr) (insgesamt)","Hauptwohnsitzbevölkerung (insgesamt)",NA,NA,NA
"Durchschnittsalter","insgesamt",2019,"19 Thalkirchen - Obersendling - Forstenried - Fürstenried - Solln",42.9,4191790,97689,NA,NA,NA,"Summe (Alter in Jahren * Hautwohnsitzbevölkerung im jeweiligen Altersjahr) (insgesamt)","Hauptwohnsitzbevölkerung (insgesamt)",NA,NA,NA
"Durchschnittsalter","insgesamt",2019,"20 Hadern",43.3,2171385,50165,NA,NA,NA,"Summe (Alter in Jahren * Hautwohnsitzbevölkerung im jeweiligen Altersjahr) (insgesamt)","Hauptwohnsitzbevölkerung (insgesamt)",NA,NA,NA
"Durchschnittsalter","insgesamt",2019,"21 Pasing - Obermenzing",42.2,3224696,76348,NA,NA,NA,"Summe (Alter in Jahren * Hautwohnsitzbevölkerung im jeweiligen Altersjahr) (insgesamt)","Hauptwohnsitzbevölkerung (insgesamt)",NA,NA,NA
"Durchschnittsalter","insgesamt",2019,"22 Aubing - Lochhausen - Langwied",41.2,2020497,49072,NA,NA,NA,"Summe (Alter in Jahren * Hautwohnsitzbevölkerung im jeweiligen Altersjahr) (insgesamt)","Hauptwohnsitzbevölkerung (insgesamt)",NA,NA,NA
"Durchschnittsalter","insgesamt",2019,"23 Allach - Untermenzing",41.9,1437449,34277,NA,NA,NA,"Summe (Alter in Jahren * Hautwohnsitzbevölkerung im jeweiligen Altersjahr) (insgesamt)","Hauptwohnsitzbevölkerung (insgesamt)",NA,NA,NA
"Durchschnittsalter","insgesamt",2019,"24 Feldmoching - Hasenbergl",41.5,2573394,62069,NA,NA,NA,"Summe (Alter in Jahren * Hautwohnsitzbevölkerung im jeweiligen Altersjahr) (insgesamt)","Hauptwohnsitzbevölkerung (insgesamt)",NA,NA,NA
"Durchschnittsalter","insgesamt",2019,"25 Laim",42.2,2408276,57111,NA,NA,NA,"Summe (Alter in Jahren * Hautwohnsitzbevölkerung im jeweiligen Altersjahr) (insgesamt)","Hauptwohnsitzbevölkerung (insgesamt)",NA,NA,NA
"Durchschnittsalter","insgesamt",2018,"Stadt München",41.2,63556747,1542211,NA,NA,NA,"Summe (Alter in Jahren * Hautwohnsitzbevölkerung im jeweiligen Altersjahr) (insgesamt)","Hauptwohnsitzbevölkerung (insgesamt)",NA,NA,NA
"Durchschnittsalter","insgesamt",2018,"01 Altstadt - Lehel",41.7,879399,21100,NA,NA,NA,"Summe (Alter in Jahren * Hautwohnsitzbevölkerung im jeweiligen Altersjahr) (insgesamt)","Hauptwohnsitzbevölkerung (insgesamt)",NA,NA,NA
"Durchschnittsalter","insgesamt",2018,"02 Ludwigsvorstadt - Isarvorstadt",39,2015904,51644,NA,NA,NA,"Summe (Alter in Jahren * Hautwohnsitzbevölkerung im jeweiligen Altersjahr) (insgesamt)","Hauptwohnsitzbevölkerung (insgesamt)",NA,NA,NA
"Durchschnittsalter","insgesamt",2018,"03 Maxvorstadt",38.7,1988178,51402,NA,NA,NA,"Summe (Alter in Jahren * Hautwohnsitzbevölkerung im jeweiligen Altersjahr) (insgesamt)","Hauptwohnsitzbevölkerung (insgesamt)",NA,NA,NA
"Durchschnittsalter","insgesamt",2018,"04 Schwabing - West",40.9,2801423,68527,NA,NA,NA,"Summe (Alter in Jahren * Hautwohnsitzbevölkerung im jeweiligen Altersjahr) (insgesamt)","Hauptwohnsitzbevölkerung (insgesamt)",NA,NA,NA
"Durchschnittsalter","insgesamt",2018,"05 Au - Haidhausen",40.3,2469866,61356,NA,NA,NA,"Summe (Alter in Jahren * Hautwohnsitzbevölkerung im jeweiligen Altersjahr) (insgesamt)","Hauptwohnsitzbevölkerung (insgesamt)",NA,NA,NA
"Durchschnittsalter","insgesamt",2018,"06 Sendling",40.5,1658784,40983,NA,NA,NA,"Summe (Alter in Jahren * Hautwohnsitzbevölkerung im jeweiligen Altersjahr) (insgesamt)","Hauptwohnsitzbevölkerung (insgesamt)",NA,NA,NA
"Durchschnittsalter","insgesamt",2018,"07 Sendling - Westpark",41.5,2472465,59643,NA,NA,NA,"Summe (Alter in Jahren * Hautwohnsitzbevölkerung im jeweiligen Altersjahr) (insgesamt)","Hauptwohnsitzbevölkerung (insgesamt)",NA,NA,NA
"Durchschnittsalter","insgesamt",2018,"08 Schwanthalerhöhe",39.2,1165842,29743,NA,NA,NA,"Summe (Alter in Jahren * Hautwohnsitzbevölkerung im jeweiligen Altersjahr) (insgesamt)","Hauptwohnsitzbevölkerung (insgesamt)",NA,NA,NA
"Durchschnittsalter","insgesamt",2018,"09 Neuhausen - Nymphenburg",41.2,4073619,98814,NA,NA,NA,"Summe (Alter in Jahren * Hautwohnsitzbevölkerung im jeweiligen Altersjahr) (insgesamt)","Hauptwohnsitzbevölkerung (insgesamt)",NA,NA,NA
"Durchschnittsalter","insgesamt",2018,"10 Moosach",41.5,2250154,54223,NA,NA,NA,"Summe (Alter in Jahren * Hautwohnsitzbevölkerung im jeweiligen Altersjahr) (insgesamt)","Hauptwohnsitzbevölkerung (insgesamt)",NA,NA,NA
"Durchschnittsalter","insgesamt",2018,"11 Milbertshofen - Am Hart",39.7,2979857,75094,NA,NA,NA,"Summe (Alter in Jahren * Hautwohnsitzbevölkerung im jeweiligen Altersjahr) (insgesamt)","Hauptwohnsitzbevölkerung (insgesamt)",NA,NA,NA
"Durchschnittsalter","insgesamt",2018,"12 Schwabing - Freimann",39.3,3063836,77936,NA,NA,NA,"Summe (Alter in Jahren * Hautwohnsitzbevölkerung im jeweiligen Altersjahr) (insgesamt)","Hauptwohnsitzbevölkerung (insgesamt)",NA,NA,NA
"Durchschnittsalter","insgesamt",2018,"13 Bogenhausen",42.8,3761279,87950,NA,NA,NA,"Summe (Alter in Jahren * Hautwohnsitzbevölkerung im jeweiligen Altersjahr) (insgesamt)","Hauptwohnsitzbevölkerung (insgesamt)",NA,NA,NA
"Durchschnittsalter","insgesamt",2018,"14 Berg am Laim",41.1,1895064,46098,NA,NA,NA,"Summe (Alter in Jahren * Hautwohnsitzbevölkerung im jeweiligen Altersjahr) (insgesamt)","Hauptwohnsitzbevölkerung (insgesamt)",NA,NA,NA
"Durchschnittsalter","insgesamt",2018,"15 Trudering - Riem",40,2926100,73206,NA,NA,NA,"Summe (Alter in Jahren * Hautwohnsitzbevölkerung im jeweiligen Altersjahr) (insgesamt)","Hauptwohnsitzbevölkerung (insgesamt)",NA,NA,NA
"Durchschnittsalter","insgesamt",2018,"16 Ramersdorf - Perlach",42,4891029,116327,NA,NA,NA,"Summe (Alter in Jahren * Hautwohnsitzbevölkerung im jeweiligen Altersjahr) (insgesamt)","Hauptwohnsitzbevölkerung (insgesamt)",NA,NA,NA
"Durchschnittsalter","insgesamt",2018,"17 Obergiesing - Fasangarten",40.4,2191390,54256,NA,NA,NA,"Summe (Alter in Jahren * Hautwohnsitzbevölkerung im jeweiligen Altersjahr) (insgesamt)","Hauptwohnsitzbevölkerung (insgesamt)",NA,NA,NA
"Durchschnittsalter","insgesamt",2018,"18 Untergiesing - Harlaching",42.8,2278847,53184,NA,NA,NA,"Summe (Alter in Jahren * Hautwohnsitzbevölkerung im jeweiligen Altersjahr) (insgesamt)","Hauptwohnsitzbevölkerung (insgesamt)",NA,NA,NA
"Durchschnittsalter","insgesamt",2018,"19 Thalkirchen - Obersendling - Forstenried - Fürstenried - Solln",43,4154619,96714,NA,NA,NA,"Summe (Alter in Jahren * Hautwohnsitzbevölkerung im jeweiligen Altersjahr) (insgesamt)","Hauptwohnsitzbevölkerung (insgesamt)",NA,NA,NA
"Durchschnittsalter","insgesamt",2018,"20 Hadern",43.2,2157158,49898,NA,NA,NA,"Summe (Alter in Jahren * Hautwohnsitzbevölkerung im jeweiligen Altersjahr) (insgesamt)","Hauptwohnsitzbevölkerung (insgesamt)",NA,NA,NA
"Durchschnittsalter","insgesamt",2018,"21 Pasing - Obermenzing",42.4,3160559,74625,NA,NA,NA,"Summe (Alter in Jahren * Hautwohnsitzbevölkerung im jeweiligen Altersjahr) (insgesamt)","Hauptwohnsitzbevölkerung (insgesamt)",NA,NA,NA
"Durchschnittsalter","insgesamt",2018,"22 Aubing - Lochhausen - Langwied",41.3,1976690,47813,NA,NA,NA,"Summe (Alter in Jahren * Hautwohnsitzbevölkerung im jeweiligen Altersjahr) (insgesamt)","Hauptwohnsitzbevölkerung (insgesamt)",NA,NA,NA
"Durchschnittsalter","insgesamt",2018,"23 Allach - Untermenzing",42.1,1404814,33355,NA,NA,NA,"Summe (Alter in Jahren * Hautwohnsitzbevölkerung im jeweiligen Altersjahr) (insgesamt)","Hauptwohnsitzbevölkerung (insgesamt)",NA,NA,NA
"Durchschnittsalter","insgesamt",2018,"24 Feldmoching - Hasenbergl",41.3,2552551,61774,NA,NA,NA,"Summe (Alter in Jahren * Hautwohnsitzbevölkerung im jeweiligen Altersjahr) (insgesamt)","Hauptwohnsitzbevölkerung (insgesamt)",NA,NA,NA
"Durchschnittsalter","insgesamt",2018,"25 Laim",42.2,2387320,56546,NA,NA,NA,"Summe (Alter in Jahren * Hautwohnsitzbevölkerung im jeweiligen Altersjahr) (insgesamt)","Hauptwohnsitzbevölkerung (insgesamt)",NA,NA,NA
"Durchschnittsalter","insgesamt",2017,"Stadt München",41.2,62858944,1526056,NA,NA,NA,"Summe (Alter in Jahren * Hautwohnsitzbevölkerung im jeweiligen Altersjahr) (insgesamt)","Hauptwohnsitzbevölkerung (insgesamt)",NA,NA,NA
"Durchschnittsalter","insgesamt",2017,"01 Altstadt - Lehel",41.7,872419,20926,NA,NA,NA,"Summe (Alter in Jahren * Hautwohnsitzbevölkerung im jeweiligen Altersjahr) (insgesamt)","Hauptwohnsitzbevölkerung (insgesamt)",NA,NA,NA
"Durchschnittsalter","insgesamt",2017,"02 Ludwigsvorstadt - Isarvorstadt",39,2014344,51632,NA,NA,NA,"Summe (Alter in Jahren * Hautwohnsitzbevölkerung im jeweiligen Altersjahr) (insgesamt)","Hauptwohnsitzbevölkerung (insgesamt)",NA,NA,NA
"Durchschnittsalter","insgesamt",2017,"03 Maxvorstadt",38.6,1978708,51311,NA,NA,NA,"Summe (Alter in Jahren * Hautwohnsitzbevölkerung im jeweiligen Altersjahr) (insgesamt)","Hauptwohnsitzbevölkerung (insgesamt)",NA,NA,NA
"Durchschnittsalter","insgesamt",2017,"04 Schwabing - West",40.8,2785594,68265,NA,NA,NA,"Summe (Alter in Jahren * Hautwohnsitzbevölkerung im jeweiligen Altersjahr) (insgesamt)","Hauptwohnsitzbevölkerung (insgesamt)",NA,NA,NA
"Durchschnittsalter","insgesamt",2017,"05 Au - Haidhausen",40.1,2442727,60937,NA,NA,NA,"Summe (Alter in Jahren * Hautwohnsitzbevölkerung im jeweiligen Altersjahr) (insgesamt)","Hauptwohnsitzbevölkerung (insgesamt)",NA,NA,NA
"Durchschnittsalter","insgesamt",2017,"06 Sendling",40.4,1643114,40682,NA,NA,NA,"Summe (Alter in Jahren * Hautwohnsitzbevölkerung im jeweiligen Altersjahr) (insgesamt)","Hauptwohnsitzbevölkerung (insgesamt)",NA,NA,NA
"Durchschnittsalter","insgesamt",2017,"07 Sendling - Westpark",41.4,2458256,59386,NA,NA,NA,"Summe (Alter in Jahren * Hautwohnsitzbevölkerung im jeweiligen Altersjahr) (insgesamt)","Hauptwohnsitzbevölkerung (insgesamt)",NA,NA,NA
"Durchschnittsalter","insgesamt",2017,"08 Schwanthalerhöhe",39.1,1155574,29535,NA,NA,NA,"Summe (Alter in Jahren * Hautwohnsitzbevölkerung im jeweiligen Altersjahr) (insgesamt)","Hauptwohnsitzbevölkerung (insgesamt)",NA,NA,NA
"Durchschnittsalter","insgesamt",2017,"09 Neuhausen - Nymphenburg",41.2,4060789,98520,NA,NA,NA,"Summe (Alter in Jahren * Hautwohnsitzbevölkerung im jeweiligen Altersjahr) (insgesamt)","Hauptwohnsitzbevölkerung (insgesamt)",NA,NA,NA
"Durchschnittsalter","insgesamt",2017,"10 Moosach",41.4,2223119,53662,NA,NA,NA,"Summe (Alter in Jahren * Hautwohnsitzbevölkerung im jeweiligen Altersjahr) (insgesamt)","Hauptwohnsitzbevölkerung (insgesamt)",NA,NA,NA
"Durchschnittsalter","insgesamt",2017,"11 Milbertshofen - Am Hart",39.6,2958336,74731,NA,NA,NA,"Summe (Alter in Jahren * Hautwohnsitzbevölkerung im jeweiligen Altersjahr) (insgesamt)","Hauptwohnsitzbevölkerung (insgesamt)",NA,NA,NA
"Durchschnittsalter","insgesamt",2017,"12 Schwabing - Freimann",39.3,3001734,76341,NA,NA,NA,"Summe (Alter in Jahren * Hautwohnsitzbevölkerung im jeweiligen Altersjahr) (insgesamt)","Hauptwohnsitzbevölkerung (insgesamt)",NA,NA,NA
"Durchschnittsalter","insgesamt",2017,"13 Bogenhausen",42.9,3692162,85971,NA,NA,NA,"Summe (Alter in Jahren * Hautwohnsitzbevölkerung im jeweiligen Altersjahr) (insgesamt)","Hauptwohnsitzbevölkerung (insgesamt)",NA,NA,NA
"Durchschnittsalter","insgesamt",2017,"14 Berg am Laim",41.1,1873556,45582,NA,NA,NA,"Summe (Alter in Jahren * Hautwohnsitzbevölkerung im jeweiligen Altersjahr) (insgesamt)","Hauptwohnsitzbevölkerung (insgesamt)",NA,NA,NA
"Durchschnittsalter","insgesamt",2017,"15 Trudering - Riem",39.8,2863996,72006,NA,NA,NA,"Summe (Alter in Jahren * Hautwohnsitzbevölkerung im jeweiligen Altersjahr) (insgesamt)","Hauptwohnsitzbevölkerung (insgesamt)",NA,NA,NA
"Durchschnittsalter","insgesamt",2017,"16 Ramersdorf - Perlach",42.1,4822358,114478,NA,NA,NA,"Summe (Alter in Jahren * Hautwohnsitzbevölkerung im jeweiligen Altersjahr) (insgesamt)","Hauptwohnsitzbevölkerung (insgesamt)",NA,NA,NA
"Durchschnittsalter","insgesamt",2017,"17 Obergiesing - Fasangarten",40.2,2170532,53937,NA,NA,NA,"Summe (Alter in Jahren * Hautwohnsitzbevölkerung im jeweiligen Altersjahr) (insgesamt)","Hauptwohnsitzbevölkerung (insgesamt)",NA,NA,NA
"Durchschnittsalter","insgesamt",2017,"18 Untergiesing - Harlaching",42.8,2252530,52600,NA,NA,NA,"Summe (Alter in Jahren * Hautwohnsitzbevölkerung im jeweiligen Altersjahr) (insgesamt)","Hauptwohnsitzbevölkerung (insgesamt)",NA,NA,NA
"Durchschnittsalter","insgesamt",2017,"19 Thalkirchen - Obersendling - Forstenried - Fürstenried - Solln",43.1,4113958,95554,NA,NA,NA,"Summe (Alter in Jahren * Hautwohnsitzbevölkerung im jeweiligen Altersjahr) (insgesamt)","Hauptwohnsitzbevölkerung (insgesamt)",NA,NA,NA
"Durchschnittsalter","insgesamt",2017,"20 Hadern",43.2,2142021,49626,NA,NA,NA,"Summe (Alter in Jahren * Hautwohnsitzbevölkerung im jeweiligen Altersjahr) (insgesamt)","Hauptwohnsitzbevölkerung (insgesamt)",NA,NA,NA
"Durchschnittsalter","insgesamt",2017,"21 Pasing - Obermenzing",42.3,3131351,74098,NA,NA,NA,"Summe (Alter in Jahren * Hautwohnsitzbevölkerung im jeweiligen Altersjahr) (insgesamt)","Hauptwohnsitzbevölkerung (insgesamt)",NA,NA,NA
"Durchschnittsalter","insgesamt",2017,"22 Aubing - Lochhausen - Langwied",41.6,1929509,46385,NA,NA,NA,"Summe (Alter in Jahren * Hautwohnsitzbevölkerung im jeweiligen Altersjahr) (insgesamt)","Hauptwohnsitzbevölkerung (insgesamt)",NA,NA,NA
"Durchschnittsalter","insgesamt",2017,"23 Allach - Untermenzing",42.1,1376311,32677,NA,NA,NA,"Summe (Alter in Jahren * Hautwohnsitzbevölkerung im jeweiligen Altersjahr) (insgesamt)","Hauptwohnsitzbevölkerung (insgesamt)",NA,NA,NA
"Durchschnittsalter","insgesamt",2017,"24 Feldmoching - Hasenbergl",41.4,2523011,60933,NA,NA,NA,"Summe (Alter in Jahren * Hautwohnsitzbevölkerung im jeweiligen Altersjahr) (insgesamt)","Hauptwohnsitzbevölkerung (insgesamt)",NA,NA,NA
"Durchschnittsalter","insgesamt",2017,"25 Laim",42.2,2372935,56281,NA,NA,NA,"Summe (Alter in Jahren * Hautwohnsitzbevölkerung im jeweiligen Altersjahr) (insgesamt)","Hauptwohnsitzbevölkerung (insgesamt)",NA,NA,NA
"Durchschnittsalter","insgesamt",2016,"Stadt München",41.2,63528041,1542860,NA,NA,NA,"Summe (Alter in Jahren * Hautwohnsitzbevölkerung im jeweiligen Altersjahr) (insgesamt)","Hauptwohnsitzbevölkerung (insgesamt)",NA,NA,NA
"Durchschnittsalter","insgesamt",2016,"01 Altstadt - Lehel",41.7,895699,21454,NA,NA,NA,"Summe (Alter in Jahren * Hautwohnsitzbevölkerung im jeweiligen Altersjahr) (insgesamt)","Hauptwohnsitzbevölkerung (insgesamt)",NA,NA,NA
"Durchschnittsalter","insgesamt",2016,"02 Ludwigsvorstadt - Isarvorstadt",38.9,2135815,54915,NA,NA,NA,"Summe (Alter in Jahren * Hautwohnsitzbevölkerung im jeweiligen Altersjahr) (insgesamt)","Hauptwohnsitzbevölkerung (insgesamt)",NA,NA,NA
"Durchschnittsalter","insgesamt",2016,"03 Maxvorstadt",38.5,2056839,53443,NA,NA,NA,"Summe (Alter in Jahren * Hautwohnsitzbevölkerung im jeweiligen Altersjahr) (insgesamt)","Hauptwohnsitzbevölkerung (insgesamt)",NA,NA,NA
"Durchschnittsalter","insgesamt",2016,"04 Schwabing - West",40.7,2825894,69407,NA,NA,NA,"Summe (Alter in Jahren * Hautwohnsitzbevölkerung im jeweiligen Altersjahr) (insgesamt)","Hauptwohnsitzbevölkerung (insgesamt)",NA,NA,NA
"Durchschnittsalter","insgesamt",2016,"05 Au - Haidhausen",40.1,2484493,61999,NA,NA,NA,"Summe (Alter in Jahren * Hautwohnsitzbevölkerung im jeweiligen Altersjahr) (insgesamt)","Hauptwohnsitzbevölkerung (insgesamt)",NA,NA,NA
"Durchschnittsalter","insgesamt",2016,"06 Sendling",40.4,1666389,41230,NA,NA,NA,"Summe (Alter in Jahren * Hautwohnsitzbevölkerung im jeweiligen Altersjahr) (insgesamt)","Hauptwohnsitzbevölkerung (insgesamt)",NA,NA,NA
"Durchschnittsalter","insgesamt",2016,"07 Sendling - Westpark",41.5,2455940,59174,NA,NA,NA,"Summe (Alter in Jahren * Hautwohnsitzbevölkerung im jeweiligen Altersjahr) (insgesamt)","Hauptwohnsitzbevölkerung (insgesamt)",NA,NA,NA
"Durchschnittsalter","insgesamt",2016,"08 Schwanthalerhöhe",39.1,1184522,30282,NA,NA,NA,"Summe (Alter in Jahren * Hautwohnsitzbevölkerung im jeweiligen Altersjahr) (insgesamt)","Hauptwohnsitzbevölkerung (insgesamt)",NA,NA,NA
"Durchschnittsalter","insgesamt",2016,"09 Neuhausen - Nymphenburg",41.2,4096319,99538,NA,NA,NA,"Summe (Alter in Jahren * Hautwohnsitzbevölkerung im jeweiligen Altersjahr) (insgesamt)","Hauptwohnsitzbevölkerung (insgesamt)",NA,NA,NA
"Durchschnittsalter","insgesamt",2016,"10 Moosach",41.5,2234604,53859,NA,NA,NA,"Summe (Alter in Jahren * Hautwohnsitzbevölkerung im jeweiligen Altersjahr) (insgesamt)","Hauptwohnsitzbevölkerung (insgesamt)",NA,NA,NA
"Durchschnittsalter","insgesamt",2016,"11 Milbertshofen - Am Hart",39.5,3015466,76255,NA,NA,NA,"Summe (Alter in Jahren * Hautwohnsitzbevölkerung im jeweiligen Altersjahr) (insgesamt)","Hauptwohnsitzbevölkerung (insgesamt)",NA,NA,NA
"Durchschnittsalter","insgesamt",2016,"12 Schwabing - Freimann",39.3,3030782,77188,NA,NA,NA,"Summe (Alter in Jahren * Hautwohnsitzbevölkerung im jeweiligen Altersjahr) (insgesamt)","Hauptwohnsitzbevölkerung (insgesamt)",NA,NA,NA
"Durchschnittsalter","insgesamt",2016,"13 Bogenhausen",42.9,3738113,87164,NA,NA,NA,"Summe (Alter in Jahren * Hautwohnsitzbevölkerung im jeweiligen Altersjahr) (insgesamt)","Hauptwohnsitzbevölkerung (insgesamt)",NA,NA,NA
"Durchschnittsalter","insgesamt",2016,"14 Berg am Laim",41.1,1878621,45655,NA,NA,NA,"Summe (Alter in Jahren * Hautwohnsitzbevölkerung im jeweiligen Altersjahr) (insgesamt)","Hauptwohnsitzbevölkerung (insgesamt)",NA,NA,NA
"Durchschnittsalter","insgesamt",2016,"15 Trudering - Riem",39.8,2841700,71448,NA,NA,NA,"Summe (Alter in Jahren * Hautwohnsitzbevölkerung im jeweiligen Altersjahr) (insgesamt)","Hauptwohnsitzbevölkerung (insgesamt)",NA,NA,NA
"Durchschnittsalter","insgesamt",2016,"16 Ramersdorf - Perlach",42.3,4813428,113898,NA,NA,NA,"Summe (Alter in Jahren * Hautwohnsitzbevölkerung im jeweiligen Altersjahr) (insgesamt)","Hauptwohnsitzbevölkerung (insgesamt)",NA,NA,NA
"Durchschnittsalter","insgesamt",2016,"17 Obergiesing - Fasangarten",40.2,2203252,54784,NA,NA,NA,"Summe (Alter in Jahren * Hautwohnsitzbevölkerung im jeweiligen Altersjahr) (insgesamt)","Hauptwohnsitzbevölkerung (insgesamt)",NA,NA,NA
"Durchschnittsalter","insgesamt",2016,"18 Untergiesing - Harlaching",42.7,2305436,54050,NA,NA,NA,"Summe (Alter in Jahren * Hautwohnsitzbevölkerung im jeweiligen Altersjahr) (insgesamt)","Hauptwohnsitzbevölkerung (insgesamt)",NA,NA,NA
"Durchschnittsalter","insgesamt",2016,"19 Thalkirchen - Obersendling - Forstenried - Fürstenried - Solln",43,4136914,96200,NA,NA,NA,"Summe (Alter in Jahren * Hautwohnsitzbevölkerung im jeweiligen Altersjahr) (insgesamt)","Hauptwohnsitzbevölkerung (insgesamt)",NA,NA,NA
"Durchschnittsalter","insgesamt",2016,"20 Hadern",43,2172516,50567,NA,NA,NA,"Summe (Alter in Jahren * Hautwohnsitzbevölkerung im jeweiligen Altersjahr) (insgesamt)","Hauptwohnsitzbevölkerung (insgesamt)",NA,NA,NA
"Durchschnittsalter","insgesamt",2016,"21 Pasing - Obermenzing",42.2,3138050,74432,NA,NA,NA,"Summe (Alter in Jahren * Hautwohnsitzbevölkerung im jeweiligen Altersjahr) (insgesamt)","Hauptwohnsitzbevölkerung (insgesamt)",NA,NA,NA
"Durchschnittsalter","insgesamt",2016,"22 Aubing - Lochhausen - Langwied",41.9,1909537,45571,NA,NA,NA,"Summe (Alter in Jahren * Hautwohnsitzbevölkerung im jeweiligen Altersjahr) (insgesamt)","Hauptwohnsitzbevölkerung (insgesamt)",NA,NA,NA
"Durchschnittsalter","insgesamt",2016,"23 Allach - Untermenzing",42.2,1362122,32248,NA,NA,NA,"Summe (Alter in Jahren * Hautwohnsitzbevölkerung im jeweiligen Altersjahr) (insgesamt)","Hauptwohnsitzbevölkerung (insgesamt)",NA,NA,NA
"Durchschnittsalter","insgesamt",2016,"24 Feldmoching - Hasenbergl",41.5,2560422,61764,NA,NA,NA,"Summe (Alter in Jahren * Hautwohnsitzbevölkerung im jeweiligen Altersjahr) (insgesamt)","Hauptwohnsitzbevölkerung (insgesamt)",NA,NA,NA
"Durchschnittsalter","insgesamt",2016,"25 Laim",42.3,2385168,56335,NA,NA,NA,"Summe (Alter in Jahren * Hautwohnsitzbevölkerung im jeweiligen Altersjahr) (insgesamt)","Hauptwohnsitzbevölkerung (insgesamt)",NA,NA,NA
"Durchschnittsalter","insgesamt",2015,"Stadt München",41.2,62699609,1521678,NA,NA,NA,"Summe (Alter in Jahren * Hautwohnsitzbevölkerung im jeweiligen Altersjahr) (insgesamt)","Hauptwohnsitzbevölkerung (insgesamt)",NA,NA,NA
"Durchschnittsalter","insgesamt",2015,"01 Altstadt - Lehel",41.8,882577,21122,NA,NA,NA,"Summe (Alter in Jahren * Hautwohnsitzbevölkerung im jeweiligen Altersjahr) (insgesamt)","Hauptwohnsitzbevölkerung (insgesamt)",NA,NA,NA
"Durchschnittsalter","insgesamt",2015,"02 Ludwigsvorstadt - Isarvorstadt",38.8,2098519,54049,NA,NA,NA,"Summe (Alter in Jahren * Hautwohnsitzbevölkerung im jeweiligen Altersjahr) (insgesamt)","Hauptwohnsitzbevölkerung (insgesamt)",NA,NA,NA
"Durchschnittsalter","insgesamt",2015,"03 Maxvorstadt",38.3,2057226,53743,NA,NA,NA,"Summe (Alter in Jahren * Hautwohnsitzbevölkerung im jeweiligen Altersjahr) (insgesamt)","Hauptwohnsitzbevölkerung (insgesamt)",NA,NA,NA
"Durchschnittsalter","insgesamt",2015,"04 Schwabing - West",40.7,2790886,68527,NA,NA,NA,"Summe (Alter in Jahren * Hautwohnsitzbevölkerung im jeweiligen Altersjahr) (insgesamt)","Hauptwohnsitzbevölkerung (insgesamt)",NA,NA,NA
"Durchschnittsalter","insgesamt",2015,"05 Au - Haidhausen",40,2458416,61495,NA,NA,NA,"Summe (Alter in Jahren * Hautwohnsitzbevölkerung im jeweiligen Altersjahr) (insgesamt)","Hauptwohnsitzbevölkerung (insgesamt)",NA,NA,NA
"Durchschnittsalter","insgesamt",2015,"06 Sendling",40.4,1650030,40879,NA,NA,NA,"Summe (Alter in Jahren * Hautwohnsitzbevölkerung im jeweiligen Altersjahr) (insgesamt)","Hauptwohnsitzbevölkerung (insgesamt)",NA,NA,NA
"Durchschnittsalter","insgesamt",2015,"07 Sendling - Westpark",41.6,2426616,58398,NA,NA,NA,"Summe (Alter in Jahren * Hautwohnsitzbevölkerung im jeweiligen Altersjahr) (insgesamt)","Hauptwohnsitzbevölkerung (insgesamt)",NA,NA,NA
"Durchschnittsalter","insgesamt",2015,"08 Schwanthalerhöhe",38.9,1180738,30381,NA,NA,NA,"Summe (Alter in Jahren * Hautwohnsitzbevölkerung im jeweiligen Altersjahr) (insgesamt)","Hauptwohnsitzbevölkerung (insgesamt)",NA,NA,NA
"Durchschnittsalter","insgesamt",2015,"09 Neuhausen - Nymphenburg",41.1,4055566,98702,NA,NA,NA,"Summe (Alter in Jahren * Hautwohnsitzbevölkerung im jeweiligen Altersjahr) (insgesamt)","Hauptwohnsitzbevölkerung (insgesamt)",NA,NA,NA
"Durchschnittsalter","insgesamt",2015,"10 Moosach",41.6,2217877,53261,NA,NA,NA,"Summe (Alter in Jahren * Hautwohnsitzbevölkerung im jeweiligen Altersjahr) (insgesamt)","Hauptwohnsitzbevölkerung (insgesamt)",NA,NA,NA
"Durchschnittsalter","insgesamt",2015,"11 Milbertshofen - Am Hart",39.5,2980215,75488,NA,NA,NA,"Summe (Alter in Jahren * Hautwohnsitzbevölkerung im jeweiligen Altersjahr) (insgesamt)","Hauptwohnsitzbevölkerung (insgesamt)",NA,NA,NA
"Durchschnittsalter","insgesamt",2015,"12 Schwabing - Freimann",39.2,2940751,75020,NA,NA,NA,"Summe (Alter in Jahren * Hautwohnsitzbevölkerung im jeweiligen Altersjahr) (insgesamt)","Hauptwohnsitzbevölkerung (insgesamt)",NA,NA,NA
"Durchschnittsalter","insgesamt",2015,"13 Bogenhausen",42.9,3689800,85947,NA,NA,NA,"Summe (Alter in Jahren * Hautwohnsitzbevölkerung im jeweiligen Altersjahr) (insgesamt)","Hauptwohnsitzbevölkerung (insgesamt)",NA,NA,NA
"Durchschnittsalter","insgesamt",2015,"14 Berg am Laim",41.2,1854509,45035,NA,NA,NA,"Summe (Alter in Jahren * Hautwohnsitzbevölkerung im jeweiligen Altersjahr) (insgesamt)","Hauptwohnsitzbevölkerung (insgesamt)",NA,NA,NA
"Durchschnittsalter","insgesamt",2015,"15 Trudering - Riem",39.8,2776430,69830,NA,NA,NA,"Summe (Alter in Jahren * Hautwohnsitzbevölkerung im jeweiligen Altersjahr) (insgesamt)","Hauptwohnsitzbevölkerung (insgesamt)",NA,NA,NA
"Durchschnittsalter","insgesamt",2015,"16 Ramersdorf - Perlach",42.3,4757459,112371,NA,NA,NA,"Summe (Alter in Jahren * Hautwohnsitzbevölkerung im jeweiligen Altersjahr) (insgesamt)","Hauptwohnsitzbevölkerung (insgesamt)",NA,NA,NA
"Durchschnittsalter","insgesamt",2015,"17 Obergiesing - Fasangarten",40.2,2187001,54402,NA,NA,NA,"Summe (Alter in Jahren * Hautwohnsitzbevölkerung im jeweiligen Altersjahr) (insgesamt)","Hauptwohnsitzbevölkerung (insgesamt)",NA,NA,NA
"Durchschnittsalter","insgesamt",2015,"18 Untergiesing - Harlaching",42.7,2281124,53377,NA,NA,NA,"Summe (Alter in Jahren * Hautwohnsitzbevölkerung im jeweiligen Altersjahr) (insgesamt)","Hauptwohnsitzbevölkerung (insgesamt)",NA,NA,NA
"Durchschnittsalter","insgesamt",2015,"19 Thalkirchen - Obersendling - Forstenried - Fürstenried - Solln",43.3,4057191,93602,NA,NA,NA,"Summe (Alter in Jahren * Hautwohnsitzbevölkerung im jeweiligen Altersjahr) (insgesamt)","Hauptwohnsitzbevölkerung (insgesamt)",NA,NA,NA
"Durchschnittsalter","insgesamt",2015,"20 Hadern",42.9,2155758,50257,NA,NA,NA,"Summe (Alter in Jahren * Hautwohnsitzbevölkerung im jeweiligen Altersjahr) (insgesamt)","Hauptwohnsitzbevölkerung (insgesamt)",NA,NA,NA
"Durchschnittsalter","insgesamt",2015,"21 Pasing - Obermenzing",42.2,3093785,73320,NA,NA,NA,"Summe (Alter in Jahren * Hautwohnsitzbevölkerung im jeweiligen Altersjahr) (insgesamt)","Hauptwohnsitzbevölkerung (insgesamt)",NA,NA,NA
"Durchschnittsalter","insgesamt",2015,"22 Aubing - Lochhausen - Langwied",42.4,1850748,43682,NA,NA,NA,"Summe (Alter in Jahren * Hautwohnsitzbevölkerung im jeweiligen Altersjahr) (insgesamt)","Hauptwohnsitzbevölkerung (insgesamt)",NA,NA,NA
"Durchschnittsalter","insgesamt",2015,"23 Allach - Untermenzing",42.4,1350442,31882,NA,NA,NA,"Summe (Alter in Jahren * Hautwohnsitzbevölkerung im jeweiligen Altersjahr) (insgesamt)","Hauptwohnsitzbevölkerung (insgesamt)",NA,NA,NA
"Durchschnittsalter","insgesamt",2015,"24 Feldmoching - Hasenbergl",41.5,2551266,61534,NA,NA,NA,"Summe (Alter in Jahren * Hautwohnsitzbevölkerung im jeweiligen Altersjahr) (insgesamt)","Hauptwohnsitzbevölkerung (insgesamt)",NA,NA,NA
"Durchschnittsalter","insgesamt",2015,"25 Laim",42.5,2354679,55374,NA,NA,NA,"Summe (Alter in Jahren * Hautwohnsitzbevölkerung im jeweiligen Altersjahr) (insgesamt)","Hauptwohnsitzbevölkerung (insgesamt)",NA,NA,NA
"Durchschnittsalter","insgesamt",2014,"Stadt München",41.3,61585079,1490681,NA,NA,NA,"Summe (Alter in Jahren * Hautwohnsitzbevölkerung im jeweiligen Altersjahr) (insgesamt)","Hauptwohnsitzbevölkerung (insgesamt)",NA,NA,NA
"Durchschnittsalter","insgesamt",2014,"01 Altstadt - Lehel",41.7,867969,20806,NA,NA,NA,"Summe (Alter in Jahren * Hautwohnsitzbevölkerung im jeweiligen Altersjahr) (insgesamt)","Hauptwohnsitzbevölkerung (insgesamt)",NA,NA,NA
"Durchschnittsalter","insgesamt",2014,"02 Ludwigsvorstadt - Isarvorstadt",38.9,2031844,52177,NA,NA,NA,"Summe (Alter in Jahren * Hautwohnsitzbevölkerung im jeweiligen Altersjahr) (insgesamt)","Hauptwohnsitzbevölkerung (insgesamt)",NA,NA,NA
"Durchschnittsalter","insgesamt",2014,"03 Maxvorstadt",38.4,2019688,52575,NA,NA,NA,"Summe (Alter in Jahren * Hautwohnsitzbevölkerung im jeweiligen Altersjahr) (insgesamt)","Hauptwohnsitzbevölkerung (insgesamt)",NA,NA,NA
"Durchschnittsalter","insgesamt",2014,"04 Schwabing - West",40.9,2744966,67094,NA,NA,NA,"Summe (Alter in Jahren * Hautwohnsitzbevölkerung im jeweiligen Altersjahr) (insgesamt)","Hauptwohnsitzbevölkerung (insgesamt)",NA,NA,NA
"Durchschnittsalter","insgesamt",2014,"05 Au - Haidhausen",40,2428650,60756,NA,NA,NA,"Summe (Alter in Jahren * Hautwohnsitzbevölkerung im jeweiligen Altersjahr) (insgesamt)","Hauptwohnsitzbevölkerung (insgesamt)",NA,NA,NA
"Durchschnittsalter","insgesamt",2014,"06 Sendling",40.4,1631569,40422,NA,NA,NA,"Summe (Alter in Jahren * Hautwohnsitzbevölkerung im jeweiligen Altersjahr) (insgesamt)","Hauptwohnsitzbevölkerung (insgesamt)",NA,NA,NA
"Durchschnittsalter","insgesamt",2014,"07 Sendling - Westpark",41.9,2367397,56485,NA,NA,NA,"Summe (Alter in Jahren * Hautwohnsitzbevölkerung im jeweiligen Altersjahr) (insgesamt)","Hauptwohnsitzbevölkerung (insgesamt)",NA,NA,NA
"Durchschnittsalter","insgesamt",2014,"08 Schwanthalerhöhe",38.7,1163891,30083,NA,NA,NA,"Summe (Alter in Jahren * Hautwohnsitzbevölkerung im jeweiligen Altersjahr) (insgesamt)","Hauptwohnsitzbevölkerung (insgesamt)",NA,NA,NA
"Durchschnittsalter","insgesamt",2014,"09 Neuhausen - Nymphenburg",41.1,4003242,97521,NA,NA,NA,"Summe (Alter in Jahren * Hautwohnsitzbevölkerung im jeweiligen Altersjahr) (insgesamt)","Hauptwohnsitzbevölkerung (insgesamt)",NA,NA,NA
"Durchschnittsalter","insgesamt",2014,"10 Moosach",41.7,2194377,52657,NA,NA,NA,"Summe (Alter in Jahren * Hautwohnsitzbevölkerung im jeweiligen Altersjahr) (insgesamt)","Hauptwohnsitzbevölkerung (insgesamt)",NA,NA,NA
"Durchschnittsalter","insgesamt",2014,"11 Milbertshofen - Am Hart",39.4,2945055,74667,NA,NA,NA,"Summe (Alter in Jahren * Hautwohnsitzbevölkerung im jeweiligen Altersjahr) (insgesamt)","Hauptwohnsitzbevölkerung (insgesamt)",NA,NA,NA
"Durchschnittsalter","insgesamt",2014,"12 Schwabing - Freimann",39.8,2856472,71802,NA,NA,NA,"Summe (Alter in Jahren * Hautwohnsitzbevölkerung im jeweiligen Altersjahr) (insgesamt)","Hauptwohnsitzbevölkerung (insgesamt)",NA,NA,NA
"Durchschnittsalter","insgesamt",2014,"13 Bogenhausen",43.1,3616407,83900,NA,NA,NA,"Summe (Alter in Jahren * Hautwohnsitzbevölkerung im jeweiligen Altersjahr) (insgesamt)","Hauptwohnsitzbevölkerung (insgesamt)",NA,NA,NA
"Durchschnittsalter","insgesamt",2014,"14 Berg am Laim",41.3,1816451,44022,NA,NA,NA,"Summe (Alter in Jahren * Hautwohnsitzbevölkerung im jeweiligen Altersjahr) (insgesamt)","Hauptwohnsitzbevölkerung (insgesamt)",NA,NA,NA
"Durchschnittsalter","insgesamt",2014,"15 Trudering - Riem",39.7,2698799,68063,NA,NA,NA,"Summe (Alter in Jahren * Hautwohnsitzbevölkerung im jeweiligen Altersjahr) (insgesamt)","Hauptwohnsitzbevölkerung (insgesamt)",NA,NA,NA
"Durchschnittsalter","insgesamt",2014,"16 Ramersdorf - Perlach",42.4,4670657,110099,NA,NA,NA,"Summe (Alter in Jahren * Hautwohnsitzbevölkerung im jeweiligen Altersjahr) (insgesamt)","Hauptwohnsitzbevölkerung (insgesamt)",NA,NA,NA
"Durchschnittsalter","insgesamt",2014,"17 Obergiesing - Fasangarten",40.4,2129460,52743,NA,NA,NA,"Summe (Alter in Jahren * Hautwohnsitzbevölkerung im jeweiligen Altersjahr) (insgesamt)","Hauptwohnsitzbevölkerung (insgesamt)",NA,NA,NA
"Durchschnittsalter","insgesamt",2014,"18 Untergiesing - Harlaching",42.8,2245927,52452,NA,NA,NA,"Summe (Alter in Jahren * Hautwohnsitzbevölkerung im jeweiligen Altersjahr) (insgesamt)","Hauptwohnsitzbevölkerung (insgesamt)",NA,NA,NA
"Durchschnittsalter","insgesamt",2014,"19 Thalkirchen - Obersendling - Forstenried - Fürstenried - Solln",43.6,3983725,91412,NA,NA,NA,"Summe (Alter in Jahren * Hautwohnsitzbevölkerung im jeweiligen Altersjahr) (insgesamt)","Hauptwohnsitzbevölkerung (insgesamt)",NA,NA,NA
"Durchschnittsalter","insgesamt",2014,"20 Hadern",42.9,2139139,49874,NA,NA,NA,"Summe (Alter in Jahren * Hautwohnsitzbevölkerung im jeweiligen Altersjahr) (insgesamt)","Hauptwohnsitzbevölkerung (insgesamt)",NA,NA,NA
"Durchschnittsalter","insgesamt",2014,"21 Pasing - Obermenzing",42.2,3035868,71880,NA,NA,NA,"Summe (Alter in Jahren * Hautwohnsitzbevölkerung im jeweiligen Altersjahr) (insgesamt)","Hauptwohnsitzbevölkerung (insgesamt)",NA,NA,NA
"Durchschnittsalter","insgesamt",2014,"22 Aubing - Lochhausen - Langwied",42.6,1824852,42859,NA,NA,NA,"Summe (Alter in Jahren * Hautwohnsitzbevölkerung im jeweiligen Altersjahr) (insgesamt)","Hauptwohnsitzbevölkerung (insgesamt)",NA,NA,NA
"Durchschnittsalter","insgesamt",2014,"23 Allach - Untermenzing",42.5,1330991,31353,NA,NA,NA,"Summe (Alter in Jahren * Hautwohnsitzbevölkerung im jeweiligen Altersjahr) (insgesamt)","Hauptwohnsitzbevölkerung (insgesamt)",NA,NA,NA
"Durchschnittsalter","insgesamt",2014,"24 Feldmoching - Hasenbergl",41.6,2506153,60262,NA,NA,NA,"Summe (Alter in Jahren * Hautwohnsitzbevölkerung im jeweiligen Altersjahr) (insgesamt)","Hauptwohnsitzbevölkerung (insgesamt)",NA,NA,NA
"Durchschnittsalter","insgesamt",2014,"25 Laim",42.6,2331440,54714,NA,NA,NA,"Summe (Alter in Jahren * Hautwohnsitzbevölkerung im jeweiligen Altersjahr) (insgesamt)","Hauptwohnsitzbevölkerung (insgesamt)",NA,NA,NA
"Durchschnittsalter","insgesamt",2013,"Stadt München",41.3,60535039,1464962,NA,NA,NA,"Summe (Alter in Jahren * Hautwohnsitzbevölkerung im jeweiligen Altersjahr) (insgesamt)","Hauptwohnsitzbevölkerung (insgesamt)",NA,NA,NA
"Durchschnittsalter","insgesamt",2013,"01 Altstadt - Lehel",41.8,852788,20422,NA,NA,NA,"Summe (Alter in Jahren * Hautwohnsitzbevölkerung im jeweiligen Altersjahr) (insgesamt)","Hauptwohnsitzbevölkerung (insgesamt)",NA,NA,NA
"Durchschnittsalter","insgesamt",2013,"02 Ludwigsvorstadt - Isarvorstadt",38.9,1970691,50620,NA,NA,NA,"Summe (Alter in Jahren * Hautwohnsitzbevölkerung im jeweiligen Altersjahr) (insgesamt)","Hauptwohnsitzbevölkerung (insgesamt)",NA,NA,NA
"Durchschnittsalter","insgesamt",2013,"03 Maxvorstadt",38.4,1982775,51642,NA,NA,NA,"Summe (Alter in Jahren * Hautwohnsitzbevölkerung im jeweiligen Altersjahr) (insgesamt)","Hauptwohnsitzbevölkerung (insgesamt)",NA,NA,NA
"Durchschnittsalter","insgesamt",2013,"04 Schwabing - West",41,2704304,65892,NA,NA,NA,"Summe (Alter in Jahren * Hautwohnsitzbevölkerung im jeweiligen Altersjahr) (insgesamt)","Hauptwohnsitzbevölkerung (insgesamt)",NA,NA,NA
"Durchschnittsalter","insgesamt",2013,"05 Au - Haidhausen",39.9,2383960,59752,NA,NA,NA,"Summe (Alter in Jahren * Hautwohnsitzbevölkerung im jeweiligen Altersjahr) (insgesamt)","Hauptwohnsitzbevölkerung (insgesamt)",NA,NA,NA
"Durchschnittsalter","insgesamt",2013,"06 Sendling",40.3,1608150,39953,NA,NA,NA,"Summe (Alter in Jahren * Hautwohnsitzbevölkerung im jeweiligen Altersjahr) (insgesamt)","Hauptwohnsitzbevölkerung (insgesamt)",NA,NA,NA
"Durchschnittsalter","insgesamt",2013,"07 Sendling - Westpark",42.1,2330920,55405,NA,NA,NA,"Summe (Alter in Jahren * Hautwohnsitzbevölkerung im jeweiligen Altersjahr) (insgesamt)","Hauptwohnsitzbevölkerung (insgesamt)",NA,NA,NA
"Durchschnittsalter","insgesamt",2013,"08 Schwanthalerhöhe",38.6,1145173,29663,NA,NA,NA,"Summe (Alter in Jahren * Hautwohnsitzbevölkerung im jeweiligen Altersjahr) (insgesamt)","Hauptwohnsitzbevölkerung (insgesamt)",NA,NA,NA
"Durchschnittsalter","insgesamt",2013,"09 Neuhausen - Nymphenburg",41,3936246,95906,NA,NA,NA,"Summe (Alter in Jahren * Hautwohnsitzbevölkerung im jeweiligen Altersjahr) (insgesamt)","Hauptwohnsitzbevölkerung (insgesamt)",NA,NA,NA
"Durchschnittsalter","insgesamt",2013,"10 Moosach",41.8,2154695,51537,NA,NA,NA,"Summe (Alter in Jahren * Hautwohnsitzbevölkerung im jeweiligen Altersjahr) (insgesamt)","Hauptwohnsitzbevölkerung (insgesamt)",NA,NA,NA
"Durchschnittsalter","insgesamt",2013,"11 Milbertshofen - Am Hart",39.4,2900908,73617,NA,NA,NA,"Summe (Alter in Jahren * Hautwohnsitzbevölkerung im jeweiligen Altersjahr) (insgesamt)","Hauptwohnsitzbevölkerung (insgesamt)",NA,NA,NA
"Durchschnittsalter","insgesamt",2013,"12 Schwabing - Freimann",40,2787538,69676,NA,NA,NA,"Summe (Alter in Jahren * Hautwohnsitzbevölkerung im jeweiligen Altersjahr) (insgesamt)","Hauptwohnsitzbevölkerung (insgesamt)",NA,NA,NA
"Durchschnittsalter","insgesamt",2013,"13 Bogenhausen",43.2,3550228,82138,NA,NA,NA,"Summe (Alter in Jahren * Hautwohnsitzbevölkerung im jeweiligen Altersjahr) (insgesamt)","Hauptwohnsitzbevölkerung (insgesamt)",NA,NA,NA
"Durchschnittsalter","insgesamt",2013,"14 Berg am Laim",41.3,1780356,43068,NA,NA,NA,"Summe (Alter in Jahren * Hautwohnsitzbevölkerung im jeweiligen Altersjahr) (insgesamt)","Hauptwohnsitzbevölkerung (insgesamt)",NA,NA,NA
"Durchschnittsalter","insgesamt",2013,"15 Trudering - Riem",39.4,2643199,67009,NA,NA,NA,"Summe (Alter in Jahren * Hautwohnsitzbevölkerung im jeweiligen Altersjahr) (insgesamt)","Hauptwohnsitzbevölkerung (insgesamt)",NA,NA,NA
"Durchschnittsalter","insgesamt",2013,"16 Ramersdorf - Perlach",42.5,4598411,108244,NA,NA,NA,"Summe (Alter in Jahren * Hautwohnsitzbevölkerung im jeweiligen Altersjahr) (insgesamt)","Hauptwohnsitzbevölkerung (insgesamt)",NA,NA,NA
"Durchschnittsalter","insgesamt",2013,"17 Obergiesing - Fasangarten",40.4,2082691,51499,NA,NA,NA,"Summe (Alter in Jahren * Hautwohnsitzbevölkerung im jeweiligen Altersjahr) (insgesamt)","Hauptwohnsitzbevölkerung (insgesamt)",NA,NA,NA
"Durchschnittsalter","insgesamt",2013,"18 Untergiesing - Harlaching",42.8,2225457,51937,NA,NA,NA,"Summe (Alter in Jahren * Hautwohnsitzbevölkerung im jeweiligen Altersjahr) (insgesamt)","Hauptwohnsitzbevölkerung (insgesamt)",NA,NA,NA
"Durchschnittsalter","insgesamt",2013,"19 Thalkirchen - Obersendling - Forstenried - Fürstenried - Solln",43.4,3940440,90790,NA,NA,NA,"Summe (Alter in Jahren * Hautwohnsitzbevölkerung im jeweiligen Altersjahr) (insgesamt)","Hauptwohnsitzbevölkerung (insgesamt)",NA,NA,NA
"Durchschnittsalter","insgesamt",2013,"20 Hadern",42.9,2099773,48945,NA,NA,NA,"Summe (Alter in Jahren * Hautwohnsitzbevölkerung im jeweiligen Altersjahr) (insgesamt)","Hauptwohnsitzbevölkerung (insgesamt)",NA,NA,NA
"Durchschnittsalter","insgesamt",2013,"21 Pasing - Obermenzing",42.2,2983680,70783,NA,NA,NA,"Summe (Alter in Jahren * Hautwohnsitzbevölkerung im jeweiligen Altersjahr) (insgesamt)","Hauptwohnsitzbevölkerung (insgesamt)",NA,NA,NA
"Durchschnittsalter","insgesamt",2013,"22 Aubing - Lochhausen - Langwied",42.4,1795760,42305,NA,NA,NA,"Summe (Alter in Jahren * Hautwohnsitzbevölkerung im jeweiligen Altersjahr) (insgesamt)","Hauptwohnsitzbevölkerung (insgesamt)",NA,NA,NA
"Durchschnittsalter","insgesamt",2013,"23 Allach - Untermenzing",42.5,1305380,30737,NA,NA,NA,"Summe (Alter in Jahren * Hautwohnsitzbevölkerung im jeweiligen Altersjahr) (insgesamt)","Hauptwohnsitzbevölkerung (insgesamt)",NA,NA,NA
"Durchschnittsalter","insgesamt",2013,"24 Feldmoching - Hasenbergl",41.6,2469296,59391,NA,NA,NA,"Summe (Alter in Jahren * Hautwohnsitzbevölkerung im jeweiligen Altersjahr) (insgesamt)","Hauptwohnsitzbevölkerung (insgesamt)",NA,NA,NA
"Durchschnittsalter","insgesamt",2013,"25 Laim",42.6,2302185,54030,NA,NA,NA,"Summe (Alter in Jahren * Hautwohnsitzbevölkerung im jeweiligen Altersjahr) (insgesamt)","Hauptwohnsitzbevölkerung (insgesamt)",NA,NA,NA
"Durchschnittsalter","insgesamt",2012,"Stadt München",41.4,59527935,1439474,NA,NA,NA,"Summe (Alter in Jahren * Hautwohnsitzbevölkerung im jeweiligen Altersjahr) (insgesamt)","Hauptwohnsitzbevölkerung (insgesamt)",NA,NA,NA
"Durchschnittsalter","insgesamt",2012,"01 Altstadt - Lehel",41.9,839280,20048,NA,NA,NA,"Summe (Alter in Jahren * Hautwohnsitzbevölkerung im jeweiligen Altersjahr) (insgesamt)","Hauptwohnsitzbevölkerung (insgesamt)",NA,NA,NA
"Durchschnittsalter","insgesamt",2012,"02 Ludwigsvorstadt - Isarvorstadt",38.9,1933882,49657,NA,NA,NA,"Summe (Alter in Jahren * Hautwohnsitzbevölkerung im jeweiligen Altersjahr) (insgesamt)","Hauptwohnsitzbevölkerung (insgesamt)",NA,NA,NA
"Durchschnittsalter","insgesamt",2012,"03 Maxvorstadt",38.4,1955147,50877,NA,NA,NA,"Summe (Alter in Jahren * Hautwohnsitzbevölkerung im jeweiligen Altersjahr) (insgesamt)","Hauptwohnsitzbevölkerung (insgesamt)",NA,NA,NA
"Durchschnittsalter","insgesamt",2012,"04 Schwabing - West",41.1,2662548,64770,NA,NA,NA,"Summe (Alter in Jahren * Hautwohnsitzbevölkerung im jeweiligen Altersjahr) (insgesamt)","Hauptwohnsitzbevölkerung (insgesamt)",NA,NA,NA
"Durchschnittsalter","insgesamt",2012,"05 Au - Haidhausen",39.9,2349404,58881,NA,NA,NA,"Summe (Alter in Jahren * Hautwohnsitzbevölkerung im jeweiligen Altersjahr) (insgesamt)","Hauptwohnsitzbevölkerung (insgesamt)",NA,NA,NA
"Durchschnittsalter","insgesamt",2012,"06 Sendling",40.2,1590310,39567,NA,NA,NA,"Summe (Alter in Jahren * Hautwohnsitzbevölkerung im jeweiligen Altersjahr) (insgesamt)","Hauptwohnsitzbevölkerung (insgesamt)",NA,NA,NA
"Durchschnittsalter","insgesamt",2012,"07 Sendling - Westpark",42.1,2298814,54552,NA,NA,NA,"Summe (Alter in Jahren * Hautwohnsitzbevölkerung im jeweiligen Altersjahr) (insgesamt)","Hauptwohnsitzbevölkerung (insgesamt)",NA,NA,NA
"Durchschnittsalter","insgesamt",2012,"08 Schwanthalerhöhe",38.6,1134638,29402,NA,NA,NA,"Summe (Alter in Jahren * Hautwohnsitzbevölkerung im jeweiligen Altersjahr) (insgesamt)","Hauptwohnsitzbevölkerung (insgesamt)",NA,NA,NA
"Durchschnittsalter","insgesamt",2012,"09 Neuhausen - Nymphenburg",41.1,3876490,94257,NA,NA,NA,"Summe (Alter in Jahren * Hautwohnsitzbevölkerung im jeweiligen Altersjahr) (insgesamt)","Hauptwohnsitzbevölkerung (insgesamt)",NA,NA,NA
"Durchschnittsalter","insgesamt",2012,"10 Moosach",41.9,2105220,50253,NA,NA,NA,"Summe (Alter in Jahren * Hautwohnsitzbevölkerung im jeweiligen Altersjahr) (insgesamt)","Hauptwohnsitzbevölkerung (insgesamt)",NA,NA,NA
"Durchschnittsalter","insgesamt",2012,"11 Milbertshofen - Am Hart",39.3,2850932,72506,NA,NA,NA,"Summe (Alter in Jahren * Hautwohnsitzbevölkerung im jeweiligen Altersjahr) (insgesamt)","Hauptwohnsitzbevölkerung (insgesamt)",NA,NA,NA
"Durchschnittsalter","insgesamt",2012,"12 Schwabing - Freimann",40,2739183,68530,NA,NA,NA,"Summe (Alter in Jahren * Hautwohnsitzbevölkerung im jeweiligen Altersjahr) (insgesamt)","Hauptwohnsitzbevölkerung (insgesamt)",NA,NA,NA
"Durchschnittsalter","insgesamt",2012,"13 Bogenhausen",43.2,3494447,80816,NA,NA,NA,"Summe (Alter in Jahren * Hautwohnsitzbevölkerung im jeweiligen Altersjahr) (insgesamt)","Hauptwohnsitzbevölkerung (insgesamt)",NA,NA,NA
"Durchschnittsalter","insgesamt",2012,"14 Berg am Laim",41.4,1751335,42313,NA,NA,NA,"Summe (Alter in Jahren * Hautwohnsitzbevölkerung im jeweiligen Altersjahr) (insgesamt)","Hauptwohnsitzbevölkerung (insgesamt)",NA,NA,NA
"Durchschnittsalter","insgesamt",2012,"15 Trudering - Riem",39.2,2582175,65869,NA,NA,NA,"Summe (Alter in Jahren * Hautwohnsitzbevölkerung im jeweiligen Altersjahr) (insgesamt)","Hauptwohnsitzbevölkerung (insgesamt)",NA,NA,NA
"Durchschnittsalter","insgesamt",2012,"16 Ramersdorf - Perlach",42.4,4546532,107164,NA,NA,NA,"Summe (Alter in Jahren * Hautwohnsitzbevölkerung im jeweiligen Altersjahr) (insgesamt)","Hauptwohnsitzbevölkerung (insgesamt)",NA,NA,NA
"Durchschnittsalter","insgesamt",2012,"17 Obergiesing - Fasangarten",40.5,2073842,51201,NA,NA,NA,"Summe (Alter in Jahren * Hautwohnsitzbevölkerung im jeweiligen Altersjahr) (insgesamt)","Hauptwohnsitzbevölkerung (insgesamt)",NA,NA,NA
"Durchschnittsalter","insgesamt",2012,"18 Untergiesing - Harlaching",43,2199178,51180,NA,NA,NA,"Summe (Alter in Jahren * Hautwohnsitzbevölkerung im jeweiligen Altersjahr) (insgesamt)","Hauptwohnsitzbevölkerung (insgesamt)",NA,NA,NA
"Durchschnittsalter","insgesamt",2012,"19 Thalkirchen - Obersendling - Forstenried - Fürstenried - Solln",43.9,3828861,87271,NA,NA,NA,"Summe (Alter in Jahren * Hautwohnsitzbevölkerung im jeweiligen Altersjahr) (insgesamt)","Hauptwohnsitzbevölkerung (insgesamt)",NA,NA,NA
"Durchschnittsalter","insgesamt",2012,"20 Hadern",42.9,2057955,47949,NA,NA,NA,"Summe (Alter in Jahren * Hautwohnsitzbevölkerung im jeweiligen Altersjahr) (insgesamt)","Hauptwohnsitzbevölkerung (insgesamt)",NA,NA,NA
"Durchschnittsalter","insgesamt",2012,"21 Pasing - Obermenzing",42.2,2923639,69295,NA,NA,NA,"Summe (Alter in Jahren * Hautwohnsitzbevölkerung im jeweiligen Altersjahr) (insgesamt)","Hauptwohnsitzbevölkerung (insgesamt)",NA,NA,NA
"Durchschnittsalter","insgesamt",2012,"22 Aubing - Lochhausen - Langwied",42.5,1747635,41116,NA,NA,NA,"Summe (Alter in Jahren * Hautwohnsitzbevölkerung im jeweiligen Altersjahr) (insgesamt)","Hauptwohnsitzbevölkerung (insgesamt)",NA,NA,NA
"Durchschnittsalter","insgesamt",2012,"23 Allach - Untermenzing",42.4,1287557,30393,NA,NA,NA,"Summe (Alter in Jahren * Hautwohnsitzbevölkerung im jeweiligen Altersjahr) (insgesamt)","Hauptwohnsitzbevölkerung (insgesamt)",NA,NA,NA
"Durchschnittsalter","insgesamt",2012,"24 Feldmoching - Hasenbergl",41.6,2422226,58245,NA,NA,NA,"Summe (Alter in Jahren * Hautwohnsitzbevölkerung im jeweiligen Altersjahr) (insgesamt)","Hauptwohnsitzbevölkerung (insgesamt)",NA,NA,NA
"Durchschnittsalter","insgesamt",2012,"25 Laim",42.7,2276555,53359,NA,NA,NA,"Summe (Alter in Jahren * Hautwohnsitzbevölkerung im jeweiligen Altersjahr) (insgesamt)","Hauptwohnsitzbevölkerung (insgesamt)",NA,NA,NA
"Durchschnittsalter","insgesamt",2011,"Stadt München",41.4,58402812,1410741,NA,NA,NA,"Summe (Alter in Jahren * Hautwohnsitzbevölkerung im jeweiligen Altersjahr) (insgesamt)","Hauptwohnsitzbevölkerung (insgesamt)",NA,NA,NA
"Durchschnittsalter","insgesamt",2011,"01 Altstadt - Lehel",41.9,825709,19707,NA,NA,NA,"Summe (Alter in Jahren * Hautwohnsitzbevölkerung im jeweiligen Altersjahr) (insgesamt)","Hauptwohnsitzbevölkerung (insgesamt)",NA,NA,NA
"Durchschnittsalter","insgesamt",2011,"02 Ludwigsvorstadt - Isarvorstadt",39,1882586,48231,NA,NA,NA,"Summe (Alter in Jahren * Hautwohnsitzbevölkerung im jeweiligen Altersjahr) (insgesamt)","Hauptwohnsitzbevölkerung (insgesamt)",NA,NA,NA
"Durchschnittsalter","insgesamt",2011,"03 Maxvorstadt",38.6,1908495,49498,NA,NA,NA,"Summe (Alter in Jahren * Hautwohnsitzbevölkerung im jeweiligen Altersjahr) (insgesamt)","Hauptwohnsitzbevölkerung (insgesamt)",NA,NA,NA
"Durchschnittsalter","insgesamt",2011,"04 Schwabing - West",41.2,2623149,63644,NA,NA,NA,"Summe (Alter in Jahren * Hautwohnsitzbevölkerung im jeweiligen Altersjahr) (insgesamt)","Hauptwohnsitzbevölkerung (insgesamt)",NA,NA,NA
"Durchschnittsalter","insgesamt",2011,"05 Au - Haidhausen",40.1,2296546,57297,NA,NA,NA,"Summe (Alter in Jahren * Hautwohnsitzbevölkerung im jeweiligen Altersjahr) (insgesamt)","Hauptwohnsitzbevölkerung (insgesamt)",NA,NA,NA
"Durchschnittsalter","insgesamt",2011,"06 Sendling",40.2,1568071,39002,NA,NA,NA,"Summe (Alter in Jahren * Hautwohnsitzbevölkerung im jeweiligen Altersjahr) (insgesamt)","Hauptwohnsitzbevölkerung (insgesamt)",NA,NA,NA
"Durchschnittsalter","insgesamt",2011,"07 Sendling - Westpark",42.3,2253002,53271,NA,NA,NA,"Summe (Alter in Jahren * Hautwohnsitzbevölkerung im jeweiligen Altersjahr) (insgesamt)","Hauptwohnsitzbevölkerung (insgesamt)",NA,NA,NA
"Durchschnittsalter","insgesamt",2011,"08 Schwanthalerhöhe",38.6,1108148,28678,NA,NA,NA,"Summe (Alter in Jahren * Hautwohnsitzbevölkerung im jeweiligen Altersjahr) (insgesamt)","Hauptwohnsitzbevölkerung (insgesamt)",NA,NA,NA
"Durchschnittsalter","insgesamt",2011,"09 Neuhausen - Nymphenburg",41.2,3795145,92139,NA,NA,NA,"Summe (Alter in Jahren * Hautwohnsitzbevölkerung im jeweiligen Altersjahr) (insgesamt)","Hauptwohnsitzbevölkerung (insgesamt)",NA,NA,NA
"Durchschnittsalter","insgesamt",2011,"10 Moosach",41.8,2065582,49384,NA,NA,NA,"Summe (Alter in Jahren * Hautwohnsitzbevölkerung im jeweiligen Altersjahr) (insgesamt)","Hauptwohnsitzbevölkerung (insgesamt)",NA,NA,NA
"Durchschnittsalter","insgesamt",2011,"11 Milbertshofen - Am Hart",39.4,2778696,70470,NA,NA,NA,"Summe (Alter in Jahren * Hautwohnsitzbevölkerung im jeweiligen Altersjahr) (insgesamt)","Hauptwohnsitzbevölkerung (insgesamt)",NA,NA,NA
"Durchschnittsalter","insgesamt",2011,"12 Schwabing - Freimann",40,2671395,66706,NA,NA,NA,"Summe (Alter in Jahren * Hautwohnsitzbevölkerung im jeweiligen Altersjahr) (insgesamt)","Hauptwohnsitzbevölkerung (insgesamt)",NA,NA,NA
"Durchschnittsalter","insgesamt",2011,"13 Bogenhausen",43.2,3421564,79175,NA,NA,NA,"Summe (Alter in Jahren * Hautwohnsitzbevölkerung im jeweiligen Altersjahr) (insgesamt)","Hauptwohnsitzbevölkerung (insgesamt)",NA,NA,NA
"Durchschnittsalter","insgesamt",2011,"14 Berg am Laim",41.5,1714265,41342,NA,NA,NA,"Summe (Alter in Jahren * Hautwohnsitzbevölkerung im jeweiligen Altersjahr) (insgesamt)","Hauptwohnsitzbevölkerung (insgesamt)",NA,NA,NA
"Durchschnittsalter","insgesamt",2011,"15 Trudering - Riem",39,2531795,64983,NA,NA,NA,"Summe (Alter in Jahren * Hautwohnsitzbevölkerung im jeweiligen Altersjahr) (insgesamt)","Hauptwohnsitzbevölkerung (insgesamt)",NA,NA,NA
"Durchschnittsalter","insgesamt",2011,"16 Ramersdorf - Perlach",42.3,4481082,105900,NA,NA,NA,"Summe (Alter in Jahren * Hautwohnsitzbevölkerung im jeweiligen Altersjahr) (insgesamt)","Hauptwohnsitzbevölkerung (insgesamt)",NA,NA,NA
"Durchschnittsalter","insgesamt",2011,"17 Obergiesing - Fasangarten",40.5,2050100,50656,NA,NA,NA,"Summe (Alter in Jahren * Hautwohnsitzbevölkerung im jeweiligen Altersjahr) (insgesamt)","Hauptwohnsitzbevölkerung (insgesamt)",NA,NA,NA
"Durchschnittsalter","insgesamt",2011,"18 Untergiesing - Harlaching",43,2169800,50455,NA,NA,NA,"Summe (Alter in Jahren * Hautwohnsitzbevölkerung im jeweiligen Altersjahr) (insgesamt)","Hauptwohnsitzbevölkerung (insgesamt)",NA,NA,NA
"Durchschnittsalter","insgesamt",2011,"19 Thalkirchen - Obersendling - Forstenried - Fürstenried - Solln",44,3760191,85468,NA,NA,NA,"Summe (Alter in Jahren * Hautwohnsitzbevölkerung im jeweiligen Altersjahr) (insgesamt)","Hauptwohnsitzbevölkerung (insgesamt)",NA,NA,NA
"Durchschnittsalter","insgesamt",2011,"20 Hadern",42.9,2035301,47459,NA,NA,NA,"Summe (Alter in Jahren * Hautwohnsitzbevölkerung im jeweiligen Altersjahr) (insgesamt)","Hauptwohnsitzbevölkerung (insgesamt)",NA,NA,NA
"Durchschnittsalter","insgesamt",2011,"21 Pasing - Obermenzing",42.2,2866575,67878,NA,NA,NA,"Summe (Alter in Jahren * Hautwohnsitzbevölkerung im jeweiligen Altersjahr) (insgesamt)","Hauptwohnsitzbevölkerung (insgesamt)",NA,NA,NA
"Durchschnittsalter","insgesamt",2011,"22 Aubing - Lochhausen - Langwied",42.6,1696362,39789,NA,NA,NA,"Summe (Alter in Jahren * Hautwohnsitzbevölkerung im jeweiligen Altersjahr) (insgesamt)","Hauptwohnsitzbevölkerung (insgesamt)",NA,NA,NA
"Durchschnittsalter","insgesamt",2011,"23 Allach - Untermenzing",42.5,1261476,29693,NA,NA,NA,"Summe (Alter in Jahren * Hautwohnsitzbevölkerung im jeweiligen Altersjahr) (insgesamt)","Hauptwohnsitzbevölkerung (insgesamt)",NA,NA,NA
"Durchschnittsalter","insgesamt",2011,"24 Feldmoching - Hasenbergl",41.7,2384156,57183,NA,NA,NA,"Summe (Alter in Jahren * Hautwohnsitzbevölkerung im jeweiligen Altersjahr) (insgesamt)","Hauptwohnsitzbevölkerung (insgesamt)",NA,NA,NA
"Durchschnittsalter","insgesamt",2011,"25 Laim",42.7,2253621,52733,NA,NA,NA,"Summe (Alter in Jahren * Hautwohnsitzbevölkerung im jeweiligen Altersjahr) (insgesamt)","Hauptwohnsitzbevölkerung (insgesamt)",NA,NA,NA
"Durchschnittsalter","insgesamt",2010,"Stadt München",41.5,57327911,1382273,NA,NA,NA,"Summe (Alter in Jahren * Hautwohnsitzbevölkerung im jeweiligen Altersjahr) (insgesamt)","Hauptwohnsitzbevölkerung (insgesamt)",NA,NA,NA
"Durchschnittsalter","insgesamt",2010,"01 Altstadt - Lehel",42.2,809686,19207,NA,NA,NA,"Summe (Alter in Jahren * Hautwohnsitzbevölkerung im jeweiligen Altersjahr) (insgesamt)","Hauptwohnsitzbevölkerung (insgesamt)",NA,NA,NA
"Durchschnittsalter","insgesamt",2010,"02 Ludwigsvorstadt - Isarvorstadt",39.1,1853249,47357,NA,NA,NA,"Summe (Alter in Jahren * Hautwohnsitzbevölkerung im jeweiligen Altersjahr) (insgesamt)","Hauptwohnsitzbevölkerung (insgesamt)",NA,NA,NA
"Durchschnittsalter","insgesamt",2010,"03 Maxvorstadt",38.6,1884995,48875,NA,NA,NA,"Summe (Alter in Jahren * Hautwohnsitzbevölkerung im jeweiligen Altersjahr) (insgesamt)","Hauptwohnsitzbevölkerung (insgesamt)",NA,NA,NA
"Durchschnittsalter","insgesamt",2010,"04 Schwabing - West",41.3,2595458,62856,NA,NA,NA,"Summe (Alter in Jahren * Hautwohnsitzbevölkerung im jeweiligen Altersjahr) (insgesamt)","Hauptwohnsitzbevölkerung (insgesamt)",NA,NA,NA
"Durchschnittsalter","insgesamt",2010,"05 Au - Haidhausen",40.2,2261340,56322,NA,NA,NA,"Summe (Alter in Jahren * Hautwohnsitzbevölkerung im jeweiligen Altersjahr) (insgesamt)","Hauptwohnsitzbevölkerung (insgesamt)",NA,NA,NA
"Durchschnittsalter","insgesamt",2010,"06 Sendling",40.1,1547175,38567,NA,NA,NA,"Summe (Alter in Jahren * Hautwohnsitzbevölkerung im jeweiligen Altersjahr) (insgesamt)","Hauptwohnsitzbevölkerung (insgesamt)",NA,NA,NA
"Durchschnittsalter","insgesamt",2010,"07 Sendling - Westpark",42.4,2226132,52495,NA,NA,NA,"Summe (Alter in Jahren * Hautwohnsitzbevölkerung im jeweiligen Altersjahr) (insgesamt)","Hauptwohnsitzbevölkerung (insgesamt)",NA,NA,NA
"Durchschnittsalter","insgesamt",2010,"08 Schwanthalerhöhe",38.8,1085638,28004,NA,NA,NA,"Summe (Alter in Jahren * Hautwohnsitzbevölkerung im jeweiligen Altersjahr) (insgesamt)","Hauptwohnsitzbevölkerung (insgesamt)",NA,NA,NA
"Durchschnittsalter","insgesamt",2010,"09 Neuhausen - Nymphenburg",41.4,3699261,89286,NA,NA,NA,"Summe (Alter in Jahren * Hautwohnsitzbevölkerung im jeweiligen Altersjahr) (insgesamt)","Hauptwohnsitzbevölkerung (insgesamt)",NA,NA,NA
"Durchschnittsalter","insgesamt",2010,"10 Moosach",41.8,2022679,48421,NA,NA,NA,"Summe (Alter in Jahren * Hautwohnsitzbevölkerung im jeweiligen Altersjahr) (insgesamt)","Hauptwohnsitzbevölkerung (insgesamt)",NA,NA,NA
"Durchschnittsalter","insgesamt",2010,"11 Milbertshofen - Am Hart",39.4,2717409,68970,NA,NA,NA,"Summe (Alter in Jahren * Hautwohnsitzbevölkerung im jeweiligen Altersjahr) (insgesamt)","Hauptwohnsitzbevölkerung (insgesamt)",NA,NA,NA
"Durchschnittsalter","insgesamt",2010,"12 Schwabing - Freimann",40.1,2612338,65158,NA,NA,NA,"Summe (Alter in Jahren * Hautwohnsitzbevölkerung im jeweiligen Altersjahr) (insgesamt)","Hauptwohnsitzbevölkerung (insgesamt)",NA,NA,NA
"Durchschnittsalter","insgesamt",2010,"13 Bogenhausen",43.2,3349466,77542,NA,NA,NA,"Summe (Alter in Jahren * Hautwohnsitzbevölkerung im jeweiligen Altersjahr) (insgesamt)","Hauptwohnsitzbevölkerung (insgesamt)",NA,NA,NA
"Durchschnittsalter","insgesamt",2010,"14 Berg am Laim",41.5,1684176,40550,NA,NA,NA,"Summe (Alter in Jahren * Hautwohnsitzbevölkerung im jeweiligen Altersjahr) (insgesamt)","Hauptwohnsitzbevölkerung (insgesamt)",NA,NA,NA
"Durchschnittsalter","insgesamt",2010,"15 Trudering - Riem",39,2446754,62756,NA,NA,NA,"Summe (Alter in Jahren * Hautwohnsitzbevölkerung im jeweiligen Altersjahr) (insgesamt)","Hauptwohnsitzbevölkerung (insgesamt)",NA,NA,NA
"Durchschnittsalter","insgesamt",2010,"16 Ramersdorf - Perlach",42.2,4421785,104737,NA,NA,NA,"Summe (Alter in Jahren * Hautwohnsitzbevölkerung im jeweiligen Altersjahr) (insgesamt)","Hauptwohnsitzbevölkerung (insgesamt)",NA,NA,NA
"Durchschnittsalter","insgesamt",2010,"17 Obergiesing - Fasangarten",40.8,1998656,49030,NA,NA,NA,"Summe (Alter in Jahren * Hautwohnsitzbevölkerung im jeweiligen Altersjahr) (insgesamt)","Hauptwohnsitzbevölkerung (insgesamt)",NA,NA,NA
"Durchschnittsalter","insgesamt",2010,"18 Untergiesing - Harlaching",43.2,2137752,49502,NA,NA,NA,"Summe (Alter in Jahren * Hautwohnsitzbevölkerung im jeweiligen Altersjahr) (insgesamt)","Hauptwohnsitzbevölkerung (insgesamt)",NA,NA,NA
"Durchschnittsalter","insgesamt",2010,"19 Thalkirchen - Obersendling - Forstenried - Fürstenried - Solln",44.2,3693010,83584,NA,NA,NA,"Summe (Alter in Jahren * Hautwohnsitzbevölkerung im jeweiligen Altersjahr) (insgesamt)","Hauptwohnsitzbevölkerung (insgesamt)",NA,NA,NA
"Durchschnittsalter","insgesamt",2010,"20 Hadern",42.8,2005643,46851,NA,NA,NA,"Summe (Alter in Jahren * Hautwohnsitzbevölkerung im jeweiligen Altersjahr) (insgesamt)","Hauptwohnsitzbevölkerung (insgesamt)",NA,NA,NA
"Durchschnittsalter","insgesamt",2010,"21 Pasing - Obermenzing",42.4,2806223,66244,NA,NA,NA,"Summe (Alter in Jahren * Hautwohnsitzbevölkerung im jeweiligen Altersjahr) (insgesamt)","Hauptwohnsitzbevölkerung (insgesamt)",NA,NA,NA
"Durchschnittsalter","insgesamt",2010,"22 Aubing - Lochhausen - Langwied",42.8,1661752,38863,NA,NA,NA,"Summe (Alter in Jahren * Hautwohnsitzbevölkerung im jeweiligen Altersjahr) (insgesamt)","Hauptwohnsitzbevölkerung (insgesamt)",NA,NA,NA
"Durchschnittsalter","insgesamt",2010,"23 Allach - Untermenzing",42.6,1241835,29161,NA,NA,NA,"Summe (Alter in Jahren * Hautwohnsitzbevölkerung im jeweiligen Altersjahr) (insgesamt)","Hauptwohnsitzbevölkerung (insgesamt)",NA,NA,NA
"Durchschnittsalter","insgesamt",2010,"24 Feldmoching - Hasenbergl",41.7,2340972,56130,NA,NA,NA,"Summe (Alter in Jahren * Hautwohnsitzbevölkerung im jeweiligen Altersjahr) (insgesamt)","Hauptwohnsitzbevölkerung (insgesamt)",NA,NA,NA
"Durchschnittsalter","insgesamt",2010,"25 Laim",42.9,2224527,51805,NA,NA,NA,"Summe (Alter in Jahren * Hautwohnsitzbevölkerung im jeweiligen Altersjahr) (insgesamt)","Hauptwohnsitzbevölkerung (insgesamt)",NA,NA,NA
"Durchschnittsalter","nichtdeutsch",2024,"Stadt München",39.4,19324968,490821,NA,NA,NA,"Summe (Alter in Jahren * Hautwohnsitzbevölkerung im jeweiligen Altersjahr) (nichtdeutsch)","Hauptwohnsitzbevölkerung (nichtdeutsch)",NA,NA,NA
"Durchschnittsalter","nichtdeutsch",2024,"01 Altstadt - Lehel",40.4,213228,5276,NA,NA,NA,"Summe (Alter in Jahren * Hautwohnsitzbevölkerung im jeweiligen Altersjahr) (nichtdeutsch)","Hauptwohnsitzbevölkerung (nichtdeutsch)",NA,NA,NA
"Durchschnittsalter","nichtdeutsch",2024,"02 Ludwigsvorstadt - Isarvorstadt",40.6,538743,13275,NA,NA,NA,"Summe (Alter in Jahren * Hautwohnsitzbevölkerung im jeweiligen Altersjahr) (nichtdeutsch)","Hauptwohnsitzbevölkerung (nichtdeutsch)",NA,NA,NA
"Durchschnittsalter","nichtdeutsch",2024,"03 Maxvorstadt",38.1,534695,14030,NA,NA,NA,"Summe (Alter in Jahren * Hautwohnsitzbevölkerung im jeweiligen Altersjahr) (nichtdeutsch)","Hauptwohnsitzbevölkerung (nichtdeutsch)",NA,NA,NA
"Durchschnittsalter","nichtdeutsch",2024,"04 Schwabing - West",39.4,654071,16594,NA,NA,NA,"Summe (Alter in Jahren * Hautwohnsitzbevölkerung im jeweiligen Altersjahr) (nichtdeutsch)","Hauptwohnsitzbevölkerung (nichtdeutsch)",NA,NA,NA
"Durchschnittsalter","nichtdeutsch",2024,"05 Au - Haidhausen",41.6,635236,15268,NA,NA,NA,"Summe (Alter in Jahren * Hautwohnsitzbevölkerung im jeweiligen Altersjahr) (nichtdeutsch)","Hauptwohnsitzbevölkerung (nichtdeutsch)",NA,NA,NA
"Durchschnittsalter","nichtdeutsch",2024,"06 Sendling",40.8,468183,11467,NA,NA,NA,"Summe (Alter in Jahren * Hautwohnsitzbevölkerung im jeweiligen Altersjahr) (nichtdeutsch)","Hauptwohnsitzbevölkerung (nichtdeutsch)",NA,NA,NA
"Durchschnittsalter","nichtdeutsch",2024,"07 Sendling - Westpark",40.1,786227,19595,NA,NA,NA,"Summe (Alter in Jahren * Hautwohnsitzbevölkerung im jeweiligen Altersjahr) (nichtdeutsch)","Hauptwohnsitzbevölkerung (nichtdeutsch)",NA,NA,NA
"Durchschnittsalter","nichtdeutsch",2024,"08 Schwanthalerhöhe",44.1,404028,9169,NA,NA,NA,"Summe (Alter in Jahren * Hautwohnsitzbevölkerung im jeweiligen Altersjahr) (nichtdeutsch)","Hauptwohnsitzbevölkerung (nichtdeutsch)",NA,NA,NA
"Durchschnittsalter","nichtdeutsch",2024,"09 Neuhausen - Nymphenburg",40.2,1087931,27038,NA,NA,NA,"Summe (Alter in Jahren * Hautwohnsitzbevölkerung im jeweiligen Altersjahr) (nichtdeutsch)","Hauptwohnsitzbevölkerung (nichtdeutsch)",NA,NA,NA
"Durchschnittsalter","nichtdeutsch",2024,"10 Moosach",39.6,771161,19480,NA,NA,NA,"Summe (Alter in Jahren * Hautwohnsitzbevölkerung im jeweiligen Altersjahr) (nichtdeutsch)","Hauptwohnsitzbevölkerung (nichtdeutsch)",NA,NA,NA
"Durchschnittsalter","nichtdeutsch",2024,"11 Milbertshofen - Am Hart",39.2,1321151,33678,NA,NA,NA,"Summe (Alter in Jahren * Hautwohnsitzbevölkerung im jeweiligen Altersjahr) (nichtdeutsch)","Hauptwohnsitzbevölkerung (nichtdeutsch)",NA,NA,NA
"Durchschnittsalter","nichtdeutsch",2024,"12 Schwabing - Freimann",37.2,883737,23727,NA,NA,NA,"Summe (Alter in Jahren * Hautwohnsitzbevölkerung im jeweiligen Altersjahr) (nichtdeutsch)","Hauptwohnsitzbevölkerung (nichtdeutsch)",NA,NA,NA
"Durchschnittsalter","nichtdeutsch",2024,"13 Bogenhausen",38.3,1064838,27804,NA,NA,NA,"Summe (Alter in Jahren * Hautwohnsitzbevölkerung im jeweiligen Altersjahr) (nichtdeutsch)","Hauptwohnsitzbevölkerung (nichtdeutsch)",NA,NA,NA
"Durchschnittsalter","nichtdeutsch",2024,"14 Berg am Laim",40.6,675127,16625,NA,NA,NA,"Summe (Alter in Jahren * Hautwohnsitzbevölkerung im jeweiligen Altersjahr) (nichtdeutsch)","Hauptwohnsitzbevölkerung (nichtdeutsch)",NA,NA,NA
"Durchschnittsalter","nichtdeutsch",2024,"15 Trudering - Riem",38.9,758955,19517,NA,NA,NA,"Summe (Alter in Jahren * Hautwohnsitzbevölkerung im jeweiligen Altersjahr) (nichtdeutsch)","Hauptwohnsitzbevölkerung (nichtdeutsch)",NA,NA,NA
"Durchschnittsalter","nichtdeutsch",2024,"16 Ramersdorf - Perlach",40.5,1784420,44089,NA,NA,NA,"Summe (Alter in Jahren * Hautwohnsitzbevölkerung im jeweiligen Altersjahr) (nichtdeutsch)","Hauptwohnsitzbevölkerung (nichtdeutsch)",NA,NA,NA
"Durchschnittsalter","nichtdeutsch",2024,"17 Obergiesing - Fasangarten",40.3,719663,17844,NA,NA,NA,"Summe (Alter in Jahren * Hautwohnsitzbevölkerung im jeweiligen Altersjahr) (nichtdeutsch)","Hauptwohnsitzbevölkerung (nichtdeutsch)",NA,NA,NA
"Durchschnittsalter","nichtdeutsch",2024,"18 Untergiesing - Harlaching",40.8,567717,13902,NA,NA,NA,"Summe (Alter in Jahren * Hautwohnsitzbevölkerung im jeweiligen Altersjahr) (nichtdeutsch)","Hauptwohnsitzbevölkerung (nichtdeutsch)",NA,NA,NA
"Durchschnittsalter","nichtdeutsch",2024,"19 Thalkirchen - Obersendling - Forstenried - Fürstenried - Solln",37.9,1240411,32721,NA,NA,NA,"Summe (Alter in Jahren * Hautwohnsitzbevölkerung im jeweiligen Altersjahr) (nichtdeutsch)","Hauptwohnsitzbevölkerung (nichtdeutsch)",NA,NA,NA
"Durchschnittsalter","nichtdeutsch",2024,"20 Hadern",38.7,634990,16427,NA,NA,NA,"Summe (Alter in Jahren * Hautwohnsitzbevölkerung im jeweiligen Altersjahr) (nichtdeutsch)","Hauptwohnsitzbevölkerung (nichtdeutsch)",NA,NA,NA
"Durchschnittsalter","nichtdeutsch",2024,"21 Pasing - Obermenzing",38.1,833118,21846,NA,NA,NA,"Summe (Alter in Jahren * Hautwohnsitzbevölkerung im jeweiligen Altersjahr) (nichtdeutsch)","Hauptwohnsitzbevölkerung (nichtdeutsch)",NA,NA,NA
"Durchschnittsalter","nichtdeutsch",2024,"22 Aubing - Lochhausen - Langwied",36,759558,21101,NA,NA,NA,"Summe (Alter in Jahren * Hautwohnsitzbevölkerung im jeweiligen Altersjahr) (nichtdeutsch)","Hauptwohnsitzbevölkerung (nichtdeutsch)",NA,NA,NA
"Durchschnittsalter","nichtdeutsch",2024,"23 Allach - Untermenzing",38.2,373056,9756,NA,NA,NA,"Summe (Alter in Jahren * Hautwohnsitzbevölkerung im jeweiligen Altersjahr) (nichtdeutsch)","Hauptwohnsitzbevölkerung (nichtdeutsch)",NA,NA,NA
"Durchschnittsalter","nichtdeutsch",2024,"24 Feldmoching - Hasenbergl",40,899110,22470,NA,NA,NA,"Summe (Alter in Jahren * Hautwohnsitzbevölkerung im jeweiligen Altersjahr) (nichtdeutsch)","Hauptwohnsitzbevölkerung (nichtdeutsch)",NA,NA,NA
"Durchschnittsalter","nichtdeutsch",2024,"25 Laim",39.5,715614,18122,NA,NA,NA,"Summe (Alter in Jahren * Hautwohnsitzbevölkerung im jeweiligen Altersjahr) (nichtdeutsch)","Hauptwohnsitzbevölkerung (nichtdeutsch)",NA,NA,NA
"Durchschnittsalter","nichtdeutsch",2023,"Stadt München",39.2,18720361,477855,NA,NA,NA,"Summe (Alter in Jahren * Hautwohnsitzbevölkerung im jeweiligen Altersjahr) (nichtdeutsch)","Hauptwohnsitzbevölkerung (nichtdeutsch)",NA,NA,NA
"Durchschnittsalter","nichtdeutsch",2023,"01 Altstadt - Lehel",40.3,212592,5274,NA,NA,NA,"Summe (Alter in Jahren * Hautwohnsitzbevölkerung im jeweiligen Altersjahr) (nichtdeutsch)","Hauptwohnsitzbevölkerung (nichtdeutsch)",NA,NA,NA
"Durchschnittsalter","nichtdeutsch",2023,"02 Ludwigsvorstadt - Isarvorstadt",40.3,531446,13197,NA,NA,NA,"Summe (Alter in Jahren * Hautwohnsitzbevölkerung im jeweiligen Altersjahr) (nichtdeutsch)","Hauptwohnsitzbevölkerung (nichtdeutsch)",NA,NA,NA
"Durchschnittsalter","nichtdeutsch",2023,"03 Maxvorstadt",38,523183,13782,NA,NA,NA,"Summe (Alter in Jahren * Hautwohnsitzbevölkerung im jeweiligen Altersjahr) (nichtdeutsch)","Hauptwohnsitzbevölkerung (nichtdeutsch)",NA,NA,NA
"Durchschnittsalter","nichtdeutsch",2023,"04 Schwabing - West",39.2,640206,16344,NA,NA,NA,"Summe (Alter in Jahren * Hautwohnsitzbevölkerung im jeweiligen Altersjahr) (nichtdeutsch)","Hauptwohnsitzbevölkerung (nichtdeutsch)",NA,NA,NA
"Durchschnittsalter","nichtdeutsch",2023,"05 Au - Haidhausen",41.2,629731,15274,NA,NA,NA,"Summe (Alter in Jahren * Hautwohnsitzbevölkerung im jeweiligen Altersjahr) (nichtdeutsch)","Hauptwohnsitzbevölkerung (nichtdeutsch)",NA,NA,NA
"Durchschnittsalter","nichtdeutsch",2023,"06 Sendling",40.5,461355,11380,NA,NA,NA,"Summe (Alter in Jahren * Hautwohnsitzbevölkerung im jeweiligen Altersjahr) (nichtdeutsch)","Hauptwohnsitzbevölkerung (nichtdeutsch)",NA,NA,NA
"Durchschnittsalter","nichtdeutsch",2023,"07 Sendling - Westpark",39.8,770322,19350,NA,NA,NA,"Summe (Alter in Jahren * Hautwohnsitzbevölkerung im jeweiligen Altersjahr) (nichtdeutsch)","Hauptwohnsitzbevölkerung (nichtdeutsch)",NA,NA,NA
"Durchschnittsalter","nichtdeutsch",2023,"08 Schwanthalerhöhe",43.4,402853,9279,NA,NA,NA,"Summe (Alter in Jahren * Hautwohnsitzbevölkerung im jeweiligen Altersjahr) (nichtdeutsch)","Hauptwohnsitzbevölkerung (nichtdeutsch)",NA,NA,NA
"Durchschnittsalter","nichtdeutsch",2023,"09 Neuhausen - Nymphenburg",40.1,1052637,26256,NA,NA,NA,"Summe (Alter in Jahren * Hautwohnsitzbevölkerung im jeweiligen Altersjahr) (nichtdeutsch)","Hauptwohnsitzbevölkerung (nichtdeutsch)",NA,NA,NA
"Durchschnittsalter","nichtdeutsch",2023,"10 Moosach",39.4,747678,18976,NA,NA,NA,"Summe (Alter in Jahren * Hautwohnsitzbevölkerung im jeweiligen Altersjahr) (nichtdeutsch)","Hauptwohnsitzbevölkerung (nichtdeutsch)",NA,NA,NA
"Durchschnittsalter","nichtdeutsch",2023,"11 Milbertshofen - Am Hart",38.9,1292949,33206,NA,NA,NA,"Summe (Alter in Jahren * Hautwohnsitzbevölkerung im jeweiligen Altersjahr) (nichtdeutsch)","Hauptwohnsitzbevölkerung (nichtdeutsch)",NA,NA,NA
"Durchschnittsalter","nichtdeutsch",2023,"12 Schwabing - Freimann",36.9,861629,23352,NA,NA,NA,"Summe (Alter in Jahren * Hautwohnsitzbevölkerung im jeweiligen Altersjahr) (nichtdeutsch)","Hauptwohnsitzbevölkerung (nichtdeutsch)",NA,NA,NA
"Durchschnittsalter","nichtdeutsch",2023,"13 Bogenhausen",38.1,1014225,26602,NA,NA,NA,"Summe (Alter in Jahren * Hautwohnsitzbevölkerung im jeweiligen Altersjahr) (nichtdeutsch)","Hauptwohnsitzbevölkerung (nichtdeutsch)",NA,NA,NA
"Durchschnittsalter","nichtdeutsch",2023,"14 Berg am Laim",40.2,652618,16216,NA,NA,NA,"Summe (Alter in Jahren * Hautwohnsitzbevölkerung im jeweiligen Altersjahr) (nichtdeutsch)","Hauptwohnsitzbevölkerung (nichtdeutsch)",NA,NA,NA
"Durchschnittsalter","nichtdeutsch",2023,"15 Trudering - Riem",38.6,729117,18893,NA,NA,NA,"Summe (Alter in Jahren * Hautwohnsitzbevölkerung im jeweiligen Altersjahr) (nichtdeutsch)","Hauptwohnsitzbevölkerung (nichtdeutsch)",NA,NA,NA
"Durchschnittsalter","nichtdeutsch",2023,"16 Ramersdorf - Perlach",40.2,1735655,43129,NA,NA,NA,"Summe (Alter in Jahren * Hautwohnsitzbevölkerung im jeweiligen Altersjahr) (nichtdeutsch)","Hauptwohnsitzbevölkerung (nichtdeutsch)",NA,NA,NA
"Durchschnittsalter","nichtdeutsch",2023,"17 Obergiesing - Fasangarten",40.2,696677,17329,NA,NA,NA,"Summe (Alter in Jahren * Hautwohnsitzbevölkerung im jeweiligen Altersjahr) (nichtdeutsch)","Hauptwohnsitzbevölkerung (nichtdeutsch)",NA,NA,NA
"Durchschnittsalter","nichtdeutsch",2023,"18 Untergiesing - Harlaching",40.8,552329,13542,NA,NA,NA,"Summe (Alter in Jahren * Hautwohnsitzbevölkerung im jeweiligen Altersjahr) (nichtdeutsch)","Hauptwohnsitzbevölkerung (nichtdeutsch)",NA,NA,NA
"Durchschnittsalter","nichtdeutsch",2023,"19 Thalkirchen - Obersendling - Forstenried - Fürstenried - Solln",37.8,1183762,31316,NA,NA,NA,"Summe (Alter in Jahren * Hautwohnsitzbevölkerung im jeweiligen Altersjahr) (nichtdeutsch)","Hauptwohnsitzbevölkerung (nichtdeutsch)",NA,NA,NA
"Durchschnittsalter","nichtdeutsch",2023,"20 Hadern",38.3,615095,16041,NA,NA,NA,"Summe (Alter in Jahren * Hautwohnsitzbevölkerung im jeweiligen Altersjahr) (nichtdeutsch)","Hauptwohnsitzbevölkerung (nichtdeutsch)",NA,NA,NA
"Durchschnittsalter","nichtdeutsch",2023,"21 Pasing - Obermenzing",37.7,804660,21321,NA,NA,NA,"Summe (Alter in Jahren * Hautwohnsitzbevölkerung im jeweiligen Altersjahr) (nichtdeutsch)","Hauptwohnsitzbevölkerung (nichtdeutsch)",NA,NA,NA
"Durchschnittsalter","nichtdeutsch",2023,"22 Aubing - Lochhausen - Langwied",36.4,691649,18978,NA,NA,NA,"Summe (Alter in Jahren * Hautwohnsitzbevölkerung im jeweiligen Altersjahr) (nichtdeutsch)","Hauptwohnsitzbevölkerung (nichtdeutsch)",NA,NA,NA
"Durchschnittsalter","nichtdeutsch",2023,"23 Allach - Untermenzing",37.8,355063,9405,NA,NA,NA,"Summe (Alter in Jahren * Hautwohnsitzbevölkerung im jeweiligen Altersjahr) (nichtdeutsch)","Hauptwohnsitzbevölkerung (nichtdeutsch)",NA,NA,NA
"Durchschnittsalter","nichtdeutsch",2023,"24 Feldmoching - Hasenbergl",39.9,867260,21746,NA,NA,NA,"Summe (Alter in Jahren * Hautwohnsitzbevölkerung im jeweiligen Altersjahr) (nichtdeutsch)","Hauptwohnsitzbevölkerung (nichtdeutsch)",NA,NA,NA
"Durchschnittsalter","nichtdeutsch",2023,"25 Laim",39.4,695670,17667,NA,NA,NA,"Summe (Alter in Jahren * Hautwohnsitzbevölkerung im jeweiligen Altersjahr) (nichtdeutsch)","Hauptwohnsitzbevölkerung (nichtdeutsch)",NA,NA,NA
"Durchschnittsalter","nichtdeutsch",2022,"Stadt München",39,18649581,478314,NA,NA,NA,"Summe (Alter in Jahren * Hautwohnsitzbevölkerung im jeweiligen Altersjahr) (nichtdeutsch)","Hauptwohnsitzbevölkerung (nichtdeutsch)",NA,NA,NA
"Durchschnittsalter","nichtdeutsch",2022,"01 Altstadt - Lehel",40.2,215341,5362,NA,NA,NA,"Summe (Alter in Jahren * Hautwohnsitzbevölkerung im jeweiligen Altersjahr) (nichtdeutsch)","Hauptwohnsitzbevölkerung (nichtdeutsch)",NA,NA,NA
"Durchschnittsalter","nichtdeutsch",2022,"02 Ludwigsvorstadt - Isarvorstadt",39.8,565726,14199,NA,NA,NA,"Summe (Alter in Jahren * Hautwohnsitzbevölkerung im jeweiligen Altersjahr) (nichtdeutsch)","Hauptwohnsitzbevölkerung (nichtdeutsch)",NA,NA,NA
"Durchschnittsalter","nichtdeutsch",2022,"03 Maxvorstadt",37.6,532258,14171,NA,NA,NA,"Summe (Alter in Jahren * Hautwohnsitzbevölkerung im jeweiligen Altersjahr) (nichtdeutsch)","Hauptwohnsitzbevölkerung (nichtdeutsch)",NA,NA,NA
"Durchschnittsalter","nichtdeutsch",2022,"04 Schwabing - West",39,644686,16545,NA,NA,NA,"Summe (Alter in Jahren * Hautwohnsitzbevölkerung im jeweiligen Altersjahr) (nichtdeutsch)","Hauptwohnsitzbevölkerung (nichtdeutsch)",NA,NA,NA
"Durchschnittsalter","nichtdeutsch",2022,"05 Au - Haidhausen",41.1,633449,15418,NA,NA,NA,"Summe (Alter in Jahren * Hautwohnsitzbevölkerung im jeweiligen Altersjahr) (nichtdeutsch)","Hauptwohnsitzbevölkerung (nichtdeutsch)",NA,NA,NA
"Durchschnittsalter","nichtdeutsch",2022,"06 Sendling",40.4,460413,11398,NA,NA,NA,"Summe (Alter in Jahren * Hautwohnsitzbevölkerung im jeweiligen Altersjahr) (nichtdeutsch)","Hauptwohnsitzbevölkerung (nichtdeutsch)",NA,NA,NA
"Durchschnittsalter","nichtdeutsch",2022,"07 Sendling - Westpark",39.8,760729,19127,NA,NA,NA,"Summe (Alter in Jahren * Hautwohnsitzbevölkerung im jeweiligen Altersjahr) (nichtdeutsch)","Hauptwohnsitzbevölkerung (nichtdeutsch)",NA,NA,NA
"Durchschnittsalter","nichtdeutsch",2022,"08 Schwanthalerhöhe",43.2,405169,9386,NA,NA,NA,"Summe (Alter in Jahren * Hautwohnsitzbevölkerung im jeweiligen Altersjahr) (nichtdeutsch)","Hauptwohnsitzbevölkerung (nichtdeutsch)",NA,NA,NA
"Durchschnittsalter","nichtdeutsch",2022,"09 Neuhausen - Nymphenburg",40,1052547,26329,NA,NA,NA,"Summe (Alter in Jahren * Hautwohnsitzbevölkerung im jeweiligen Altersjahr) (nichtdeutsch)","Hauptwohnsitzbevölkerung (nichtdeutsch)",NA,NA,NA
"Durchschnittsalter","nichtdeutsch",2022,"10 Moosach",39.2,742914,18957,NA,NA,NA,"Summe (Alter in Jahren * Hautwohnsitzbevölkerung im jeweiligen Altersjahr) (nichtdeutsch)","Hauptwohnsitzbevölkerung (nichtdeutsch)",NA,NA,NA
"Durchschnittsalter","nichtdeutsch",2022,"11 Milbertshofen - Am Hart",38.9,1290695,33196,NA,NA,NA,"Summe (Alter in Jahren * Hautwohnsitzbevölkerung im jeweiligen Altersjahr) (nichtdeutsch)","Hauptwohnsitzbevölkerung (nichtdeutsch)",NA,NA,NA
"Durchschnittsalter","nichtdeutsch",2022,"12 Schwabing - Freimann",35.9,917826,25538,NA,NA,NA,"Summe (Alter in Jahren * Hautwohnsitzbevölkerung im jeweiligen Altersjahr) (nichtdeutsch)","Hauptwohnsitzbevölkerung (nichtdeutsch)",NA,NA,NA
"Durchschnittsalter","nichtdeutsch",2022,"13 Bogenhausen",37.9,986552,26017,NA,NA,NA,"Summe (Alter in Jahren * Hautwohnsitzbevölkerung im jeweiligen Altersjahr) (nichtdeutsch)","Hauptwohnsitzbevölkerung (nichtdeutsch)",NA,NA,NA
"Durchschnittsalter","nichtdeutsch",2022,"14 Berg am Laim",40,650529,16243,NA,NA,NA,"Summe (Alter in Jahren * Hautwohnsitzbevölkerung im jeweiligen Altersjahr) (nichtdeutsch)","Hauptwohnsitzbevölkerung (nichtdeutsch)",NA,NA,NA
"Durchschnittsalter","nichtdeutsch",2022,"15 Trudering - Riem",38.2,724406,18988,NA,NA,NA,"Summe (Alter in Jahren * Hautwohnsitzbevölkerung im jeweiligen Altersjahr) (nichtdeutsch)","Hauptwohnsitzbevölkerung (nichtdeutsch)",NA,NA,NA
"Durchschnittsalter","nichtdeutsch",2022,"16 Ramersdorf - Perlach",40.1,1719655,42875,NA,NA,NA,"Summe (Alter in Jahren * Hautwohnsitzbevölkerung im jeweiligen Altersjahr) (nichtdeutsch)","Hauptwohnsitzbevölkerung (nichtdeutsch)",NA,NA,NA
"Durchschnittsalter","nichtdeutsch",2022,"17 Obergiesing - Fasangarten",40,704856,17602,NA,NA,NA,"Summe (Alter in Jahren * Hautwohnsitzbevölkerung im jeweiligen Altersjahr) (nichtdeutsch)","Hauptwohnsitzbevölkerung (nichtdeutsch)",NA,NA,NA
"Durchschnittsalter","nichtdeutsch",2022,"18 Untergiesing - Harlaching",40.2,553682,13777,NA,NA,NA,"Summe (Alter in Jahren * Hautwohnsitzbevölkerung im jeweiligen Altersjahr) (nichtdeutsch)","Hauptwohnsitzbevölkerung (nichtdeutsch)",NA,NA,NA
"Durchschnittsalter","nichtdeutsch",2022,"19 Thalkirchen - Obersendling - Forstenried - Fürstenried - Solln",37.9,1155822,30516,NA,NA,NA,"Summe (Alter in Jahren * Hautwohnsitzbevölkerung im jeweiligen Altersjahr) (nichtdeutsch)","Hauptwohnsitzbevölkerung (nichtdeutsch)",NA,NA,NA
"Durchschnittsalter","nichtdeutsch",2022,"20 Hadern",38.3,604331,15789,NA,NA,NA,"Summe (Alter in Jahren * Hautwohnsitzbevölkerung im jeweiligen Altersjahr) (nichtdeutsch)","Hauptwohnsitzbevölkerung (nichtdeutsch)",NA,NA,NA
"Durchschnittsalter","nichtdeutsch",2022,"21 Pasing - Obermenzing",37.9,781544,20635,NA,NA,NA,"Summe (Alter in Jahren * Hautwohnsitzbevölkerung im jeweiligen Altersjahr) (nichtdeutsch)","Hauptwohnsitzbevölkerung (nichtdeutsch)",NA,NA,NA
"Durchschnittsalter","nichtdeutsch",2022,"22 Aubing - Lochhausen - Langwied",36.8,640167,17399,NA,NA,NA,"Summe (Alter in Jahren * Hautwohnsitzbevölkerung im jeweiligen Altersjahr) (nichtdeutsch)","Hauptwohnsitzbevölkerung (nichtdeutsch)",NA,NA,NA
"Durchschnittsalter","nichtdeutsch",2022,"23 Allach - Untermenzing",37.1,355525,9574,NA,NA,NA,"Summe (Alter in Jahren * Hautwohnsitzbevölkerung im jeweiligen Altersjahr) (nichtdeutsch)","Hauptwohnsitzbevölkerung (nichtdeutsch)",NA,NA,NA
"Durchschnittsalter","nichtdeutsch",2022,"24 Feldmoching - Hasenbergl",39.7,863394,21744,NA,NA,NA,"Summe (Alter in Jahren * Hautwohnsitzbevölkerung im jeweiligen Altersjahr) (nichtdeutsch)","Hauptwohnsitzbevölkerung (nichtdeutsch)",NA,NA,NA
"Durchschnittsalter","nichtdeutsch",2022,"25 Laim",39.2,687365,17529,NA,NA,NA,"Summe (Alter in Jahren * Hautwohnsitzbevölkerung im jeweiligen Altersjahr) (nichtdeutsch)","Hauptwohnsitzbevölkerung (nichtdeutsch)",NA,NA,NA
"Durchschnittsalter","nichtdeutsch",2021,"Stadt München",39.3,17712338,450391,NA,NA,NA,"Summe (Alter in Jahren * Hautwohnsitzbevölkerung im jeweiligen Altersjahr) (nichtdeutsch)","Hauptwohnsitzbevölkerung (nichtdeutsch)",NA,NA,NA
"Durchschnittsalter","nichtdeutsch",2021,"01 Altstadt - Lehel",41,208730,5090,NA,NA,NA,"Summe (Alter in Jahren * Hautwohnsitzbevölkerung im jeweiligen Altersjahr) (nichtdeutsch)","Hauptwohnsitzbevölkerung (nichtdeutsch)",NA,NA,NA
"Durchschnittsalter","nichtdeutsch",2021,"02 Ludwigsvorstadt - Isarvorstadt",40.3,570016,14144,NA,NA,NA,"Summe (Alter in Jahren * Hautwohnsitzbevölkerung im jeweiligen Altersjahr) (nichtdeutsch)","Hauptwohnsitzbevölkerung (nichtdeutsch)",NA,NA,NA
"Durchschnittsalter","nichtdeutsch",2021,"03 Maxvorstadt",38.2,499046,13061,NA,NA,NA,"Summe (Alter in Jahren * Hautwohnsitzbevölkerung im jeweiligen Altersjahr) (nichtdeutsch)","Hauptwohnsitzbevölkerung (nichtdeutsch)",NA,NA,NA
"Durchschnittsalter","nichtdeutsch",2021,"04 Schwabing - West",39.2,622600,15898,NA,NA,NA,"Summe (Alter in Jahren * Hautwohnsitzbevölkerung im jeweiligen Altersjahr) (nichtdeutsch)","Hauptwohnsitzbevölkerung (nichtdeutsch)",NA,NA,NA
"Durchschnittsalter","nichtdeutsch",2021,"05 Au - Haidhausen",41.3,607266,14694,NA,NA,NA,"Summe (Alter in Jahren * Hautwohnsitzbevölkerung im jeweiligen Altersjahr) (nichtdeutsch)","Hauptwohnsitzbevölkerung (nichtdeutsch)",NA,NA,NA
"Durchschnittsalter","nichtdeutsch",2021,"06 Sendling",40.6,447336,11010,NA,NA,NA,"Summe (Alter in Jahren * Hautwohnsitzbevölkerung im jeweiligen Altersjahr) (nichtdeutsch)","Hauptwohnsitzbevölkerung (nichtdeutsch)",NA,NA,NA
"Durchschnittsalter","nichtdeutsch",2021,"07 Sendling - Westpark",40.1,719733,17950,NA,NA,NA,"Summe (Alter in Jahren * Hautwohnsitzbevölkerung im jeweiligen Altersjahr) (nichtdeutsch)","Hauptwohnsitzbevölkerung (nichtdeutsch)",NA,NA,NA
"Durchschnittsalter","nichtdeutsch",2021,"08 Schwanthalerhöhe",43.6,399272,9165,NA,NA,NA,"Summe (Alter in Jahren * Hautwohnsitzbevölkerung im jeweiligen Altersjahr) (nichtdeutsch)","Hauptwohnsitzbevölkerung (nichtdeutsch)",NA,NA,NA
"Durchschnittsalter","nichtdeutsch",2021,"09 Neuhausen - Nymphenburg",40.2,1004305,24954,NA,NA,NA,"Summe (Alter in Jahren * Hautwohnsitzbevölkerung im jeweiligen Altersjahr) (nichtdeutsch)","Hauptwohnsitzbevölkerung (nichtdeutsch)",NA,NA,NA
"Durchschnittsalter","nichtdeutsch",2021,"10 Moosach",39.2,710696,18116,NA,NA,NA,"Summe (Alter in Jahren * Hautwohnsitzbevölkerung im jeweiligen Altersjahr) (nichtdeutsch)","Hauptwohnsitzbevölkerung (nichtdeutsch)",NA,NA,NA
"Durchschnittsalter","nichtdeutsch",2021,"11 Milbertshofen - Am Hart",39.1,1241906,31739,NA,NA,NA,"Summe (Alter in Jahren * Hautwohnsitzbevölkerung im jeweiligen Altersjahr) (nichtdeutsch)","Hauptwohnsitzbevölkerung (nichtdeutsch)",NA,NA,NA
"Durchschnittsalter","nichtdeutsch",2021,"12 Schwabing - Freimann",36.4,861396,23650,NA,NA,NA,"Summe (Alter in Jahren * Hautwohnsitzbevölkerung im jeweiligen Altersjahr) (nichtdeutsch)","Hauptwohnsitzbevölkerung (nichtdeutsch)",NA,NA,NA
"Durchschnittsalter","nichtdeutsch",2021,"13 Bogenhausen",38.5,919591,23913,NA,NA,NA,"Summe (Alter in Jahren * Hautwohnsitzbevölkerung im jeweiligen Altersjahr) (nichtdeutsch)","Hauptwohnsitzbevölkerung (nichtdeutsch)",NA,NA,NA
"Durchschnittsalter","nichtdeutsch",2021,"14 Berg am Laim",40.1,624872,15591,NA,NA,NA,"Summe (Alter in Jahren * Hautwohnsitzbevölkerung im jeweiligen Altersjahr) (nichtdeutsch)","Hauptwohnsitzbevölkerung (nichtdeutsch)",NA,NA,NA
"Durchschnittsalter","nichtdeutsch",2021,"15 Trudering - Riem",38.2,680383,17834,NA,NA,NA,"Summe (Alter in Jahren * Hautwohnsitzbevölkerung im jeweiligen Altersjahr) (nichtdeutsch)","Hauptwohnsitzbevölkerung (nichtdeutsch)",NA,NA,NA
"Durchschnittsalter","nichtdeutsch",2021,"16 Ramersdorf - Perlach",40.2,1651376,41067,NA,NA,NA,"Summe (Alter in Jahren * Hautwohnsitzbevölkerung im jeweiligen Altersjahr) (nichtdeutsch)","Hauptwohnsitzbevölkerung (nichtdeutsch)",NA,NA,NA
"Durchschnittsalter","nichtdeutsch",2021,"17 Obergiesing - Fasangarten",40.3,673809,16705,NA,NA,NA,"Summe (Alter in Jahren * Hautwohnsitzbevölkerung im jeweiligen Altersjahr) (nichtdeutsch)","Hauptwohnsitzbevölkerung (nichtdeutsch)",NA,NA,NA
"Durchschnittsalter","nichtdeutsch",2021,"18 Untergiesing - Harlaching",40.6,520944,12828,NA,NA,NA,"Summe (Alter in Jahren * Hautwohnsitzbevölkerung im jeweiligen Altersjahr) (nichtdeutsch)","Hauptwohnsitzbevölkerung (nichtdeutsch)",NA,NA,NA
"Durchschnittsalter","nichtdeutsch",2021,"19 Thalkirchen - Obersendling - Forstenried - Fürstenried - Solln",38.2,1083756,28374,NA,NA,NA,"Summe (Alter in Jahren * Hautwohnsitzbevölkerung im jeweiligen Altersjahr) (nichtdeutsch)","Hauptwohnsitzbevölkerung (nichtdeutsch)",NA,NA,NA
"Durchschnittsalter","nichtdeutsch",2021,"20 Hadern",38.5,566864,14727,NA,NA,NA,"Summe (Alter in Jahren * Hautwohnsitzbevölkerung im jeweiligen Altersjahr) (nichtdeutsch)","Hauptwohnsitzbevölkerung (nichtdeutsch)",NA,NA,NA
"Durchschnittsalter","nichtdeutsch",2021,"21 Pasing - Obermenzing",38.5,728859,18942,NA,NA,NA,"Summe (Alter in Jahren * Hautwohnsitzbevölkerung im jeweiligen Altersjahr) (nichtdeutsch)","Hauptwohnsitzbevölkerung (nichtdeutsch)",NA,NA,NA
"Durchschnittsalter","nichtdeutsch",2021,"22 Aubing - Lochhausen - Langwied",37.2,581722,15643,NA,NA,NA,"Summe (Alter in Jahren * Hautwohnsitzbevölkerung im jeweiligen Altersjahr) (nichtdeutsch)","Hauptwohnsitzbevölkerung (nichtdeutsch)",NA,NA,NA
"Durchschnittsalter","nichtdeutsch",2021,"23 Allach - Untermenzing",38.4,320618,8350,NA,NA,NA,"Summe (Alter in Jahren * Hautwohnsitzbevölkerung im jeweiligen Altersjahr) (nichtdeutsch)","Hauptwohnsitzbevölkerung (nichtdeutsch)",NA,NA,NA
"Durchschnittsalter","nichtdeutsch",2021,"24 Feldmoching - Hasenbergl",39.9,822655,20609,NA,NA,NA,"Summe (Alter in Jahren * Hautwohnsitzbevölkerung im jeweiligen Altersjahr) (nichtdeutsch)","Hauptwohnsitzbevölkerung (nichtdeutsch)",NA,NA,NA
"Durchschnittsalter","nichtdeutsch",2021,"25 Laim",39.5,644587,16337,NA,NA,NA,"Summe (Alter in Jahren * Hautwohnsitzbevölkerung im jeweiligen Altersjahr) (nichtdeutsch)","Hauptwohnsitzbevölkerung (nichtdeutsch)",NA,NA,NA
"Durchschnittsalter","nichtdeutsch",2020,"Stadt München",39.3,17549449,445986,NA,NA,NA,"Summe (Alter in Jahren * Hautwohnsitzbevölkerung im jeweiligen Altersjahr) (nichtdeutsch)","Hauptwohnsitzbevölkerung (nichtdeutsch)",NA,NA,NA
"Durchschnittsalter","nichtdeutsch",2020,"01 Altstadt - Lehel",41.1,217570,5292,NA,NA,NA,"Summe (Alter in Jahren * Hautwohnsitzbevölkerung im jeweiligen Altersjahr) (nichtdeutsch)","Hauptwohnsitzbevölkerung (nichtdeutsch)",NA,NA,NA
"Durchschnittsalter","nichtdeutsch",2020,"02 Ludwigsvorstadt - Isarvorstadt",40.3,585891,14534,NA,NA,NA,"Summe (Alter in Jahren * Hautwohnsitzbevölkerung im jeweiligen Altersjahr) (nichtdeutsch)","Hauptwohnsitzbevölkerung (nichtdeutsch)",NA,NA,NA
"Durchschnittsalter","nichtdeutsch",2020,"03 Maxvorstadt",38.4,506738,13203,NA,NA,NA,"Summe (Alter in Jahren * Hautwohnsitzbevölkerung im jeweiligen Altersjahr) (nichtdeutsch)","Hauptwohnsitzbevölkerung (nichtdeutsch)",NA,NA,NA
"Durchschnittsalter","nichtdeutsch",2020,"04 Schwabing - West",39.3,619793,15771,NA,NA,NA,"Summe (Alter in Jahren * Hautwohnsitzbevölkerung im jeweiligen Altersjahr) (nichtdeutsch)","Hauptwohnsitzbevölkerung (nichtdeutsch)",NA,NA,NA
"Durchschnittsalter","nichtdeutsch",2020,"05 Au - Haidhausen",41.4,609985,14719,NA,NA,NA,"Summe (Alter in Jahren * Hautwohnsitzbevölkerung im jeweiligen Altersjahr) (nichtdeutsch)","Hauptwohnsitzbevölkerung (nichtdeutsch)",NA,NA,NA
"Durchschnittsalter","nichtdeutsch",2020,"06 Sendling",40.7,448475,11020,NA,NA,NA,"Summe (Alter in Jahren * Hautwohnsitzbevölkerung im jeweiligen Altersjahr) (nichtdeutsch)","Hauptwohnsitzbevölkerung (nichtdeutsch)",NA,NA,NA
"Durchschnittsalter","nichtdeutsch",2020,"07 Sendling - Westpark",39.9,710641,17807,NA,NA,NA,"Summe (Alter in Jahren * Hautwohnsitzbevölkerung im jeweiligen Altersjahr) (nichtdeutsch)","Hauptwohnsitzbevölkerung (nichtdeutsch)",NA,NA,NA
"Durchschnittsalter","nichtdeutsch",2020,"08 Schwanthalerhöhe",43,407499,9474,NA,NA,NA,"Summe (Alter in Jahren * Hautwohnsitzbevölkerung im jeweiligen Altersjahr) (nichtdeutsch)","Hauptwohnsitzbevölkerung (nichtdeutsch)",NA,NA,NA
"Durchschnittsalter","nichtdeutsch",2020,"09 Neuhausen - Nymphenburg",40.3,992139,24635,NA,NA,NA,"Summe (Alter in Jahren * Hautwohnsitzbevölkerung im jeweiligen Altersjahr) (nichtdeutsch)","Hauptwohnsitzbevölkerung (nichtdeutsch)",NA,NA,NA
"Durchschnittsalter","nichtdeutsch",2020,"10 Moosach",39.4,698902,17754,NA,NA,NA,"Summe (Alter in Jahren * Hautwohnsitzbevölkerung im jeweiligen Altersjahr) (nichtdeutsch)","Hauptwohnsitzbevölkerung (nichtdeutsch)",NA,NA,NA
"Durchschnittsalter","nichtdeutsch",2020,"11 Milbertshofen - Am Hart",39.2,1228997,31330,NA,NA,NA,"Summe (Alter in Jahren * Hautwohnsitzbevölkerung im jeweiligen Altersjahr) (nichtdeutsch)","Hauptwohnsitzbevölkerung (nichtdeutsch)",NA,NA,NA
"Durchschnittsalter","nichtdeutsch",2020,"12 Schwabing - Freimann",36.2,863482,23872,NA,NA,NA,"Summe (Alter in Jahren * Hautwohnsitzbevölkerung im jeweiligen Altersjahr) (nichtdeutsch)","Hauptwohnsitzbevölkerung (nichtdeutsch)",NA,NA,NA
"Durchschnittsalter","nichtdeutsch",2020,"13 Bogenhausen",38.6,890191,23042,NA,NA,NA,"Summe (Alter in Jahren * Hautwohnsitzbevölkerung im jeweiligen Altersjahr) (nichtdeutsch)","Hauptwohnsitzbevölkerung (nichtdeutsch)",NA,NA,NA
"Durchschnittsalter","nichtdeutsch",2020,"14 Berg am Laim",40.1,616404,15386,NA,NA,NA,"Summe (Alter in Jahren * Hautwohnsitzbevölkerung im jeweiligen Altersjahr) (nichtdeutsch)","Hauptwohnsitzbevölkerung (nichtdeutsch)",NA,NA,NA
"Durchschnittsalter","nichtdeutsch",2020,"15 Trudering - Riem",38.2,673248,17647,NA,NA,NA,"Summe (Alter in Jahren * Hautwohnsitzbevölkerung im jeweiligen Altersjahr) (nichtdeutsch)","Hauptwohnsitzbevölkerung (nichtdeutsch)",NA,NA,NA
"Durchschnittsalter","nichtdeutsch",2020,"16 Ramersdorf - Perlach",40.1,1633255,40701,NA,NA,NA,"Summe (Alter in Jahren * Hautwohnsitzbevölkerung im jeweiligen Altersjahr) (nichtdeutsch)","Hauptwohnsitzbevölkerung (nichtdeutsch)",NA,NA,NA
"Durchschnittsalter","nichtdeutsch",2020,"17 Obergiesing - Fasangarten",40.5,679807,16805,NA,NA,NA,"Summe (Alter in Jahren * Hautwohnsitzbevölkerung im jeweiligen Altersjahr) (nichtdeutsch)","Hauptwohnsitzbevölkerung (nichtdeutsch)",NA,NA,NA
"Durchschnittsalter","nichtdeutsch",2020,"18 Untergiesing - Harlaching",40.6,515875,12699,NA,NA,NA,"Summe (Alter in Jahren * Hautwohnsitzbevölkerung im jeweiligen Altersjahr) (nichtdeutsch)","Hauptwohnsitzbevölkerung (nichtdeutsch)",NA,NA,NA
"Durchschnittsalter","nichtdeutsch",2020,"19 Thalkirchen - Obersendling - Forstenried - Fürstenried - Solln",38.2,1054845,27646,NA,NA,NA,"Summe (Alter in Jahren * Hautwohnsitzbevölkerung im jeweiligen Altersjahr) (nichtdeutsch)","Hauptwohnsitzbevölkerung (nichtdeutsch)",NA,NA,NA
"Durchschnittsalter","nichtdeutsch",2020,"20 Hadern",39,545618,13999,NA,NA,NA,"Summe (Alter in Jahren * Hautwohnsitzbevölkerung im jeweiligen Altersjahr) (nichtdeutsch)","Hauptwohnsitzbevölkerung (nichtdeutsch)",NA,NA,NA
"Durchschnittsalter","nichtdeutsch",2020,"21 Pasing - Obermenzing",38.5,720161,18696,NA,NA,NA,"Summe (Alter in Jahren * Hautwohnsitzbevölkerung im jeweiligen Altersjahr) (nichtdeutsch)","Hauptwohnsitzbevölkerung (nichtdeutsch)",NA,NA,NA
"Durchschnittsalter","nichtdeutsch",2020,"22 Aubing - Lochhausen - Langwied",37.3,553270,14841,NA,NA,NA,"Summe (Alter in Jahren * Hautwohnsitzbevölkerung im jeweiligen Altersjahr) (nichtdeutsch)","Hauptwohnsitzbevölkerung (nichtdeutsch)",NA,NA,NA
"Durchschnittsalter","nichtdeutsch",2020,"23 Allach - Untermenzing",38.7,311390,8043,NA,NA,NA,"Summe (Alter in Jahren * Hautwohnsitzbevölkerung im jeweiligen Altersjahr) (nichtdeutsch)","Hauptwohnsitzbevölkerung (nichtdeutsch)",NA,NA,NA
"Durchschnittsalter","nichtdeutsch",2020,"24 Feldmoching - Hasenbergl",39.7,816793,20573,NA,NA,NA,"Summe (Alter in Jahren * Hautwohnsitzbevölkerung im jeweiligen Altersjahr) (nichtdeutsch)","Hauptwohnsitzbevölkerung (nichtdeutsch)",NA,NA,NA
"Durchschnittsalter","nichtdeutsch",2020,"25 Laim",39.3,648480,16497,NA,NA,NA,"Summe (Alter in Jahren * Hautwohnsitzbevölkerung im jeweiligen Altersjahr) (nichtdeutsch)","Hauptwohnsitzbevölkerung (nichtdeutsch)",NA,NA,NA
"Durchschnittsalter","nichtdeutsch",2019,"Stadt München",38.9,17311066,444754,NA,NA,NA,"Summe (Alter in Jahren * Hautwohnsitzbevölkerung im jeweiligen Altersjahr) (nichtdeutsch)","Hauptwohnsitzbevölkerung (nichtdeutsch)",NA,NA,NA
"Durchschnittsalter","nichtdeutsch",2019,"01 Altstadt - Lehel",40.6,223302,5502,NA,NA,NA,"Summe (Alter in Jahren * Hautwohnsitzbevölkerung im jeweiligen Altersjahr) (nichtdeutsch)","Hauptwohnsitzbevölkerung (nichtdeutsch)",NA,NA,NA
"Durchschnittsalter","nichtdeutsch",2019,"02 Ludwigsvorstadt - Isarvorstadt",40,587285,14700,NA,NA,NA,"Summe (Alter in Jahren * Hautwohnsitzbevölkerung im jeweiligen Altersjahr) (nichtdeutsch)","Hauptwohnsitzbevölkerung (nichtdeutsch)",NA,NA,NA
"Durchschnittsalter","nichtdeutsch",2019,"03 Maxvorstadt",38.2,506382,13257,NA,NA,NA,"Summe (Alter in Jahren * Hautwohnsitzbevölkerung im jeweiligen Altersjahr) (nichtdeutsch)","Hauptwohnsitzbevölkerung (nichtdeutsch)",NA,NA,NA
"Durchschnittsalter","nichtdeutsch",2019,"04 Schwabing - West",38.9,611863,15730,NA,NA,NA,"Summe (Alter in Jahren * Hautwohnsitzbevölkerung im jeweiligen Altersjahr) (nichtdeutsch)","Hauptwohnsitzbevölkerung (nichtdeutsch)",NA,NA,NA
"Durchschnittsalter","nichtdeutsch",2019,"05 Au - Haidhausen",41.2,598103,14519,NA,NA,NA,"Summe (Alter in Jahren * Hautwohnsitzbevölkerung im jeweiligen Altersjahr) (nichtdeutsch)","Hauptwohnsitzbevölkerung (nichtdeutsch)",NA,NA,NA
"Durchschnittsalter","nichtdeutsch",2019,"06 Sendling",40.1,450036,11218,NA,NA,NA,"Summe (Alter in Jahren * Hautwohnsitzbevölkerung im jeweiligen Altersjahr) (nichtdeutsch)","Hauptwohnsitzbevölkerung (nichtdeutsch)",NA,NA,NA
"Durchschnittsalter","nichtdeutsch",2019,"07 Sendling - Westpark",39.4,701160,17817,NA,NA,NA,"Summe (Alter in Jahren * Hautwohnsitzbevölkerung im jeweiligen Altersjahr) (nichtdeutsch)","Hauptwohnsitzbevölkerung (nichtdeutsch)",NA,NA,NA
"Durchschnittsalter","nichtdeutsch",2019,"08 Schwanthalerhöhe",42.3,408621,9664,NA,NA,NA,"Summe (Alter in Jahren * Hautwohnsitzbevölkerung im jeweiligen Altersjahr) (nichtdeutsch)","Hauptwohnsitzbevölkerung (nichtdeutsch)",NA,NA,NA
"Durchschnittsalter","nichtdeutsch",2019,"09 Neuhausen - Nymphenburg",39.8,992330,24907,NA,NA,NA,"Summe (Alter in Jahren * Hautwohnsitzbevölkerung im jeweiligen Altersjahr) (nichtdeutsch)","Hauptwohnsitzbevölkerung (nichtdeutsch)",NA,NA,NA
"Durchschnittsalter","nichtdeutsch",2019,"10 Moosach",39,690419,17687,NA,NA,NA,"Summe (Alter in Jahren * Hautwohnsitzbevölkerung im jeweiligen Altersjahr) (nichtdeutsch)","Hauptwohnsitzbevölkerung (nichtdeutsch)",NA,NA,NA
"Durchschnittsalter","nichtdeutsch",2019,"11 Milbertshofen - Am Hart",38.7,1221605,31601,NA,NA,NA,"Summe (Alter in Jahren * Hautwohnsitzbevölkerung im jeweiligen Altersjahr) (nichtdeutsch)","Hauptwohnsitzbevölkerung (nichtdeutsch)",NA,NA,NA
"Durchschnittsalter","nichtdeutsch",2019,"12 Schwabing - Freimann",35.9,837102,23309,NA,NA,NA,"Summe (Alter in Jahren * Hautwohnsitzbevölkerung im jeweiligen Altersjahr) (nichtdeutsch)","Hauptwohnsitzbevölkerung (nichtdeutsch)",NA,NA,NA
"Durchschnittsalter","nichtdeutsch",2019,"13 Bogenhausen",38.3,859028,22401,NA,NA,NA,"Summe (Alter in Jahren * Hautwohnsitzbevölkerung im jeweiligen Altersjahr) (nichtdeutsch)","Hauptwohnsitzbevölkerung (nichtdeutsch)",NA,NA,NA
"Durchschnittsalter","nichtdeutsch",2019,"14 Berg am Laim",39.6,607336,15356,NA,NA,NA,"Summe (Alter in Jahren * Hautwohnsitzbevölkerung im jeweiligen Altersjahr) (nichtdeutsch)","Hauptwohnsitzbevölkerung (nichtdeutsch)",NA,NA,NA
"Durchschnittsalter","nichtdeutsch",2019,"15 Trudering - Riem",37.7,649450,17206,NA,NA,NA,"Summe (Alter in Jahren * Hautwohnsitzbevölkerung im jeweiligen Altersjahr) (nichtdeutsch)","Hauptwohnsitzbevölkerung (nichtdeutsch)",NA,NA,NA
"Durchschnittsalter","nichtdeutsch",2019,"16 Ramersdorf - Perlach",39.7,1609987,40543,NA,NA,NA,"Summe (Alter in Jahren * Hautwohnsitzbevölkerung im jeweiligen Altersjahr) (nichtdeutsch)","Hauptwohnsitzbevölkerung (nichtdeutsch)",NA,NA,NA
"Durchschnittsalter","nichtdeutsch",2019,"17 Obergiesing - Fasangarten",39.8,678482,17053,NA,NA,NA,"Summe (Alter in Jahren * Hautwohnsitzbevölkerung im jeweiligen Altersjahr) (nichtdeutsch)","Hauptwohnsitzbevölkerung (nichtdeutsch)",NA,NA,NA
"Durchschnittsalter","nichtdeutsch",2019,"18 Untergiesing - Harlaching",40,516645,12908,NA,NA,NA,"Summe (Alter in Jahren * Hautwohnsitzbevölkerung im jeweiligen Altersjahr) (nichtdeutsch)","Hauptwohnsitzbevölkerung (nichtdeutsch)",NA,NA,NA
"Durchschnittsalter","nichtdeutsch",2019,"19 Thalkirchen - Obersendling - Forstenried - Fürstenried - Solln",37.7,1023850,27123,NA,NA,NA,"Summe (Alter in Jahren * Hautwohnsitzbevölkerung im jeweiligen Altersjahr) (nichtdeutsch)","Hauptwohnsitzbevölkerung (nichtdeutsch)",NA,NA,NA
"Durchschnittsalter","nichtdeutsch",2019,"20 Hadern",38.3,537866,14042,NA,NA,NA,"Summe (Alter in Jahren * Hautwohnsitzbevölkerung im jeweiligen Altersjahr) (nichtdeutsch)","Hauptwohnsitzbevölkerung (nichtdeutsch)",NA,NA,NA
"Durchschnittsalter","nichtdeutsch",2019,"21 Pasing - Obermenzing",38.3,698002,18220,NA,NA,NA,"Summe (Alter in Jahren * Hautwohnsitzbevölkerung im jeweiligen Altersjahr) (nichtdeutsch)","Hauptwohnsitzbevölkerung (nichtdeutsch)",NA,NA,NA
"Durchschnittsalter","nichtdeutsch",2019,"22 Aubing - Lochhausen - Langwied",36.9,533879,14484,NA,NA,NA,"Summe (Alter in Jahren * Hautwohnsitzbevölkerung im jeweiligen Altersjahr) (nichtdeutsch)","Hauptwohnsitzbevölkerung (nichtdeutsch)",NA,NA,NA
"Durchschnittsalter","nichtdeutsch",2019,"23 Allach - Untermenzing",38,326772,8598,NA,NA,NA,"Summe (Alter in Jahren * Hautwohnsitzbevölkerung im jeweiligen Altersjahr) (nichtdeutsch)","Hauptwohnsitzbevölkerung (nichtdeutsch)",NA,NA,NA
"Durchschnittsalter","nichtdeutsch",2019,"24 Feldmoching - Hasenbergl",39.2,796790,20352,NA,NA,NA,"Summe (Alter in Jahren * Hautwohnsitzbevölkerung im jeweiligen Altersjahr) (nichtdeutsch)","Hauptwohnsitzbevölkerung (nichtdeutsch)",NA,NA,NA
"Durchschnittsalter","nichtdeutsch",2019,"25 Laim",38.9,644771,16557,NA,NA,NA,"Summe (Alter in Jahren * Hautwohnsitzbevölkerung im jeweiligen Altersjahr) (nichtdeutsch)","Hauptwohnsitzbevölkerung (nichtdeutsch)",NA,NA,NA
"Durchschnittsalter","nichtdeutsch",2018,"Stadt München",38.8,16817926,433292,NA,NA,NA,"Summe (Alter in Jahren * Hautwohnsitzbevölkerung im jeweiligen Altersjahr) (nichtdeutsch)","Hauptwohnsitzbevölkerung (nichtdeutsch)",NA,NA,NA
"Durchschnittsalter","nichtdeutsch",2018,"01 Altstadt - Lehel",40.5,222771,5500,NA,NA,NA,"Summe (Alter in Jahren * Hautwohnsitzbevölkerung im jeweiligen Altersjahr) (nichtdeutsch)","Hauptwohnsitzbevölkerung (nichtdeutsch)",NA,NA,NA
"Durchschnittsalter","nichtdeutsch",2018,"02 Ludwigsvorstadt - Isarvorstadt",39.6,580532,14654,NA,NA,NA,"Summe (Alter in Jahren * Hautwohnsitzbevölkerung im jeweiligen Altersjahr) (nichtdeutsch)","Hauptwohnsitzbevölkerung (nichtdeutsch)",NA,NA,NA
"Durchschnittsalter","nichtdeutsch",2018,"03 Maxvorstadt",38.2,498601,13051,NA,NA,NA,"Summe (Alter in Jahren * Hautwohnsitzbevölkerung im jeweiligen Altersjahr) (nichtdeutsch)","Hauptwohnsitzbevölkerung (nichtdeutsch)",NA,NA,NA
"Durchschnittsalter","nichtdeutsch",2018,"04 Schwabing - West",38.9,603635,15528,NA,NA,NA,"Summe (Alter in Jahren * Hautwohnsitzbevölkerung im jeweiligen Altersjahr) (nichtdeutsch)","Hauptwohnsitzbevölkerung (nichtdeutsch)",NA,NA,NA
"Durchschnittsalter","nichtdeutsch",2018,"05 Au - Haidhausen",41.1,593220,14446,NA,NA,NA,"Summe (Alter in Jahren * Hautwohnsitzbevölkerung im jeweiligen Altersjahr) (nichtdeutsch)","Hauptwohnsitzbevölkerung (nichtdeutsch)",NA,NA,NA
"Durchschnittsalter","nichtdeutsch",2018,"06 Sendling",40.2,442244,11012,NA,NA,NA,"Summe (Alter in Jahren * Hautwohnsitzbevölkerung im jeweiligen Altersjahr) (nichtdeutsch)","Hauptwohnsitzbevölkerung (nichtdeutsch)",NA,NA,NA
"Durchschnittsalter","nichtdeutsch",2018,"07 Sendling - Westpark",39.3,675827,17215,NA,NA,NA,"Summe (Alter in Jahren * Hautwohnsitzbevölkerung im jeweiligen Altersjahr) (nichtdeutsch)","Hauptwohnsitzbevölkerung (nichtdeutsch)",NA,NA,NA
"Durchschnittsalter","nichtdeutsch",2018,"08 Schwanthalerhöhe",42.1,419845,9968,NA,NA,NA,"Summe (Alter in Jahren * Hautwohnsitzbevölkerung im jeweiligen Altersjahr) (nichtdeutsch)","Hauptwohnsitzbevölkerung (nichtdeutsch)",NA,NA,NA
"Durchschnittsalter","nichtdeutsch",2018,"09 Neuhausen - Nymphenburg",39.8,954053,23980,NA,NA,NA,"Summe (Alter in Jahren * Hautwohnsitzbevölkerung im jeweiligen Altersjahr) (nichtdeutsch)","Hauptwohnsitzbevölkerung (nichtdeutsch)",NA,NA,NA
"Durchschnittsalter","nichtdeutsch",2018,"10 Moosach",38.9,663274,17072,NA,NA,NA,"Summe (Alter in Jahren * Hautwohnsitzbevölkerung im jeweiligen Altersjahr) (nichtdeutsch)","Hauptwohnsitzbevölkerung (nichtdeutsch)",NA,NA,NA
"Durchschnittsalter","nichtdeutsch",2018,"11 Milbertshofen - Am Hart",38.6,1182573,30621,NA,NA,NA,"Summe (Alter in Jahren * Hautwohnsitzbevölkerung im jeweiligen Altersjahr) (nichtdeutsch)","Hauptwohnsitzbevölkerung (nichtdeutsch)",NA,NA,NA
"Durchschnittsalter","nichtdeutsch",2018,"12 Schwabing - Freimann",35.6,815057,22867,NA,NA,NA,"Summe (Alter in Jahren * Hautwohnsitzbevölkerung im jeweiligen Altersjahr) (nichtdeutsch)","Hauptwohnsitzbevölkerung (nichtdeutsch)",NA,NA,NA
"Durchschnittsalter","nichtdeutsch",2018,"13 Bogenhausen",38.4,824707,21484,NA,NA,NA,"Summe (Alter in Jahren * Hautwohnsitzbevölkerung im jeweiligen Altersjahr) (nichtdeutsch)","Hauptwohnsitzbevölkerung (nichtdeutsch)",NA,NA,NA
"Durchschnittsalter","nichtdeutsch",2018,"14 Berg am Laim",39.4,579199,14702,NA,NA,NA,"Summe (Alter in Jahren * Hautwohnsitzbevölkerung im jeweiligen Altersjahr) (nichtdeutsch)","Hauptwohnsitzbevölkerung (nichtdeutsch)",NA,NA,NA
"Durchschnittsalter","nichtdeutsch",2018,"15 Trudering - Riem",37.5,639191,17039,NA,NA,NA,"Summe (Alter in Jahren * Hautwohnsitzbevölkerung im jeweiligen Altersjahr) (nichtdeutsch)","Hauptwohnsitzbevölkerung (nichtdeutsch)",NA,NA,NA
"Durchschnittsalter","nichtdeutsch",2018,"16 Ramersdorf - Perlach",39.5,1557821,39425,NA,NA,NA,"Summe (Alter in Jahren * Hautwohnsitzbevölkerung im jeweiligen Altersjahr) (nichtdeutsch)","Hauptwohnsitzbevölkerung (nichtdeutsch)",NA,NA,NA
"Durchschnittsalter","nichtdeutsch",2018,"17 Obergiesing - Fasangarten",39.4,664367,16856,NA,NA,NA,"Summe (Alter in Jahren * Hautwohnsitzbevölkerung im jeweiligen Altersjahr) (nichtdeutsch)","Hauptwohnsitzbevölkerung (nichtdeutsch)",NA,NA,NA
"Durchschnittsalter","nichtdeutsch",2018,"18 Untergiesing - Harlaching",39.7,509800,12832,NA,NA,NA,"Summe (Alter in Jahren * Hautwohnsitzbevölkerung im jeweiligen Altersjahr) (nichtdeutsch)","Hauptwohnsitzbevölkerung (nichtdeutsch)",NA,NA,NA
"Durchschnittsalter","nichtdeutsch",2018,"19 Thalkirchen - Obersendling - Forstenried - Fürstenried - Solln",37.7,1000331,26540,NA,NA,NA,"Summe (Alter in Jahren * Hautwohnsitzbevölkerung im jeweiligen Altersjahr) (nichtdeutsch)","Hauptwohnsitzbevölkerung (nichtdeutsch)",NA,NA,NA
"Durchschnittsalter","nichtdeutsch",2018,"20 Hadern",38.2,519033,13598,NA,NA,NA,"Summe (Alter in Jahren * Hautwohnsitzbevölkerung im jeweiligen Altersjahr) (nichtdeutsch)","Hauptwohnsitzbevölkerung (nichtdeutsch)",NA,NA,NA
"Durchschnittsalter","nichtdeutsch",2018,"21 Pasing - Obermenzing",38.6,659720,17113,NA,NA,NA,"Summe (Alter in Jahren * Hautwohnsitzbevölkerung im jeweiligen Altersjahr) (nichtdeutsch)","Hauptwohnsitzbevölkerung (nichtdeutsch)",NA,NA,NA
"Durchschnittsalter","nichtdeutsch",2018,"22 Aubing - Lochhausen - Langwied",36.9,501911,13590,NA,NA,NA,"Summe (Alter in Jahren * Hautwohnsitzbevölkerung im jeweiligen Altersjahr) (nichtdeutsch)","Hauptwohnsitzbevölkerung (nichtdeutsch)",NA,NA,NA
"Durchschnittsalter","nichtdeutsch",2018,"23 Allach - Untermenzing",38.1,306767,8062,NA,NA,NA,"Summe (Alter in Jahren * Hautwohnsitzbevölkerung im jeweiligen Altersjahr) (nichtdeutsch)","Hauptwohnsitzbevölkerung (nichtdeutsch)",NA,NA,NA
"Durchschnittsalter","nichtdeutsch",2018,"24 Feldmoching - Hasenbergl",38.8,778041,20037,NA,NA,NA,"Summe (Alter in Jahren * Hautwohnsitzbevölkerung im jeweiligen Altersjahr) (nichtdeutsch)","Hauptwohnsitzbevölkerung (nichtdeutsch)",NA,NA,NA
"Durchschnittsalter","nichtdeutsch",2018,"25 Laim",38.8,625406,16100,NA,NA,NA,"Summe (Alter in Jahren * Hautwohnsitzbevölkerung im jeweiligen Altersjahr) (nichtdeutsch)","Hauptwohnsitzbevölkerung (nichtdeutsch)",NA,NA,NA
"Durchschnittsalter","nichtdeutsch",2017,"Stadt München",38.7,16326400,421832,NA,NA,NA,"Summe (Alter in Jahren * Hautwohnsitzbevölkerung im jeweiligen Altersjahr) (nichtdeutsch)","Hauptwohnsitzbevölkerung (nichtdeutsch)",NA,NA,NA
"Durchschnittsalter","nichtdeutsch",2017,"01 Altstadt - Lehel",40.4,221924,5493,NA,NA,NA,"Summe (Alter in Jahren * Hautwohnsitzbevölkerung im jeweiligen Altersjahr) (nichtdeutsch)","Hauptwohnsitzbevölkerung (nichtdeutsch)",NA,NA,NA
"Durchschnittsalter","nichtdeutsch",2017,"02 Ludwigsvorstadt - Isarvorstadt",39.7,588080,14825,NA,NA,NA,"Summe (Alter in Jahren * Hautwohnsitzbevölkerung im jeweiligen Altersjahr) (nichtdeutsch)","Hauptwohnsitzbevölkerung (nichtdeutsch)",NA,NA,NA
"Durchschnittsalter","nichtdeutsch",2017,"03 Maxvorstadt",38.2,496379,13003,NA,NA,NA,"Summe (Alter in Jahren * Hautwohnsitzbevölkerung im jeweiligen Altersjahr) (nichtdeutsch)","Hauptwohnsitzbevölkerung (nichtdeutsch)",NA,NA,NA
"Durchschnittsalter","nichtdeutsch",2017,"04 Schwabing - West",38.8,596276,15356,NA,NA,NA,"Summe (Alter in Jahren * Hautwohnsitzbevölkerung im jeweiligen Altersjahr) (nichtdeutsch)","Hauptwohnsitzbevölkerung (nichtdeutsch)",NA,NA,NA
"Durchschnittsalter","nichtdeutsch",2017,"05 Au - Haidhausen",40.8,579444,14189,NA,NA,NA,"Summe (Alter in Jahren * Hautwohnsitzbevölkerung im jeweiligen Altersjahr) (nichtdeutsch)","Hauptwohnsitzbevölkerung (nichtdeutsch)",NA,NA,NA
"Durchschnittsalter","nichtdeutsch",2017,"06 Sendling",40,432426,10814,NA,NA,NA,"Summe (Alter in Jahren * Hautwohnsitzbevölkerung im jeweiligen Altersjahr) (nichtdeutsch)","Hauptwohnsitzbevölkerung (nichtdeutsch)",NA,NA,NA
"Durchschnittsalter","nichtdeutsch",2017,"07 Sendling - Westpark",39,658411,16888,NA,NA,NA,"Summe (Alter in Jahren * Hautwohnsitzbevölkerung im jeweiligen Altersjahr) (nichtdeutsch)","Hauptwohnsitzbevölkerung (nichtdeutsch)",NA,NA,NA
"Durchschnittsalter","nichtdeutsch",2017,"08 Schwanthalerhöhe",42,412673,9836,NA,NA,NA,"Summe (Alter in Jahren * Hautwohnsitzbevölkerung im jeweiligen Altersjahr) (nichtdeutsch)","Hauptwohnsitzbevölkerung (nichtdeutsch)",NA,NA,NA
"Durchschnittsalter","nichtdeutsch",2017,"09 Neuhausen - Nymphenburg",39.9,957769,24005,NA,NA,NA,"Summe (Alter in Jahren * Hautwohnsitzbevölkerung im jeweiligen Altersjahr) (nichtdeutsch)","Hauptwohnsitzbevölkerung (nichtdeutsch)",NA,NA,NA
"Durchschnittsalter","nichtdeutsch",2017,"10 Moosach",38.6,640845,16602,NA,NA,NA,"Summe (Alter in Jahren * Hautwohnsitzbevölkerung im jeweiligen Altersjahr) (nichtdeutsch)","Hauptwohnsitzbevölkerung (nichtdeutsch)",NA,NA,NA
"Durchschnittsalter","nichtdeutsch",2017,"11 Milbertshofen - Am Hart",38.3,1153560,30147,NA,NA,NA,"Summe (Alter in Jahren * Hautwohnsitzbevölkerung im jeweiligen Altersjahr) (nichtdeutsch)","Hauptwohnsitzbevölkerung (nichtdeutsch)",NA,NA,NA
"Durchschnittsalter","nichtdeutsch",2017,"12 Schwabing - Freimann",35.5,779973,21980,NA,NA,NA,"Summe (Alter in Jahren * Hautwohnsitzbevölkerung im jeweiligen Altersjahr) (nichtdeutsch)","Hauptwohnsitzbevölkerung (nichtdeutsch)",NA,NA,NA
"Durchschnittsalter","nichtdeutsch",2017,"13 Bogenhausen",38.6,787519,20395,NA,NA,NA,"Summe (Alter in Jahren * Hautwohnsitzbevölkerung im jeweiligen Altersjahr) (nichtdeutsch)","Hauptwohnsitzbevölkerung (nichtdeutsch)",NA,NA,NA
"Durchschnittsalter","nichtdeutsch",2017,"14 Berg am Laim",39.3,559857,14254,NA,NA,NA,"Summe (Alter in Jahren * Hautwohnsitzbevölkerung im jeweiligen Altersjahr) (nichtdeutsch)","Hauptwohnsitzbevölkerung (nichtdeutsch)",NA,NA,NA
"Durchschnittsalter","nichtdeutsch",2017,"15 Trudering - Riem",37.3,605572,16225,NA,NA,NA,"Summe (Alter in Jahren * Hautwohnsitzbevölkerung im jeweiligen Altersjahr) (nichtdeutsch)","Hauptwohnsitzbevölkerung (nichtdeutsch)",NA,NA,NA
"Durchschnittsalter","nichtdeutsch",2017,"16 Ramersdorf - Perlach",39.4,1500737,38097,NA,NA,NA,"Summe (Alter in Jahren * Hautwohnsitzbevölkerung im jeweiligen Altersjahr) (nichtdeutsch)","Hauptwohnsitzbevölkerung (nichtdeutsch)",NA,NA,NA
"Durchschnittsalter","nichtdeutsch",2017,"17 Obergiesing - Fasangarten",39.2,651821,16617,NA,NA,NA,"Summe (Alter in Jahren * Hautwohnsitzbevölkerung im jeweiligen Altersjahr) (nichtdeutsch)","Hauptwohnsitzbevölkerung (nichtdeutsch)",NA,NA,NA
"Durchschnittsalter","nichtdeutsch",2017,"18 Untergiesing - Harlaching",39.7,489589,12346,NA,NA,NA,"Summe (Alter in Jahren * Hautwohnsitzbevölkerung im jeweiligen Altersjahr) (nichtdeutsch)","Hauptwohnsitzbevölkerung (nichtdeutsch)",NA,NA,NA
"Durchschnittsalter","nichtdeutsch",2017,"19 Thalkirchen - Obersendling - Forstenried - Fürstenried - Solln",37.6,962417,25597,NA,NA,NA,"Summe (Alter in Jahren * Hautwohnsitzbevölkerung im jeweiligen Altersjahr) (nichtdeutsch)","Hauptwohnsitzbevölkerung (nichtdeutsch)",NA,NA,NA
"Durchschnittsalter","nichtdeutsch",2017,"20 Hadern",38.1,503002,13210,NA,NA,NA,"Summe (Alter in Jahren * Hautwohnsitzbevölkerung im jeweiligen Altersjahr) (nichtdeutsch)","Hauptwohnsitzbevölkerung (nichtdeutsch)",NA,NA,NA
"Durchschnittsalter","nichtdeutsch",2017,"21 Pasing - Obermenzing",38.3,639771,16714,NA,NA,NA,"Summe (Alter in Jahren * Hautwohnsitzbevölkerung im jeweiligen Altersjahr) (nichtdeutsch)","Hauptwohnsitzbevölkerung (nichtdeutsch)",NA,NA,NA
"Durchschnittsalter","nichtdeutsch",2017,"22 Aubing - Lochhausen - Langwied",36.8,468780,12722,NA,NA,NA,"Summe (Alter in Jahren * Hautwohnsitzbevölkerung im jeweiligen Altersjahr) (nichtdeutsch)","Hauptwohnsitzbevölkerung (nichtdeutsch)",NA,NA,NA
"Durchschnittsalter","nichtdeutsch",2017,"23 Allach - Untermenzing",38,285812,7527,NA,NA,NA,"Summe (Alter in Jahren * Hautwohnsitzbevölkerung im jeweiligen Altersjahr) (nichtdeutsch)","Hauptwohnsitzbevölkerung (nichtdeutsch)",NA,NA,NA
"Durchschnittsalter","nichtdeutsch",2017,"24 Feldmoching - Hasenbergl",38.7,747467,19296,NA,NA,NA,"Summe (Alter in Jahren * Hautwohnsitzbevölkerung im jeweiligen Altersjahr) (nichtdeutsch)","Hauptwohnsitzbevölkerung (nichtdeutsch)",NA,NA,NA
"Durchschnittsalter","nichtdeutsch",2017,"25 Laim",38.6,606296,15694,NA,NA,NA,"Summe (Alter in Jahren * Hautwohnsitzbevölkerung im jeweiligen Altersjahr) (nichtdeutsch)","Hauptwohnsitzbevölkerung (nichtdeutsch)",NA,NA,NA
"Durchschnittsalter","nichtdeutsch",2016,"Stadt München",38.6,16894179,437164,NA,NA,NA,"Summe (Alter in Jahren * Hautwohnsitzbevölkerung im jeweiligen Altersjahr) (nichtdeutsch)","Hauptwohnsitzbevölkerung (nichtdeutsch)",NA,NA,NA
"Durchschnittsalter","nichtdeutsch",2016,"01 Altstadt - Lehel",40.7,239242,5872,NA,NA,NA,"Summe (Alter in Jahren * Hautwohnsitzbevölkerung im jeweiligen Altersjahr) (nichtdeutsch)","Hauptwohnsitzbevölkerung (nichtdeutsch)",NA,NA,NA
"Durchschnittsalter","nichtdeutsch",2016,"02 Ludwigsvorstadt - Isarvorstadt",39.3,704624,17912,NA,NA,NA,"Summe (Alter in Jahren * Hautwohnsitzbevölkerung im jeweiligen Altersjahr) (nichtdeutsch)","Hauptwohnsitzbevölkerung (nichtdeutsch)",NA,NA,NA
"Durchschnittsalter","nichtdeutsch",2016,"03 Maxvorstadt",37.8,562862,14892,NA,NA,NA,"Summe (Alter in Jahren * Hautwohnsitzbevölkerung im jeweiligen Altersjahr) (nichtdeutsch)","Hauptwohnsitzbevölkerung (nichtdeutsch)",NA,NA,NA
"Durchschnittsalter","nichtdeutsch",2016,"04 Schwabing - West",38.7,630114,16264,NA,NA,NA,"Summe (Alter in Jahren * Hautwohnsitzbevölkerung im jeweiligen Altersjahr) (nichtdeutsch)","Hauptwohnsitzbevölkerung (nichtdeutsch)",NA,NA,NA
"Durchschnittsalter","nichtdeutsch",2016,"05 Au - Haidhausen",40.6,622123,15327,NA,NA,NA,"Summe (Alter in Jahren * Hautwohnsitzbevölkerung im jeweiligen Altersjahr) (nichtdeutsch)","Hauptwohnsitzbevölkerung (nichtdeutsch)",NA,NA,NA
"Durchschnittsalter","nichtdeutsch",2016,"06 Sendling",40.1,454409,11346,NA,NA,NA,"Summe (Alter in Jahren * Hautwohnsitzbevölkerung im jeweiligen Altersjahr) (nichtdeutsch)","Hauptwohnsitzbevölkerung (nichtdeutsch)",NA,NA,NA
"Durchschnittsalter","nichtdeutsch",2016,"07 Sendling - Westpark",38.8,661004,17026,NA,NA,NA,"Summe (Alter in Jahren * Hautwohnsitzbevölkerung im jeweiligen Altersjahr) (nichtdeutsch)","Hauptwohnsitzbevölkerung (nichtdeutsch)",NA,NA,NA
"Durchschnittsalter","nichtdeutsch",2016,"08 Schwanthalerhöhe",41.9,439378,10496,NA,NA,NA,"Summe (Alter in Jahren * Hautwohnsitzbevölkerung im jeweiligen Altersjahr) (nichtdeutsch)","Hauptwohnsitzbevölkerung (nichtdeutsch)",NA,NA,NA
"Durchschnittsalter","nichtdeutsch",2016,"09 Neuhausen - Nymphenburg",39.7,988232,24878,NA,NA,NA,"Summe (Alter in Jahren * Hautwohnsitzbevölkerung im jeweiligen Altersjahr) (nichtdeutsch)","Hauptwohnsitzbevölkerung (nichtdeutsch)",NA,NA,NA
"Durchschnittsalter","nichtdeutsch",2016,"10 Moosach",38.8,643961,16615,NA,NA,NA,"Summe (Alter in Jahren * Hautwohnsitzbevölkerung im jeweiligen Altersjahr) (nichtdeutsch)","Hauptwohnsitzbevölkerung (nichtdeutsch)",NA,NA,NA
"Durchschnittsalter","nichtdeutsch",2016,"11 Milbertshofen - Am Hart",38.1,1193422,31334,NA,NA,NA,"Summe (Alter in Jahren * Hautwohnsitzbevölkerung im jeweiligen Altersjahr) (nichtdeutsch)","Hauptwohnsitzbevölkerung (nichtdeutsch)",NA,NA,NA
"Durchschnittsalter","nichtdeutsch",2016,"12 Schwabing - Freimann",35.2,815958,23176,NA,NA,NA,"Summe (Alter in Jahren * Hautwohnsitzbevölkerung im jeweiligen Altersjahr) (nichtdeutsch)","Hauptwohnsitzbevölkerung (nichtdeutsch)",NA,NA,NA
"Durchschnittsalter","nichtdeutsch",2016,"13 Bogenhausen",38.7,829890,21453,NA,NA,NA,"Summe (Alter in Jahren * Hautwohnsitzbevölkerung im jeweiligen Altersjahr) (nichtdeutsch)","Hauptwohnsitzbevölkerung (nichtdeutsch)",NA,NA,NA
"Durchschnittsalter","nichtdeutsch",2016,"14 Berg am Laim",39.2,564331,14412,NA,NA,NA,"Summe (Alter in Jahren * Hautwohnsitzbevölkerung im jeweiligen Altersjahr) (nichtdeutsch)","Hauptwohnsitzbevölkerung (nichtdeutsch)",NA,NA,NA
"Durchschnittsalter","nichtdeutsch",2016,"15 Trudering - Riem",37.5,609157,16239,NA,NA,NA,"Summe (Alter in Jahren * Hautwohnsitzbevölkerung im jeweiligen Altersjahr) (nichtdeutsch)","Hauptwohnsitzbevölkerung (nichtdeutsch)",NA,NA,NA
"Durchschnittsalter","nichtdeutsch",2016,"16 Ramersdorf - Perlach",39.4,1500090,38102,NA,NA,NA,"Summe (Alter in Jahren * Hautwohnsitzbevölkerung im jeweiligen Altersjahr) (nichtdeutsch)","Hauptwohnsitzbevölkerung (nichtdeutsch)",NA,NA,NA
"Durchschnittsalter","nichtdeutsch",2016,"17 Obergiesing - Fasangarten",39.1,674625,17272,NA,NA,NA,"Summe (Alter in Jahren * Hautwohnsitzbevölkerung im jeweiligen Altersjahr) (nichtdeutsch)","Hauptwohnsitzbevölkerung (nichtdeutsch)",NA,NA,NA
"Durchschnittsalter","nichtdeutsch",2016,"18 Untergiesing - Harlaching",39.1,529277,13534,NA,NA,NA,"Summe (Alter in Jahren * Hautwohnsitzbevölkerung im jeweiligen Altersjahr) (nichtdeutsch)","Hauptwohnsitzbevölkerung (nichtdeutsch)",NA,NA,NA
"Durchschnittsalter","nichtdeutsch",2016,"19 Thalkirchen - Obersendling - Forstenried - Fürstenried - Solln",37.4,976716,26127,NA,NA,NA,"Summe (Alter in Jahren * Hautwohnsitzbevölkerung im jeweiligen Altersjahr) (nichtdeutsch)","Hauptwohnsitzbevölkerung (nichtdeutsch)",NA,NA,NA
"Durchschnittsalter","nichtdeutsch",2016,"20 Hadern",37.9,522189,13796,NA,NA,NA,"Summe (Alter in Jahren * Hautwohnsitzbevölkerung im jeweiligen Altersjahr) (nichtdeutsch)","Hauptwohnsitzbevölkerung (nichtdeutsch)",NA,NA,NA
"Durchschnittsalter","nichtdeutsch",2016,"21 Pasing - Obermenzing",38.4,640952,16673,NA,NA,NA,"Summe (Alter in Jahren * Hautwohnsitzbevölkerung im jeweiligen Altersjahr) (nichtdeutsch)","Hauptwohnsitzbevölkerung (nichtdeutsch)",NA,NA,NA
"Durchschnittsalter","nichtdeutsch",2016,"22 Aubing - Lochhausen - Langwied",37.2,447253,12018,NA,NA,NA,"Summe (Alter in Jahren * Hautwohnsitzbevölkerung im jeweiligen Altersjahr) (nichtdeutsch)","Hauptwohnsitzbevölkerung (nichtdeutsch)",NA,NA,NA
"Durchschnittsalter","nichtdeutsch",2016,"23 Allach - Untermenzing",38.5,272676,7087,NA,NA,NA,"Summe (Alter in Jahren * Hautwohnsitzbevölkerung im jeweiligen Altersjahr) (nichtdeutsch)","Hauptwohnsitzbevölkerung (nichtdeutsch)",NA,NA,NA
"Durchschnittsalter","nichtdeutsch",2016,"24 Feldmoching - Hasenbergl",38.8,767778,19807,NA,NA,NA,"Summe (Alter in Jahren * Hautwohnsitzbevölkerung im jeweiligen Altersjahr) (nichtdeutsch)","Hauptwohnsitzbevölkerung (nichtdeutsch)",NA,NA,NA
"Durchschnittsalter","nichtdeutsch",2016,"25 Laim",38.9,603916,15506,NA,NA,NA,"Summe (Alter in Jahren * Hautwohnsitzbevölkerung im jeweiligen Altersjahr) (nichtdeutsch)","Hauptwohnsitzbevölkerung (nichtdeutsch)",NA,NA,NA
"Durchschnittsalter","nichtdeutsch",2015,"Stadt München",38.6,16199887,419391,NA,NA,NA,"Summe (Alter in Jahren * Hautwohnsitzbevölkerung im jeweiligen Altersjahr) (nichtdeutsch)","Hauptwohnsitzbevölkerung (nichtdeutsch)",NA,NA,NA
"Durchschnittsalter","nichtdeutsch",2015,"01 Altstadt - Lehel",40.9,227921,5579,NA,NA,NA,"Summe (Alter in Jahren * Hautwohnsitzbevölkerung im jeweiligen Altersjahr) (nichtdeutsch)","Hauptwohnsitzbevölkerung (nichtdeutsch)",NA,NA,NA
"Durchschnittsalter","nichtdeutsch",2015,"02 Ludwigsvorstadt - Isarvorstadt",39.2,672599,17138,NA,NA,NA,"Summe (Alter in Jahren * Hautwohnsitzbevölkerung im jeweiligen Altersjahr) (nichtdeutsch)","Hauptwohnsitzbevölkerung (nichtdeutsch)",NA,NA,NA
"Durchschnittsalter","nichtdeutsch",2015,"03 Maxvorstadt",37.2,555700,14937,NA,NA,NA,"Summe (Alter in Jahren * Hautwohnsitzbevölkerung im jeweiligen Altersjahr) (nichtdeutsch)","Hauptwohnsitzbevölkerung (nichtdeutsch)",NA,NA,NA
"Durchschnittsalter","nichtdeutsch",2015,"04 Schwabing - West",38.8,611656,15781,NA,NA,NA,"Summe (Alter in Jahren * Hautwohnsitzbevölkerung im jeweiligen Altersjahr) (nichtdeutsch)","Hauptwohnsitzbevölkerung (nichtdeutsch)",NA,NA,NA
"Durchschnittsalter","nichtdeutsch",2015,"05 Au - Haidhausen",40.5,600181,14814,NA,NA,NA,"Summe (Alter in Jahren * Hautwohnsitzbevölkerung im jeweiligen Altersjahr) (nichtdeutsch)","Hauptwohnsitzbevölkerung (nichtdeutsch)",NA,NA,NA
"Durchschnittsalter","nichtdeutsch",2015,"06 Sendling",39.9,445067,11142,NA,NA,NA,"Summe (Alter in Jahren * Hautwohnsitzbevölkerung im jeweiligen Altersjahr) (nichtdeutsch)","Hauptwohnsitzbevölkerung (nichtdeutsch)",NA,NA,NA
"Durchschnittsalter","nichtdeutsch",2015,"07 Sendling - Westpark",38.6,642064,16625,NA,NA,NA,"Summe (Alter in Jahren * Hautwohnsitzbevölkerung im jeweiligen Altersjahr) (nichtdeutsch)","Hauptwohnsitzbevölkerung (nichtdeutsch)",NA,NA,NA
"Durchschnittsalter","nichtdeutsch",2015,"08 Schwanthalerhöhe",41.5,435650,10492,NA,NA,NA,"Summe (Alter in Jahren * Hautwohnsitzbevölkerung im jeweiligen Altersjahr) (nichtdeutsch)","Hauptwohnsitzbevölkerung (nichtdeutsch)",NA,NA,NA
"Durchschnittsalter","nichtdeutsch",2015,"09 Neuhausen - Nymphenburg",39.4,955340,24264,NA,NA,NA,"Summe (Alter in Jahren * Hautwohnsitzbevölkerung im jeweiligen Altersjahr) (nichtdeutsch)","Hauptwohnsitzbevölkerung (nichtdeutsch)",NA,NA,NA
"Durchschnittsalter","nichtdeutsch",2015,"10 Moosach",39,629450,16120,NA,NA,NA,"Summe (Alter in Jahren * Hautwohnsitzbevölkerung im jeweiligen Altersjahr) (nichtdeutsch)","Hauptwohnsitzbevölkerung (nichtdeutsch)",NA,NA,NA
"Durchschnittsalter","nichtdeutsch",2015,"11 Milbertshofen - Am Hart",37.9,1150935,30362,NA,NA,NA,"Summe (Alter in Jahren * Hautwohnsitzbevölkerung im jeweiligen Altersjahr) (nichtdeutsch)","Hauptwohnsitzbevölkerung (nichtdeutsch)",NA,NA,NA
"Durchschnittsalter","nichtdeutsch",2015,"12 Schwabing - Freimann",34.7,764789,22068,NA,NA,NA,"Summe (Alter in Jahren * Hautwohnsitzbevölkerung im jeweiligen Altersjahr) (nichtdeutsch)","Hauptwohnsitzbevölkerung (nichtdeutsch)",NA,NA,NA
"Durchschnittsalter","nichtdeutsch",2015,"13 Bogenhausen",38.8,785529,20257,NA,NA,NA,"Summe (Alter in Jahren * Hautwohnsitzbevölkerung im jeweiligen Altersjahr) (nichtdeutsch)","Hauptwohnsitzbevölkerung (nichtdeutsch)",NA,NA,NA
"Durchschnittsalter","nichtdeutsch",2015,"14 Berg am Laim",38.8,545318,14044,NA,NA,NA,"Summe (Alter in Jahren * Hautwohnsitzbevölkerung im jeweiligen Altersjahr) (nichtdeutsch)","Hauptwohnsitzbevölkerung (nichtdeutsch)",NA,NA,NA
"Durchschnittsalter","nichtdeutsch",2015,"15 Trudering - Riem",37.8,561062,14849,NA,NA,NA,"Summe (Alter in Jahren * Hautwohnsitzbevölkerung im jeweiligen Altersjahr) (nichtdeutsch)","Hauptwohnsitzbevölkerung (nichtdeutsch)",NA,NA,NA
"Durchschnittsalter","nichtdeutsch",2015,"16 Ramersdorf - Perlach",39.3,1444425,36798,NA,NA,NA,"Summe (Alter in Jahren * Hautwohnsitzbevölkerung im jeweiligen Altersjahr) (nichtdeutsch)","Hauptwohnsitzbevölkerung (nichtdeutsch)",NA,NA,NA
"Durchschnittsalter","nichtdeutsch",2015,"17 Obergiesing - Fasangarten",38.9,654977,16823,NA,NA,NA,"Summe (Alter in Jahren * Hautwohnsitzbevölkerung im jeweiligen Altersjahr) (nichtdeutsch)","Hauptwohnsitzbevölkerung (nichtdeutsch)",NA,NA,NA
"Durchschnittsalter","nichtdeutsch",2015,"18 Untergiesing - Harlaching",39.2,506754,12929,NA,NA,NA,"Summe (Alter in Jahren * Hautwohnsitzbevölkerung im jeweiligen Altersjahr) (nichtdeutsch)","Hauptwohnsitzbevölkerung (nichtdeutsch)",NA,NA,NA
"Durchschnittsalter","nichtdeutsch",2015,"19 Thalkirchen - Obersendling - Forstenried - Fürstenried - Solln",38.1,894858,23464,NA,NA,NA,"Summe (Alter in Jahren * Hautwohnsitzbevölkerung im jeweiligen Altersjahr) (nichtdeutsch)","Hauptwohnsitzbevölkerung (nichtdeutsch)",NA,NA,NA
"Durchschnittsalter","nichtdeutsch",2015,"20 Hadern",37.8,498846,13198,NA,NA,NA,"Summe (Alter in Jahren * Hautwohnsitzbevölkerung im jeweiligen Altersjahr) (nichtdeutsch)","Hauptwohnsitzbevölkerung (nichtdeutsch)",NA,NA,NA
"Durchschnittsalter","nichtdeutsch",2015,"21 Pasing - Obermenzing",38.6,620086,16077,NA,NA,NA,"Summe (Alter in Jahren * Hautwohnsitzbevölkerung im jeweiligen Altersjahr) (nichtdeutsch)","Hauptwohnsitzbevölkerung (nichtdeutsch)",NA,NA,NA
"Durchschnittsalter","nichtdeutsch",2015,"22 Aubing - Lochhausen - Langwied",37.9,403210,10640,NA,NA,NA,"Summe (Alter in Jahren * Hautwohnsitzbevölkerung im jeweiligen Altersjahr) (nichtdeutsch)","Hauptwohnsitzbevölkerung (nichtdeutsch)",NA,NA,NA
"Durchschnittsalter","nichtdeutsch",2015,"23 Allach - Untermenzing",39.2,261941,6688,NA,NA,NA,"Summe (Alter in Jahren * Hautwohnsitzbevölkerung im jeweiligen Altersjahr) (nichtdeutsch)","Hauptwohnsitzbevölkerung (nichtdeutsch)",NA,NA,NA
"Durchschnittsalter","nichtdeutsch",2015,"24 Feldmoching - Hasenbergl",38.7,755745,19543,NA,NA,NA,"Summe (Alter in Jahren * Hautwohnsitzbevölkerung im jeweiligen Altersjahr) (nichtdeutsch)","Hauptwohnsitzbevölkerung (nichtdeutsch)",NA,NA,NA
"Durchschnittsalter","nichtdeutsch",2015,"25 Laim",39,575784,14759,NA,NA,NA,"Summe (Alter in Jahren * Hautwohnsitzbevölkerung im jeweiligen Altersjahr) (nichtdeutsch)","Hauptwohnsitzbevölkerung (nichtdeutsch)",NA,NA,NA
"Durchschnittsalter","nichtdeutsch",2014,"Stadt München",38.8,15261562,393372,NA,NA,NA,"Summe (Alter in Jahren * Hautwohnsitzbevölkerung im jeweiligen Altersjahr) (nichtdeutsch)","Hauptwohnsitzbevölkerung (nichtdeutsch)",NA,NA,NA
"Durchschnittsalter","nichtdeutsch",2014,"01 Altstadt - Lehel",40.5,217435,5371,NA,NA,NA,"Summe (Alter in Jahren * Hautwohnsitzbevölkerung im jeweiligen Altersjahr) (nichtdeutsch)","Hauptwohnsitzbevölkerung (nichtdeutsch)",NA,NA,NA
"Durchschnittsalter","nichtdeutsch",2014,"02 Ludwigsvorstadt - Isarvorstadt",39.4,622425,15778,NA,NA,NA,"Summe (Alter in Jahren * Hautwohnsitzbevölkerung im jeweiligen Altersjahr) (nichtdeutsch)","Hauptwohnsitzbevölkerung (nichtdeutsch)",NA,NA,NA
"Durchschnittsalter","nichtdeutsch",2014,"03 Maxvorstadt",37.6,513973,13671,NA,NA,NA,"Summe (Alter in Jahren * Hautwohnsitzbevölkerung im jeweiligen Altersjahr) (nichtdeutsch)","Hauptwohnsitzbevölkerung (nichtdeutsch)",NA,NA,NA
"Durchschnittsalter","nichtdeutsch",2014,"04 Schwabing - West",39,583379,14959,NA,NA,NA,"Summe (Alter in Jahren * Hautwohnsitzbevölkerung im jeweiligen Altersjahr) (nichtdeutsch)","Hauptwohnsitzbevölkerung (nichtdeutsch)",NA,NA,NA
"Durchschnittsalter","nichtdeutsch",2014,"05 Au - Haidhausen",40.5,576253,14225,NA,NA,NA,"Summe (Alter in Jahren * Hautwohnsitzbevölkerung im jeweiligen Altersjahr) (nichtdeutsch)","Hauptwohnsitzbevölkerung (nichtdeutsch)",NA,NA,NA
"Durchschnittsalter","nichtdeutsch",2014,"06 Sendling",40,432793,10810,NA,NA,NA,"Summe (Alter in Jahren * Hautwohnsitzbevölkerung im jeweiligen Altersjahr) (nichtdeutsch)","Hauptwohnsitzbevölkerung (nichtdeutsch)",NA,NA,NA
"Durchschnittsalter","nichtdeutsch",2014,"07 Sendling - Westpark",39.1,600319,15354,NA,NA,NA,"Summe (Alter in Jahren * Hautwohnsitzbevölkerung im jeweiligen Altersjahr) (nichtdeutsch)","Hauptwohnsitzbevölkerung (nichtdeutsch)",NA,NA,NA
"Durchschnittsalter","nichtdeutsch",2014,"08 Schwanthalerhöhe",41.2,421862,10230,NA,NA,NA,"Summe (Alter in Jahren * Hautwohnsitzbevölkerung im jeweiligen Altersjahr) (nichtdeutsch)","Hauptwohnsitzbevölkerung (nichtdeutsch)",NA,NA,NA
"Durchschnittsalter","nichtdeutsch",2014,"09 Neuhausen - Nymphenburg",39.2,914410,23309,NA,NA,NA,"Summe (Alter in Jahren * Hautwohnsitzbevölkerung im jeweiligen Altersjahr) (nichtdeutsch)","Hauptwohnsitzbevölkerung (nichtdeutsch)",NA,NA,NA
"Durchschnittsalter","nichtdeutsch",2014,"10 Moosach",39,608751,15606,NA,NA,NA,"Summe (Alter in Jahren * Hautwohnsitzbevölkerung im jeweiligen Altersjahr) (nichtdeutsch)","Hauptwohnsitzbevölkerung (nichtdeutsch)",NA,NA,NA
"Durchschnittsalter","nichtdeutsch",2014,"11 Milbertshofen - Am Hart",37.8,1106610,29253,NA,NA,NA,"Summe (Alter in Jahren * Hautwohnsitzbevölkerung im jeweiligen Altersjahr) (nichtdeutsch)","Hauptwohnsitzbevölkerung (nichtdeutsch)",NA,NA,NA
"Durchschnittsalter","nichtdeutsch",2014,"12 Schwabing - Freimann",35.7,699504,19608,NA,NA,NA,"Summe (Alter in Jahren * Hautwohnsitzbevölkerung im jeweiligen Altersjahr) (nichtdeutsch)","Hauptwohnsitzbevölkerung (nichtdeutsch)",NA,NA,NA
"Durchschnittsalter","nichtdeutsch",2014,"13 Bogenhausen",39.4,719874,18286,NA,NA,NA,"Summe (Alter in Jahren * Hautwohnsitzbevölkerung im jeweiligen Altersjahr) (nichtdeutsch)","Hauptwohnsitzbevölkerung (nichtdeutsch)",NA,NA,NA
"Durchschnittsalter","nichtdeutsch",2014,"14 Berg am Laim",38.8,509724,13141,NA,NA,NA,"Summe (Alter in Jahren * Hautwohnsitzbevölkerung im jeweiligen Altersjahr) (nichtdeutsch)","Hauptwohnsitzbevölkerung (nichtdeutsch)",NA,NA,NA
"Durchschnittsalter","nichtdeutsch",2014,"15 Trudering - Riem",37.7,517640,13747,NA,NA,NA,"Summe (Alter in Jahren * Hautwohnsitzbevölkerung im jeweiligen Altersjahr) (nichtdeutsch)","Hauptwohnsitzbevölkerung (nichtdeutsch)",NA,NA,NA
"Durchschnittsalter","nichtdeutsch",2014,"16 Ramersdorf - Perlach",39.3,1364675,34699,NA,NA,NA,"Summe (Alter in Jahren * Hautwohnsitzbevölkerung im jeweiligen Altersjahr) (nichtdeutsch)","Hauptwohnsitzbevölkerung (nichtdeutsch)",NA,NA,NA
"Durchschnittsalter","nichtdeutsch",2014,"17 Obergiesing - Fasangarten",38.9,617359,15858,NA,NA,NA,"Summe (Alter in Jahren * Hautwohnsitzbevölkerung im jeweiligen Altersjahr) (nichtdeutsch)","Hauptwohnsitzbevölkerung (nichtdeutsch)",NA,NA,NA
"Durchschnittsalter","nichtdeutsch",2014,"18 Untergiesing - Harlaching",39.6,469376,11839,NA,NA,NA,"Summe (Alter in Jahren * Hautwohnsitzbevölkerung im jeweiligen Altersjahr) (nichtdeutsch)","Hauptwohnsitzbevölkerung (nichtdeutsch)",NA,NA,NA
"Durchschnittsalter","nichtdeutsch",2014,"19 Thalkirchen - Obersendling - Forstenried - Fürstenried - Solln",38.6,839997,21777,NA,NA,NA,"Summe (Alter in Jahren * Hautwohnsitzbevölkerung im jeweiligen Altersjahr) (nichtdeutsch)","Hauptwohnsitzbevölkerung (nichtdeutsch)",NA,NA,NA
"Durchschnittsalter","nichtdeutsch",2014,"20 Hadern",37.7,474422,12587,NA,NA,NA,"Summe (Alter in Jahren * Hautwohnsitzbevölkerung im jeweiligen Altersjahr) (nichtdeutsch)","Hauptwohnsitzbevölkerung (nichtdeutsch)",NA,NA,NA
"Durchschnittsalter","nichtdeutsch",2014,"21 Pasing - Obermenzing",38.7,571265,14754,NA,NA,NA,"Summe (Alter in Jahren * Hautwohnsitzbevölkerung im jeweiligen Altersjahr) (nichtdeutsch)","Hauptwohnsitzbevölkerung (nichtdeutsch)",NA,NA,NA
"Durchschnittsalter","nichtdeutsch",2014,"22 Aubing - Lochhausen - Langwied",37.9,378658,9996,NA,NA,NA,"Summe (Alter in Jahren * Hautwohnsitzbevölkerung im jeweiligen Altersjahr) (nichtdeutsch)","Hauptwohnsitzbevölkerung (nichtdeutsch)",NA,NA,NA
"Durchschnittsalter","nichtdeutsch",2014,"23 Allach - Untermenzing",39.7,242518,6116,NA,NA,NA,"Summe (Alter in Jahren * Hautwohnsitzbevölkerung im jeweiligen Altersjahr) (nichtdeutsch)","Hauptwohnsitzbevölkerung (nichtdeutsch)",NA,NA,NA
"Durchschnittsalter","nichtdeutsch",2014,"24 Feldmoching - Hasenbergl",38.7,709758,18347,NA,NA,NA,"Summe (Alter in Jahren * Hautwohnsitzbevölkerung im jeweiligen Altersjahr) (nichtdeutsch)","Hauptwohnsitzbevölkerung (nichtdeutsch)",NA,NA,NA
"Durchschnittsalter","nichtdeutsch",2014,"25 Laim",39,548508,14049,NA,NA,NA,"Summe (Alter in Jahren * Hautwohnsitzbevölkerung im jeweiligen Altersjahr) (nichtdeutsch)","Hauptwohnsitzbevölkerung (nichtdeutsch)",NA,NA,NA
"Durchschnittsalter","nichtdeutsch",2013,"Stadt München",38.7,14425365,372801,NA,NA,NA,"Summe (Alter in Jahren * Hautwohnsitzbevölkerung im jeweiligen Altersjahr) (nichtdeutsch)","Hauptwohnsitzbevölkerung (nichtdeutsch)",NA,NA,NA
"Durchschnittsalter","nichtdeutsch",2013,"01 Altstadt - Lehel",40.3,203601,5053,NA,NA,NA,"Summe (Alter in Jahren * Hautwohnsitzbevölkerung im jeweiligen Altersjahr) (nichtdeutsch)","Hauptwohnsitzbevölkerung (nichtdeutsch)",NA,NA,NA
"Durchschnittsalter","nichtdeutsch",2013,"02 Ludwigsvorstadt - Isarvorstadt",39.6,567618,14346,NA,NA,NA,"Summe (Alter in Jahren * Hautwohnsitzbevölkerung im jeweiligen Altersjahr) (nichtdeutsch)","Hauptwohnsitzbevölkerung (nichtdeutsch)",NA,NA,NA
"Durchschnittsalter","nichtdeutsch",2013,"03 Maxvorstadt",37.6,483795,12878,NA,NA,NA,"Summe (Alter in Jahren * Hautwohnsitzbevölkerung im jeweiligen Altersjahr) (nichtdeutsch)","Hauptwohnsitzbevölkerung (nichtdeutsch)",NA,NA,NA
"Durchschnittsalter","nichtdeutsch",2013,"04 Schwabing - West",39.1,551928,14115,NA,NA,NA,"Summe (Alter in Jahren * Hautwohnsitzbevölkerung im jeweiligen Altersjahr) (nichtdeutsch)","Hauptwohnsitzbevölkerung (nichtdeutsch)",NA,NA,NA
"Durchschnittsalter","nichtdeutsch",2013,"05 Au - Haidhausen",40.3,548958,13629,NA,NA,NA,"Summe (Alter in Jahren * Hautwohnsitzbevölkerung im jeweiligen Altersjahr) (nichtdeutsch)","Hauptwohnsitzbevölkerung (nichtdeutsch)",NA,NA,NA
"Durchschnittsalter","nichtdeutsch",2013,"06 Sendling",39.8,413518,10386,NA,NA,NA,"Summe (Alter in Jahren * Hautwohnsitzbevölkerung im jeweiligen Altersjahr) (nichtdeutsch)","Hauptwohnsitzbevölkerung (nichtdeutsch)",NA,NA,NA
"Durchschnittsalter","nichtdeutsch",2013,"07 Sendling - Westpark",39.3,567304,14445,NA,NA,NA,"Summe (Alter in Jahren * Hautwohnsitzbevölkerung im jeweiligen Altersjahr) (nichtdeutsch)","Hauptwohnsitzbevölkerung (nichtdeutsch)",NA,NA,NA
"Durchschnittsalter","nichtdeutsch",2013,"08 Schwanthalerhöhe",41.1,409778,9974,NA,NA,NA,"Summe (Alter in Jahren * Hautwohnsitzbevölkerung im jeweiligen Altersjahr) (nichtdeutsch)","Hauptwohnsitzbevölkerung (nichtdeutsch)",NA,NA,NA
"Durchschnittsalter","nichtdeutsch",2013,"09 Neuhausen - Nymphenburg",39.2,865917,22083,NA,NA,NA,"Summe (Alter in Jahren * Hautwohnsitzbevölkerung im jeweiligen Altersjahr) (nichtdeutsch)","Hauptwohnsitzbevölkerung (nichtdeutsch)",NA,NA,NA
"Durchschnittsalter","nichtdeutsch",2013,"10 Moosach",39,576763,14805,NA,NA,NA,"Summe (Alter in Jahren * Hautwohnsitzbevölkerung im jeweiligen Altersjahr) (nichtdeutsch)","Hauptwohnsitzbevölkerung (nichtdeutsch)",NA,NA,NA
"Durchschnittsalter","nichtdeutsch",2013,"11 Milbertshofen - Am Hart",37.6,1060770,28243,NA,NA,NA,"Summe (Alter in Jahren * Hautwohnsitzbevölkerung im jeweiligen Altersjahr) (nichtdeutsch)","Hauptwohnsitzbevölkerung (nichtdeutsch)",NA,NA,NA
"Durchschnittsalter","nichtdeutsch",2013,"12 Schwabing - Freimann",36.2,640831,17687,NA,NA,NA,"Summe (Alter in Jahren * Hautwohnsitzbevölkerung im jeweiligen Altersjahr) (nichtdeutsch)","Hauptwohnsitzbevölkerung (nichtdeutsch)",NA,NA,NA
"Durchschnittsalter","nichtdeutsch",2013,"13 Bogenhausen",39.5,675781,17126,NA,NA,NA,"Summe (Alter in Jahren * Hautwohnsitzbevölkerung im jeweiligen Altersjahr) (nichtdeutsch)","Hauptwohnsitzbevölkerung (nichtdeutsch)",NA,NA,NA
"Durchschnittsalter","nichtdeutsch",2013,"14 Berg am Laim",38.6,480354,12433,NA,NA,NA,"Summe (Alter in Jahren * Hautwohnsitzbevölkerung im jeweiligen Altersjahr) (nichtdeutsch)","Hauptwohnsitzbevölkerung (nichtdeutsch)",NA,NA,NA
"Durchschnittsalter","nichtdeutsch",2013,"15 Trudering - Riem",37.2,484708,13023,NA,NA,NA,"Summe (Alter in Jahren * Hautwohnsitzbevölkerung im jeweiligen Altersjahr) (nichtdeutsch)","Hauptwohnsitzbevölkerung (nichtdeutsch)",NA,NA,NA
"Durchschnittsalter","nichtdeutsch",2013,"16 Ramersdorf - Perlach",39.3,1294362,32946,NA,NA,NA,"Summe (Alter in Jahren * Hautwohnsitzbevölkerung im jeweiligen Altersjahr) (nichtdeutsch)","Hauptwohnsitzbevölkerung (nichtdeutsch)",NA,NA,NA
"Durchschnittsalter","nichtdeutsch",2013,"17 Obergiesing - Fasangarten",38.9,585273,15047,NA,NA,NA,"Summe (Alter in Jahren * Hautwohnsitzbevölkerung im jeweiligen Altersjahr) (nichtdeutsch)","Hauptwohnsitzbevölkerung (nichtdeutsch)",NA,NA,NA
"Durchschnittsalter","nichtdeutsch",2013,"18 Untergiesing - Harlaching",39.8,453546,11400,NA,NA,NA,"Summe (Alter in Jahren * Hautwohnsitzbevölkerung im jeweiligen Altersjahr) (nichtdeutsch)","Hauptwohnsitzbevölkerung (nichtdeutsch)",NA,NA,NA
"Durchschnittsalter","nichtdeutsch",2013,"19 Thalkirchen - Obersendling - Forstenried - Fürstenried - Solln",37.6,813699,21642,NA,NA,NA,"Summe (Alter in Jahren * Hautwohnsitzbevölkerung im jeweiligen Altersjahr) (nichtdeutsch)","Hauptwohnsitzbevölkerung (nichtdeutsch)",NA,NA,NA
"Durchschnittsalter","nichtdeutsch",2013,"20 Hadern",37.6,441002,11715,NA,NA,NA,"Summe (Alter in Jahren * Hautwohnsitzbevölkerung im jeweiligen Altersjahr) (nichtdeutsch)","Hauptwohnsitzbevölkerung (nichtdeutsch)",NA,NA,NA
"Durchschnittsalter","nichtdeutsch",2013,"21 Pasing - Obermenzing",38.6,534139,13822,NA,NA,NA,"Summe (Alter in Jahren * Hautwohnsitzbevölkerung im jeweiligen Altersjahr) (nichtdeutsch)","Hauptwohnsitzbevölkerung (nichtdeutsch)",NA,NA,NA
"Durchschnittsalter","nichtdeutsch",2013,"22 Aubing - Lochhausen - Langwied",37.4,353086,9435,NA,NA,NA,"Summe (Alter in Jahren * Hautwohnsitzbevölkerung im jeweiligen Altersjahr) (nichtdeutsch)","Hauptwohnsitzbevölkerung (nichtdeutsch)",NA,NA,NA
"Durchschnittsalter","nichtdeutsch",2013,"23 Allach - Untermenzing",39.6,223606,5653,NA,NA,NA,"Summe (Alter in Jahren * Hautwohnsitzbevölkerung im jeweiligen Altersjahr) (nichtdeutsch)","Hauptwohnsitzbevölkerung (nichtdeutsch)",NA,NA,NA
"Durchschnittsalter","nichtdeutsch",2013,"24 Feldmoching - Hasenbergl",38.5,673734,17522,NA,NA,NA,"Summe (Alter in Jahren * Hautwohnsitzbevölkerung im jeweiligen Altersjahr) (nichtdeutsch)","Hauptwohnsitzbevölkerung (nichtdeutsch)",NA,NA,NA
"Durchschnittsalter","nichtdeutsch",2013,"25 Laim",38.9,521259,13392,NA,NA,NA,"Summe (Alter in Jahren * Hautwohnsitzbevölkerung im jeweiligen Altersjahr) (nichtdeutsch)","Hauptwohnsitzbevölkerung (nichtdeutsch)",NA,NA,NA
"Durchschnittsalter","nichtdeutsch",2012,"Stadt München",38.7,13675603,353816,NA,NA,NA,"Summe (Alter in Jahren * Hautwohnsitzbevölkerung im jeweiligen Altersjahr) (nichtdeutsch)","Hauptwohnsitzbevölkerung (nichtdeutsch)",NA,NA,NA
"Durchschnittsalter","nichtdeutsch",2012,"01 Altstadt - Lehel",40.6,191769,4729,NA,NA,NA,"Summe (Alter in Jahren * Hautwohnsitzbevölkerung im jeweiligen Altersjahr) (nichtdeutsch)","Hauptwohnsitzbevölkerung (nichtdeutsch)",NA,NA,NA
"Durchschnittsalter","nichtdeutsch",2012,"02 Ludwigsvorstadt - Isarvorstadt",39.8,541245,13604,NA,NA,NA,"Summe (Alter in Jahren * Hautwohnsitzbevölkerung im jeweiligen Altersjahr) (nichtdeutsch)","Hauptwohnsitzbevölkerung (nichtdeutsch)",NA,NA,NA
"Durchschnittsalter","nichtdeutsch",2012,"03 Maxvorstadt",37.6,459901,12225,NA,NA,NA,"Summe (Alter in Jahren * Hautwohnsitzbevölkerung im jeweiligen Altersjahr) (nichtdeutsch)","Hauptwohnsitzbevölkerung (nichtdeutsch)",NA,NA,NA
"Durchschnittsalter","nichtdeutsch",2012,"04 Schwabing - West",39.3,528938,13464,NA,NA,NA,"Summe (Alter in Jahren * Hautwohnsitzbevölkerung im jeweiligen Altersjahr) (nichtdeutsch)","Hauptwohnsitzbevölkerung (nichtdeutsch)",NA,NA,NA
"Durchschnittsalter","nichtdeutsch",2012,"05 Au - Haidhausen",40.3,525296,13049,NA,NA,NA,"Summe (Alter in Jahren * Hautwohnsitzbevölkerung im jeweiligen Altersjahr) (nichtdeutsch)","Hauptwohnsitzbevölkerung (nichtdeutsch)",NA,NA,NA
"Durchschnittsalter","nichtdeutsch",2012,"06 Sendling",39.6,399965,10088,NA,NA,NA,"Summe (Alter in Jahren * Hautwohnsitzbevölkerung im jeweiligen Altersjahr) (nichtdeutsch)","Hauptwohnsitzbevölkerung (nichtdeutsch)",NA,NA,NA
"Durchschnittsalter","nichtdeutsch",2012,"07 Sendling - Westpark",39.1,541088,13829,NA,NA,NA,"Summe (Alter in Jahren * Hautwohnsitzbevölkerung im jeweiligen Altersjahr) (nichtdeutsch)","Hauptwohnsitzbevölkerung (nichtdeutsch)",NA,NA,NA
"Durchschnittsalter","nichtdeutsch",2012,"08 Schwanthalerhöhe",41,402666,9814,NA,NA,NA,"Summe (Alter in Jahren * Hautwohnsitzbevölkerung im jeweiligen Altersjahr) (nichtdeutsch)","Hauptwohnsitzbevölkerung (nichtdeutsch)",NA,NA,NA
"Durchschnittsalter","nichtdeutsch",2012,"09 Neuhausen - Nymphenburg",39.1,826349,21126,NA,NA,NA,"Summe (Alter in Jahren * Hautwohnsitzbevölkerung im jeweiligen Altersjahr) (nichtdeutsch)","Hauptwohnsitzbevölkerung (nichtdeutsch)",NA,NA,NA
"Durchschnittsalter","nichtdeutsch",2012,"10 Moosach",38.7,543887,14038,NA,NA,NA,"Summe (Alter in Jahren * Hautwohnsitzbevölkerung im jeweiligen Altersjahr) (nichtdeutsch)","Hauptwohnsitzbevölkerung (nichtdeutsch)",NA,NA,NA
"Durchschnittsalter","nichtdeutsch",2012,"11 Milbertshofen - Am Hart",37.2,1012398,27197,NA,NA,NA,"Summe (Alter in Jahren * Hautwohnsitzbevölkerung im jeweiligen Altersjahr) (nichtdeutsch)","Hauptwohnsitzbevölkerung (nichtdeutsch)",NA,NA,NA
"Durchschnittsalter","nichtdeutsch",2012,"12 Schwabing - Freimann",36.4,604902,16605,NA,NA,NA,"Summe (Alter in Jahren * Hautwohnsitzbevölkerung im jeweiligen Altersjahr) (nichtdeutsch)","Hauptwohnsitzbevölkerung (nichtdeutsch)",NA,NA,NA
"Durchschnittsalter","nichtdeutsch",2012,"13 Bogenhausen",39.5,637840,16166,NA,NA,NA,"Summe (Alter in Jahren * Hautwohnsitzbevölkerung im jeweiligen Altersjahr) (nichtdeutsch)","Hauptwohnsitzbevölkerung (nichtdeutsch)",NA,NA,NA
"Durchschnittsalter","nichtdeutsch",2012,"14 Berg am Laim",38.2,456458,11936,NA,NA,NA,"Summe (Alter in Jahren * Hautwohnsitzbevölkerung im jeweiligen Altersjahr) (nichtdeutsch)","Hauptwohnsitzbevölkerung (nichtdeutsch)",NA,NA,NA
"Durchschnittsalter","nichtdeutsch",2012,"15 Trudering - Riem",36.7,458016,12466,NA,NA,NA,"Summe (Alter in Jahren * Hautwohnsitzbevölkerung im jeweiligen Altersjahr) (nichtdeutsch)","Hauptwohnsitzbevölkerung (nichtdeutsch)",NA,NA,NA
"Durchschnittsalter","nichtdeutsch",2012,"16 Ramersdorf - Perlach",39.1,1241372,31778,NA,NA,NA,"Summe (Alter in Jahren * Hautwohnsitzbevölkerung im jeweiligen Altersjahr) (nichtdeutsch)","Hauptwohnsitzbevölkerung (nichtdeutsch)",NA,NA,NA
"Durchschnittsalter","nichtdeutsch",2012,"17 Obergiesing - Fasangarten",38.9,580079,14927,NA,NA,NA,"Summe (Alter in Jahren * Hautwohnsitzbevölkerung im jeweiligen Altersjahr) (nichtdeutsch)","Hauptwohnsitzbevölkerung (nichtdeutsch)",NA,NA,NA
"Durchschnittsalter","nichtdeutsch",2012,"18 Untergiesing - Harlaching",39.9,424673,10649,NA,NA,NA,"Summe (Alter in Jahren * Hautwohnsitzbevölkerung im jeweiligen Altersjahr) (nichtdeutsch)","Hauptwohnsitzbevölkerung (nichtdeutsch)",NA,NA,NA
"Durchschnittsalter","nichtdeutsch",2012,"19 Thalkirchen - Obersendling - Forstenried - Fürstenried - Solln",38.6,728864,18895,NA,NA,NA,"Summe (Alter in Jahren * Hautwohnsitzbevölkerung im jeweiligen Altersjahr) (nichtdeutsch)","Hauptwohnsitzbevölkerung (nichtdeutsch)",NA,NA,NA
"Durchschnittsalter","nichtdeutsch",2012,"20 Hadern",37.5,409204,10914,NA,NA,NA,"Summe (Alter in Jahren * Hautwohnsitzbevölkerung im jeweiligen Altersjahr) (nichtdeutsch)","Hauptwohnsitzbevölkerung (nichtdeutsch)",NA,NA,NA
"Durchschnittsalter","nichtdeutsch",2012,"21 Pasing - Obermenzing",38.7,497949,12882,NA,NA,NA,"Summe (Alter in Jahren * Hautwohnsitzbevölkerung im jeweiligen Altersjahr) (nichtdeutsch)","Hauptwohnsitzbevölkerung (nichtdeutsch)",NA,NA,NA
"Durchschnittsalter","nichtdeutsch",2012,"22 Aubing - Lochhausen - Langwied",37.1,326751,8806,NA,NA,NA,"Summe (Alter in Jahren * Hautwohnsitzbevölkerung im jeweiligen Altersjahr) (nichtdeutsch)","Hauptwohnsitzbevölkerung (nichtdeutsch)",NA,NA,NA
"Durchschnittsalter","nichtdeutsch",2012,"23 Allach - Untermenzing",39.3,212199,5396,NA,NA,NA,"Summe (Alter in Jahren * Hautwohnsitzbevölkerung im jeweiligen Altersjahr) (nichtdeutsch)","Hauptwohnsitzbevölkerung (nichtdeutsch)",NA,NA,NA
"Durchschnittsalter","nichtdeutsch",2012,"24 Feldmoching - Hasenbergl",38.1,631405,16556,NA,NA,NA,"Summe (Alter in Jahren * Hautwohnsitzbevölkerung im jeweiligen Altersjahr) (nichtdeutsch)","Hauptwohnsitzbevölkerung (nichtdeutsch)",NA,NA,NA
"Durchschnittsalter","nichtdeutsch",2012,"25 Laim",38.8,492306,12675,NA,NA,NA,"Summe (Alter in Jahren * Hautwohnsitzbevölkerung im jeweiligen Altersjahr) (nichtdeutsch)","Hauptwohnsitzbevölkerung (nichtdeutsch)",NA,NA,NA
"Durchschnittsalter","nichtdeutsch",2011,"Stadt München",38.6,12916263,334735,NA,NA,NA,"Summe (Alter in Jahren * Hautwohnsitzbevölkerung im jeweiligen Altersjahr) (nichtdeutsch)","Hauptwohnsitzbevölkerung (nichtdeutsch)",NA,NA,NA
"Durchschnittsalter","nichtdeutsch",2011,"01 Altstadt - Lehel",40.9,177998,4356,NA,NA,NA,"Summe (Alter in Jahren * Hautwohnsitzbevölkerung im jeweiligen Altersjahr) (nichtdeutsch)","Hauptwohnsitzbevölkerung (nichtdeutsch)",NA,NA,NA
"Durchschnittsalter","nichtdeutsch",2011,"02 Ludwigsvorstadt - Isarvorstadt",40,505142,12614,NA,NA,NA,"Summe (Alter in Jahren * Hautwohnsitzbevölkerung im jeweiligen Altersjahr) (nichtdeutsch)","Hauptwohnsitzbevölkerung (nichtdeutsch)",NA,NA,NA
"Durchschnittsalter","nichtdeutsch",2011,"03 Maxvorstadt",37.9,430176,11356,NA,NA,NA,"Summe (Alter in Jahren * Hautwohnsitzbevölkerung im jeweiligen Altersjahr) (nichtdeutsch)","Hauptwohnsitzbevölkerung (nichtdeutsch)",NA,NA,NA
"Durchschnittsalter","nichtdeutsch",2011,"04 Schwabing - West",39.4,506960,12882,NA,NA,NA,"Summe (Alter in Jahren * Hautwohnsitzbevölkerung im jeweiligen Altersjahr) (nichtdeutsch)","Hauptwohnsitzbevölkerung (nichtdeutsch)",NA,NA,NA
"Durchschnittsalter","nichtdeutsch",2011,"05 Au - Haidhausen",40.3,501201,12423,NA,NA,NA,"Summe (Alter in Jahren * Hautwohnsitzbevölkerung im jeweiligen Altersjahr) (nichtdeutsch)","Hauptwohnsitzbevölkerung (nichtdeutsch)",NA,NA,NA
"Durchschnittsalter","nichtdeutsch",2011,"06 Sendling",39.7,384205,9678,NA,NA,NA,"Summe (Alter in Jahren * Hautwohnsitzbevölkerung im jeweiligen Altersjahr) (nichtdeutsch)","Hauptwohnsitzbevölkerung (nichtdeutsch)",NA,NA,NA
"Durchschnittsalter","nichtdeutsch",2011,"07 Sendling - Westpark",39,503557,12907,NA,NA,NA,"Summe (Alter in Jahren * Hautwohnsitzbevölkerung im jeweiligen Altersjahr) (nichtdeutsch)","Hauptwohnsitzbevölkerung (nichtdeutsch)",NA,NA,NA
"Durchschnittsalter","nichtdeutsch",2011,"08 Schwanthalerhöhe",41,393422,9603,NA,NA,NA,"Summe (Alter in Jahren * Hautwohnsitzbevölkerung im jeweiligen Altersjahr) (nichtdeutsch)","Hauptwohnsitzbevölkerung (nichtdeutsch)",NA,NA,NA
"Durchschnittsalter","nichtdeutsch",2011,"09 Neuhausen - Nymphenburg",39.1,776613,19848,NA,NA,NA,"Summe (Alter in Jahren * Hautwohnsitzbevölkerung im jeweiligen Altersjahr) (nichtdeutsch)","Hauptwohnsitzbevölkerung (nichtdeutsch)",NA,NA,NA
"Durchschnittsalter","nichtdeutsch",2011,"10 Moosach",38.5,516712,13418,NA,NA,NA,"Summe (Alter in Jahren * Hautwohnsitzbevölkerung im jeweiligen Altersjahr) (nichtdeutsch)","Hauptwohnsitzbevölkerung (nichtdeutsch)",NA,NA,NA
"Durchschnittsalter","nichtdeutsch",2011,"11 Milbertshofen - Am Hart",37.2,948766,25517,NA,NA,NA,"Summe (Alter in Jahren * Hautwohnsitzbevölkerung im jeweiligen Altersjahr) (nichtdeutsch)","Hauptwohnsitzbevölkerung (nichtdeutsch)",NA,NA,NA
"Durchschnittsalter","nichtdeutsch",2011,"12 Schwabing - Freimann",36.4,565518,15521,NA,NA,NA,"Summe (Alter in Jahren * Hautwohnsitzbevölkerung im jeweiligen Altersjahr) (nichtdeutsch)","Hauptwohnsitzbevölkerung (nichtdeutsch)",NA,NA,NA
"Durchschnittsalter","nichtdeutsch",2011,"13 Bogenhausen",39.6,591110,14913,NA,NA,NA,"Summe (Alter in Jahren * Hautwohnsitzbevölkerung im jeweiligen Altersjahr) (nichtdeutsch)","Hauptwohnsitzbevölkerung (nichtdeutsch)",NA,NA,NA
"Durchschnittsalter","nichtdeutsch",2011,"14 Berg am Laim",38.1,432354,11358,NA,NA,NA,"Summe (Alter in Jahren * Hautwohnsitzbevölkerung im jeweiligen Altersjahr) (nichtdeutsch)","Hauptwohnsitzbevölkerung (nichtdeutsch)",NA,NA,NA
"Durchschnittsalter","nichtdeutsch",2011,"15 Trudering - Riem",36.4,443325,12173,NA,NA,NA,"Summe (Alter in Jahren * Hautwohnsitzbevölkerung im jeweiligen Altersjahr) (nichtdeutsch)","Hauptwohnsitzbevölkerung (nichtdeutsch)",NA,NA,NA
"Durchschnittsalter","nichtdeutsch",2011,"16 Ramersdorf - Perlach",38.7,1180929,30494,NA,NA,NA,"Summe (Alter in Jahren * Hautwohnsitzbevölkerung im jeweiligen Altersjahr) (nichtdeutsch)","Hauptwohnsitzbevölkerung (nichtdeutsch)",NA,NA,NA
"Durchschnittsalter","nichtdeutsch",2011,"17 Obergiesing - Fasangarten",38.5,558486,14509,NA,NA,NA,"Summe (Alter in Jahren * Hautwohnsitzbevölkerung im jeweiligen Altersjahr) (nichtdeutsch)","Hauptwohnsitzbevölkerung (nichtdeutsch)",NA,NA,NA
"Durchschnittsalter","nichtdeutsch",2011,"18 Untergiesing - Harlaching",39.8,404789,10179,NA,NA,NA,"Summe (Alter in Jahren * Hautwohnsitzbevölkerung im jeweiligen Altersjahr) (nichtdeutsch)","Hauptwohnsitzbevölkerung (nichtdeutsch)",NA,NA,NA
"Durchschnittsalter","nichtdeutsch",2011,"19 Thalkirchen - Obersendling - Forstenried - Fürstenried - Solln",38.4,684643,17844,NA,NA,NA,"Summe (Alter in Jahren * Hautwohnsitzbevölkerung im jeweiligen Altersjahr) (nichtdeutsch)","Hauptwohnsitzbevölkerung (nichtdeutsch)",NA,NA,NA
"Durchschnittsalter","nichtdeutsch",2011,"20 Hadern",37.4,389504,10419,NA,NA,NA,"Summe (Alter in Jahren * Hautwohnsitzbevölkerung im jeweiligen Altersjahr) (nichtdeutsch)","Hauptwohnsitzbevölkerung (nichtdeutsch)",NA,NA,NA
"Durchschnittsalter","nichtdeutsch",2011,"21 Pasing - Obermenzing",38.7,465406,12014,NA,NA,NA,"Summe (Alter in Jahren * Hautwohnsitzbevölkerung im jeweiligen Altersjahr) (nichtdeutsch)","Hauptwohnsitzbevölkerung (nichtdeutsch)",NA,NA,NA
"Durchschnittsalter","nichtdeutsch",2011,"22 Aubing - Lochhausen - Langwied",36.6,295651,8078,NA,NA,NA,"Summe (Alter in Jahren * Hautwohnsitzbevölkerung im jeweiligen Altersjahr) (nichtdeutsch)","Hauptwohnsitzbevölkerung (nichtdeutsch)",NA,NA,NA
"Durchschnittsalter","nichtdeutsch",2011,"23 Allach - Untermenzing",39.7,195669,4933,NA,NA,NA,"Summe (Alter in Jahren * Hautwohnsitzbevölkerung im jeweiligen Altersjahr) (nichtdeutsch)","Hauptwohnsitzbevölkerung (nichtdeutsch)",NA,NA,NA
"Durchschnittsalter","nichtdeutsch",2011,"24 Feldmoching - Hasenbergl",38.1,597854,15689,NA,NA,NA,"Summe (Alter in Jahren * Hautwohnsitzbevölkerung im jeweiligen Altersjahr) (nichtdeutsch)","Hauptwohnsitzbevölkerung (nichtdeutsch)",NA,NA,NA
"Durchschnittsalter","nichtdeutsch",2011,"25 Laim",38.8,466273,12009,NA,NA,NA,"Summe (Alter in Jahren * Hautwohnsitzbevölkerung im jeweiligen Altersjahr) (nichtdeutsch)","Hauptwohnsitzbevölkerung (nichtdeutsch)",NA,NA,NA
"Durchschnittsalter","nichtdeutsch",2010,"Stadt München",38.5,12221602,317454,NA,NA,NA,"Summe (Alter in Jahren * Hautwohnsitzbevölkerung im jeweiligen Altersjahr) (nichtdeutsch)","Hauptwohnsitzbevölkerung (nichtdeutsch)",NA,NA,NA
"Durchschnittsalter","nichtdeutsch",2010,"01 Altstadt - Lehel",41.5,167541,4039,NA,NA,NA,"Summe (Alter in Jahren * Hautwohnsitzbevölkerung im jeweiligen Altersjahr) (nichtdeutsch)","Hauptwohnsitzbevölkerung (nichtdeutsch)",NA,NA,NA
"Durchschnittsalter","nichtdeutsch",2010,"02 Ludwigsvorstadt - Isarvorstadt",39.9,489439,12255,NA,NA,NA,"Summe (Alter in Jahren * Hautwohnsitzbevölkerung im jeweiligen Altersjahr) (nichtdeutsch)","Hauptwohnsitzbevölkerung (nichtdeutsch)",NA,NA,NA
"Durchschnittsalter","nichtdeutsch",2010,"03 Maxvorstadt",37.9,411967,10865,NA,NA,NA,"Summe (Alter in Jahren * Hautwohnsitzbevölkerung im jeweiligen Altersjahr) (nichtdeutsch)","Hauptwohnsitzbevölkerung (nichtdeutsch)",NA,NA,NA
"Durchschnittsalter","nichtdeutsch",2010,"04 Schwabing - West",39.2,489161,12481,NA,NA,NA,"Summe (Alter in Jahren * Hautwohnsitzbevölkerung im jeweiligen Altersjahr) (nichtdeutsch)","Hauptwohnsitzbevölkerung (nichtdeutsch)",NA,NA,NA
"Durchschnittsalter","nichtdeutsch",2010,"05 Au - Haidhausen",40.3,482875,11968,NA,NA,NA,"Summe (Alter in Jahren * Hautwohnsitzbevölkerung im jeweiligen Altersjahr) (nichtdeutsch)","Hauptwohnsitzbevölkerung (nichtdeutsch)",NA,NA,NA
"Durchschnittsalter","nichtdeutsch",2010,"06 Sendling",39.5,369555,9344,NA,NA,NA,"Summe (Alter in Jahren * Hautwohnsitzbevölkerung im jeweiligen Altersjahr) (nichtdeutsch)","Hauptwohnsitzbevölkerung (nichtdeutsch)",NA,NA,NA
"Durchschnittsalter","nichtdeutsch",2010,"07 Sendling - Westpark",39,476338,12220,NA,NA,NA,"Summe (Alter in Jahren * Hautwohnsitzbevölkerung im jeweiligen Altersjahr) (nichtdeutsch)","Hauptwohnsitzbevölkerung (nichtdeutsch)",NA,NA,NA
"Durchschnittsalter","nichtdeutsch",2010,"08 Schwanthalerhöhe",41.1,381254,9286,NA,NA,NA,"Summe (Alter in Jahren * Hautwohnsitzbevölkerung im jeweiligen Altersjahr) (nichtdeutsch)","Hauptwohnsitzbevölkerung (nichtdeutsch)",NA,NA,NA
"Durchschnittsalter","nichtdeutsch",2010,"09 Neuhausen - Nymphenburg",39.4,726985,18464,NA,NA,NA,"Summe (Alter in Jahren * Hautwohnsitzbevölkerung im jeweiligen Altersjahr) (nichtdeutsch)","Hauptwohnsitzbevölkerung (nichtdeutsch)",NA,NA,NA
"Durchschnittsalter","nichtdeutsch",2010,"10 Moosach",38.3,480725,12567,NA,NA,NA,"Summe (Alter in Jahren * Hautwohnsitzbevölkerung im jeweiligen Altersjahr) (nichtdeutsch)","Hauptwohnsitzbevölkerung (nichtdeutsch)",NA,NA,NA
"Durchschnittsalter","nichtdeutsch",2010,"11 Milbertshofen - Am Hart",36.8,897825,24373,NA,NA,NA,"Summe (Alter in Jahren * Hautwohnsitzbevölkerung im jeweiligen Altersjahr) (nichtdeutsch)","Hauptwohnsitzbevölkerung (nichtdeutsch)",NA,NA,NA
"Durchschnittsalter","nichtdeutsch",2010,"12 Schwabing - Freimann",36.3,532118,14672,NA,NA,NA,"Summe (Alter in Jahren * Hautwohnsitzbevölkerung im jeweiligen Altersjahr) (nichtdeutsch)","Hauptwohnsitzbevölkerung (nichtdeutsch)",NA,NA,NA
"Durchschnittsalter","nichtdeutsch",2010,"13 Bogenhausen",39.7,555191,13987,NA,NA,NA,"Summe (Alter in Jahren * Hautwohnsitzbevölkerung im jeweiligen Altersjahr) (nichtdeutsch)","Hauptwohnsitzbevölkerung (nichtdeutsch)",NA,NA,NA
"Durchschnittsalter","nichtdeutsch",2010,"14 Berg am Laim",37.7,413322,10960,NA,NA,NA,"Summe (Alter in Jahren * Hautwohnsitzbevölkerung im jeweiligen Altersjahr) (nichtdeutsch)","Hauptwohnsitzbevölkerung (nichtdeutsch)",NA,NA,NA
"Durchschnittsalter","nichtdeutsch",2010,"15 Trudering - Riem",36.2,401077,11078,NA,NA,NA,"Summe (Alter in Jahren * Hautwohnsitzbevölkerung im jeweiligen Altersjahr) (nichtdeutsch)","Hauptwohnsitzbevölkerung (nichtdeutsch)",NA,NA,NA
"Durchschnittsalter","nichtdeutsch",2010,"16 Ramersdorf - Perlach",38.4,1124939,29308,NA,NA,NA,"Summe (Alter in Jahren * Hautwohnsitzbevölkerung im jeweiligen Altersjahr) (nichtdeutsch)","Hauptwohnsitzbevölkerung (nichtdeutsch)",NA,NA,NA
"Durchschnittsalter","nichtdeutsch",2010,"17 Obergiesing - Fasangarten",38.5,526148,13665,NA,NA,NA,"Summe (Alter in Jahren * Hautwohnsitzbevölkerung im jeweiligen Altersjahr) (nichtdeutsch)","Hauptwohnsitzbevölkerung (nichtdeutsch)",NA,NA,NA
"Durchschnittsalter","nichtdeutsch",2010,"18 Untergiesing - Harlaching",39.8,380794,9574,NA,NA,NA,"Summe (Alter in Jahren * Hautwohnsitzbevölkerung im jeweiligen Altersjahr) (nichtdeutsch)","Hauptwohnsitzbevölkerung (nichtdeutsch)",NA,NA,NA
"Durchschnittsalter","nichtdeutsch",2010,"19 Thalkirchen - Obersendling - Forstenried - Fürstenried - Solln",38.8,638710,16467,NA,NA,NA,"Summe (Alter in Jahren * Hautwohnsitzbevölkerung im jeweiligen Altersjahr) (nichtdeutsch)","Hauptwohnsitzbevölkerung (nichtdeutsch)",NA,NA,NA
"Durchschnittsalter","nichtdeutsch",2010,"20 Hadern",37,372946,10076,NA,NA,NA,"Summe (Alter in Jahren * Hautwohnsitzbevölkerung im jeweiligen Altersjahr) (nichtdeutsch)","Hauptwohnsitzbevölkerung (nichtdeutsch)",NA,NA,NA
"Durchschnittsalter","nichtdeutsch",2010,"21 Pasing - Obermenzing",38.7,433774,11221,NA,NA,NA,"Summe (Alter in Jahren * Hautwohnsitzbevölkerung im jeweiligen Altersjahr) (nichtdeutsch)","Hauptwohnsitzbevölkerung (nichtdeutsch)",NA,NA,NA
"Durchschnittsalter","nichtdeutsch",2010,"22 Aubing - Lochhausen - Langwied",36.6,277492,7574,NA,NA,NA,"Summe (Alter in Jahren * Hautwohnsitzbevölkerung im jeweiligen Altersjahr) (nichtdeutsch)","Hauptwohnsitzbevölkerung (nichtdeutsch)",NA,NA,NA
"Durchschnittsalter","nichtdeutsch",2010,"23 Allach - Untermenzing",39.7,184045,4639,NA,NA,NA,"Summe (Alter in Jahren * Hautwohnsitzbevölkerung im jeweiligen Altersjahr) (nichtdeutsch)","Hauptwohnsitzbevölkerung (nichtdeutsch)",NA,NA,NA
"Durchschnittsalter","nichtdeutsch",2010,"24 Feldmoching - Hasenbergl",37.7,566643,15015,NA,NA,NA,"Summe (Alter in Jahren * Hautwohnsitzbevölkerung im jeweiligen Altersjahr) (nichtdeutsch)","Hauptwohnsitzbevölkerung (nichtdeutsch)",NA,NA,NA
"Durchschnittsalter","nichtdeutsch",2010,"25 Laim",38.8,440738,11356,NA,NA,NA,"Summe (Alter in Jahren * Hautwohnsitzbevölkerung im jeweiligen Altersjahr) (nichtdeutsch)","Hauptwohnsitzbevölkerung (nichtdeutsch)",NA,NA,NA
"Durchschnittsalter","deutsch",2009,"Stadt München",42.4,44780874,1055625,NA,NA,NA,"Summe (Alter in Jahren * Hautwohnsitzbevölkerung im jeweiligen Altersjahr) (deutsch)","Hauptwohnsitzbevölkerung (deutsch)",NA,NA,NA
"Durchschnittsalter","deutsch",2009,"01 Altstadt - Lehel",42.7,641315,15007,NA,NA,NA,"Summe (Alter in Jahren * Hautwohnsitzbevölkerung im jeweiligen Altersjahr) (deutsch)","Hauptwohnsitzbevölkerung (deutsch)",NA,NA,NA
"Durchschnittsalter","deutsch",2009,"02 Ludwigsvorstadt - Isarvorstadt",38.9,1340806,34502,NA,NA,NA,"Summe (Alter in Jahren * Hautwohnsitzbevölkerung im jeweiligen Altersjahr) (deutsch)","Hauptwohnsitzbevölkerung (deutsch)",NA,NA,NA
"Durchschnittsalter","deutsch",2009,"03 Maxvorstadt",38.8,1465574,37731,NA,NA,NA,"Summe (Alter in Jahren * Hautwohnsitzbevölkerung im jeweiligen Altersjahr) (deutsch)","Hauptwohnsitzbevölkerung (deutsch)",NA,NA,NA
"Durchschnittsalter","deutsch",2009,"04 Schwabing - West",42,2091147,49847,NA,NA,NA,"Summe (Alter in Jahren * Hautwohnsitzbevölkerung im jeweiligen Altersjahr) (deutsch)","Hauptwohnsitzbevölkerung (deutsch)",NA,NA,NA
"Durchschnittsalter","deutsch",2009,"05 Au - Haidhausen",40.3,1764995,43825,NA,NA,NA,"Summe (Alter in Jahren * Hautwohnsitzbevölkerung im jeweiligen Altersjahr) (deutsch)","Hauptwohnsitzbevölkerung (deutsch)",NA,NA,NA
"Durchschnittsalter","deutsch",2009,"06 Sendling",40.4,1165695,28862,NA,NA,NA,"Summe (Alter in Jahren * Hautwohnsitzbevölkerung im jeweiligen Altersjahr) (deutsch)","Hauptwohnsitzbevölkerung (deutsch)",NA,NA,NA
"Durchschnittsalter","deutsch",2009,"07 Sendling - Westpark",43.5,1754223,40360,NA,NA,NA,"Summe (Alter in Jahren * Hautwohnsitzbevölkerung im jeweiligen Altersjahr) (deutsch)","Hauptwohnsitzbevölkerung (deutsch)",NA,NA,NA
"Durchschnittsalter","deutsch",2009,"08 Schwanthalerhöhe",37.7,696160,18456,NA,NA,NA,"Summe (Alter in Jahren * Hautwohnsitzbevölkerung im jeweiligen Altersjahr) (deutsch)","Hauptwohnsitzbevölkerung (deutsch)",NA,NA,NA
"Durchschnittsalter","deutsch",2009,"09 Neuhausen - Nymphenburg",42.2,2937877,69699,NA,NA,NA,"Summe (Alter in Jahren * Hautwohnsitzbevölkerung im jeweiligen Altersjahr) (deutsch)","Hauptwohnsitzbevölkerung (deutsch)",NA,NA,NA
"Durchschnittsalter","deutsch",2009,"10 Moosach",42.9,1546168,36013,NA,NA,NA,"Summe (Alter in Jahren * Hautwohnsitzbevölkerung im jeweiligen Altersjahr) (deutsch)","Hauptwohnsitzbevölkerung (deutsch)",NA,NA,NA
"Durchschnittsalter","deutsch",2009,"11 Milbertshofen - Am Hart",40.9,1813372,44340,NA,NA,NA,"Summe (Alter in Jahren * Hautwohnsitzbevölkerung im jeweiligen Altersjahr) (deutsch)","Hauptwohnsitzbevölkerung (deutsch)",NA,NA,NA
"Durchschnittsalter","deutsch",2009,"12 Schwabing - Freimann",41.4,2056212,49707,NA,NA,NA,"Summe (Alter in Jahren * Hautwohnsitzbevölkerung im jeweiligen Altersjahr) (deutsch)","Hauptwohnsitzbevölkerung (deutsch)",NA,NA,NA
"Durchschnittsalter","deutsch",2009,"13 Bogenhausen",43.9,2768447,63056,NA,NA,NA,"Summe (Alter in Jahren * Hautwohnsitzbevölkerung im jeweiligen Altersjahr) (deutsch)","Hauptwohnsitzbevölkerung (deutsch)",NA,NA,NA
"Durchschnittsalter","deutsch",2009,"14 Berg am Laim",43.1,1259959,29208,NA,NA,NA,"Summe (Alter in Jahren * Hautwohnsitzbevölkerung im jeweiligen Altersjahr) (deutsch)","Hauptwohnsitzbevölkerung (deutsch)",NA,NA,NA
"Durchschnittsalter","deutsch",2009,"15 Trudering - Riem",39.6,2001888,50558,NA,NA,NA,"Summe (Alter in Jahren * Hautwohnsitzbevölkerung im jeweiligen Altersjahr) (deutsch)","Hauptwohnsitzbevölkerung (deutsch)",NA,NA,NA
"Durchschnittsalter","deutsch",2009,"16 Ramersdorf - Perlach",43.6,3285944,75392,NA,NA,NA,"Summe (Alter in Jahren * Hautwohnsitzbevölkerung im jeweiligen Altersjahr) (deutsch)","Hauptwohnsitzbevölkerung (deutsch)",NA,NA,NA
"Durchschnittsalter","deutsch",2009,"17 Obergiesing - Fasangarten",41.8,1462355,35018,NA,NA,NA,"Summe (Alter in Jahren * Hautwohnsitzbevölkerung im jeweiligen Altersjahr) (deutsch)","Hauptwohnsitzbevölkerung (deutsch)",NA,NA,NA
"Durchschnittsalter","deutsch",2009,"18 Untergiesing - Harlaching",44.1,1747882,39648,NA,NA,NA,"Summe (Alter in Jahren * Hautwohnsitzbevölkerung im jeweiligen Altersjahr) (deutsch)","Hauptwohnsitzbevölkerung (deutsch)",NA,NA,NA
"Durchschnittsalter","deutsch",2009,"19 Thalkirchen - Obersendling - Forstenried - Fürstenried - Solln",45.5,3040013,66835,NA,NA,NA,"Summe (Alter in Jahren * Hautwohnsitzbevölkerung im jeweiligen Altersjahr) (deutsch)","Hauptwohnsitzbevölkerung (deutsch)",NA,NA,NA
"Durchschnittsalter","deutsch",2009,"20 Hadern",44.4,1622742,36517,NA,NA,NA,"Summe (Alter in Jahren * Hautwohnsitzbevölkerung im jeweiligen Altersjahr) (deutsch)","Hauptwohnsitzbevölkerung (deutsch)",NA,NA,NA
"Durchschnittsalter","deutsch",2009,"21 Pasing - Obermenzing",43,2342566,54487,NA,NA,NA,"Summe (Alter in Jahren * Hautwohnsitzbevölkerung im jeweiligen Altersjahr) (deutsch)","Hauptwohnsitzbevölkerung (deutsch)",NA,NA,NA
"Durchschnittsalter","deutsch",2009,"22 Aubing - Lochhausen - Langwied",44.4,1381912,31111,NA,NA,NA,"Summe (Alter in Jahren * Hautwohnsitzbevölkerung im jeweiligen Altersjahr) (deutsch)","Hauptwohnsitzbevölkerung (deutsch)",NA,NA,NA
"Durchschnittsalter","deutsch",2009,"23 Allach - Untermenzing",43,1043838,24252,NA,NA,NA,"Summe (Alter in Jahren * Hautwohnsitzbevölkerung im jeweiligen Altersjahr) (deutsch)","Hauptwohnsitzbevölkerung (deutsch)",NA,NA,NA
"Durchschnittsalter","deutsch",2009,"24 Feldmoching - Hasenbergl",43.2,1767975,40915,NA,NA,NA,"Summe (Alter in Jahren * Hautwohnsitzbevölkerung im jeweiligen Altersjahr) (deutsch)","Hauptwohnsitzbevölkerung (deutsch)",NA,NA,NA
"Durchschnittsalter","deutsch",2009,"25 Laim",44.2,1781809,40279,NA,NA,NA,"Summe (Alter in Jahren * Hautwohnsitzbevölkerung im jeweiligen Altersjahr) (deutsch)","Hauptwohnsitzbevölkerung (deutsch)",NA,NA,NA
"Durchschnittsalter","deutsch",2008,"Stadt München",42.5,44686281,1051390,NA,NA,NA,"Summe (Alter in Jahren * Hautwohnsitzbevölkerung im jeweiligen Altersjahr) (deutsch)","Hauptwohnsitzbevölkerung (deutsch)",NA,NA,NA
"Durchschnittsalter","deutsch",2008,"01 Altstadt - Lehel",42.8,646463,15119,NA,NA,NA,"Summe (Alter in Jahren * Hautwohnsitzbevölkerung im jeweiligen Altersjahr) (deutsch)","Hauptwohnsitzbevölkerung (deutsch)",NA,NA,NA
"Durchschnittsalter","deutsch",2008,"02 Ludwigsvorstadt - Isarvorstadt",38.9,1344936,34557,NA,NA,NA,"Summe (Alter in Jahren * Hautwohnsitzbevölkerung im jeweiligen Altersjahr) (deutsch)","Hauptwohnsitzbevölkerung (deutsch)",NA,NA,NA
"Durchschnittsalter","deutsch",2008,"03 Maxvorstadt",39,1466896,37580,NA,NA,NA,"Summe (Alter in Jahren * Hautwohnsitzbevölkerung im jeweiligen Altersjahr) (deutsch)","Hauptwohnsitzbevölkerung (deutsch)",NA,NA,NA
"Durchschnittsalter","deutsch",2008,"04 Schwabing - West",42.1,2100653,49906,NA,NA,NA,"Summe (Alter in Jahren * Hautwohnsitzbevölkerung im jeweiligen Altersjahr) (deutsch)","Hauptwohnsitzbevölkerung (deutsch)",NA,NA,NA
"Durchschnittsalter","deutsch",2008,"05 Au - Haidhausen",40.5,1766491,43606,NA,NA,NA,"Summe (Alter in Jahren * Hautwohnsitzbevölkerung im jeweiligen Altersjahr) (deutsch)","Hauptwohnsitzbevölkerung (deutsch)",NA,NA,NA
"Durchschnittsalter","deutsch",2008,"06 Sendling",40.4,1156419,28605,NA,NA,NA,"Summe (Alter in Jahren * Hautwohnsitzbevölkerung im jeweiligen Altersjahr) (deutsch)","Hauptwohnsitzbevölkerung (deutsch)",NA,NA,NA
"Durchschnittsalter","deutsch",2008,"07 Sendling - Westpark",43.6,1755310,40246,NA,NA,NA,"Summe (Alter in Jahren * Hautwohnsitzbevölkerung im jeweiligen Altersjahr) (deutsch)","Hauptwohnsitzbevölkerung (deutsch)",NA,NA,NA
"Durchschnittsalter","deutsch",2008,"08 Schwanthalerhöhe",38,682388,17959,NA,NA,NA,"Summe (Alter in Jahren * Hautwohnsitzbevölkerung im jeweiligen Altersjahr) (deutsch)","Hauptwohnsitzbevölkerung (deutsch)",NA,NA,NA
"Durchschnittsalter","deutsch",2008,"09 Neuhausen - Nymphenburg",42.4,2911770,68607,NA,NA,NA,"Summe (Alter in Jahren * Hautwohnsitzbevölkerung im jeweiligen Altersjahr) (deutsch)","Hauptwohnsitzbevölkerung (deutsch)",NA,NA,NA
"Durchschnittsalter","deutsch",2008,"10 Moosach",42.9,1550028,36099,NA,NA,NA,"Summe (Alter in Jahren * Hautwohnsitzbevölkerung im jeweiligen Altersjahr) (deutsch)","Hauptwohnsitzbevölkerung (deutsch)",NA,NA,NA
"Durchschnittsalter","deutsch",2008,"11 Milbertshofen - Am Hart",41.2,1815352,44093,NA,NA,NA,"Summe (Alter in Jahren * Hautwohnsitzbevölkerung im jeweiligen Altersjahr) (deutsch)","Hauptwohnsitzbevölkerung (deutsch)",NA,NA,NA
"Durchschnittsalter","deutsch",2008,"12 Schwabing - Freimann",41.2,2050731,49769,NA,NA,NA,"Summe (Alter in Jahren * Hautwohnsitzbevölkerung im jeweiligen Altersjahr) (deutsch)","Hauptwohnsitzbevölkerung (deutsch)",NA,NA,NA
"Durchschnittsalter","deutsch",2008,"13 Bogenhausen",43.8,2759391,63015,NA,NA,NA,"Summe (Alter in Jahren * Hautwohnsitzbevölkerung im jeweiligen Altersjahr) (deutsch)","Hauptwohnsitzbevölkerung (deutsch)",NA,NA,NA
"Durchschnittsalter","deutsch",2008,"14 Berg am Laim",43.2,1266534,29292,NA,NA,NA,"Summe (Alter in Jahren * Hautwohnsitzbevölkerung im jeweiligen Altersjahr) (deutsch)","Hauptwohnsitzbevölkerung (deutsch)",NA,NA,NA
"Durchschnittsalter","deutsch",2008,"15 Trudering - Riem",39.7,1953041,49155,NA,NA,NA,"Summe (Alter in Jahren * Hautwohnsitzbevölkerung im jeweiligen Altersjahr) (deutsch)","Hauptwohnsitzbevölkerung (deutsch)",NA,NA,NA
"Durchschnittsalter","deutsch",2008,"16 Ramersdorf - Perlach",43.5,3285161,75487,NA,NA,NA,"Summe (Alter in Jahren * Hautwohnsitzbevölkerung im jeweiligen Altersjahr) (deutsch)","Hauptwohnsitzbevölkerung (deutsch)",NA,NA,NA
"Durchschnittsalter","deutsch",2008,"17 Obergiesing - Fasangarten",42,1465416,34888,NA,NA,NA,"Summe (Alter in Jahren * Hautwohnsitzbevölkerung im jeweiligen Altersjahr) (deutsch)","Hauptwohnsitzbevölkerung (deutsch)",NA,NA,NA
"Durchschnittsalter","deutsch",2008,"18 Untergiesing - Harlaching",44.2,1750568,39626,NA,NA,NA,"Summe (Alter in Jahren * Hautwohnsitzbevölkerung im jeweiligen Altersjahr) (deutsch)","Hauptwohnsitzbevölkerung (deutsch)",NA,NA,NA
"Durchschnittsalter","deutsch",2008,"19 Thalkirchen - Obersendling - Forstenried - Fürstenried - Solln",45.5,3038837,66807,NA,NA,NA,"Summe (Alter in Jahren * Hautwohnsitzbevölkerung im jeweiligen Altersjahr) (deutsch)","Hauptwohnsitzbevölkerung (deutsch)",NA,NA,NA
"Durchschnittsalter","deutsch",2008,"20 Hadern",44.3,1614537,36438,NA,NA,NA,"Summe (Alter in Jahren * Hautwohnsitzbevölkerung im jeweiligen Altersjahr) (deutsch)","Hauptwohnsitzbevölkerung (deutsch)",NA,NA,NA
"Durchschnittsalter","deutsch",2008,"21 Pasing - Obermenzing",42.9,2329759,54265,NA,NA,NA,"Summe (Alter in Jahren * Hautwohnsitzbevölkerung im jeweiligen Altersjahr) (deutsch)","Hauptwohnsitzbevölkerung (deutsch)",NA,NA,NA
"Durchschnittsalter","deutsch",2008,"22 Aubing - Lochhausen - Langwied",44.3,1378968,31114,NA,NA,NA,"Summe (Alter in Jahren * Hautwohnsitzbevölkerung im jeweiligen Altersjahr) (deutsch)","Hauptwohnsitzbevölkerung (deutsch)",NA,NA,NA
"Durchschnittsalter","deutsch",2008,"23 Allach - Untermenzing",43.1,1040392,24150,NA,NA,NA,"Summe (Alter in Jahren * Hautwohnsitzbevölkerung im jeweiligen Altersjahr) (deutsch)","Hauptwohnsitzbevölkerung (deutsch)",NA,NA,NA
"Durchschnittsalter","deutsch",2008,"24 Feldmoching - Hasenbergl",43.4,1772559,40887,NA,NA,NA,"Summe (Alter in Jahren * Hautwohnsitzbevölkerung im jeweiligen Altersjahr) (deutsch)","Hauptwohnsitzbevölkerung (deutsch)",NA,NA,NA
"Durchschnittsalter","deutsch",2008,"25 Laim",44.5,1783681,40120,NA,NA,NA,"Summe (Alter in Jahren * Hautwohnsitzbevölkerung im jeweiligen Altersjahr) (deutsch)","Hauptwohnsitzbevölkerung (deutsch)",NA,NA,NA
"Durchschnittsalter","deutsch",2007,"Stadt München",42.6,44336972,1040124,NA,NA,NA,"Summe (Alter in Jahren * Hautwohnsitzbevölkerung im jeweiligen Altersjahr) (deutsch)","Hauptwohnsitzbevölkerung (deutsch)",NA,NA,NA
"Durchschnittsalter","deutsch",2007,"01 Altstadt - Lehel",43,642682,14938,NA,NA,NA,"Summe (Alter in Jahren * Hautwohnsitzbevölkerung im jeweiligen Altersjahr) (deutsch)","Hauptwohnsitzbevölkerung (deutsch)",NA,NA,NA
"Durchschnittsalter","deutsch",2007,"02 Ludwigsvorstadt - Isarvorstadt",39.2,1321990,33696,NA,NA,NA,"Summe (Alter in Jahren * Hautwohnsitzbevölkerung im jeweiligen Altersjahr) (deutsch)","Hauptwohnsitzbevölkerung (deutsch)",NA,NA,NA
"Durchschnittsalter","deutsch",2007,"03 Maxvorstadt",39.4,1441162,36600,NA,NA,NA,"Summe (Alter in Jahren * Hautwohnsitzbevölkerung im jeweiligen Altersjahr) (deutsch)","Hauptwohnsitzbevölkerung (deutsch)",NA,NA,NA
"Durchschnittsalter","deutsch",2007,"04 Schwabing - West",42.4,2070559,48861,NA,NA,NA,"Summe (Alter in Jahren * Hautwohnsitzbevölkerung im jeweiligen Altersjahr) (deutsch)","Hauptwohnsitzbevölkerung (deutsch)",NA,NA,NA
"Durchschnittsalter","deutsch",2007,"05 Au - Haidhausen",40.7,1750820,43041,NA,NA,NA,"Summe (Alter in Jahren * Hautwohnsitzbevölkerung im jeweiligen Altersjahr) (deutsch)","Hauptwohnsitzbevölkerung (deutsch)",NA,NA,NA
"Durchschnittsalter","deutsch",2007,"06 Sendling",40.6,1144715,28208,NA,NA,NA,"Summe (Alter in Jahren * Hautwohnsitzbevölkerung im jeweiligen Altersjahr) (deutsch)","Hauptwohnsitzbevölkerung (deutsch)",NA,NA,NA
"Durchschnittsalter","deutsch",2007,"07 Sendling - Westpark",43.7,1744034,39915,NA,NA,NA,"Summe (Alter in Jahren * Hautwohnsitzbevölkerung im jeweiligen Altersjahr) (deutsch)","Hauptwohnsitzbevölkerung (deutsch)",NA,NA,NA
"Durchschnittsalter","deutsch",2007,"08 Schwanthalerhöhe",38.4,667642,17386,NA,NA,NA,"Summe (Alter in Jahren * Hautwohnsitzbevölkerung im jeweiligen Altersjahr) (deutsch)","Hauptwohnsitzbevölkerung (deutsch)",NA,NA,NA
"Durchschnittsalter","deutsch",2007,"09 Neuhausen - Nymphenburg",42.6,2891059,67846,NA,NA,NA,"Summe (Alter in Jahren * Hautwohnsitzbevölkerung im jeweiligen Altersjahr) (deutsch)","Hauptwohnsitzbevölkerung (deutsch)",NA,NA,NA
"Durchschnittsalter","deutsch",2007,"10 Moosach",42.9,1550114,36114,NA,NA,NA,"Summe (Alter in Jahren * Hautwohnsitzbevölkerung im jeweiligen Altersjahr) (deutsch)","Hauptwohnsitzbevölkerung (deutsch)",NA,NA,NA
"Durchschnittsalter","deutsch",2007,"11 Milbertshofen - Am Hart",41.3,1814801,43961,NA,NA,NA,"Summe (Alter in Jahren * Hautwohnsitzbevölkerung im jeweiligen Altersjahr) (deutsch)","Hauptwohnsitzbevölkerung (deutsch)",NA,NA,NA
"Durchschnittsalter","deutsch",2007,"12 Schwabing - Freimann",41.3,2035357,49290,NA,NA,NA,"Summe (Alter in Jahren * Hautwohnsitzbevölkerung im jeweiligen Altersjahr) (deutsch)","Hauptwohnsitzbevölkerung (deutsch)",NA,NA,NA
"Durchschnittsalter","deutsch",2007,"13 Bogenhausen",43.7,2746138,62817,NA,NA,NA,"Summe (Alter in Jahren * Hautwohnsitzbevölkerung im jeweiligen Altersjahr) (deutsch)","Hauptwohnsitzbevölkerung (deutsch)",NA,NA,NA
"Durchschnittsalter","deutsch",2007,"14 Berg am Laim",43.3,1267044,29264,NA,NA,NA,"Summe (Alter in Jahren * Hautwohnsitzbevölkerung im jeweiligen Altersjahr) (deutsch)","Hauptwohnsitzbevölkerung (deutsch)",NA,NA,NA
"Durchschnittsalter","deutsch",2007,"15 Trudering - Riem",40,1890446,47264,NA,NA,NA,"Summe (Alter in Jahren * Hautwohnsitzbevölkerung im jeweiligen Altersjahr) (deutsch)","Hauptwohnsitzbevölkerung (deutsch)",NA,NA,NA
"Durchschnittsalter","deutsch",2007,"16 Ramersdorf - Perlach",43.5,3283136,75442,NA,NA,NA,"Summe (Alter in Jahren * Hautwohnsitzbevölkerung im jeweiligen Altersjahr) (deutsch)","Hauptwohnsitzbevölkerung (deutsch)",NA,NA,NA
"Durchschnittsalter","deutsch",2007,"17 Obergiesing - Fasangarten",42.2,1460209,34638,NA,NA,NA,"Summe (Alter in Jahren * Hautwohnsitzbevölkerung im jeweiligen Altersjahr) (deutsch)","Hauptwohnsitzbevölkerung (deutsch)",NA,NA,NA
"Durchschnittsalter","deutsch",2007,"18 Untergiesing - Harlaching",44.3,1743255,39331,NA,NA,NA,"Summe (Alter in Jahren * Hautwohnsitzbevölkerung im jeweiligen Altersjahr) (deutsch)","Hauptwohnsitzbevölkerung (deutsch)",NA,NA,NA
"Durchschnittsalter","deutsch",2007,"19 Thalkirchen - Obersendling - Forstenried - Fürstenried - Solln",45.5,3020544,66434,NA,NA,NA,"Summe (Alter in Jahren * Hautwohnsitzbevölkerung im jeweiligen Altersjahr) (deutsch)","Hauptwohnsitzbevölkerung (deutsch)",NA,NA,NA
"Durchschnittsalter","deutsch",2007,"20 Hadern",44.3,1607390,36315,NA,NA,NA,"Summe (Alter in Jahren * Hautwohnsitzbevölkerung im jeweiligen Altersjahr) (deutsch)","Hauptwohnsitzbevölkerung (deutsch)",NA,NA,NA
"Durchschnittsalter","deutsch",2007,"21 Pasing - Obermenzing",42.9,2305028,53706,NA,NA,NA,"Summe (Alter in Jahren * Hautwohnsitzbevölkerung im jeweiligen Altersjahr) (deutsch)","Hauptwohnsitzbevölkerung (deutsch)",NA,NA,NA
"Durchschnittsalter","deutsch",2007,"22 Aubing - Lochhausen - Langwied",44.4,1375378,31009,NA,NA,NA,"Summe (Alter in Jahren * Hautwohnsitzbevölkerung im jeweiligen Altersjahr) (deutsch)","Hauptwohnsitzbevölkerung (deutsch)",NA,NA,NA
"Durchschnittsalter","deutsch",2007,"23 Allach - Untermenzing",43.2,1020305,23625,NA,NA,NA,"Summe (Alter in Jahren * Hautwohnsitzbevölkerung im jeweiligen Altersjahr) (deutsch)","Hauptwohnsitzbevölkerung (deutsch)",NA,NA,NA
"Durchschnittsalter","deutsch",2007,"24 Feldmoching - Hasenbergl",43.3,1769898,40833,NA,NA,NA,"Summe (Alter in Jahren * Hautwohnsitzbevölkerung im jeweiligen Altersjahr) (deutsch)","Hauptwohnsitzbevölkerung (deutsch)",NA,NA,NA
"Durchschnittsalter","deutsch",2007,"25 Laim",44.8,1773266,39590,NA,NA,NA,"Summe (Alter in Jahren * Hautwohnsitzbevölkerung im jeweiligen Altersjahr) (deutsch)","Hauptwohnsitzbevölkerung (deutsch)",NA,NA,NA
"Durchschnittsalter","deutsch",2006,"Stadt München",42.8,43769364,1021761,NA,NA,NA,"Summe (Alter in Jahren * Hautwohnsitzbevölkerung im jeweiligen Altersjahr) (deutsch)","Hauptwohnsitzbevölkerung (deutsch)",NA,NA,NA
"Durchschnittsalter","deutsch",2006,"01 Altstadt - Lehel",43.2,636528,14722,NA,NA,NA,"Summe (Alter in Jahren * Hautwohnsitzbevölkerung im jeweiligen Altersjahr) (deutsch)","Hauptwohnsitzbevölkerung (deutsch)",NA,NA,NA
"Durchschnittsalter","deutsch",2006,"02 Ludwigsvorstadt - Isarvorstadt",39.6,1304717,32939,NA,NA,NA,"Summe (Alter in Jahren * Hautwohnsitzbevölkerung im jeweiligen Altersjahr) (deutsch)","Hauptwohnsitzbevölkerung (deutsch)",NA,NA,NA
"Durchschnittsalter","deutsch",2006,"03 Maxvorstadt",39.9,1404077,35220,NA,NA,NA,"Summe (Alter in Jahren * Hautwohnsitzbevölkerung im jeweiligen Altersjahr) (deutsch)","Hauptwohnsitzbevölkerung (deutsch)",NA,NA,NA
"Durchschnittsalter","deutsch",2006,"04 Schwabing - West",42.8,2019263,47230,NA,NA,NA,"Summe (Alter in Jahren * Hautwohnsitzbevölkerung im jeweiligen Altersjahr) (deutsch)","Hauptwohnsitzbevölkerung (deutsch)",NA,NA,NA
"Durchschnittsalter","deutsch",2006,"05 Au - Haidhausen",41,1721107,42015,NA,NA,NA,"Summe (Alter in Jahren * Hautwohnsitzbevölkerung im jeweiligen Altersjahr) (deutsch)","Hauptwohnsitzbevölkerung (deutsch)",NA,NA,NA
"Durchschnittsalter","deutsch",2006,"06 Sendling",40.8,1127635,27628,NA,NA,NA,"Summe (Alter in Jahren * Hautwohnsitzbevölkerung im jeweiligen Altersjahr) (deutsch)","Hauptwohnsitzbevölkerung (deutsch)",NA,NA,NA
"Durchschnittsalter","deutsch",2006,"07 Sendling - Westpark",44,1721612,39157,NA,NA,NA,"Summe (Alter in Jahren * Hautwohnsitzbevölkerung im jeweiligen Altersjahr) (deutsch)","Hauptwohnsitzbevölkerung (deutsch)",NA,NA,NA
"Durchschnittsalter","deutsch",2006,"08 Schwanthalerhöhe",38.7,647424,16710,NA,NA,NA,"Summe (Alter in Jahren * Hautwohnsitzbevölkerung im jeweiligen Altersjahr) (deutsch)","Hauptwohnsitzbevölkerung (deutsch)",NA,NA,NA
"Durchschnittsalter","deutsch",2006,"09 Neuhausen - Nymphenburg",43,2863175,66588,NA,NA,NA,"Summe (Alter in Jahren * Hautwohnsitzbevölkerung im jeweiligen Altersjahr) (deutsch)","Hauptwohnsitzbevölkerung (deutsch)",NA,NA,NA
"Durchschnittsalter","deutsch",2006,"10 Moosach",43,1541130,35812,NA,NA,NA,"Summe (Alter in Jahren * Hautwohnsitzbevölkerung im jeweiligen Altersjahr) (deutsch)","Hauptwohnsitzbevölkerung (deutsch)",NA,NA,NA
"Durchschnittsalter","deutsch",2006,"11 Milbertshofen - Am Hart",41.4,1808045,43637,NA,NA,NA,"Summe (Alter in Jahren * Hautwohnsitzbevölkerung im jeweiligen Altersjahr) (deutsch)","Hauptwohnsitzbevölkerung (deutsch)",NA,NA,NA
"Durchschnittsalter","deutsch",2006,"12 Schwabing - Freimann",41.5,1999503,48142,NA,NA,NA,"Summe (Alter in Jahren * Hautwohnsitzbevölkerung im jeweiligen Altersjahr) (deutsch)","Hauptwohnsitzbevölkerung (deutsch)",NA,NA,NA
"Durchschnittsalter","deutsch",2006,"13 Bogenhausen",43.7,2717478,62238,NA,NA,NA,"Summe (Alter in Jahren * Hautwohnsitzbevölkerung im jeweiligen Altersjahr) (deutsch)","Hauptwohnsitzbevölkerung (deutsch)",NA,NA,NA
"Durchschnittsalter","deutsch",2006,"14 Berg am Laim",43.5,1256466,28878,NA,NA,NA,"Summe (Alter in Jahren * Hautwohnsitzbevölkerung im jeweiligen Altersjahr) (deutsch)","Hauptwohnsitzbevölkerung (deutsch)",NA,NA,NA
"Durchschnittsalter","deutsch",2006,"15 Trudering - Riem",40.3,1822855,45192,NA,NA,NA,"Summe (Alter in Jahren * Hautwohnsitzbevölkerung im jeweiligen Altersjahr) (deutsch)","Hauptwohnsitzbevölkerung (deutsch)",NA,NA,NA
"Durchschnittsalter","deutsch",2006,"16 Ramersdorf - Perlach",43.4,3257649,75000,NA,NA,NA,"Summe (Alter in Jahren * Hautwohnsitzbevölkerung im jeweiligen Altersjahr) (deutsch)","Hauptwohnsitzbevölkerung (deutsch)",NA,NA,NA
"Durchschnittsalter","deutsch",2006,"17 Obergiesing - Fasangarten",42.5,1448359,34093,NA,NA,NA,"Summe (Alter in Jahren * Hautwohnsitzbevölkerung im jeweiligen Altersjahr) (deutsch)","Hauptwohnsitzbevölkerung (deutsch)",NA,NA,NA
"Durchschnittsalter","deutsch",2006,"18 Untergiesing - Harlaching",44.6,1725914,38738,NA,NA,NA,"Summe (Alter in Jahren * Hautwohnsitzbevölkerung im jeweiligen Altersjahr) (deutsch)","Hauptwohnsitzbevölkerung (deutsch)",NA,NA,NA
"Durchschnittsalter","deutsch",2006,"19 Thalkirchen - Obersendling - Forstenried - Fürstenried - Solln",45.5,2982616,65482,NA,NA,NA,"Summe (Alter in Jahren * Hautwohnsitzbevölkerung im jeweiligen Altersjahr) (deutsch)","Hauptwohnsitzbevölkerung (deutsch)",NA,NA,NA
"Durchschnittsalter","deutsch",2006,"20 Hadern",44.4,1589583,35775,NA,NA,NA,"Summe (Alter in Jahren * Hautwohnsitzbevölkerung im jeweiligen Altersjahr) (deutsch)","Hauptwohnsitzbevölkerung (deutsch)",NA,NA,NA
"Durchschnittsalter","deutsch",2006,"21 Pasing - Obermenzing",43.1,2278211,52863,NA,NA,NA,"Summe (Alter in Jahren * Hautwohnsitzbevölkerung im jeweiligen Altersjahr) (deutsch)","Hauptwohnsitzbevölkerung (deutsch)",NA,NA,NA
"Durchschnittsalter","deutsch",2006,"22 Aubing - Lochhausen - Langwied",44.4,1368782,30839,NA,NA,NA,"Summe (Alter in Jahren * Hautwohnsitzbevölkerung im jeweiligen Altersjahr) (deutsch)","Hauptwohnsitzbevölkerung (deutsch)",NA,NA,NA
"Durchschnittsalter","deutsch",2006,"23 Allach - Untermenzing",43.3,1004821,23232,NA,NA,NA,"Summe (Alter in Jahren * Hautwohnsitzbevölkerung im jeweiligen Altersjahr) (deutsch)","Hauptwohnsitzbevölkerung (deutsch)",NA,NA,NA
"Durchschnittsalter","deutsch",2006,"24 Feldmoching - Hasenbergl",43.5,1753861,40318,NA,NA,NA,"Summe (Alter in Jahren * Hautwohnsitzbevölkerung im jeweiligen Altersjahr) (deutsch)","Hauptwohnsitzbevölkerung (deutsch)",NA,NA,NA
"Durchschnittsalter","deutsch",2006,"25 Laim",45,1768553,39313,NA,NA,NA,"Summe (Alter in Jahren * Hautwohnsitzbevölkerung im jeweiligen Altersjahr) (deutsch)","Hauptwohnsitzbevölkerung (deutsch)",NA,NA,NA
"Durchschnittsalter","deutsch",2005,"Stadt München",43.2,42725406,988178,NA,NA,NA,"Summe (Alter in Jahren * Hautwohnsitzbevölkerung im jeweiligen Altersjahr) (deutsch)","Hauptwohnsitzbevölkerung (deutsch)",NA,NA,NA
"Durchschnittsalter","deutsch",2005,"01 Altstadt - Lehel",43.6,626081,14370,NA,NA,NA,"Summe (Alter in Jahren * Hautwohnsitzbevölkerung im jeweiligen Altersjahr) (deutsch)","Hauptwohnsitzbevölkerung (deutsch)",NA,NA,NA
"Durchschnittsalter","deutsch",2005,"02 Ludwigsvorstadt - Isarvorstadt",40.3,1249064,30992,NA,NA,NA,"Summe (Alter in Jahren * Hautwohnsitzbevölkerung im jeweiligen Altersjahr) (deutsch)","Hauptwohnsitzbevölkerung (deutsch)",NA,NA,NA
"Durchschnittsalter","deutsch",2005,"03 Maxvorstadt",41.4,1315525,31759,NA,NA,NA,"Summe (Alter in Jahren * Hautwohnsitzbevölkerung im jeweiligen Altersjahr) (deutsch)","Hauptwohnsitzbevölkerung (deutsch)",NA,NA,NA
"Durchschnittsalter","deutsch",2005,"04 Schwabing - West",43.8,1922802,43908,NA,NA,NA,"Summe (Alter in Jahren * Hautwohnsitzbevölkerung im jeweiligen Altersjahr) (deutsch)","Hauptwohnsitzbevölkerung (deutsch)",NA,NA,NA
"Durchschnittsalter","deutsch",2005,"05 Au - Haidhausen",41.6,1672148,40180,NA,NA,NA,"Summe (Alter in Jahren * Hautwohnsitzbevölkerung im jeweiligen Altersjahr) (deutsch)","Hauptwohnsitzbevölkerung (deutsch)",NA,NA,NA
"Durchschnittsalter","deutsch",2005,"06 Sendling",41.2,1092248,26541,NA,NA,NA,"Summe (Alter in Jahren * Hautwohnsitzbevölkerung im jeweiligen Altersjahr) (deutsch)","Hauptwohnsitzbevölkerung (deutsch)",NA,NA,NA
"Durchschnittsalter","deutsch",2005,"07 Sendling - Westpark",44.4,1687511,37980,NA,NA,NA,"Summe (Alter in Jahren * Hautwohnsitzbevölkerung im jeweiligen Altersjahr) (deutsch)","Hauptwohnsitzbevölkerung (deutsch)",NA,NA,NA
"Durchschnittsalter","deutsch",2005,"08 Schwanthalerhöhe",39.4,625440,15863,NA,NA,NA,"Summe (Alter in Jahren * Hautwohnsitzbevölkerung im jeweiligen Altersjahr) (deutsch)","Hauptwohnsitzbevölkerung (deutsch)",NA,NA,NA
"Durchschnittsalter","deutsch",2005,"09 Neuhausen - Nymphenburg",43.5,2797956,64266,NA,NA,NA,"Summe (Alter in Jahren * Hautwohnsitzbevölkerung im jeweiligen Altersjahr) (deutsch)","Hauptwohnsitzbevölkerung (deutsch)",NA,NA,NA
"Durchschnittsalter","deutsch",2005,"10 Moosach",43.1,1528889,35440,NA,NA,NA,"Summe (Alter in Jahren * Hautwohnsitzbevölkerung im jeweiligen Altersjahr) (deutsch)","Hauptwohnsitzbevölkerung (deutsch)",NA,NA,NA
"Durchschnittsalter","deutsch",2005,"11 Milbertshofen - Am Hart",42.2,1758882,41716,NA,NA,NA,"Summe (Alter in Jahren * Hautwohnsitzbevölkerung im jeweiligen Altersjahr) (deutsch)","Hauptwohnsitzbevölkerung (deutsch)",NA,NA,NA
"Durchschnittsalter","deutsch",2005,"12 Schwabing - Freimann",42.1,1925930,45699,NA,NA,NA,"Summe (Alter in Jahren * Hautwohnsitzbevölkerung im jeweiligen Altersjahr) (deutsch)","Hauptwohnsitzbevölkerung (deutsch)",NA,NA,NA
"Durchschnittsalter","deutsch",2005,"13 Bogenhausen",43.7,2657308,60818,NA,NA,NA,"Summe (Alter in Jahren * Hautwohnsitzbevölkerung im jeweiligen Altersjahr) (deutsch)","Hauptwohnsitzbevölkerung (deutsch)",NA,NA,NA
"Durchschnittsalter","deutsch",2005,"14 Berg am Laim",43.8,1241999,28372,NA,NA,NA,"Summe (Alter in Jahren * Hautwohnsitzbevölkerung im jeweiligen Altersjahr) (deutsch)","Hauptwohnsitzbevölkerung (deutsch)",NA,NA,NA
"Durchschnittsalter","deutsch",2005,"15 Trudering - Riem",40.4,1737520,42958,NA,NA,NA,"Summe (Alter in Jahren * Hautwohnsitzbevölkerung im jeweiligen Altersjahr) (deutsch)","Hauptwohnsitzbevölkerung (deutsch)",NA,NA,NA
"Durchschnittsalter","deutsch",2005,"16 Ramersdorf - Perlach",43.4,3230998,74453,NA,NA,NA,"Summe (Alter in Jahren * Hautwohnsitzbevölkerung im jeweiligen Altersjahr) (deutsch)","Hauptwohnsitzbevölkerung (deutsch)",NA,NA,NA
"Durchschnittsalter","deutsch",2005,"17 Obergiesing - Fasangarten",43.1,1412597,32793,NA,NA,NA,"Summe (Alter in Jahren * Hautwohnsitzbevölkerung im jeweiligen Altersjahr) (deutsch)","Hauptwohnsitzbevölkerung (deutsch)",NA,NA,NA
"Durchschnittsalter","deutsch",2005,"18 Untergiesing - Harlaching",44.9,1690849,37661,NA,NA,NA,"Summe (Alter in Jahren * Hautwohnsitzbevölkerung im jeweiligen Altersjahr) (deutsch)","Hauptwohnsitzbevölkerung (deutsch)",NA,NA,NA
"Durchschnittsalter","deutsch",2005,"19 Thalkirchen - Obersendling - Forstenried - Fürstenried - Solln",45.6,2925958,64165,NA,NA,NA,"Summe (Alter in Jahren * Hautwohnsitzbevölkerung im jeweiligen Altersjahr) (deutsch)","Hauptwohnsitzbevölkerung (deutsch)",NA,NA,NA
"Durchschnittsalter","deutsch",2005,"20 Hadern",44.6,1560547,34957,NA,NA,NA,"Summe (Alter in Jahren * Hautwohnsitzbevölkerung im jeweiligen Altersjahr) (deutsch)","Hauptwohnsitzbevölkerung (deutsch)",NA,NA,NA
"Durchschnittsalter","deutsch",2005,"21 Pasing - Obermenzing",43.2,2243189,51902,NA,NA,NA,"Summe (Alter in Jahren * Hautwohnsitzbevölkerung im jeweiligen Altersjahr) (deutsch)","Hauptwohnsitzbevölkerung (deutsch)",NA,NA,NA
"Durchschnittsalter","deutsch",2005,"22 Aubing - Lochhausen - Langwied",44.3,1354104,30545,NA,NA,NA,"Summe (Alter in Jahren * Hautwohnsitzbevölkerung im jeweiligen Altersjahr) (deutsch)","Hauptwohnsitzbevölkerung (deutsch)",NA,NA,NA
"Durchschnittsalter","deutsch",2005,"23 Allach - Untermenzing",43.2,990559,22915,NA,NA,NA,"Summe (Alter in Jahren * Hautwohnsitzbevölkerung im jeweiligen Altersjahr) (deutsch)","Hauptwohnsitzbevölkerung (deutsch)",NA,NA,NA
"Durchschnittsalter","deutsch",2005,"24 Feldmoching - Hasenbergl",43.8,1732296,39557,NA,NA,NA,"Summe (Alter in Jahren * Hautwohnsitzbevölkerung im jeweiligen Altersjahr) (deutsch)","Hauptwohnsitzbevölkerung (deutsch)",NA,NA,NA
"Durchschnittsalter","deutsch",2005,"25 Laim",45.5,1744965,38367,NA,NA,NA,"Summe (Alter in Jahren * Hautwohnsitzbevölkerung im jeweiligen Altersjahr) (deutsch)","Hauptwohnsitzbevölkerung (deutsch)",NA,NA,NA
"Durchschnittsalter","deutsch",2004,"Stadt München",43.4,42490467,979799,NA,NA,NA,"Summe (Alter in Jahren * Hautwohnsitzbevölkerung im jeweiligen Altersjahr) (deutsch)","Hauptwohnsitzbevölkerung (deutsch)",NA,NA,NA
"Durchschnittsalter","deutsch",2004,"01 Altstadt - Lehel",43.9,618823,14102,NA,NA,NA,"Summe (Alter in Jahren * Hautwohnsitzbevölkerung im jeweiligen Altersjahr) (deutsch)","Hauptwohnsitzbevölkerung (deutsch)",NA,NA,NA
"Durchschnittsalter","deutsch",2004,"02 Ludwigsvorstadt - Isarvorstadt",40.5,1242181,30676,NA,NA,NA,"Summe (Alter in Jahren * Hautwohnsitzbevölkerung im jeweiligen Altersjahr) (deutsch)","Hauptwohnsitzbevölkerung (deutsch)",NA,NA,NA
"Durchschnittsalter","deutsch",2004,"03 Maxvorstadt",41.6,1301975,31296,NA,NA,NA,"Summe (Alter in Jahren * Hautwohnsitzbevölkerung im jeweiligen Altersjahr) (deutsch)","Hauptwohnsitzbevölkerung (deutsch)",NA,NA,NA
"Durchschnittsalter","deutsch",2004,"04 Schwabing - West",44.1,1905467,43219,NA,NA,NA,"Summe (Alter in Jahren * Hautwohnsitzbevölkerung im jeweiligen Altersjahr) (deutsch)","Hauptwohnsitzbevölkerung (deutsch)",NA,NA,NA
"Durchschnittsalter","deutsch",2004,"05 Au - Haidhausen",42.1,1644944,39076,NA,NA,NA,"Summe (Alter in Jahren * Hautwohnsitzbevölkerung im jeweiligen Altersjahr) (deutsch)","Hauptwohnsitzbevölkerung (deutsch)",NA,NA,NA
"Durchschnittsalter","deutsch",2004,"06 Sendling",41.3,1090740,26430,NA,NA,NA,"Summe (Alter in Jahren * Hautwohnsitzbevölkerung im jeweiligen Altersjahr) (deutsch)","Hauptwohnsitzbevölkerung (deutsch)",NA,NA,NA
"Durchschnittsalter","deutsch",2004,"07 Sendling - Westpark",44.6,1675023,37542,NA,NA,NA,"Summe (Alter in Jahren * Hautwohnsitzbevölkerung im jeweiligen Altersjahr) (deutsch)","Hauptwohnsitzbevölkerung (deutsch)",NA,NA,NA
"Durchschnittsalter","deutsch",2004,"08 Schwanthalerhöhe",39.7,620538,15618,NA,NA,NA,"Summe (Alter in Jahren * Hautwohnsitzbevölkerung im jeweiligen Altersjahr) (deutsch)","Hauptwohnsitzbevölkerung (deutsch)",NA,NA,NA
"Durchschnittsalter","deutsch",2004,"09 Neuhausen - Nymphenburg",43.7,2790189,63880,NA,NA,NA,"Summe (Alter in Jahren * Hautwohnsitzbevölkerung im jeweiligen Altersjahr) (deutsch)","Hauptwohnsitzbevölkerung (deutsch)",NA,NA,NA
"Durchschnittsalter","deutsch",2004,"10 Moosach",43.2,1529995,35414,NA,NA,NA,"Summe (Alter in Jahren * Hautwohnsitzbevölkerung im jeweiligen Altersjahr) (deutsch)","Hauptwohnsitzbevölkerung (deutsch)",NA,NA,NA
"Durchschnittsalter","deutsch",2004,"11 Milbertshofen - Am Hart",42.5,1755731,41303,NA,NA,NA,"Summe (Alter in Jahren * Hautwohnsitzbevölkerung im jeweiligen Altersjahr) (deutsch)","Hauptwohnsitzbevölkerung (deutsch)",NA,NA,NA
"Durchschnittsalter","deutsch",2004,"12 Schwabing - Freimann",42.1,1921636,45605,NA,NA,NA,"Summe (Alter in Jahren * Hautwohnsitzbevölkerung im jeweiligen Altersjahr) (deutsch)","Hauptwohnsitzbevölkerung (deutsch)",NA,NA,NA
"Durchschnittsalter","deutsch",2004,"13 Bogenhausen",43.7,2644805,60469,NA,NA,NA,"Summe (Alter in Jahren * Hautwohnsitzbevölkerung im jeweiligen Altersjahr) (deutsch)","Hauptwohnsitzbevölkerung (deutsch)",NA,NA,NA
"Durchschnittsalter","deutsch",2004,"14 Berg am Laim",43.8,1245135,28414,NA,NA,NA,"Summe (Alter in Jahren * Hautwohnsitzbevölkerung im jeweiligen Altersjahr) (deutsch)","Hauptwohnsitzbevölkerung (deutsch)",NA,NA,NA
"Durchschnittsalter","deutsch",2004,"15 Trudering - Riem",40.7,1683194,41368,NA,NA,NA,"Summe (Alter in Jahren * Hautwohnsitzbevölkerung im jeweiligen Altersjahr) (deutsch)","Hauptwohnsitzbevölkerung (deutsch)",NA,NA,NA
"Durchschnittsalter","deutsch",2004,"16 Ramersdorf - Perlach",43.4,3222714,74238,NA,NA,NA,"Summe (Alter in Jahren * Hautwohnsitzbevölkerung im jeweiligen Altersjahr) (deutsch)","Hauptwohnsitzbevölkerung (deutsch)",NA,NA,NA
"Durchschnittsalter","deutsch",2004,"17 Obergiesing - Fasangarten",43.6,1406174,32276,NA,NA,NA,"Summe (Alter in Jahren * Hautwohnsitzbevölkerung im jeweiligen Altersjahr) (deutsch)","Hauptwohnsitzbevölkerung (deutsch)",NA,NA,NA
"Durchschnittsalter","deutsch",2004,"18 Untergiesing - Harlaching",45.1,1688648,37483,NA,NA,NA,"Summe (Alter in Jahren * Hautwohnsitzbevölkerung im jeweiligen Altersjahr) (deutsch)","Hauptwohnsitzbevölkerung (deutsch)",NA,NA,NA
"Durchschnittsalter","deutsch",2004,"19 Thalkirchen - Obersendling - Forstenried - Fürstenried - Solln",45.6,2904687,63677,NA,NA,NA,"Summe (Alter in Jahren * Hautwohnsitzbevölkerung im jeweiligen Altersjahr) (deutsch)","Hauptwohnsitzbevölkerung (deutsch)",NA,NA,NA
"Durchschnittsalter","deutsch",2004,"20 Hadern",44.7,1550578,34713,NA,NA,NA,"Summe (Alter in Jahren * Hautwohnsitzbevölkerung im jeweiligen Altersjahr) (deutsch)","Hauptwohnsitzbevölkerung (deutsch)",NA,NA,NA
"Durchschnittsalter","deutsch",2004,"21 Pasing - Obermenzing",43.3,2225719,51442,NA,NA,NA,"Summe (Alter in Jahren * Hautwohnsitzbevölkerung im jeweiligen Altersjahr) (deutsch)","Hauptwohnsitzbevölkerung (deutsch)",NA,NA,NA
"Durchschnittsalter","deutsch",2004,"22 Aubing - Lochhausen - Langwied",44.1,1357171,30760,NA,NA,NA,"Summe (Alter in Jahren * Hautwohnsitzbevölkerung im jeweiligen Altersjahr) (deutsch)","Hauptwohnsitzbevölkerung (deutsch)",NA,NA,NA
"Durchschnittsalter","deutsch",2004,"23 Allach - Untermenzing",43.2,980624,22708,NA,NA,NA,"Summe (Alter in Jahren * Hautwohnsitzbevölkerung im jeweiligen Altersjahr) (deutsch)","Hauptwohnsitzbevölkerung (deutsch)",NA,NA,NA
"Durchschnittsalter","deutsch",2004,"24 Feldmoching - Hasenbergl",43.7,1727377,39538,NA,NA,NA,"Summe (Alter in Jahren * Hautwohnsitzbevölkerung im jeweiligen Altersjahr) (deutsch)","Hauptwohnsitzbevölkerung (deutsch)",NA,NA,NA
"Durchschnittsalter","deutsch",2004,"25 Laim",45.6,1756164,38547,NA,NA,NA,"Summe (Alter in Jahren * Hautwohnsitzbevölkerung im jeweiligen Altersjahr) (deutsch)","Hauptwohnsitzbevölkerung (deutsch)",NA,NA,NA
"Durchschnittsalter","deutsch",2003,"Stadt München",43.4,42310350,975582,NA,NA,NA,"Summe (Alter in Jahren * Hautwohnsitzbevölkerung im jeweiligen Altersjahr) (deutsch)","Hauptwohnsitzbevölkerung (deutsch)",NA,NA,NA
"Durchschnittsalter","deutsch",2003,"01 Altstadt - Lehel",43.8,612437,13981,NA,NA,NA,"Summe (Alter in Jahren * Hautwohnsitzbevölkerung im jeweiligen Altersjahr) (deutsch)","Hauptwohnsitzbevölkerung (deutsch)",NA,NA,NA
"Durchschnittsalter","deutsch",2003,"02 Ludwigsvorstadt - Isarvorstadt",40.6,1231973,30344,NA,NA,NA,"Summe (Alter in Jahren * Hautwohnsitzbevölkerung im jeweiligen Altersjahr) (deutsch)","Hauptwohnsitzbevölkerung (deutsch)",NA,NA,NA
"Durchschnittsalter","deutsch",2003,"03 Maxvorstadt",41.7,1299311,31193,NA,NA,NA,"Summe (Alter in Jahren * Hautwohnsitzbevölkerung im jeweiligen Altersjahr) (deutsch)","Hauptwohnsitzbevölkerung (deutsch)",NA,NA,NA
"Durchschnittsalter","deutsch",2003,"04 Schwabing - West",44.4,1880686,42391,NA,NA,NA,"Summe (Alter in Jahren * Hautwohnsitzbevölkerung im jeweiligen Altersjahr) (deutsch)","Hauptwohnsitzbevölkerung (deutsch)",NA,NA,NA
"Durchschnittsalter","deutsch",2003,"05 Au - Haidhausen",42.2,1640326,38877,NA,NA,NA,"Summe (Alter in Jahren * Hautwohnsitzbevölkerung im jeweiligen Altersjahr) (deutsch)","Hauptwohnsitzbevölkerung (deutsch)",NA,NA,NA
"Durchschnittsalter","deutsch",2003,"06 Sendling",41.5,1081926,26088,NA,NA,NA,"Summe (Alter in Jahren * Hautwohnsitzbevölkerung im jeweiligen Altersjahr) (deutsch)","Hauptwohnsitzbevölkerung (deutsch)",NA,NA,NA
"Durchschnittsalter","deutsch",2003,"07 Sendling - Westpark",44.7,1679144,37544,NA,NA,NA,"Summe (Alter in Jahren * Hautwohnsitzbevölkerung im jeweiligen Altersjahr) (deutsch)","Hauptwohnsitzbevölkerung (deutsch)",NA,NA,NA
"Durchschnittsalter","deutsch",2003,"08 Schwanthalerhöhe",40.1,606917,15152,NA,NA,NA,"Summe (Alter in Jahren * Hautwohnsitzbevölkerung im jeweiligen Altersjahr) (deutsch)","Hauptwohnsitzbevölkerung (deutsch)",NA,NA,NA
"Durchschnittsalter","deutsch",2003,"09 Neuhausen - Nymphenburg",43.6,2790729,63958,NA,NA,NA,"Summe (Alter in Jahren * Hautwohnsitzbevölkerung im jeweiligen Altersjahr) (deutsch)","Hauptwohnsitzbevölkerung (deutsch)",NA,NA,NA
"Durchschnittsalter","deutsch",2003,"10 Moosach",43.1,1528955,35442,NA,NA,NA,"Summe (Alter in Jahren * Hautwohnsitzbevölkerung im jeweiligen Altersjahr) (deutsch)","Hauptwohnsitzbevölkerung (deutsch)",NA,NA,NA
"Durchschnittsalter","deutsch",2003,"11 Milbertshofen - Am Hart",42.9,1745780,40731,NA,NA,NA,"Summe (Alter in Jahren * Hautwohnsitzbevölkerung im jeweiligen Altersjahr) (deutsch)","Hauptwohnsitzbevölkerung (deutsch)",NA,NA,NA
"Durchschnittsalter","deutsch",2003,"12 Schwabing - Freimann",41.9,1925899,45973,NA,NA,NA,"Summe (Alter in Jahren * Hautwohnsitzbevölkerung im jeweiligen Altersjahr) (deutsch)","Hauptwohnsitzbevölkerung (deutsch)",NA,NA,NA
"Durchschnittsalter","deutsch",2003,"13 Bogenhausen",43.6,2636908,60416,NA,NA,NA,"Summe (Alter in Jahren * Hautwohnsitzbevölkerung im jeweiligen Altersjahr) (deutsch)","Hauptwohnsitzbevölkerung (deutsch)",NA,NA,NA
"Durchschnittsalter","deutsch",2003,"14 Berg am Laim",44,1235932,28110,NA,NA,NA,"Summe (Alter in Jahren * Hautwohnsitzbevölkerung im jeweiligen Altersjahr) (deutsch)","Hauptwohnsitzbevölkerung (deutsch)",NA,NA,NA
"Durchschnittsalter","deutsch",2003,"15 Trudering - Riem",40.7,1645692,40426,NA,NA,NA,"Summe (Alter in Jahren * Hautwohnsitzbevölkerung im jeweiligen Altersjahr) (deutsch)","Hauptwohnsitzbevölkerung (deutsch)",NA,NA,NA
"Durchschnittsalter","deutsch",2003,"16 Ramersdorf - Perlach",43.2,3217472,74404,NA,NA,NA,"Summe (Alter in Jahren * Hautwohnsitzbevölkerung im jeweiligen Altersjahr) (deutsch)","Hauptwohnsitzbevölkerung (deutsch)",NA,NA,NA
"Durchschnittsalter","deutsch",2003,"17 Obergiesing - Fasangarten",43.7,1409475,32283,NA,NA,NA,"Summe (Alter in Jahren * Hautwohnsitzbevölkerung im jeweiligen Altersjahr) (deutsch)","Hauptwohnsitzbevölkerung (deutsch)",NA,NA,NA
"Durchschnittsalter","deutsch",2003,"18 Untergiesing - Harlaching",45,1691489,37558,NA,NA,NA,"Summe (Alter in Jahren * Hautwohnsitzbevölkerung im jeweiligen Altersjahr) (deutsch)","Hauptwohnsitzbevölkerung (deutsch)",NA,NA,NA
"Durchschnittsalter","deutsch",2003,"19 Thalkirchen - Obersendling - Forstenried - Fürstenried - Solln",45.5,2890296,63525,NA,NA,NA,"Summe (Alter in Jahren * Hautwohnsitzbevölkerung im jeweiligen Altersjahr) (deutsch)","Hauptwohnsitzbevölkerung (deutsch)",NA,NA,NA
"Durchschnittsalter","deutsch",2003,"20 Hadern",44.7,1539383,34459,NA,NA,NA,"Summe (Alter in Jahren * Hautwohnsitzbevölkerung im jeweiligen Altersjahr) (deutsch)","Hauptwohnsitzbevölkerung (deutsch)",NA,NA,NA
"Durchschnittsalter","deutsch",2003,"21 Pasing - Obermenzing",43.2,2206925,51115,NA,NA,NA,"Summe (Alter in Jahren * Hautwohnsitzbevölkerung im jeweiligen Altersjahr) (deutsch)","Hauptwohnsitzbevölkerung (deutsch)",NA,NA,NA
"Durchschnittsalter","deutsch",2003,"22 Aubing - Lochhausen - Langwied",43.9,1353602,30827,NA,NA,NA,"Summe (Alter in Jahren * Hautwohnsitzbevölkerung im jeweiligen Altersjahr) (deutsch)","Hauptwohnsitzbevölkerung (deutsch)",NA,NA,NA
"Durchschnittsalter","deutsch",2003,"23 Allach - Untermenzing",43,968633,22527,NA,NA,NA,"Summe (Alter in Jahren * Hautwohnsitzbevölkerung im jeweiligen Altersjahr) (deutsch)","Hauptwohnsitzbevölkerung (deutsch)",NA,NA,NA
"Durchschnittsalter","deutsch",2003,"24 Feldmoching - Hasenbergl",43.6,1725155,39576,NA,NA,NA,"Summe (Alter in Jahren * Hautwohnsitzbevölkerung im jeweiligen Altersjahr) (deutsch)","Hauptwohnsitzbevölkerung (deutsch)",NA,NA,NA
"Durchschnittsalter","deutsch",2003,"25 Laim",45.6,1765305,38682,NA,NA,NA,"Summe (Alter in Jahren * Hautwohnsitzbevölkerung im jeweiligen Altersjahr) (deutsch)","Hauptwohnsitzbevölkerung (deutsch)",NA,NA,NA
"Durchschnittsalter","deutsch",2002,"Stadt München",43.4,42299109,975046,NA,NA,NA,"Summe (Alter in Jahren * Hautwohnsitzbevölkerung im jeweiligen Altersjahr) (deutsch)","Hauptwohnsitzbevölkerung (deutsch)",NA,NA,NA
"Durchschnittsalter","deutsch",2002,"01 Altstadt - Lehel",43.7,616786,14114,NA,NA,NA,"Summe (Alter in Jahren * Hautwohnsitzbevölkerung im jeweiligen Altersjahr) (deutsch)","Hauptwohnsitzbevölkerung (deutsch)",NA,NA,NA
"Durchschnittsalter","deutsch",2002,"02 Ludwigsvorstadt - Isarvorstadt",40.7,1237665,30375,NA,NA,NA,"Summe (Alter in Jahren * Hautwohnsitzbevölkerung im jeweiligen Altersjahr) (deutsch)","Hauptwohnsitzbevölkerung (deutsch)",NA,NA,NA
"Durchschnittsalter","deutsch",2002,"03 Maxvorstadt",41.7,1305377,31329,NA,NA,NA,"Summe (Alter in Jahren * Hautwohnsitzbevölkerung im jeweiligen Altersjahr) (deutsch)","Hauptwohnsitzbevölkerung (deutsch)",NA,NA,NA
"Durchschnittsalter","deutsch",2002,"04 Schwabing - West",44.4,1889996,42598,NA,NA,NA,"Summe (Alter in Jahren * Hautwohnsitzbevölkerung im jeweiligen Altersjahr) (deutsch)","Hauptwohnsitzbevölkerung (deutsch)",NA,NA,NA
"Durchschnittsalter","deutsch",2002,"05 Au - Haidhausen",42.2,1644782,38993,NA,NA,NA,"Summe (Alter in Jahren * Hautwohnsitzbevölkerung im jeweiligen Altersjahr) (deutsch)","Hauptwohnsitzbevölkerung (deutsch)",NA,NA,NA
"Durchschnittsalter","deutsch",2002,"06 Sendling",41.6,1086282,26106,NA,NA,NA,"Summe (Alter in Jahren * Hautwohnsitzbevölkerung im jeweiligen Altersjahr) (deutsch)","Hauptwohnsitzbevölkerung (deutsch)",NA,NA,NA
"Durchschnittsalter","deutsch",2002,"07 Sendling - Westpark",44.8,1685832,37667,NA,NA,NA,"Summe (Alter in Jahren * Hautwohnsitzbevölkerung im jeweiligen Altersjahr) (deutsch)","Hauptwohnsitzbevölkerung (deutsch)",NA,NA,NA
"Durchschnittsalter","deutsch",2002,"08 Schwanthalerhöhe",40.2,602272,14989,NA,NA,NA,"Summe (Alter in Jahren * Hautwohnsitzbevölkerung im jeweiligen Altersjahr) (deutsch)","Hauptwohnsitzbevölkerung (deutsch)",NA,NA,NA
"Durchschnittsalter","deutsch",2002,"09 Neuhausen - Nymphenburg",43.6,2798411,64152,NA,NA,NA,"Summe (Alter in Jahren * Hautwohnsitzbevölkerung im jeweiligen Altersjahr) (deutsch)","Hauptwohnsitzbevölkerung (deutsch)",NA,NA,NA
"Durchschnittsalter","deutsch",2002,"10 Moosach",43.1,1522135,35279,NA,NA,NA,"Summe (Alter in Jahren * Hautwohnsitzbevölkerung im jeweiligen Altersjahr) (deutsch)","Hauptwohnsitzbevölkerung (deutsch)",NA,NA,NA
"Durchschnittsalter","deutsch",2002,"11 Milbertshofen - Am Hart",42.9,1754635,40855,NA,NA,NA,"Summe (Alter in Jahren * Hautwohnsitzbevölkerung im jeweiligen Altersjahr) (deutsch)","Hauptwohnsitzbevölkerung (deutsch)",NA,NA,NA
"Durchschnittsalter","deutsch",2002,"12 Schwabing - Freimann",41.9,1934721,46220,NA,NA,NA,"Summe (Alter in Jahren * Hautwohnsitzbevölkerung im jeweiligen Altersjahr) (deutsch)","Hauptwohnsitzbevölkerung (deutsch)",NA,NA,NA
"Durchschnittsalter","deutsch",2002,"13 Bogenhausen",43.6,2626848,60251,NA,NA,NA,"Summe (Alter in Jahren * Hautwohnsitzbevölkerung im jeweiligen Altersjahr) (deutsch)","Hauptwohnsitzbevölkerung (deutsch)",NA,NA,NA
"Durchschnittsalter","deutsch",2002,"14 Berg am Laim",44,1238543,28156,NA,NA,NA,"Summe (Alter in Jahren * Hautwohnsitzbevölkerung im jeweiligen Altersjahr) (deutsch)","Hauptwohnsitzbevölkerung (deutsch)",NA,NA,NA
"Durchschnittsalter","deutsch",2002,"15 Trudering - Riem",40.7,1615813,39730,NA,NA,NA,"Summe (Alter in Jahren * Hautwohnsitzbevölkerung im jeweiligen Altersjahr) (deutsch)","Hauptwohnsitzbevölkerung (deutsch)",NA,NA,NA
"Durchschnittsalter","deutsch",2002,"16 Ramersdorf - Perlach",43.2,3207682,74204,NA,NA,NA,"Summe (Alter in Jahren * Hautwohnsitzbevölkerung im jeweiligen Altersjahr) (deutsch)","Hauptwohnsitzbevölkerung (deutsch)",NA,NA,NA
"Durchschnittsalter","deutsch",2002,"17 Obergiesing - Fasangarten",43.8,1413165,32284,NA,NA,NA,"Summe (Alter in Jahren * Hautwohnsitzbevölkerung im jeweiligen Altersjahr) (deutsch)","Hauptwohnsitzbevölkerung (deutsch)",NA,NA,NA
"Durchschnittsalter","deutsch",2002,"18 Untergiesing - Harlaching",45.2,1697653,37546,NA,NA,NA,"Summe (Alter in Jahren * Hautwohnsitzbevölkerung im jeweiligen Altersjahr) (deutsch)","Hauptwohnsitzbevölkerung (deutsch)",NA,NA,NA
"Durchschnittsalter","deutsch",2002,"19 Thalkirchen - Obersendling - Forstenried - Fürstenried - Solln",45.5,2885256,63451,NA,NA,NA,"Summe (Alter in Jahren * Hautwohnsitzbevölkerung im jeweiligen Altersjahr) (deutsch)","Hauptwohnsitzbevölkerung (deutsch)",NA,NA,NA
"Durchschnittsalter","deutsch",2002,"20 Hadern",44.6,1539904,34512,NA,NA,NA,"Summe (Alter in Jahren * Hautwohnsitzbevölkerung im jeweiligen Altersjahr) (deutsch)","Hauptwohnsitzbevölkerung (deutsch)",NA,NA,NA
"Durchschnittsalter","deutsch",2002,"21 Pasing - Obermenzing",43.2,2184616,50566,NA,NA,NA,"Summe (Alter in Jahren * Hautwohnsitzbevölkerung im jeweiligen Altersjahr) (deutsch)","Hauptwohnsitzbevölkerung (deutsch)",NA,NA,NA
"Durchschnittsalter","deutsch",2002,"22 Aubing - Lochhausen - Langwied",43.7,1350063,30882,NA,NA,NA,"Summe (Alter in Jahren * Hautwohnsitzbevölkerung im jeweiligen Altersjahr) (deutsch)","Hauptwohnsitzbevölkerung (deutsch)",NA,NA,NA
"Durchschnittsalter","deutsch",2002,"23 Allach - Untermenzing",43,958420,22292,NA,NA,NA,"Summe (Alter in Jahren * Hautwohnsitzbevölkerung im jeweiligen Altersjahr) (deutsch)","Hauptwohnsitzbevölkerung (deutsch)",NA,NA,NA
"Durchschnittsalter","deutsch",2002,"24 Feldmoching - Hasenbergl",43.6,1729405,39672,NA,NA,NA,"Summe (Alter in Jahren * Hautwohnsitzbevölkerung im jeweiligen Altersjahr) (deutsch)","Hauptwohnsitzbevölkerung (deutsch)",NA,NA,NA
"Durchschnittsalter","deutsch",2002,"25 Laim",45.7,1772818,38822,NA,NA,NA,"Summe (Alter in Jahren * Hautwohnsitzbevölkerung im jeweiligen Altersjahr) (deutsch)","Hauptwohnsitzbevölkerung (deutsch)",NA,NA,NA
"Durchschnittsalter","deutsch",2001,"Stadt München",43.4,42274280,973490,NA,NA,NA,"Summe (Alter in Jahren * Hautwohnsitzbevölkerung im jeweiligen Altersjahr) (deutsch)","Hauptwohnsitzbevölkerung (deutsch)",NA,NA,NA
"Durchschnittsalter","deutsch",2001,"01 Altstadt - Lehel",43.8,623028,14235,NA,NA,NA,"Summe (Alter in Jahren * Hautwohnsitzbevölkerung im jeweiligen Altersjahr) (deutsch)","Hauptwohnsitzbevölkerung (deutsch)",NA,NA,NA
"Durchschnittsalter","deutsch",2001,"02 Ludwigsvorstadt - Isarvorstadt",40.8,1242369,30459,NA,NA,NA,"Summe (Alter in Jahren * Hautwohnsitzbevölkerung im jeweiligen Altersjahr) (deutsch)","Hauptwohnsitzbevölkerung (deutsch)",NA,NA,NA
"Durchschnittsalter","deutsch",2001,"03 Maxvorstadt",41.7,1318329,31626,NA,NA,NA,"Summe (Alter in Jahren * Hautwohnsitzbevölkerung im jeweiligen Altersjahr) (deutsch)","Hauptwohnsitzbevölkerung (deutsch)",NA,NA,NA
"Durchschnittsalter","deutsch",2001,"04 Schwabing - West",44.4,1897115,42712,NA,NA,NA,"Summe (Alter in Jahren * Hautwohnsitzbevölkerung im jeweiligen Altersjahr) (deutsch)","Hauptwohnsitzbevölkerung (deutsch)",NA,NA,NA
"Durchschnittsalter","deutsch",2001,"05 Au - Haidhausen",42.3,1647746,38993,NA,NA,NA,"Summe (Alter in Jahren * Hautwohnsitzbevölkerung im jeweiligen Altersjahr) (deutsch)","Hauptwohnsitzbevölkerung (deutsch)",NA,NA,NA
"Durchschnittsalter","deutsch",2001,"06 Sendling",41.9,1082252,25855,NA,NA,NA,"Summe (Alter in Jahren * Hautwohnsitzbevölkerung im jeweiligen Altersjahr) (deutsch)","Hauptwohnsitzbevölkerung (deutsch)",NA,NA,NA
"Durchschnittsalter","deutsch",2001,"07 Sendling - Westpark",44.9,1694339,37762,NA,NA,NA,"Summe (Alter in Jahren * Hautwohnsitzbevölkerung im jeweiligen Altersjahr) (deutsch)","Hauptwohnsitzbevölkerung (deutsch)",NA,NA,NA
"Durchschnittsalter","deutsch",2001,"08 Schwanthalerhöhe",40.4,600829,14877,NA,NA,NA,"Summe (Alter in Jahren * Hautwohnsitzbevölkerung im jeweiligen Altersjahr) (deutsch)","Hauptwohnsitzbevölkerung (deutsch)",NA,NA,NA
"Durchschnittsalter","deutsch",2001,"09 Neuhausen - Nymphenburg",43.7,2809443,64263,NA,NA,NA,"Summe (Alter in Jahren * Hautwohnsitzbevölkerung im jeweiligen Altersjahr) (deutsch)","Hauptwohnsitzbevölkerung (deutsch)",NA,NA,NA
"Durchschnittsalter","deutsch",2001,"10 Moosach",43.1,1516811,35163,NA,NA,NA,"Summe (Alter in Jahren * Hautwohnsitzbevölkerung im jeweiligen Altersjahr) (deutsch)","Hauptwohnsitzbevölkerung (deutsch)",NA,NA,NA
"Durchschnittsalter","deutsch",2001,"11 Milbertshofen - Am Hart",43.1,1753519,40662,NA,NA,NA,"Summe (Alter in Jahren * Hautwohnsitzbevölkerung im jeweiligen Altersjahr) (deutsch)","Hauptwohnsitzbevölkerung (deutsch)",NA,NA,NA
"Durchschnittsalter","deutsch",2001,"12 Schwabing - Freimann",41.9,1921264,45855,NA,NA,NA,"Summe (Alter in Jahren * Hautwohnsitzbevölkerung im jeweiligen Altersjahr) (deutsch)","Hauptwohnsitzbevölkerung (deutsch)",NA,NA,NA
"Durchschnittsalter","deutsch",2001,"13 Bogenhausen",43.6,2606160,59795,NA,NA,NA,"Summe (Alter in Jahren * Hautwohnsitzbevölkerung im jeweiligen Altersjahr) (deutsch)","Hauptwohnsitzbevölkerung (deutsch)",NA,NA,NA
"Durchschnittsalter","deutsch",2001,"14 Berg am Laim",44.2,1240358,28083,NA,NA,NA,"Summe (Alter in Jahren * Hautwohnsitzbevölkerung im jeweiligen Altersjahr) (deutsch)","Hauptwohnsitzbevölkerung (deutsch)",NA,NA,NA
"Durchschnittsalter","deutsch",2001,"15 Trudering - Riem",40.8,1580923,38716,NA,NA,NA,"Summe (Alter in Jahren * Hautwohnsitzbevölkerung im jeweiligen Altersjahr) (deutsch)","Hauptwohnsitzbevölkerung (deutsch)",NA,NA,NA
"Durchschnittsalter","deutsch",2001,"16 Ramersdorf - Perlach",43.1,3210574,74535,NA,NA,NA,"Summe (Alter in Jahren * Hautwohnsitzbevölkerung im jeweiligen Altersjahr) (deutsch)","Hauptwohnsitzbevölkerung (deutsch)",NA,NA,NA
"Durchschnittsalter","deutsch",2001,"17 Obergiesing - Fasangarten",43.9,1412554,32162,NA,NA,NA,"Summe (Alter in Jahren * Hautwohnsitzbevölkerung im jeweiligen Altersjahr) (deutsch)","Hauptwohnsitzbevölkerung (deutsch)",NA,NA,NA
"Durchschnittsalter","deutsch",2001,"18 Untergiesing - Harlaching",45.2,1705175,37688,NA,NA,NA,"Summe (Alter in Jahren * Hautwohnsitzbevölkerung im jeweiligen Altersjahr) (deutsch)","Hauptwohnsitzbevölkerung (deutsch)",NA,NA,NA
"Durchschnittsalter","deutsch",2001,"19 Thalkirchen - Obersendling - Forstenried - Fürstenried - Solln",45.4,2886097,63573,NA,NA,NA,"Summe (Alter in Jahren * Hautwohnsitzbevölkerung im jeweiligen Altersjahr) (deutsch)","Hauptwohnsitzbevölkerung (deutsch)",NA,NA,NA
"Durchschnittsalter","deutsch",2001,"20 Hadern",44.7,1529896,34244,NA,NA,NA,"Summe (Alter in Jahren * Hautwohnsitzbevölkerung im jeweiligen Altersjahr) (deutsch)","Hauptwohnsitzbevölkerung (deutsch)",NA,NA,NA
"Durchschnittsalter","deutsch",2001,"21 Pasing - Obermenzing",43.2,2176910,50443,NA,NA,NA,"Summe (Alter in Jahren * Hautwohnsitzbevölkerung im jeweiligen Altersjahr) (deutsch)","Hauptwohnsitzbevölkerung (deutsch)",NA,NA,NA
"Durchschnittsalter","deutsch",2001,"22 Aubing - Lochhausen - Langwied",43.6,1351590,31034,NA,NA,NA,"Summe (Alter in Jahren * Hautwohnsitzbevölkerung im jeweiligen Altersjahr) (deutsch)","Hauptwohnsitzbevölkerung (deutsch)",NA,NA,NA
"Durchschnittsalter","deutsch",2001,"23 Allach - Untermenzing",43,952626,22147,NA,NA,NA,"Summe (Alter in Jahren * Hautwohnsitzbevölkerung im jeweiligen Altersjahr) (deutsch)","Hauptwohnsitzbevölkerung (deutsch)",NA,NA,NA
"Durchschnittsalter","deutsch",2001,"24 Feldmoching - Hasenbergl",43.6,1730412,39656,NA,NA,NA,"Summe (Alter in Jahren * Hautwohnsitzbevölkerung im jeweiligen Altersjahr) (deutsch)","Hauptwohnsitzbevölkerung (deutsch)",NA,NA,NA
"Durchschnittsalter","deutsch",2001,"25 Laim",45.8,1783961,38952,NA,NA,NA,"Summe (Alter in Jahren * Hautwohnsitzbevölkerung im jeweiligen Altersjahr) (deutsch)","Hauptwohnsitzbevölkerung (deutsch)",NA,NA,NA
"Durchschnittsalter","deutsch",2000,"Stadt München",43.6,42092631,965786,NA,NA,NA,"Summe (Alter in Jahren * Hautwohnsitzbevölkerung im jeweiligen Altersjahr) (deutsch)","Hauptwohnsitzbevölkerung (deutsch)",NA,NA,NA
"Durchschnittsalter","deutsch",2000,"01 Altstadt - Lehel",43.8,620638,14155,NA,NA,NA,"Summe (Alter in Jahren * Hautwohnsitzbevölkerung im jeweiligen Altersjahr) (deutsch)","Hauptwohnsitzbevölkerung (deutsch)",NA,NA,NA
"Durchschnittsalter","deutsch",2000,"02 Ludwigsvorstadt - Isarvorstadt",41,1234696,30150,NA,NA,NA,"Summe (Alter in Jahren * Hautwohnsitzbevölkerung im jeweiligen Altersjahr) (deutsch)","Hauptwohnsitzbevölkerung (deutsch)",NA,NA,NA
"Durchschnittsalter","deutsch",2000,"03 Maxvorstadt",42,1314604,31334,NA,NA,NA,"Summe (Alter in Jahren * Hautwohnsitzbevölkerung im jeweiligen Altersjahr) (deutsch)","Hauptwohnsitzbevölkerung (deutsch)",NA,NA,NA
"Durchschnittsalter","deutsch",2000,"04 Schwabing - West",44.5,1897666,42645,NA,NA,NA,"Summe (Alter in Jahren * Hautwohnsitzbevölkerung im jeweiligen Altersjahr) (deutsch)","Hauptwohnsitzbevölkerung (deutsch)",NA,NA,NA
"Durchschnittsalter","deutsch",2000,"05 Au - Haidhausen",42.4,1645693,38771,NA,NA,NA,"Summe (Alter in Jahren * Hautwohnsitzbevölkerung im jeweiligen Altersjahr) (deutsch)","Hauptwohnsitzbevölkerung (deutsch)",NA,NA,NA
"Durchschnittsalter","deutsch",2000,"06 Sendling",42.1,1077149,25560,NA,NA,NA,"Summe (Alter in Jahren * Hautwohnsitzbevölkerung im jeweiligen Altersjahr) (deutsch)","Hauptwohnsitzbevölkerung (deutsch)",NA,NA,NA
"Durchschnittsalter","deutsch",2000,"07 Sendling - Westpark",44.9,1692758,37664,NA,NA,NA,"Summe (Alter in Jahren * Hautwohnsitzbevölkerung im jeweiligen Altersjahr) (deutsch)","Hauptwohnsitzbevölkerung (deutsch)",NA,NA,NA
"Durchschnittsalter","deutsch",2000,"08 Schwanthalerhöhe",40.8,600357,14715,NA,NA,NA,"Summe (Alter in Jahren * Hautwohnsitzbevölkerung im jeweiligen Altersjahr) (deutsch)","Hauptwohnsitzbevölkerung (deutsch)",NA,NA,NA
"Durchschnittsalter","deutsch",2000,"09 Neuhausen - Nymphenburg",43.9,2814416,64045,NA,NA,NA,"Summe (Alter in Jahren * Hautwohnsitzbevölkerung im jeweiligen Altersjahr) (deutsch)","Hauptwohnsitzbevölkerung (deutsch)",NA,NA,NA
"Durchschnittsalter","deutsch",2000,"10 Moosach",43.2,1502186,34766,NA,NA,NA,"Summe (Alter in Jahren * Hautwohnsitzbevölkerung im jeweiligen Altersjahr) (deutsch)","Hauptwohnsitzbevölkerung (deutsch)",NA,NA,NA
"Durchschnittsalter","deutsch",2000,"11 Milbertshofen - Am Hart",43.5,1747081,40171,NA,NA,NA,"Summe (Alter in Jahren * Hautwohnsitzbevölkerung im jeweiligen Altersjahr) (deutsch)","Hauptwohnsitzbevölkerung (deutsch)",NA,NA,NA
"Durchschnittsalter","deutsch",2000,"12 Schwabing - Freimann",42.2,1896872,44972,NA,NA,NA,"Summe (Alter in Jahren * Hautwohnsitzbevölkerung im jeweiligen Altersjahr) (deutsch)","Hauptwohnsitzbevölkerung (deutsch)",NA,NA,NA
"Durchschnittsalter","deutsch",2000,"13 Bogenhausen",43.6,2588382,59374,NA,NA,NA,"Summe (Alter in Jahren * Hautwohnsitzbevölkerung im jeweiligen Altersjahr) (deutsch)","Hauptwohnsitzbevölkerung (deutsch)",NA,NA,NA
"Durchschnittsalter","deutsch",2000,"14 Berg am Laim",44.5,1238411,27842,NA,NA,NA,"Summe (Alter in Jahren * Hautwohnsitzbevölkerung im jeweiligen Altersjahr) (deutsch)","Hauptwohnsitzbevölkerung (deutsch)",NA,NA,NA
"Durchschnittsalter","deutsch",2000,"15 Trudering - Riem",41.1,1528776,37168,NA,NA,NA,"Summe (Alter in Jahren * Hautwohnsitzbevölkerung im jeweiligen Altersjahr) (deutsch)","Hauptwohnsitzbevölkerung (deutsch)",NA,NA,NA
"Durchschnittsalter","deutsch",2000,"16 Ramersdorf - Perlach",43.1,3205448,74411,NA,NA,NA,"Summe (Alter in Jahren * Hautwohnsitzbevölkerung im jeweiligen Altersjahr) (deutsch)","Hauptwohnsitzbevölkerung (deutsch)",NA,NA,NA
"Durchschnittsalter","deutsch",2000,"17 Obergiesing - Fasangarten",44.2,1412685,31939,NA,NA,NA,"Summe (Alter in Jahren * Hautwohnsitzbevölkerung im jeweiligen Altersjahr) (deutsch)","Hauptwohnsitzbevölkerung (deutsch)",NA,NA,NA
"Durchschnittsalter","deutsch",2000,"18 Untergiesing - Harlaching",45.5,1703953,37436,NA,NA,NA,"Summe (Alter in Jahren * Hautwohnsitzbevölkerung im jeweiligen Altersjahr) (deutsch)","Hauptwohnsitzbevölkerung (deutsch)",NA,NA,NA
"Durchschnittsalter","deutsch",2000,"19 Thalkirchen - Obersendling - Forstenried - Fürstenried - Solln",45.4,2875995,63308,NA,NA,NA,"Summe (Alter in Jahren * Hautwohnsitzbevölkerung im jeweiligen Altersjahr) (deutsch)","Hauptwohnsitzbevölkerung (deutsch)",NA,NA,NA
"Durchschnittsalter","deutsch",2000,"20 Hadern",44.7,1526491,34163,NA,NA,NA,"Summe (Alter in Jahren * Hautwohnsitzbevölkerung im jeweiligen Altersjahr) (deutsch)","Hauptwohnsitzbevölkerung (deutsch)",NA,NA,NA
"Durchschnittsalter","deutsch",2000,"21 Pasing - Obermenzing",43.3,2165264,50029,NA,NA,NA,"Summe (Alter in Jahren * Hautwohnsitzbevölkerung im jeweiligen Altersjahr) (deutsch)","Hauptwohnsitzbevölkerung (deutsch)",NA,NA,NA
"Durchschnittsalter","deutsch",2000,"22 Aubing - Lochhausen - Langwied",43.5,1340834,30847,NA,NA,NA,"Summe (Alter in Jahren * Hautwohnsitzbevölkerung im jeweiligen Altersjahr) (deutsch)","Hauptwohnsitzbevölkerung (deutsch)",NA,NA,NA
"Durchschnittsalter","deutsch",2000,"23 Allach - Untermenzing",43.1,949047,22030,NA,NA,NA,"Summe (Alter in Jahren * Hautwohnsitzbevölkerung im jeweiligen Altersjahr) (deutsch)","Hauptwohnsitzbevölkerung (deutsch)",NA,NA,NA
"Durchschnittsalter","deutsch",2000,"24 Feldmoching - Hasenbergl",43.8,1722209,39334,NA,NA,NA,"Summe (Alter in Jahren * Hautwohnsitzbevölkerung im jeweiligen Altersjahr) (deutsch)","Hauptwohnsitzbevölkerung (deutsch)",NA,NA,NA
"Durchschnittsalter","deutsch",2000,"25 Laim",46,1791020,38957,NA,NA,NA,"Summe (Alter in Jahren * Hautwohnsitzbevölkerung im jeweiligen Altersjahr) (deutsch)","Hauptwohnsitzbevölkerung (deutsch)",NA,NA,NA
"Durchschnittsalter","insgesamt",2009,"Stadt München",41.5,56585164,1364194,NA,NA,NA,"Summe (Alter in Jahren * Hautwohnsitzbevölkerung im jeweiligen Altersjahr) (insgesamt)","Hauptwohnsitzbevölkerung (insgesamt)",NA,NA,NA
"Durchschnittsalter","insgesamt",2009,"01 Altstadt - Lehel",42.5,805334,18932,NA,NA,NA,"Summe (Alter in Jahren * Hautwohnsitzbevölkerung im jeweiligen Altersjahr) (insgesamt)","Hauptwohnsitzbevölkerung (insgesamt)",NA,NA,NA
"Durchschnittsalter","insgesamt",2009,"02 Ludwigsvorstadt - Isarvorstadt",39.2,1819166,46446,NA,NA,NA,"Summe (Alter in Jahren * Hautwohnsitzbevölkerung im jeweiligen Altersjahr) (insgesamt)","Hauptwohnsitzbevölkerung (insgesamt)",NA,NA,NA
"Durchschnittsalter","insgesamt",2009,"03 Maxvorstadt",38.6,1878996,48619,NA,NA,NA,"Summe (Alter in Jahren * Hautwohnsitzbevölkerung im jeweiligen Altersjahr) (insgesamt)","Hauptwohnsitzbevölkerung (insgesamt)",NA,NA,NA
"Durchschnittsalter","insgesamt",2009,"04 Schwabing - West",41.3,2563778,62028,NA,NA,NA,"Summe (Alter in Jahren * Hautwohnsitzbevölkerung im jeweiligen Altersjahr) (insgesamt)","Hauptwohnsitzbevölkerung (insgesamt)",NA,NA,NA
"Durchschnittsalter","insgesamt",2009,"05 Au - Haidhausen",40.2,2237390,55590,NA,NA,NA,"Summe (Alter in Jahren * Hautwohnsitzbevölkerung im jeweiligen Altersjahr) (insgesamt)","Hauptwohnsitzbevölkerung (insgesamt)",NA,NA,NA
"Durchschnittsalter","insgesamt",2009,"06 Sendling",40.1,1528810,38112,NA,NA,NA,"Summe (Alter in Jahren * Hautwohnsitzbevölkerung im jeweiligen Altersjahr) (insgesamt)","Hauptwohnsitzbevölkerung (insgesamt)",NA,NA,NA
"Durchschnittsalter","insgesamt",2009,"07 Sendling - Westpark",42.4,2212549,52185,NA,NA,NA,"Summe (Alter in Jahren * Hautwohnsitzbevölkerung im jeweiligen Altersjahr) (insgesamt)","Hauptwohnsitzbevölkerung (insgesamt)",NA,NA,NA
"Durchschnittsalter","insgesamt",2009,"08 Schwanthalerhöhe",38.8,1078311,27814,NA,NA,NA,"Summe (Alter in Jahren * Hautwohnsitzbevölkerung im jeweiligen Altersjahr) (insgesamt)","Hauptwohnsitzbevölkerung (insgesamt)",NA,NA,NA
"Durchschnittsalter","insgesamt",2009,"09 Neuhausen - Nymphenburg",41.5,3645824,87846,NA,NA,NA,"Summe (Alter in Jahren * Hautwohnsitzbevölkerung im jeweiligen Altersjahr) (insgesamt)","Hauptwohnsitzbevölkerung (insgesamt)",NA,NA,NA
"Durchschnittsalter","insgesamt",2009,"10 Moosach",41.6,2025783,48692,NA,NA,NA,"Summe (Alter in Jahren * Hautwohnsitzbevölkerung im jeweiligen Altersjahr) (insgesamt)","Hauptwohnsitzbevölkerung (insgesamt)",NA,NA,NA
"Durchschnittsalter","insgesamt",2009,"11 Milbertshofen - Am Hart",39.4,2677535,68023,NA,NA,NA,"Summe (Alter in Jahren * Hautwohnsitzbevölkerung im jeweiligen Altersjahr) (insgesamt)","Hauptwohnsitzbevölkerung (insgesamt)",NA,NA,NA
"Durchschnittsalter","insgesamt",2009,"12 Schwabing - Freimann",40.2,2562847,63720,NA,NA,NA,"Summe (Alter in Jahren * Hautwohnsitzbevölkerung im jeweiligen Altersjahr) (insgesamt)","Hauptwohnsitzbevölkerung (insgesamt)",NA,NA,NA
"Durchschnittsalter","insgesamt",2009,"13 Bogenhausen",43.1,3304234,76684,NA,NA,NA,"Summe (Alter in Jahren * Hautwohnsitzbevölkerung im jeweiligen Altersjahr) (insgesamt)","Hauptwohnsitzbevölkerung (insgesamt)",NA,NA,NA
"Durchschnittsalter","insgesamt",2009,"14 Berg am Laim",41.6,1656200,39787,NA,NA,NA,"Summe (Alter in Jahren * Hautwohnsitzbevölkerung im jeweiligen Altersjahr) (insgesamt)","Hauptwohnsitzbevölkerung (insgesamt)",NA,NA,NA
"Durchschnittsalter","insgesamt",2009,"15 Trudering - Riem",39,2374440,60879,NA,NA,NA,"Summe (Alter in Jahren * Hautwohnsitzbevölkerung im jeweiligen Altersjahr) (insgesamt)","Hauptwohnsitzbevölkerung (insgesamt)",NA,NA,NA
"Durchschnittsalter","insgesamt",2009,"16 Ramersdorf - Perlach",42.1,4362877,103732,NA,NA,NA,"Summe (Alter in Jahren * Hautwohnsitzbevölkerung im jeweiligen Altersjahr) (insgesamt)","Hauptwohnsitzbevölkerung (insgesamt)",NA,NA,NA
"Durchschnittsalter","insgesamt",2009,"17 Obergiesing - Fasangarten",40.7,1971833,48425,NA,NA,NA,"Summe (Alter in Jahren * Hautwohnsitzbevölkerung im jeweiligen Altersjahr) (insgesamt)","Hauptwohnsitzbevölkerung (insgesamt)",NA,NA,NA
"Durchschnittsalter","insgesamt",2009,"18 Untergiesing - Harlaching",43.2,2114674,48911,NA,NA,NA,"Summe (Alter in Jahren * Hautwohnsitzbevölkerung im jeweiligen Altersjahr) (insgesamt)","Hauptwohnsitzbevölkerung (insgesamt)",NA,NA,NA
"Durchschnittsalter","insgesamt",2009,"19 Thalkirchen - Obersendling - Forstenried - Fürstenried - Solln",44.2,3649180,82482,NA,NA,NA,"Summe (Alter in Jahren * Hautwohnsitzbevölkerung im jeweiligen Altersjahr) (insgesamt)","Hauptwohnsitzbevölkerung (insgesamt)",NA,NA,NA
"Durchschnittsalter","insgesamt",2009,"20 Hadern",42.7,1986774,46490,NA,NA,NA,"Summe (Alter in Jahren * Hautwohnsitzbevölkerung im jeweiligen Altersjahr) (insgesamt)","Hauptwohnsitzbevölkerung (insgesamt)",NA,NA,NA
"Durchschnittsalter","insgesamt",2009,"21 Pasing - Obermenzing",42.2,2757097,65279,NA,NA,NA,"Summe (Alter in Jahren * Hautwohnsitzbevölkerung im jeweiligen Altersjahr) (insgesamt)","Hauptwohnsitzbevölkerung (insgesamt)",NA,NA,NA
"Durchschnittsalter","insgesamt",2009,"22 Aubing - Lochhausen - Langwied",42.9,1641909,38268,NA,NA,NA,"Summe (Alter in Jahren * Hautwohnsitzbevölkerung im jeweiligen Altersjahr) (insgesamt)","Hauptwohnsitzbevölkerung (insgesamt)",NA,NA,NA
"Durchschnittsalter","insgesamt",2009,"23 Allach - Untermenzing",42.5,1221444,28732,NA,NA,NA,"Summe (Alter in Jahren * Hautwohnsitzbevölkerung im jeweiligen Altersjahr) (insgesamt)","Hauptwohnsitzbevölkerung (insgesamt)",NA,NA,NA
"Durchschnittsalter","insgesamt",2009,"24 Feldmoching - Hasenbergl",41.7,2299535,55180,NA,NA,NA,"Summe (Alter in Jahren * Hautwohnsitzbevölkerung im jeweiligen Altersjahr) (insgesamt)","Hauptwohnsitzbevölkerung (insgesamt)",NA,NA,NA
"Durchschnittsalter","insgesamt",2009,"25 Laim",43,2208644,51338,NA,NA,NA,"Summe (Alter in Jahren * Hautwohnsitzbevölkerung im jeweiligen Altersjahr) (insgesamt)","Hauptwohnsitzbevölkerung (insgesamt)",NA,NA,NA
"Durchschnittsalter","insgesamt",2008,"Stadt München",41.5,56676028,1367314,NA,NA,NA,"Summe (Alter in Jahren * Hautwohnsitzbevölkerung im jeweiligen Altersjahr) (insgesamt)","Hauptwohnsitzbevölkerung (insgesamt)",NA,NA,NA
"Durchschnittsalter","insgesamt",2008,"01 Altstadt - Lehel",42.4,826401,19505,NA,NA,NA,"Summe (Alter in Jahren * Hautwohnsitzbevölkerung im jeweiligen Altersjahr) (insgesamt)","Hauptwohnsitzbevölkerung (insgesamt)",NA,NA,NA
"Durchschnittsalter","insgesamt",2008,"02 Ludwigsvorstadt - Isarvorstadt",39.2,1866384,47599,NA,NA,NA,"Summe (Alter in Jahren * Hautwohnsitzbevölkerung im jeweiligen Altersjahr) (insgesamt)","Hauptwohnsitzbevölkerung (insgesamt)",NA,NA,NA
"Durchschnittsalter","insgesamt",2008,"03 Maxvorstadt",38.7,1893077,48884,NA,NA,NA,"Summe (Alter in Jahren * Hautwohnsitzbevölkerung im jeweiligen Altersjahr) (insgesamt)","Hauptwohnsitzbevölkerung (insgesamt)",NA,NA,NA
"Durchschnittsalter","insgesamt",2008,"04 Schwabing - West",41.4,2589148,62541,NA,NA,NA,"Summe (Alter in Jahren * Hautwohnsitzbevölkerung im jeweiligen Altersjahr) (insgesamt)","Hauptwohnsitzbevölkerung (insgesamt)",NA,NA,NA
"Durchschnittsalter","insgesamt",2008,"05 Au - Haidhausen",40.4,2256004,55853,NA,NA,NA,"Summe (Alter in Jahren * Hautwohnsitzbevölkerung im jeweiligen Altersjahr) (insgesamt)","Hauptwohnsitzbevölkerung (insgesamt)",NA,NA,NA
"Durchschnittsalter","insgesamt",2008,"06 Sendling",40,1535154,38335,NA,NA,NA,"Summe (Alter in Jahren * Hautwohnsitzbevölkerung im jeweiligen Altersjahr) (insgesamt)","Hauptwohnsitzbevölkerung (insgesamt)",NA,NA,NA
"Durchschnittsalter","insgesamt",2008,"07 Sendling - Westpark",42.4,2216483,52257,NA,NA,NA,"Summe (Alter in Jahren * Hautwohnsitzbevölkerung im jeweiligen Altersjahr) (insgesamt)","Hauptwohnsitzbevölkerung (insgesamt)",NA,NA,NA
"Durchschnittsalter","insgesamt",2008,"08 Schwanthalerhöhe",38.9,1080609,27789,NA,NA,NA,"Summe (Alter in Jahren * Hautwohnsitzbevölkerung im jeweiligen Altersjahr) (insgesamt)","Hauptwohnsitzbevölkerung (insgesamt)",NA,NA,NA
"Durchschnittsalter","insgesamt",2008,"09 Neuhausen - Nymphenburg",41.6,3624971,87043,NA,NA,NA,"Summe (Alter in Jahren * Hautwohnsitzbevölkerung im jeweiligen Altersjahr) (insgesamt)","Hauptwohnsitzbevölkerung (insgesamt)",NA,NA,NA
"Durchschnittsalter","insgesamt",2008,"10 Moosach",41.6,2015307,48451,NA,NA,NA,"Summe (Alter in Jahren * Hautwohnsitzbevölkerung im jeweiligen Altersjahr) (insgesamt)","Hauptwohnsitzbevölkerung (insgesamt)",NA,NA,NA
"Durchschnittsalter","insgesamt",2008,"11 Milbertshofen - Am Hart",39.5,2692257,68198,NA,NA,NA,"Summe (Alter in Jahren * Hautwohnsitzbevölkerung im jeweiligen Altersjahr) (insgesamt)","Hauptwohnsitzbevölkerung (insgesamt)",NA,NA,NA
"Durchschnittsalter","insgesamt",2008,"12 Schwabing - Freimann",40,2573774,64350,NA,NA,NA,"Summe (Alter in Jahren * Hautwohnsitzbevölkerung im jeweiligen Altersjahr) (insgesamt)","Hauptwohnsitzbevölkerung (insgesamt)",NA,NA,NA
"Durchschnittsalter","insgesamt",2008,"13 Bogenhausen",42.9,3306437,77112,NA,NA,NA,"Summe (Alter in Jahren * Hautwohnsitzbevölkerung im jeweiligen Altersjahr) (insgesamt)","Hauptwohnsitzbevölkerung (insgesamt)",NA,NA,NA
"Durchschnittsalter","insgesamt",2008,"14 Berg am Laim",41.6,1664660,40039,NA,NA,NA,"Summe (Alter in Jahren * Hautwohnsitzbevölkerung im jeweiligen Altersjahr) (insgesamt)","Hauptwohnsitzbevölkerung (insgesamt)",NA,NA,NA
"Durchschnittsalter","insgesamt",2008,"15 Trudering - Riem",39.1,2307054,59031,NA,NA,NA,"Summe (Alter in Jahren * Hautwohnsitzbevölkerung im jeweiligen Altersjahr) (insgesamt)","Hauptwohnsitzbevölkerung (insgesamt)",NA,NA,NA
"Durchschnittsalter","insgesamt",2008,"16 Ramersdorf - Perlach",41.9,4356929,104089,NA,NA,NA,"Summe (Alter in Jahren * Hautwohnsitzbevölkerung im jeweiligen Altersjahr) (insgesamt)","Hauptwohnsitzbevölkerung (insgesamt)",NA,NA,NA
"Durchschnittsalter","insgesamt",2008,"17 Obergiesing - Fasangarten",40.8,1972117,48282,NA,NA,NA,"Summe (Alter in Jahren * Hautwohnsitzbevölkerung im jeweiligen Altersjahr) (insgesamt)","Hauptwohnsitzbevölkerung (insgesamt)",NA,NA,NA
"Durchschnittsalter","insgesamt",2008,"18 Untergiesing - Harlaching",43.2,2132530,49391,NA,NA,NA,"Summe (Alter in Jahren * Hautwohnsitzbevölkerung im jeweiligen Altersjahr) (insgesamt)","Hauptwohnsitzbevölkerung (insgesamt)",NA,NA,NA
"Durchschnittsalter","insgesamt",2008,"19 Thalkirchen - Obersendling - Forstenried - Fürstenried - Solln",44.2,3656166,82771,NA,NA,NA,"Summe (Alter in Jahren * Hautwohnsitzbevölkerung im jeweiligen Altersjahr) (insgesamt)","Hauptwohnsitzbevölkerung (insgesamt)",NA,NA,NA
"Durchschnittsalter","insgesamt",2008,"20 Hadern",42.5,1973508,46385,NA,NA,NA,"Summe (Alter in Jahren * Hautwohnsitzbevölkerung im jeweiligen Altersjahr) (insgesamt)","Hauptwohnsitzbevölkerung (insgesamt)",NA,NA,NA
"Durchschnittsalter","insgesamt",2008,"21 Pasing - Obermenzing",42.1,2747212,65290,NA,NA,NA,"Summe (Alter in Jahren * Hautwohnsitzbevölkerung im jeweiligen Altersjahr) (insgesamt)","Hauptwohnsitzbevölkerung (insgesamt)",NA,NA,NA
"Durchschnittsalter","insgesamt",2008,"22 Aubing - Lochhausen - Langwied",42.8,1638485,38327,NA,NA,NA,"Summe (Alter in Jahren * Hautwohnsitzbevölkerung im jeweiligen Altersjahr) (insgesamt)","Hauptwohnsitzbevölkerung (insgesamt)",NA,NA,NA
"Durchschnittsalter","insgesamt",2008,"23 Allach - Untermenzing",42.5,1223886,28796,NA,NA,NA,"Summe (Alter in Jahren * Hautwohnsitzbevölkerung im jeweiligen Altersjahr) (insgesamt)","Hauptwohnsitzbevölkerung (insgesamt)",NA,NA,NA
"Durchschnittsalter","insgesamt",2008,"24 Feldmoching - Hasenbergl",41.6,2314469,55667,NA,NA,NA,"Summe (Alter in Jahren * Hautwohnsitzbevölkerung im jeweiligen Altersjahr) (insgesamt)","Hauptwohnsitzbevölkerung (insgesamt)",NA,NA,NA
"Durchschnittsalter","insgesamt",2008,"25 Laim",43.1,2213006,51329,NA,NA,NA,"Summe (Alter in Jahren * Hautwohnsitzbevölkerung im jeweiligen Altersjahr) (insgesamt)","Hauptwohnsitzbevölkerung (insgesamt)",NA,NA,NA
"Durchschnittsalter","insgesamt",2007,"Stadt München",41.5,56042816,1351445,NA,NA,NA,"Summe (Alter in Jahren * Hautwohnsitzbevölkerung im jeweiligen Altersjahr) (insgesamt)","Hauptwohnsitzbevölkerung (insgesamt)",NA,NA,NA
"Durchschnittsalter","insgesamt",2007,"01 Altstadt - Lehel",42.5,817190,19228,NA,NA,NA,"Summe (Alter in Jahren * Hautwohnsitzbevölkerung im jeweiligen Altersjahr) (insgesamt)","Hauptwohnsitzbevölkerung (insgesamt)",NA,NA,NA
"Durchschnittsalter","insgesamt",2007,"02 Ludwigsvorstadt - Isarvorstadt",39.4,1834348,46520,NA,NA,NA,"Summe (Alter in Jahren * Hautwohnsitzbevölkerung im jeweiligen Altersjahr) (insgesamt)","Hauptwohnsitzbevölkerung (insgesamt)",NA,NA,NA
"Durchschnittsalter","insgesamt",2007,"03 Maxvorstadt",39,1859071,47711,NA,NA,NA,"Summe (Alter in Jahren * Hautwohnsitzbevölkerung im jeweiligen Altersjahr) (insgesamt)","Hauptwohnsitzbevölkerung (insgesamt)",NA,NA,NA
"Durchschnittsalter","insgesamt",2007,"04 Schwabing - West",41.5,2554176,61514,NA,NA,NA,"Summe (Alter in Jahren * Hautwohnsitzbevölkerung im jeweiligen Altersjahr) (insgesamt)","Hauptwohnsitzbevölkerung (insgesamt)",NA,NA,NA
"Durchschnittsalter","insgesamt",2007,"05 Au - Haidhausen",40.4,2236251,55288,NA,NA,NA,"Summe (Alter in Jahren * Hautwohnsitzbevölkerung im jeweiligen Altersjahr) (insgesamt)","Hauptwohnsitzbevölkerung (insgesamt)",NA,NA,NA
"Durchschnittsalter","insgesamt",2007,"06 Sendling",40.1,1520735,37940,NA,NA,NA,"Summe (Alter in Jahren * Hautwohnsitzbevölkerung im jeweiligen Altersjahr) (insgesamt)","Hauptwohnsitzbevölkerung (insgesamt)",NA,NA,NA
"Durchschnittsalter","insgesamt",2007,"07 Sendling - Westpark",42.4,2191959,51745,NA,NA,NA,"Summe (Alter in Jahren * Hautwohnsitzbevölkerung im jeweiligen Altersjahr) (insgesamt)","Hauptwohnsitzbevölkerung (insgesamt)",NA,NA,NA
"Durchschnittsalter","insgesamt",2007,"08 Schwanthalerhöhe",39.2,1054466,26877,NA,NA,NA,"Summe (Alter in Jahren * Hautwohnsitzbevölkerung im jeweiligen Altersjahr) (insgesamt)","Hauptwohnsitzbevölkerung (insgesamt)",NA,NA,NA
"Durchschnittsalter","insgesamt",2007,"09 Neuhausen - Nymphenburg",41.7,3585662,85964,NA,NA,NA,"Summe (Alter in Jahren * Hautwohnsitzbevölkerung im jeweiligen Altersjahr) (insgesamt)","Hauptwohnsitzbevölkerung (insgesamt)",NA,NA,NA
"Durchschnittsalter","insgesamt",2007,"10 Moosach",41.5,2004549,48306,NA,NA,NA,"Summe (Alter in Jahren * Hautwohnsitzbevölkerung im jeweiligen Altersjahr) (insgesamt)","Hauptwohnsitzbevölkerung (insgesamt)",NA,NA,NA
"Durchschnittsalter","insgesamt",2007,"11 Milbertshofen - Am Hart",39.4,2672215,67864,NA,NA,NA,"Summe (Alter in Jahren * Hautwohnsitzbevölkerung im jeweiligen Altersjahr) (insgesamt)","Hauptwohnsitzbevölkerung (insgesamt)",NA,NA,NA
"Durchschnittsalter","insgesamt",2007,"12 Schwabing - Freimann",39.9,2549258,63832,NA,NA,NA,"Summe (Alter in Jahren * Hautwohnsitzbevölkerung im jeweiligen Altersjahr) (insgesamt)","Hauptwohnsitzbevölkerung (insgesamt)",NA,NA,NA
"Durchschnittsalter","insgesamt",2007,"13 Bogenhausen",42.8,3279796,76709,NA,NA,NA,"Summe (Alter in Jahren * Hautwohnsitzbevölkerung im jeweiligen Altersjahr) (insgesamt)","Hauptwohnsitzbevölkerung (insgesamt)",NA,NA,NA
"Durchschnittsalter","insgesamt",2007,"14 Berg am Laim",41.6,1654234,39786,NA,NA,NA,"Summe (Alter in Jahren * Hautwohnsitzbevölkerung im jeweiligen Altersjahr) (insgesamt)","Hauptwohnsitzbevölkerung (insgesamt)",NA,NA,NA
"Durchschnittsalter","insgesamt",2007,"15 Trudering - Riem",39.3,2217436,56487,NA,NA,NA,"Summe (Alter in Jahren * Hautwohnsitzbevölkerung im jeweiligen Altersjahr) (insgesamt)","Hauptwohnsitzbevölkerung (insgesamt)",NA,NA,NA
"Durchschnittsalter","insgesamt",2007,"16 Ramersdorf - Perlach",41.8,4320190,103447,NA,NA,NA,"Summe (Alter in Jahren * Hautwohnsitzbevölkerung im jeweiligen Altersjahr) (insgesamt)","Hauptwohnsitzbevölkerung (insgesamt)",NA,NA,NA
"Durchschnittsalter","insgesamt",2007,"17 Obergiesing - Fasangarten",40.9,1955378,47791,NA,NA,NA,"Summe (Alter in Jahren * Hautwohnsitzbevölkerung im jeweiligen Altersjahr) (insgesamt)","Hauptwohnsitzbevölkerung (insgesamt)",NA,NA,NA
"Durchschnittsalter","insgesamt",2007,"18 Untergiesing - Harlaching",43.3,2119441,48990,NA,NA,NA,"Summe (Alter in Jahren * Hautwohnsitzbevölkerung im jeweiligen Altersjahr) (insgesamt)","Hauptwohnsitzbevölkerung (insgesamt)",NA,NA,NA
"Durchschnittsalter","insgesamt",2007,"19 Thalkirchen - Obersendling - Forstenried - Fürstenried - Solln",44.1,3625668,82283,NA,NA,NA,"Summe (Alter in Jahren * Hautwohnsitzbevölkerung im jeweiligen Altersjahr) (insgesamt)","Hauptwohnsitzbevölkerung (insgesamt)",NA,NA,NA
"Durchschnittsalter","insgesamt",2007,"20 Hadern",42.5,1955477,46059,NA,NA,NA,"Summe (Alter in Jahren * Hautwohnsitzbevölkerung im jeweiligen Altersjahr) (insgesamt)","Hauptwohnsitzbevölkerung (insgesamt)",NA,NA,NA
"Durchschnittsalter","insgesamt",2007,"21 Pasing - Obermenzing",42,2718962,64773,NA,NA,NA,"Summe (Alter in Jahren * Hautwohnsitzbevölkerung im jeweiligen Altersjahr) (insgesamt)","Hauptwohnsitzbevölkerung (insgesamt)",NA,NA,NA
"Durchschnittsalter","insgesamt",2007,"22 Aubing - Lochhausen - Langwied",42.7,1626244,38091,NA,NA,NA,"Summe (Alter in Jahren * Hautwohnsitzbevölkerung im jeweiligen Altersjahr) (insgesamt)","Hauptwohnsitzbevölkerung (insgesamt)",NA,NA,NA
"Durchschnittsalter","insgesamt",2007,"23 Allach - Untermenzing",42.6,1199204,28165,NA,NA,NA,"Summe (Alter in Jahren * Hautwohnsitzbevölkerung im jeweiligen Altersjahr) (insgesamt)","Hauptwohnsitzbevölkerung (insgesamt)",NA,NA,NA
"Durchschnittsalter","insgesamt",2007,"24 Feldmoching - Hasenbergl",41.5,2300334,55475,NA,NA,NA,"Summe (Alter in Jahren * Hautwohnsitzbevölkerung im jeweiligen Altersjahr) (insgesamt)","Hauptwohnsitzbevölkerung (insgesamt)",NA,NA,NA
"Durchschnittsalter","insgesamt",2007,"25 Laim",43.3,2190572,50600,NA,NA,NA,"Summe (Alter in Jahren * Hautwohnsitzbevölkerung im jeweiligen Altersjahr) (insgesamt)","Hauptwohnsitzbevölkerung (insgesamt)",NA,NA,NA
"Durchschnittsalter","insgesamt",2006,"Stadt München",41.6,55122565,1326206,NA,NA,NA,"Summe (Alter in Jahren * Hautwohnsitzbevölkerung im jeweiligen Altersjahr) (insgesamt)","Hauptwohnsitzbevölkerung (insgesamt)",NA,NA,NA
"Durchschnittsalter","insgesamt",2006,"01 Altstadt - Lehel",42.6,804996,18876,NA,NA,NA,"Summe (Alter in Jahren * Hautwohnsitzbevölkerung im jeweiligen Altersjahr) (insgesamt)","Hauptwohnsitzbevölkerung (insgesamt)",NA,NA,NA
"Durchschnittsalter","insgesamt",2006,"02 Ludwigsvorstadt - Isarvorstadt",39.6,1813379,45736,NA,NA,NA,"Summe (Alter in Jahren * Hautwohnsitzbevölkerung im jeweiligen Altersjahr) (insgesamt)","Hauptwohnsitzbevölkerung (insgesamt)",NA,NA,NA
"Durchschnittsalter","insgesamt",2006,"03 Maxvorstadt",39.3,1808762,46058,NA,NA,NA,"Summe (Alter in Jahren * Hautwohnsitzbevölkerung im jeweiligen Altersjahr) (insgesamt)","Hauptwohnsitzbevölkerung (insgesamt)",NA,NA,NA
"Durchschnittsalter","insgesamt",2006,"04 Schwabing - West",41.8,2489284,59553,NA,NA,NA,"Summe (Alter in Jahren * Hautwohnsitzbevölkerung im jeweiligen Altersjahr) (insgesamt)","Hauptwohnsitzbevölkerung (insgesamt)",NA,NA,NA
"Durchschnittsalter","insgesamt",2006,"05 Au - Haidhausen",40.6,2207959,54382,NA,NA,NA,"Summe (Alter in Jahren * Hautwohnsitzbevölkerung im jeweiligen Altersjahr) (insgesamt)","Hauptwohnsitzbevölkerung (insgesamt)",NA,NA,NA
"Durchschnittsalter","insgesamt",2006,"06 Sendling",40.1,1489359,37146,NA,NA,NA,"Summe (Alter in Jahren * Hautwohnsitzbevölkerung im jeweiligen Altersjahr) (insgesamt)","Hauptwohnsitzbevölkerung (insgesamt)",NA,NA,NA
"Durchschnittsalter","insgesamt",2006,"07 Sendling - Westpark",42.5,2162080,50903,NA,NA,NA,"Summe (Alter in Jahren * Hautwohnsitzbevölkerung im jeweiligen Altersjahr) (insgesamt)","Hauptwohnsitzbevölkerung (insgesamt)",NA,NA,NA
"Durchschnittsalter","insgesamt",2006,"08 Schwanthalerhöhe",39.4,1028645,26103,NA,NA,NA,"Summe (Alter in Jahren * Hautwohnsitzbevölkerung im jeweiligen Altersjahr) (insgesamt)","Hauptwohnsitzbevölkerung (insgesamt)",NA,NA,NA
"Durchschnittsalter","insgesamt",2006,"09 Neuhausen - Nymphenburg",41.9,3545477,84604,NA,NA,NA,"Summe (Alter in Jahren * Hautwohnsitzbevölkerung im jeweiligen Altersjahr) (insgesamt)","Hauptwohnsitzbevölkerung (insgesamt)",NA,NA,NA
"Durchschnittsalter","insgesamt",2006,"10 Moosach",41.5,1980813,47754,NA,NA,NA,"Summe (Alter in Jahren * Hautwohnsitzbevölkerung im jeweiligen Altersjahr) (insgesamt)","Hauptwohnsitzbevölkerung (insgesamt)",NA,NA,NA
"Durchschnittsalter","insgesamt",2006,"11 Milbertshofen - Am Hart",39.4,2636578,66992,NA,NA,NA,"Summe (Alter in Jahren * Hautwohnsitzbevölkerung im jeweiligen Altersjahr) (insgesamt)","Hauptwohnsitzbevölkerung (insgesamt)",NA,NA,NA
"Durchschnittsalter","insgesamt",2006,"12 Schwabing - Freimann",40.1,2500371,62430,NA,NA,NA,"Summe (Alter in Jahren * Hautwohnsitzbevölkerung im jeweiligen Altersjahr) (insgesamt)","Hauptwohnsitzbevölkerung (insgesamt)",NA,NA,NA
"Durchschnittsalter","insgesamt",2006,"13 Bogenhausen",42.7,3230277,75657,NA,NA,NA,"Summe (Alter in Jahren * Hautwohnsitzbevölkerung im jeweiligen Altersjahr) (insgesamt)","Hauptwohnsitzbevölkerung (insgesamt)",NA,NA,NA
"Durchschnittsalter","insgesamt",2006,"14 Berg am Laim",41.7,1628580,39009,NA,NA,NA,"Summe (Alter in Jahren * Hautwohnsitzbevölkerung im jeweiligen Altersjahr) (insgesamt)","Hauptwohnsitzbevölkerung (insgesamt)",NA,NA,NA
"Durchschnittsalter","insgesamt",2006,"15 Trudering - Riem",39.5,2128937,53915,NA,NA,NA,"Summe (Alter in Jahren * Hautwohnsitzbevölkerung im jeweiligen Altersjahr) (insgesamt)","Hauptwohnsitzbevölkerung (insgesamt)",NA,NA,NA
"Durchschnittsalter","insgesamt",2006,"16 Ramersdorf - Perlach",41.6,4268296,102689,NA,NA,NA,"Summe (Alter in Jahren * Hautwohnsitzbevölkerung im jeweiligen Altersjahr) (insgesamt)","Hauptwohnsitzbevölkerung (insgesamt)",NA,NA,NA
"Durchschnittsalter","insgesamt",2006,"17 Obergiesing - Fasangarten",41.1,1930731,47007,NA,NA,NA,"Summe (Alter in Jahren * Hautwohnsitzbevölkerung im jeweiligen Altersjahr) (insgesamt)","Hauptwohnsitzbevölkerung (insgesamt)",NA,NA,NA
"Durchschnittsalter","insgesamt",2006,"18 Untergiesing - Harlaching",43.4,2088167,48075,NA,NA,NA,"Summe (Alter in Jahren * Hautwohnsitzbevölkerung im jeweiligen Altersjahr) (insgesamt)","Hauptwohnsitzbevölkerung (insgesamt)",NA,NA,NA
"Durchschnittsalter","insgesamt",2006,"19 Thalkirchen - Obersendling - Forstenried - Fürstenried - Solln",44.1,3562338,80701,NA,NA,NA,"Summe (Alter in Jahren * Hautwohnsitzbevölkerung im jeweiligen Altersjahr) (insgesamt)","Hauptwohnsitzbevölkerung (insgesamt)",NA,NA,NA
"Durchschnittsalter","insgesamt",2006,"20 Hadern",42.6,1916877,44993,NA,NA,NA,"Summe (Alter in Jahren * Hautwohnsitzbevölkerung im jeweiligen Altersjahr) (insgesamt)","Hauptwohnsitzbevölkerung (insgesamt)",NA,NA,NA
"Durchschnittsalter","insgesamt",2006,"21 Pasing - Obermenzing",42.1,2681480,63763,NA,NA,NA,"Summe (Alter in Jahren * Hautwohnsitzbevölkerung im jeweiligen Altersjahr) (insgesamt)","Hauptwohnsitzbevölkerung (insgesamt)",NA,NA,NA
"Durchschnittsalter","insgesamt",2006,"22 Aubing - Lochhausen - Langwied",42.6,1614595,37857,NA,NA,NA,"Summe (Alter in Jahren * Hautwohnsitzbevölkerung im jeweiligen Altersjahr) (insgesamt)","Hauptwohnsitzbevölkerung (insgesamt)",NA,NA,NA
"Durchschnittsalter","insgesamt",2006,"23 Allach - Untermenzing",42.6,1180129,27730,NA,NA,NA,"Summe (Alter in Jahren * Hautwohnsitzbevölkerung im jeweiligen Altersjahr) (insgesamt)","Hauptwohnsitzbevölkerung (insgesamt)",NA,NA,NA
"Durchschnittsalter","insgesamt",2006,"24 Feldmoching - Hasenbergl",41.5,2253506,54245,NA,NA,NA,"Summe (Alter in Jahren * Hautwohnsitzbevölkerung im jeweiligen Altersjahr) (insgesamt)","Hauptwohnsitzbevölkerung (insgesamt)",NA,NA,NA
"Durchschnittsalter","insgesamt",2006,"25 Laim",43.4,2170949,50028,NA,NA,NA,"Summe (Alter in Jahren * Hautwohnsitzbevölkerung im jeweiligen Altersjahr) (insgesamt)","Hauptwohnsitzbevölkerung (insgesamt)",NA,NA,NA
"Durchschnittsalter","insgesamt",2005,"Stadt München",41.8,53802509,1288307,NA,NA,NA,"Summe (Alter in Jahren * Hautwohnsitzbevölkerung im jeweiligen Altersjahr) (insgesamt)","Hauptwohnsitzbevölkerung (insgesamt)",NA,NA,NA
"Durchschnittsalter","insgesamt",2005,"01 Altstadt - Lehel",42.7,794872,18631,NA,NA,NA,"Summe (Alter in Jahren * Hautwohnsitzbevölkerung im jeweiligen Altersjahr) (insgesamt)","Hauptwohnsitzbevölkerung (insgesamt)",NA,NA,NA
"Durchschnittsalter","insgesamt",2005,"02 Ludwigsvorstadt - Isarvorstadt",40,1757371,43945,NA,NA,NA,"Summe (Alter in Jahren * Hautwohnsitzbevölkerung im jeweiligen Altersjahr) (insgesamt)","Hauptwohnsitzbevölkerung (insgesamt)",NA,NA,NA
"Durchschnittsalter","insgesamt",2005,"03 Maxvorstadt",40.4,1706626,42201,NA,NA,NA,"Summe (Alter in Jahren * Hautwohnsitzbevölkerung im jeweiligen Altersjahr) (insgesamt)","Hauptwohnsitzbevölkerung (insgesamt)",NA,NA,NA
"Durchschnittsalter","insgesamt",2005,"04 Schwabing - West",42.6,2384767,56033,NA,NA,NA,"Summe (Alter in Jahren * Hautwohnsitzbevölkerung im jeweiligen Altersjahr) (insgesamt)","Hauptwohnsitzbevölkerung (insgesamt)",NA,NA,NA
"Durchschnittsalter","insgesamt",2005,"05 Au - Haidhausen",41,2151856,52502,NA,NA,NA,"Summe (Alter in Jahren * Hautwohnsitzbevölkerung im jeweiligen Altersjahr) (insgesamt)","Hauptwohnsitzbevölkerung (insgesamt)",NA,NA,NA
"Durchschnittsalter","insgesamt",2005,"06 Sendling",40.2,1445016,35966,NA,NA,NA,"Summe (Alter in Jahren * Hautwohnsitzbevölkerung im jeweiligen Altersjahr) (insgesamt)","Hauptwohnsitzbevölkerung (insgesamt)",NA,NA,NA
"Durchschnittsalter","insgesamt",2005,"07 Sendling - Westpark",42.7,2112657,49472,NA,NA,NA,"Summe (Alter in Jahren * Hautwohnsitzbevölkerung im jeweiligen Altersjahr) (insgesamt)","Hauptwohnsitzbevölkerung (insgesamt)",NA,NA,NA
"Durchschnittsalter","insgesamt",2005,"08 Schwanthalerhöhe",39.8,1014608,25507,NA,NA,NA,"Summe (Alter in Jahren * Hautwohnsitzbevölkerung im jeweiligen Altersjahr) (insgesamt)","Hauptwohnsitzbevölkerung (insgesamt)",NA,NA,NA
"Durchschnittsalter","insgesamt",2005,"09 Neuhausen - Nymphenburg",42.2,3468332,82156,NA,NA,NA,"Summe (Alter in Jahren * Hautwohnsitzbevölkerung im jeweiligen Altersjahr) (insgesamt)","Hauptwohnsitzbevölkerung (insgesamt)",NA,NA,NA
"Durchschnittsalter","insgesamt",2005,"10 Moosach",41.5,1956810,47198,NA,NA,NA,"Summe (Alter in Jahren * Hautwohnsitzbevölkerung im jeweiligen Altersjahr) (insgesamt)","Hauptwohnsitzbevölkerung (insgesamt)",NA,NA,NA
"Durchschnittsalter","insgesamt",2005,"11 Milbertshofen - Am Hart",39.7,2563560,64612,NA,NA,NA,"Summe (Alter in Jahren * Hautwohnsitzbevölkerung im jeweiligen Altersjahr) (insgesamt)","Hauptwohnsitzbevölkerung (insgesamt)",NA,NA,NA
"Durchschnittsalter","insgesamt",2005,"12 Schwabing - Freimann",40.4,2413523,59767,NA,NA,NA,"Summe (Alter in Jahren * Hautwohnsitzbevölkerung im jeweiligen Altersjahr) (insgesamt)","Hauptwohnsitzbevölkerung (insgesamt)",NA,NA,NA
"Durchschnittsalter","insgesamt",2005,"13 Bogenhausen",42.7,3151062,73860,NA,NA,NA,"Summe (Alter in Jahren * Hautwohnsitzbevölkerung im jeweiligen Altersjahr) (insgesamt)","Hauptwohnsitzbevölkerung (insgesamt)",NA,NA,NA
"Durchschnittsalter","insgesamt",2005,"14 Berg am Laim",41.8,1604013,38341,NA,NA,NA,"Summe (Alter in Jahren * Hautwohnsitzbevölkerung im jeweiligen Altersjahr) (insgesamt)","Hauptwohnsitzbevölkerung (insgesamt)",NA,NA,NA
"Durchschnittsalter","insgesamt",2005,"15 Trudering - Riem",39.6,2016945,50990,NA,NA,NA,"Summe (Alter in Jahren * Hautwohnsitzbevölkerung im jeweiligen Altersjahr) (insgesamt)","Hauptwohnsitzbevölkerung (insgesamt)",NA,NA,NA
"Durchschnittsalter","insgesamt",2005,"16 Ramersdorf - Perlach",41.4,4216302,101820,NA,NA,NA,"Summe (Alter in Jahren * Hautwohnsitzbevölkerung im jeweiligen Altersjahr) (insgesamt)","Hauptwohnsitzbevölkerung (insgesamt)",NA,NA,NA
"Durchschnittsalter","insgesamt",2005,"17 Obergiesing - Fasangarten",41.4,1867521,45132,NA,NA,NA,"Summe (Alter in Jahren * Hautwohnsitzbevölkerung im jeweiligen Altersjahr) (insgesamt)","Hauptwohnsitzbevölkerung (insgesamt)",NA,NA,NA
"Durchschnittsalter","insgesamt",2005,"18 Untergiesing - Harlaching",43.6,2043729,46857,NA,NA,NA,"Summe (Alter in Jahren * Hautwohnsitzbevölkerung im jeweiligen Altersjahr) (insgesamt)","Hauptwohnsitzbevölkerung (insgesamt)",NA,NA,NA
"Durchschnittsalter","insgesamt",2005,"19 Thalkirchen - Obersendling - Forstenried - Fürstenried - Solln",44.1,3491322,79148,NA,NA,NA,"Summe (Alter in Jahren * Hautwohnsitzbevölkerung im jeweiligen Altersjahr) (insgesamt)","Hauptwohnsitzbevölkerung (insgesamt)",NA,NA,NA
"Durchschnittsalter","insgesamt",2005,"20 Hadern",42.7,1876911,43981,NA,NA,NA,"Summe (Alter in Jahren * Hautwohnsitzbevölkerung im jeweiligen Altersjahr) (insgesamt)","Hauptwohnsitzbevölkerung (insgesamt)",NA,NA,NA
"Durchschnittsalter","insgesamt",2005,"21 Pasing - Obermenzing",42,2637200,62724,NA,NA,NA,"Summe (Alter in Jahren * Hautwohnsitzbevölkerung im jeweiligen Altersjahr) (insgesamt)","Hauptwohnsitzbevölkerung (insgesamt)",NA,NA,NA
"Durchschnittsalter","insgesamt",2005,"22 Aubing - Lochhausen - Langwied",42.5,1595946,37560,NA,NA,NA,"Summe (Alter in Jahren * Hautwohnsitzbevölkerung im jeweiligen Altersjahr) (insgesamt)","Hauptwohnsitzbevölkerung (insgesamt)",NA,NA,NA
"Durchschnittsalter","insgesamt",2005,"23 Allach - Untermenzing",42.5,1171691,27586,NA,NA,NA,"Summe (Alter in Jahren * Hautwohnsitzbevölkerung im jeweiligen Altersjahr) (insgesamt)","Hauptwohnsitzbevölkerung (insgesamt)",NA,NA,NA
"Durchschnittsalter","insgesamt",2005,"24 Feldmoching - Hasenbergl",41.7,2223749,53389,NA,NA,NA,"Summe (Alter in Jahren * Hautwohnsitzbevölkerung im jeweiligen Altersjahr) (insgesamt)","Hauptwohnsitzbevölkerung (insgesamt)",NA,NA,NA
"Durchschnittsalter","insgesamt",2005,"25 Laim",43.7,2136079,48927,NA,NA,NA,"Summe (Alter in Jahren * Hautwohnsitzbevölkerung im jeweiligen Altersjahr) (insgesamt)","Hauptwohnsitzbevölkerung (insgesamt)",NA,NA,NA
"Durchschnittsalter","insgesamt",2004,"Stadt München",41.8,53222779,1273185,NA,NA,NA,"Summe (Alter in Jahren * Hautwohnsitzbevölkerung im jeweiligen Altersjahr) (insgesamt)","Hauptwohnsitzbevölkerung (insgesamt)",NA,NA,NA
"Durchschnittsalter","insgesamt",2004,"01 Altstadt - Lehel",42.9,781462,18210,NA,NA,NA,"Summe (Alter in Jahren * Hautwohnsitzbevölkerung im jeweiligen Altersjahr) (insgesamt)","Hauptwohnsitzbevölkerung (insgesamt)",NA,NA,NA
"Durchschnittsalter","insgesamt",2004,"02 Ludwigsvorstadt - Isarvorstadt",40,1740032,43469,NA,NA,NA,"Summe (Alter in Jahren * Hautwohnsitzbevölkerung im jeweiligen Altersjahr) (insgesamt)","Hauptwohnsitzbevölkerung (insgesamt)",NA,NA,NA
"Durchschnittsalter","insgesamt",2004,"03 Maxvorstadt",40.6,1686971,41581,NA,NA,NA,"Summe (Alter in Jahren * Hautwohnsitzbevölkerung im jeweiligen Altersjahr) (insgesamt)","Hauptwohnsitzbevölkerung (insgesamt)",NA,NA,NA
"Durchschnittsalter","insgesamt",2004,"04 Schwabing - West",42.7,2357852,55231,NA,NA,NA,"Summe (Alter in Jahren * Hautwohnsitzbevölkerung im jeweiligen Altersjahr) (insgesamt)","Hauptwohnsitzbevölkerung (insgesamt)",NA,NA,NA
"Durchschnittsalter","insgesamt",2004,"05 Au - Haidhausen",41.3,2119989,51383,NA,NA,NA,"Summe (Alter in Jahren * Hautwohnsitzbevölkerung im jeweiligen Altersjahr) (insgesamt)","Hauptwohnsitzbevölkerung (insgesamt)",NA,NA,NA
"Durchschnittsalter","insgesamt",2004,"06 Sendling",40.2,1434237,35691,NA,NA,NA,"Summe (Alter in Jahren * Hautwohnsitzbevölkerung im jeweiligen Altersjahr) (insgesamt)","Hauptwohnsitzbevölkerung (insgesamt)",NA,NA,NA
"Durchschnittsalter","insgesamt",2004,"07 Sendling - Westpark",42.8,2082571,48669,NA,NA,NA,"Summe (Alter in Jahren * Hautwohnsitzbevölkerung im jeweiligen Altersjahr) (insgesamt)","Hauptwohnsitzbevölkerung (insgesamt)",NA,NA,NA
"Durchschnittsalter","insgesamt",2004,"08 Schwanthalerhöhe",39.7,1008182,25369,NA,NA,NA,"Summe (Alter in Jahren * Hautwohnsitzbevölkerung im jeweiligen Altersjahr) (insgesamt)","Hauptwohnsitzbevölkerung (insgesamt)",NA,NA,NA
"Durchschnittsalter","insgesamt",2004,"09 Neuhausen - Nymphenburg",42.2,3459419,81921,NA,NA,NA,"Summe (Alter in Jahren * Hautwohnsitzbevölkerung im jeweiligen Altersjahr) (insgesamt)","Hauptwohnsitzbevölkerung (insgesamt)",NA,NA,NA
"Durchschnittsalter","insgesamt",2004,"10 Moosach",41.4,1941329,46856,NA,NA,NA,"Summe (Alter in Jahren * Hautwohnsitzbevölkerung im jeweiligen Altersjahr) (insgesamt)","Hauptwohnsitzbevölkerung (insgesamt)",NA,NA,NA
"Durchschnittsalter","insgesamt",2004,"11 Milbertshofen - Am Hart",39.9,2517835,63076,NA,NA,NA,"Summe (Alter in Jahren * Hautwohnsitzbevölkerung im jeweiligen Altersjahr) (insgesamt)","Hauptwohnsitzbevölkerung (insgesamt)",NA,NA,NA
"Durchschnittsalter","insgesamt",2004,"12 Schwabing - Freimann",40.3,2403465,59601,NA,NA,NA,"Summe (Alter in Jahren * Hautwohnsitzbevölkerung im jeweiligen Altersjahr) (insgesamt)","Hauptwohnsitzbevölkerung (insgesamt)",NA,NA,NA
"Durchschnittsalter","insgesamt",2004,"13 Bogenhausen",42.7,3116021,72982,NA,NA,NA,"Summe (Alter in Jahren * Hautwohnsitzbevölkerung im jeweiligen Altersjahr) (insgesamt)","Hauptwohnsitzbevölkerung (insgesamt)",NA,NA,NA
"Durchschnittsalter","insgesamt",2004,"14 Berg am Laim",41.8,1594153,38139,NA,NA,NA,"Summe (Alter in Jahren * Hautwohnsitzbevölkerung im jeweiligen Altersjahr) (insgesamt)","Hauptwohnsitzbevölkerung (insgesamt)",NA,NA,NA
"Durchschnittsalter","insgesamt",2004,"15 Trudering - Riem",39.8,1944753,48914,NA,NA,NA,"Summe (Alter in Jahren * Hautwohnsitzbevölkerung im jeweiligen Altersjahr) (insgesamt)","Hauptwohnsitzbevölkerung (insgesamt)",NA,NA,NA
"Durchschnittsalter","insgesamt",2004,"16 Ramersdorf - Perlach",41.3,4170182,100851,NA,NA,NA,"Summe (Alter in Jahren * Hautwohnsitzbevölkerung im jeweiligen Altersjahr) (insgesamt)","Hauptwohnsitzbevölkerung (insgesamt)",NA,NA,NA
"Durchschnittsalter","insgesamt",2004,"17 Obergiesing - Fasangarten",41.5,1847742,44473,NA,NA,NA,"Summe (Alter in Jahren * Hautwohnsitzbevölkerung im jeweiligen Altersjahr) (insgesamt)","Hauptwohnsitzbevölkerung (insgesamt)",NA,NA,NA
"Durchschnittsalter","insgesamt",2004,"18 Untergiesing - Harlaching",43.7,2030515,46462,NA,NA,NA,"Summe (Alter in Jahren * Hautwohnsitzbevölkerung im jeweiligen Altersjahr) (insgesamt)","Hauptwohnsitzbevölkerung (insgesamt)",NA,NA,NA
"Durchschnittsalter","insgesamt",2004,"19 Thalkirchen - Obersendling - Forstenried - Fürstenried - Solln",44.2,3448532,78057,NA,NA,NA,"Summe (Alter in Jahren * Hautwohnsitzbevölkerung im jeweiligen Altersjahr) (insgesamt)","Hauptwohnsitzbevölkerung (insgesamt)",NA,NA,NA
"Durchschnittsalter","insgesamt",2004,"20 Hadern",42.7,1851595,43396,NA,NA,NA,"Summe (Alter in Jahren * Hautwohnsitzbevölkerung im jeweiligen Altersjahr) (insgesamt)","Hauptwohnsitzbevölkerung (insgesamt)",NA,NA,NA
"Durchschnittsalter","insgesamt",2004,"21 Pasing - Obermenzing",42,2608007,62081,NA,NA,NA,"Summe (Alter in Jahren * Hautwohnsitzbevölkerung im jeweiligen Altersjahr) (insgesamt)","Hauptwohnsitzbevölkerung (insgesamt)",NA,NA,NA
"Durchschnittsalter","insgesamt",2004,"22 Aubing - Lochhausen - Langwied",42.3,1588783,37595,NA,NA,NA,"Summe (Alter in Jahren * Hautwohnsitzbevölkerung im jeweiligen Altersjahr) (insgesamt)","Hauptwohnsitzbevölkerung (insgesamt)",NA,NA,NA
"Durchschnittsalter","insgesamt",2004,"23 Allach - Untermenzing",42.3,1158292,27374,NA,NA,NA,"Summe (Alter in Jahren * Hautwohnsitzbevölkerung im jeweiligen Altersjahr) (insgesamt)","Hauptwohnsitzbevölkerung (insgesamt)",NA,NA,NA
"Durchschnittsalter","insgesamt",2004,"24 Feldmoching - Hasenbergl",41.5,2196384,52958,NA,NA,NA,"Summe (Alter in Jahren * Hautwohnsitzbevölkerung im jeweiligen Altersjahr) (insgesamt)","Hauptwohnsitzbevölkerung (insgesamt)",NA,NA,NA
"Durchschnittsalter","insgesamt",2004,"25 Laim",43.7,2134241,48841,NA,NA,NA,"Summe (Alter in Jahren * Hautwohnsitzbevölkerung im jeweiligen Altersjahr) (insgesamt)","Hauptwohnsitzbevölkerung (insgesamt)",NA,NA,NA
"Durchschnittsalter","insgesamt",2003,"Stadt München",41.7,52901774,1267811,NA,NA,NA,"Summe (Alter in Jahren * Hautwohnsitzbevölkerung im jeweiligen Altersjahr) (insgesamt)","Hauptwohnsitzbevölkerung (insgesamt)",NA,NA,NA
"Durchschnittsalter","insgesamt",2003,"01 Altstadt - Lehel",42.8,776947,18159,NA,NA,NA,"Summe (Alter in Jahren * Hautwohnsitzbevölkerung im jeweiligen Altersjahr) (insgesamt)","Hauptwohnsitzbevölkerung (insgesamt)",NA,NA,NA
"Durchschnittsalter","insgesamt",2003,"02 Ludwigsvorstadt - Isarvorstadt",40.1,1747933,43637,NA,NA,NA,"Summe (Alter in Jahren * Hautwohnsitzbevölkerung im jeweiligen Altersjahr) (insgesamt)","Hauptwohnsitzbevölkerung (insgesamt)",NA,NA,NA
"Durchschnittsalter","insgesamt",2003,"03 Maxvorstadt",40.6,1683944,41502,NA,NA,NA,"Summe (Alter in Jahren * Hautwohnsitzbevölkerung im jeweiligen Altersjahr) (insgesamt)","Hauptwohnsitzbevölkerung (insgesamt)",NA,NA,NA
"Durchschnittsalter","insgesamt",2003,"04 Schwabing - West",42.8,2325462,54351,NA,NA,NA,"Summe (Alter in Jahren * Hautwohnsitzbevölkerung im jeweiligen Altersjahr) (insgesamt)","Hauptwohnsitzbevölkerung (insgesamt)",NA,NA,NA
"Durchschnittsalter","insgesamt",2003,"05 Au - Haidhausen",41.2,2128090,51636,NA,NA,NA,"Summe (Alter in Jahren * Hautwohnsitzbevölkerung im jeweiligen Altersjahr) (insgesamt)","Hauptwohnsitzbevölkerung (insgesamt)",NA,NA,NA
"Durchschnittsalter","insgesamt",2003,"06 Sendling",40.3,1414912,35113,NA,NA,NA,"Summe (Alter in Jahren * Hautwohnsitzbevölkerung im jeweiligen Altersjahr) (insgesamt)","Hauptwohnsitzbevölkerung (insgesamt)",NA,NA,NA
"Durchschnittsalter","insgesamt",2003,"07 Sendling - Westpark",42.8,2077549,48564,NA,NA,NA,"Summe (Alter in Jahren * Hautwohnsitzbevölkerung im jeweiligen Altersjahr) (insgesamt)","Hauptwohnsitzbevölkerung (insgesamt)",NA,NA,NA
"Durchschnittsalter","insgesamt",2003,"08 Schwanthalerhöhe",39.8,1009150,25328,NA,NA,NA,"Summe (Alter in Jahren * Hautwohnsitzbevölkerung im jeweiligen Altersjahr) (insgesamt)","Hauptwohnsitzbevölkerung (insgesamt)",NA,NA,NA
"Durchschnittsalter","insgesamt",2003,"09 Neuhausen - Nymphenburg",42.1,3440120,81661,NA,NA,NA,"Summe (Alter in Jahren * Hautwohnsitzbevölkerung im jeweiligen Altersjahr) (insgesamt)","Hauptwohnsitzbevölkerung (insgesamt)",NA,NA,NA
"Durchschnittsalter","insgesamt",2003,"10 Moosach",41.3,1923393,46546,NA,NA,NA,"Summe (Alter in Jahren * Hautwohnsitzbevölkerung im jeweiligen Altersjahr) (insgesamt)","Hauptwohnsitzbevölkerung (insgesamt)",NA,NA,NA
"Durchschnittsalter","insgesamt",2003,"11 Milbertshofen - Am Hart",40.1,2484001,61885,NA,NA,NA,"Summe (Alter in Jahren * Hautwohnsitzbevölkerung im jeweiligen Altersjahr) (insgesamt)","Hauptwohnsitzbevölkerung (insgesamt)",NA,NA,NA
"Durchschnittsalter","insgesamt",2003,"12 Schwabing - Freimann",40.1,2414972,60214,NA,NA,NA,"Summe (Alter in Jahren * Hautwohnsitzbevölkerung im jeweiligen Altersjahr) (insgesamt)","Hauptwohnsitzbevölkerung (insgesamt)",NA,NA,NA
"Durchschnittsalter","insgesamt",2003,"13 Bogenhausen",42.6,3109977,73070,NA,NA,NA,"Summe (Alter in Jahren * Hautwohnsitzbevölkerung im jeweiligen Altersjahr) (insgesamt)","Hauptwohnsitzbevölkerung (insgesamt)",NA,NA,NA
"Durchschnittsalter","insgesamt",2003,"14 Berg am Laim",41.8,1572749,37628,NA,NA,NA,"Summe (Alter in Jahren * Hautwohnsitzbevölkerung im jeweiligen Altersjahr) (insgesamt)","Hauptwohnsitzbevölkerung (insgesamt)",NA,NA,NA
"Durchschnittsalter","insgesamt",2003,"15 Trudering - Riem",39.7,1902198,47919,NA,NA,NA,"Summe (Alter in Jahren * Hautwohnsitzbevölkerung im jeweiligen Altersjahr) (insgesamt)","Hauptwohnsitzbevölkerung (insgesamt)",NA,NA,NA
"Durchschnittsalter","insgesamt",2003,"16 Ramersdorf - Perlach",41.1,4140638,100735,NA,NA,NA,"Summe (Alter in Jahren * Hautwohnsitzbevölkerung im jeweiligen Altersjahr) (insgesamt)","Hauptwohnsitzbevölkerung (insgesamt)",NA,NA,NA
"Durchschnittsalter","insgesamt",2003,"17 Obergiesing - Fasangarten",41.4,1852323,44761,NA,NA,NA,"Summe (Alter in Jahren * Hautwohnsitzbevölkerung im jeweiligen Altersjahr) (insgesamt)","Hauptwohnsitzbevölkerung (insgesamt)",NA,NA,NA
"Durchschnittsalter","insgesamt",2003,"18 Untergiesing - Harlaching",43.6,2035513,46707,NA,NA,NA,"Summe (Alter in Jahren * Hautwohnsitzbevölkerung im jeweiligen Altersjahr) (insgesamt)","Hauptwohnsitzbevölkerung (insgesamt)",NA,NA,NA
"Durchschnittsalter","insgesamt",2003,"19 Thalkirchen - Obersendling - Forstenried - Fürstenried - Solln",44,3423084,77850,NA,NA,NA,"Summe (Alter in Jahren * Hautwohnsitzbevölkerung im jeweiligen Altersjahr) (insgesamt)","Hauptwohnsitzbevölkerung (insgesamt)",NA,NA,NA
"Durchschnittsalter","insgesamt",2003,"20 Hadern",42.6,1826271,42823,NA,NA,NA,"Summe (Alter in Jahren * Hautwohnsitzbevölkerung im jeweiligen Altersjahr) (insgesamt)","Hauptwohnsitzbevölkerung (insgesamt)",NA,NA,NA
"Durchschnittsalter","insgesamt",2003,"21 Pasing - Obermenzing",41.9,2578763,61509,NA,NA,NA,"Summe (Alter in Jahren * Hautwohnsitzbevölkerung im jeweiligen Altersjahr) (insgesamt)","Hauptwohnsitzbevölkerung (insgesamt)",NA,NA,NA
"Durchschnittsalter","insgesamt",2003,"22 Aubing - Lochhausen - Langwied",42.1,1579876,37566,NA,NA,NA,"Summe (Alter in Jahren * Hautwohnsitzbevölkerung im jeweiligen Altersjahr) (insgesamt)","Hauptwohnsitzbevölkerung (insgesamt)",NA,NA,NA
"Durchschnittsalter","insgesamt",2003,"23 Allach - Untermenzing",42.1,1137023,26977,NA,NA,NA,"Summe (Alter in Jahren * Hautwohnsitzbevölkerung im jeweiligen Altersjahr) (insgesamt)","Hauptwohnsitzbevölkerung (insgesamt)",NA,NA,NA
"Durchschnittsalter","insgesamt",2003,"24 Feldmoching - Hasenbergl",41.3,2187918,52961,NA,NA,NA,"Summe (Alter in Jahren * Hautwohnsitzbevölkerung im jeweiligen Altersjahr) (insgesamt)","Hauptwohnsitzbevölkerung (insgesamt)",NA,NA,NA
"Durchschnittsalter","insgesamt",2003,"25 Laim",43.7,2128916,48708,NA,NA,NA,"Summe (Alter in Jahren * Hautwohnsitzbevölkerung im jeweiligen Altersjahr) (insgesamt)","Hauptwohnsitzbevölkerung (insgesamt)",NA,NA,NA
"Durchschnittsalter","insgesamt",2002,"Stadt München",41.7,52664311,1264309,NA,NA,NA,"Summe (Alter in Jahren * Hautwohnsitzbevölkerung im jeweiligen Altersjahr) (insgesamt)","Hauptwohnsitzbevölkerung (insgesamt)",NA,NA,NA
"Durchschnittsalter","insgesamt",2002,"01 Altstadt - Lehel",42.7,775978,18193,NA,NA,NA,"Summe (Alter in Jahren * Hautwohnsitzbevölkerung im jeweiligen Altersjahr) (insgesamt)","Hauptwohnsitzbevölkerung (insgesamt)",NA,NA,NA
"Durchschnittsalter","insgesamt",2002,"02 Ludwigsvorstadt - Isarvorstadt",40.1,1764670,44059,NA,NA,NA,"Summe (Alter in Jahren * Hautwohnsitzbevölkerung im jeweiligen Altersjahr) (insgesamt)","Hauptwohnsitzbevölkerung (insgesamt)",NA,NA,NA
"Durchschnittsalter","insgesamt",2002,"03 Maxvorstadt",40.6,1688079,41606,NA,NA,NA,"Summe (Alter in Jahren * Hautwohnsitzbevölkerung im jeweiligen Altersjahr) (insgesamt)","Hauptwohnsitzbevölkerung (insgesamt)",NA,NA,NA
"Durchschnittsalter","insgesamt",2002,"04 Schwabing - West",42.8,2321432,54272,NA,NA,NA,"Summe (Alter in Jahren * Hautwohnsitzbevölkerung im jeweiligen Altersjahr) (insgesamt)","Hauptwohnsitzbevölkerung (insgesamt)",NA,NA,NA
"Durchschnittsalter","insgesamt",2002,"05 Au - Haidhausen",41,2134154,52000,NA,NA,NA,"Summe (Alter in Jahren * Hautwohnsitzbevölkerung im jeweiligen Altersjahr) (insgesamt)","Hauptwohnsitzbevölkerung (insgesamt)",NA,NA,NA
"Durchschnittsalter","insgesamt",2002,"06 Sendling",40.3,1413507,35102,NA,NA,NA,"Summe (Alter in Jahren * Hautwohnsitzbevölkerung im jeweiligen Altersjahr) (insgesamt)","Hauptwohnsitzbevölkerung (insgesamt)",NA,NA,NA
"Durchschnittsalter","insgesamt",2002,"07 Sendling - Westpark",42.7,2070630,48448,NA,NA,NA,"Summe (Alter in Jahren * Hautwohnsitzbevölkerung im jeweiligen Altersjahr) (insgesamt)","Hauptwohnsitzbevölkerung (insgesamt)",NA,NA,NA
"Durchschnittsalter","insgesamt",2002,"08 Schwanthalerhöhe",39.8,997107,25080,NA,NA,NA,"Summe (Alter in Jahren * Hautwohnsitzbevölkerung im jeweiligen Altersjahr) (insgesamt)","Hauptwohnsitzbevölkerung (insgesamt)",NA,NA,NA
"Durchschnittsalter","insgesamt",2002,"09 Neuhausen - Nymphenburg",42,3443219,81947,NA,NA,NA,"Summe (Alter in Jahren * Hautwohnsitzbevölkerung im jeweiligen Altersjahr) (insgesamt)","Hauptwohnsitzbevölkerung (insgesamt)",NA,NA,NA
"Durchschnittsalter","insgesamt",2002,"10 Moosach",41.2,1907646,46333,NA,NA,NA,"Summe (Alter in Jahren * Hautwohnsitzbevölkerung im jeweiligen Altersjahr) (insgesamt)","Hauptwohnsitzbevölkerung (insgesamt)",NA,NA,NA
"Durchschnittsalter","insgesamt",2002,"11 Milbertshofen - Am Hart",40.1,2472862,61655,NA,NA,NA,"Summe (Alter in Jahren * Hautwohnsitzbevölkerung im jeweiligen Altersjahr) (insgesamt)","Hauptwohnsitzbevölkerung (insgesamt)",NA,NA,NA
"Durchschnittsalter","insgesamt",2002,"12 Schwabing - Freimann",40,2401189,60060,NA,NA,NA,"Summe (Alter in Jahren * Hautwohnsitzbevölkerung im jeweiligen Altersjahr) (insgesamt)","Hauptwohnsitzbevölkerung (insgesamt)",NA,NA,NA
"Durchschnittsalter","insgesamt",2002,"13 Bogenhausen",42.5,3078494,72429,NA,NA,NA,"Summe (Alter in Jahren * Hautwohnsitzbevölkerung im jeweiligen Altersjahr) (insgesamt)","Hauptwohnsitzbevölkerung (insgesamt)",NA,NA,NA
"Durchschnittsalter","insgesamt",2002,"14 Berg am Laim",41.6,1572273,37793,NA,NA,NA,"Summe (Alter in Jahren * Hautwohnsitzbevölkerung im jeweiligen Altersjahr) (insgesamt)","Hauptwohnsitzbevölkerung (insgesamt)",NA,NA,NA
"Durchschnittsalter","insgesamt",2002,"15 Trudering - Riem",39.6,1869932,47186,NA,NA,NA,"Summe (Alter in Jahren * Hautwohnsitzbevölkerung im jeweiligen Altersjahr) (insgesamt)","Hauptwohnsitzbevölkerung (insgesamt)",NA,NA,NA
"Durchschnittsalter","insgesamt",2002,"16 Ramersdorf - Perlach",41,4103145,100145,NA,NA,NA,"Summe (Alter in Jahren * Hautwohnsitzbevölkerung im jeweiligen Altersjahr) (insgesamt)","Hauptwohnsitzbevölkerung (insgesamt)",NA,NA,NA
"Durchschnittsalter","insgesamt",2002,"17 Obergiesing - Fasangarten",41.4,1845664,44616,NA,NA,NA,"Summe (Alter in Jahren * Hautwohnsitzbevölkerung im jeweiligen Altersjahr) (insgesamt)","Hauptwohnsitzbevölkerung (insgesamt)",NA,NA,NA
"Durchschnittsalter","insgesamt",2002,"18 Untergiesing - Harlaching",43.7,2030342,46495,NA,NA,NA,"Summe (Alter in Jahren * Hautwohnsitzbevölkerung im jeweiligen Altersjahr) (insgesamt)","Hauptwohnsitzbevölkerung (insgesamt)",NA,NA,NA
"Durchschnittsalter","insgesamt",2002,"19 Thalkirchen - Obersendling - Forstenried - Fürstenried - Solln",43.9,3406560,77659,NA,NA,NA,"Summe (Alter in Jahren * Hautwohnsitzbevölkerung im jeweiligen Altersjahr) (insgesamt)","Hauptwohnsitzbevölkerung (insgesamt)",NA,NA,NA
"Durchschnittsalter","insgesamt",2002,"20 Hadern",42.6,1815264,42563,NA,NA,NA,"Summe (Alter in Jahren * Hautwohnsitzbevölkerung im jeweiligen Altersjahr) (insgesamt)","Hauptwohnsitzbevölkerung (insgesamt)",NA,NA,NA
"Durchschnittsalter","insgesamt",2002,"21 Pasing - Obermenzing",41.9,2540051,60616,NA,NA,NA,"Summe (Alter in Jahren * Hautwohnsitzbevölkerung im jeweiligen Altersjahr) (insgesamt)","Hauptwohnsitzbevölkerung (insgesamt)",NA,NA,NA
"Durchschnittsalter","insgesamt",2002,"22 Aubing - Lochhausen - Langwied",41.9,1572824,37532,NA,NA,NA,"Summe (Alter in Jahren * Hautwohnsitzbevölkerung im jeweiligen Altersjahr) (insgesamt)","Hauptwohnsitzbevölkerung (insgesamt)",NA,NA,NA
"Durchschnittsalter","insgesamt",2002,"23 Allach - Untermenzing",42,1130286,26903,NA,NA,NA,"Summe (Alter in Jahren * Hautwohnsitzbevölkerung im jeweiligen Altersjahr) (insgesamt)","Hauptwohnsitzbevölkerung (insgesamt)",NA,NA,NA
"Durchschnittsalter","insgesamt",2002,"24 Feldmoching - Hasenbergl",41.2,2184370,53010,NA,NA,NA,"Summe (Alter in Jahren * Hautwohnsitzbevölkerung im jeweiligen Altersjahr) (insgesamt)","Hauptwohnsitzbevölkerung (insgesamt)",NA,NA,NA
"Durchschnittsalter","insgesamt",2002,"25 Laim",43.7,2124604,48606,NA,NA,NA,"Summe (Alter in Jahren * Hautwohnsitzbevölkerung im jeweiligen Altersjahr) (insgesamt)","Hauptwohnsitzbevölkerung (insgesamt)",NA,NA,NA
"Durchschnittsalter","insgesamt",2001,"Stadt München",41.6,52442390,1260597,NA,NA,NA,"Summe (Alter in Jahren * Hautwohnsitzbevölkerung im jeweiligen Altersjahr) (insgesamt)","Hauptwohnsitzbevölkerung (insgesamt)",NA,NA,NA
"Durchschnittsalter","insgesamt",2001,"01 Altstadt - Lehel",42.6,786514,18462,NA,NA,NA,"Summe (Alter in Jahren * Hautwohnsitzbevölkerung im jeweiligen Altersjahr) (insgesamt)","Hauptwohnsitzbevölkerung (insgesamt)",NA,NA,NA
"Durchschnittsalter","insgesamt",2001,"02 Ludwigsvorstadt - Isarvorstadt",39.9,1775447,44484,NA,NA,NA,"Summe (Alter in Jahren * Hautwohnsitzbevölkerung im jeweiligen Altersjahr) (insgesamt)","Hauptwohnsitzbevölkerung (insgesamt)",NA,NA,NA
"Durchschnittsalter","insgesamt",2001,"03 Maxvorstadt",40.5,1708414,42159,NA,NA,NA,"Summe (Alter in Jahren * Hautwohnsitzbevölkerung im jeweiligen Altersjahr) (insgesamt)","Hauptwohnsitzbevölkerung (insgesamt)",NA,NA,NA
"Durchschnittsalter","insgesamt",2001,"04 Schwabing - West",42.7,2330785,54580,NA,NA,NA,"Summe (Alter in Jahren * Hautwohnsitzbevölkerung im jeweiligen Altersjahr) (insgesamt)","Hauptwohnsitzbevölkerung (insgesamt)",NA,NA,NA
"Durchschnittsalter","insgesamt",2001,"05 Au - Haidhausen",41,2129541,51947,NA,NA,NA,"Summe (Alter in Jahren * Hautwohnsitzbevölkerung im jeweiligen Altersjahr) (insgesamt)","Hauptwohnsitzbevölkerung (insgesamt)",NA,NA,NA
"Durchschnittsalter","insgesamt",2001,"06 Sendling",40.3,1404334,34820,NA,NA,NA,"Summe (Alter in Jahren * Hautwohnsitzbevölkerung im jeweiligen Altersjahr) (insgesamt)","Hauptwohnsitzbevölkerung (insgesamt)",NA,NA,NA
"Durchschnittsalter","insgesamt",2001,"07 Sendling - Westpark",42.7,2075137,48608,NA,NA,NA,"Summe (Alter in Jahren * Hautwohnsitzbevölkerung im jeweiligen Altersjahr) (insgesamt)","Hauptwohnsitzbevölkerung (insgesamt)",NA,NA,NA
"Durchschnittsalter","insgesamt",2001,"08 Schwanthalerhöhe",39.7,988740,24905,NA,NA,NA,"Summe (Alter in Jahren * Hautwohnsitzbevölkerung im jeweiligen Altersjahr) (insgesamt)","Hauptwohnsitzbevölkerung (insgesamt)",NA,NA,NA
"Durchschnittsalter","insgesamt",2001,"09 Neuhausen - Nymphenburg",42,3451544,82235,NA,NA,NA,"Summe (Alter in Jahren * Hautwohnsitzbevölkerung im jeweiligen Altersjahr) (insgesamt)","Hauptwohnsitzbevölkerung (insgesamt)",NA,NA,NA
"Durchschnittsalter","insgesamt",2001,"10 Moosach",41.1,1895826,46174,NA,NA,NA,"Summe (Alter in Jahren * Hautwohnsitzbevölkerung im jeweiligen Altersjahr) (insgesamt)","Hauptwohnsitzbevölkerung (insgesamt)",NA,NA,NA
"Durchschnittsalter","insgesamt",2001,"11 Milbertshofen - Am Hart",40.1,2449622,61034,NA,NA,NA,"Summe (Alter in Jahren * Hautwohnsitzbevölkerung im jeweiligen Altersjahr) (insgesamt)","Hauptwohnsitzbevölkerung (insgesamt)",NA,NA,NA
"Durchschnittsalter","insgesamt",2001,"12 Schwabing - Freimann",40,2375196,59392,NA,NA,NA,"Summe (Alter in Jahren * Hautwohnsitzbevölkerung im jeweiligen Altersjahr) (insgesamt)","Hauptwohnsitzbevölkerung (insgesamt)",NA,NA,NA
"Durchschnittsalter","insgesamt",2001,"13 Bogenhausen",42.5,3045020,71716,NA,NA,NA,"Summe (Alter in Jahren * Hautwohnsitzbevölkerung im jeweiligen Altersjahr) (insgesamt)","Hauptwohnsitzbevölkerung (insgesamt)",NA,NA,NA
"Durchschnittsalter","insgesamt",2001,"14 Berg am Laim",41.6,1566228,37605,NA,NA,NA,"Summe (Alter in Jahren * Hautwohnsitzbevölkerung im jeweiligen Altersjahr) (insgesamt)","Hauptwohnsitzbevölkerung (insgesamt)",NA,NA,NA
"Durchschnittsalter","insgesamt",2001,"15 Trudering - Riem",39.8,1807461,45403,NA,NA,NA,"Summe (Alter in Jahren * Hautwohnsitzbevölkerung im jeweiligen Altersjahr) (insgesamt)","Hauptwohnsitzbevölkerung (insgesamt)",NA,NA,NA
"Durchschnittsalter","insgesamt",2001,"16 Ramersdorf - Perlach",40.7,4084859,100407,NA,NA,NA,"Summe (Alter in Jahren * Hautwohnsitzbevölkerung im jeweiligen Altersjahr) (insgesamt)","Hauptwohnsitzbevölkerung (insgesamt)",NA,NA,NA
"Durchschnittsalter","insgesamt",2001,"17 Obergiesing - Fasangarten",41.4,1829689,44143,NA,NA,NA,"Summe (Alter in Jahren * Hautwohnsitzbevölkerung im jeweiligen Altersjahr) (insgesamt)","Hauptwohnsitzbevölkerung (insgesamt)",NA,NA,NA
"Durchschnittsalter","insgesamt",2001,"18 Untergiesing - Harlaching",43.6,2032748,46580,NA,NA,NA,"Summe (Alter in Jahren * Hautwohnsitzbevölkerung im jeweiligen Altersjahr) (insgesamt)","Hauptwohnsitzbevölkerung (insgesamt)",NA,NA,NA
"Durchschnittsalter","insgesamt",2001,"19 Thalkirchen - Obersendling - Forstenried - Fürstenried - Solln",43.8,3395947,77518,NA,NA,NA,"Summe (Alter in Jahren * Hautwohnsitzbevölkerung im jeweiligen Altersjahr) (insgesamt)","Hauptwohnsitzbevölkerung (insgesamt)",NA,NA,NA
"Durchschnittsalter","insgesamt",2001,"20 Hadern",42.7,1786531,41858,NA,NA,NA,"Summe (Alter in Jahren * Hautwohnsitzbevölkerung im jeweiligen Altersjahr) (insgesamt)","Hauptwohnsitzbevölkerung (insgesamt)",NA,NA,NA
"Durchschnittsalter","insgesamt",2001,"21 Pasing - Obermenzing",41.8,2525134,60445,NA,NA,NA,"Summe (Alter in Jahren * Hautwohnsitzbevölkerung im jeweiligen Altersjahr) (insgesamt)","Hauptwohnsitzbevölkerung (insgesamt)",NA,NA,NA
"Durchschnittsalter","insgesamt",2001,"22 Aubing - Lochhausen - Langwied",41.7,1570801,37693,NA,NA,NA,"Summe (Alter in Jahren * Hautwohnsitzbevölkerung im jeweiligen Altersjahr) (insgesamt)","Hauptwohnsitzbevölkerung (insgesamt)",NA,NA,NA
"Durchschnittsalter","insgesamt",2001,"23 Allach - Untermenzing",41.9,1122526,26794,NA,NA,NA,"Summe (Alter in Jahren * Hautwohnsitzbevölkerung im jeweiligen Altersjahr) (insgesamt)","Hauptwohnsitzbevölkerung (insgesamt)",NA,NA,NA
"Durchschnittsalter","insgesamt",2001,"24 Feldmoching - Hasenbergl",41.1,2176572,52896,NA,NA,NA,"Summe (Alter in Jahren * Hautwohnsitzbevölkerung im jeweiligen Altersjahr) (insgesamt)","Hauptwohnsitzbevölkerung (insgesamt)",NA,NA,NA
"Durchschnittsalter","insgesamt",2001,"25 Laim",43.7,2127774,48739,NA,NA,NA,"Summe (Alter in Jahren * Hautwohnsitzbevölkerung im jeweiligen Altersjahr) (insgesamt)","Hauptwohnsitzbevölkerung (insgesamt)",NA,NA,NA
"Durchschnittsalter","insgesamt",2000,"Stadt München",41.6,51965382,1247934,NA,NA,NA,"Summe (Alter in Jahren * Hautwohnsitzbevölkerung im jeweiligen Altersjahr) (insgesamt)","Hauptwohnsitzbevölkerung (insgesamt)",NA,NA,NA
"Durchschnittsalter","insgesamt",2000,"01 Altstadt - Lehel",42.6,781943,18374,NA,NA,NA,"Summe (Alter in Jahren * Hautwohnsitzbevölkerung im jeweiligen Altersjahr) (insgesamt)","Hauptwohnsitzbevölkerung (insgesamt)",NA,NA,NA
"Durchschnittsalter","insgesamt",2000,"02 Ludwigsvorstadt - Isarvorstadt",39.9,1775129,44451,NA,NA,NA,"Summe (Alter in Jahren * Hautwohnsitzbevölkerung im jeweiligen Altersjahr) (insgesamt)","Hauptwohnsitzbevölkerung (insgesamt)",NA,NA,NA
"Durchschnittsalter","insgesamt",2000,"03 Maxvorstadt",40.7,1696225,41726,NA,NA,NA,"Summe (Alter in Jahren * Hautwohnsitzbevölkerung im jeweiligen Altersjahr) (insgesamt)","Hauptwohnsitzbevölkerung (insgesamt)",NA,NA,NA
"Durchschnittsalter","insgesamt",2000,"04 Schwabing - West",42.8,2304325,53789,NA,NA,NA,"Summe (Alter in Jahren * Hautwohnsitzbevölkerung im jeweiligen Altersjahr) (insgesamt)","Hauptwohnsitzbevölkerung (insgesamt)",NA,NA,NA
"Durchschnittsalter","insgesamt",2000,"05 Au - Haidhausen",41,2132108,52028,NA,NA,NA,"Summe (Alter in Jahren * Hautwohnsitzbevölkerung im jeweiligen Altersjahr) (insgesamt)","Hauptwohnsitzbevölkerung (insgesamt)",NA,NA,NA
"Durchschnittsalter","insgesamt",2000,"06 Sendling",40.4,1392990,34462,NA,NA,NA,"Summe (Alter in Jahren * Hautwohnsitzbevölkerung im jeweiligen Altersjahr) (insgesamt)","Hauptwohnsitzbevölkerung (insgesamt)",NA,NA,NA
"Durchschnittsalter","insgesamt",2000,"07 Sendling - Westpark",42.7,2064709,48388,NA,NA,NA,"Summe (Alter in Jahren * Hautwohnsitzbevölkerung im jeweiligen Altersjahr) (insgesamt)","Hauptwohnsitzbevölkerung (insgesamt)",NA,NA,NA
"Durchschnittsalter","insgesamt",2000,"08 Schwanthalerhöhe",39.8,989228,24883,NA,NA,NA,"Summe (Alter in Jahren * Hautwohnsitzbevölkerung im jeweiligen Altersjahr) (insgesamt)","Hauptwohnsitzbevölkerung (insgesamt)",NA,NA,NA
"Durchschnittsalter","insgesamt",2000,"09 Neuhausen - Nymphenburg",42.1,3446939,81968,NA,NA,NA,"Summe (Alter in Jahren * Hautwohnsitzbevölkerung im jeweiligen Altersjahr) (insgesamt)","Hauptwohnsitzbevölkerung (insgesamt)",NA,NA,NA
"Durchschnittsalter","insgesamt",2000,"10 Moosach",41,1863994,45507,NA,NA,NA,"Summe (Alter in Jahren * Hautwohnsitzbevölkerung im jeweiligen Altersjahr) (insgesamt)","Hauptwohnsitzbevölkerung (insgesamt)",NA,NA,NA
"Durchschnittsalter","insgesamt",2000,"11 Milbertshofen - Am Hart",40.2,2419146,60225,NA,NA,NA,"Summe (Alter in Jahren * Hautwohnsitzbevölkerung im jeweiligen Altersjahr) (insgesamt)","Hauptwohnsitzbevölkerung (insgesamt)",NA,NA,NA
"Durchschnittsalter","insgesamt",2000,"12 Schwabing - Freimann",40.2,2318992,57653,NA,NA,NA,"Summe (Alter in Jahren * Hautwohnsitzbevölkerung im jeweiligen Altersjahr) (insgesamt)","Hauptwohnsitzbevölkerung (insgesamt)",NA,NA,NA
"Durchschnittsalter","insgesamt",2000,"13 Bogenhausen",42.5,3013855,70984,NA,NA,NA,"Summe (Alter in Jahren * Hautwohnsitzbevölkerung im jeweiligen Altersjahr) (insgesamt)","Hauptwohnsitzbevölkerung (insgesamt)",NA,NA,NA
"Durchschnittsalter","insgesamt",2000,"14 Berg am Laim",41.7,1548392,37090,NA,NA,NA,"Summe (Alter in Jahren * Hautwohnsitzbevölkerung im jeweiligen Altersjahr) (insgesamt)","Hauptwohnsitzbevölkerung (insgesamt)",NA,NA,NA
"Durchschnittsalter","insgesamt",2000,"15 Trudering - Riem",40.2,1727826,43003,NA,NA,NA,"Summe (Alter in Jahren * Hautwohnsitzbevölkerung im jeweiligen Altersjahr) (insgesamt)","Hauptwohnsitzbevölkerung (insgesamt)",NA,NA,NA
"Durchschnittsalter","insgesamt",2000,"16 Ramersdorf - Perlach",40.5,4049660,100015,NA,NA,NA,"Summe (Alter in Jahren * Hautwohnsitzbevölkerung im jeweiligen Altersjahr) (insgesamt)","Hauptwohnsitzbevölkerung (insgesamt)",NA,NA,NA
"Durchschnittsalter","insgesamt",2000,"17 Obergiesing - Fasangarten",41.5,1826977,43974,NA,NA,NA,"Summe (Alter in Jahren * Hautwohnsitzbevölkerung im jeweiligen Altersjahr) (insgesamt)","Hauptwohnsitzbevölkerung (insgesamt)",NA,NA,NA
"Durchschnittsalter","insgesamt",2000,"18 Untergiesing - Harlaching",43.8,2021472,46153,NA,NA,NA,"Summe (Alter in Jahren * Hautwohnsitzbevölkerung im jeweiligen Altersjahr) (insgesamt)","Hauptwohnsitzbevölkerung (insgesamt)",NA,NA,NA
"Durchschnittsalter","insgesamt",2000,"19 Thalkirchen - Obersendling - Forstenried - Fürstenried - Solln",43.8,3364479,76762,NA,NA,NA,"Summe (Alter in Jahren * Hautwohnsitzbevölkerung im jeweiligen Altersjahr) (insgesamt)","Hauptwohnsitzbevölkerung (insgesamt)",NA,NA,NA
"Durchschnittsalter","insgesamt",2000,"20 Hadern",42.6,1775437,41689,NA,NA,NA,"Summe (Alter in Jahren * Hautwohnsitzbevölkerung im jeweiligen Altersjahr) (insgesamt)","Hauptwohnsitzbevölkerung (insgesamt)",NA,NA,NA
"Durchschnittsalter","insgesamt",2000,"21 Pasing - Obermenzing",41.9,2500935,59758,NA,NA,NA,"Summe (Alter in Jahren * Hautwohnsitzbevölkerung im jeweiligen Altersjahr) (insgesamt)","Hauptwohnsitzbevölkerung (insgesamt)",NA,NA,NA
"Durchschnittsalter","insgesamt",2000,"22 Aubing - Lochhausen - Langwied",41.5,1553139,37423,NA,NA,NA,"Summe (Alter in Jahren * Hautwohnsitzbevölkerung im jeweiligen Altersjahr) (insgesamt)","Hauptwohnsitzbevölkerung (insgesamt)",NA,NA,NA
"Durchschnittsalter","insgesamt",2000,"23 Allach - Untermenzing",41.9,1118238,26682,NA,NA,NA,"Summe (Alter in Jahren * Hautwohnsitzbevölkerung im jeweiligen Altersjahr) (insgesamt)","Hauptwohnsitzbevölkerung (insgesamt)",NA,NA,NA
"Durchschnittsalter","insgesamt",2000,"24 Feldmoching - Hasenbergl",41.1,2156117,52413,NA,NA,NA,"Summe (Alter in Jahren * Hautwohnsitzbevölkerung im jeweiligen Altersjahr) (insgesamt)","Hauptwohnsitzbevölkerung (insgesamt)",NA,NA,NA
"Durchschnittsalter","insgesamt",2000,"25 Laim",43.7,2123127,48534,NA,NA,NA,"Summe (Alter in Jahren * Hautwohnsitzbevölkerung im jeweiligen Altersjahr) (insgesamt)","Hauptwohnsitzbevölkerung (insgesamt)",NA,NA,NA
"Durchschnittsalter","nichtdeutsch",2009,"Stadt München",38.3,11804290,308569,NA,NA,NA,"Summe (Alter in Jahren * Hautwohnsitzbevölkerung im jeweiligen Altersjahr) (nichtdeutsch)","Hauptwohnsitzbevölkerung (nichtdeutsch)",NA,NA,NA
"Durchschnittsalter","nichtdeutsch",2009,"01 Altstadt - Lehel",41.8,164019,3925,NA,NA,NA,"Summe (Alter in Jahren * Hautwohnsitzbevölkerung im jeweiligen Altersjahr) (nichtdeutsch)","Hauptwohnsitzbevölkerung (nichtdeutsch)",NA,NA,NA
"Durchschnittsalter","nichtdeutsch",2009,"02 Ludwigsvorstadt - Isarvorstadt",40.1,478360,11944,NA,NA,NA,"Summe (Alter in Jahren * Hautwohnsitzbevölkerung im jeweiligen Altersjahr) (nichtdeutsch)","Hauptwohnsitzbevölkerung (nichtdeutsch)",NA,NA,NA
"Durchschnittsalter","nichtdeutsch",2009,"03 Maxvorstadt",38,413422,10888,NA,NA,NA,"Summe (Alter in Jahren * Hautwohnsitzbevölkerung im jeweiligen Altersjahr) (nichtdeutsch)","Hauptwohnsitzbevölkerung (nichtdeutsch)",NA,NA,NA
"Durchschnittsalter","nichtdeutsch",2009,"04 Schwabing - West",38.8,472631,12181,NA,NA,NA,"Summe (Alter in Jahren * Hautwohnsitzbevölkerung im jeweiligen Altersjahr) (nichtdeutsch)","Hauptwohnsitzbevölkerung (nichtdeutsch)",NA,NA,NA
"Durchschnittsalter","nichtdeutsch",2009,"05 Au - Haidhausen",40.2,472395,11765,NA,NA,NA,"Summe (Alter in Jahren * Hautwohnsitzbevölkerung im jeweiligen Altersjahr) (nichtdeutsch)","Hauptwohnsitzbevölkerung (nichtdeutsch)",NA,NA,NA
"Durchschnittsalter","nichtdeutsch",2009,"06 Sendling",39.3,363115,9250,NA,NA,NA,"Summe (Alter in Jahren * Hautwohnsitzbevölkerung im jeweiligen Altersjahr) (nichtdeutsch)","Hauptwohnsitzbevölkerung (nichtdeutsch)",NA,NA,NA
"Durchschnittsalter","nichtdeutsch",2009,"07 Sendling - Westpark",38.8,458326,11825,NA,NA,NA,"Summe (Alter in Jahren * Hautwohnsitzbevölkerung im jeweiligen Altersjahr) (nichtdeutsch)","Hauptwohnsitzbevölkerung (nichtdeutsch)",NA,NA,NA
"Durchschnittsalter","nichtdeutsch",2009,"08 Schwanthalerhöhe",40.8,382151,9358,NA,NA,NA,"Summe (Alter in Jahren * Hautwohnsitzbevölkerung im jeweiligen Altersjahr) (nichtdeutsch)","Hauptwohnsitzbevölkerung (nichtdeutsch)",NA,NA,NA
"Durchschnittsalter","nichtdeutsch",2009,"09 Neuhausen - Nymphenburg",39,707947,18147,NA,NA,NA,"Summe (Alter in Jahren * Hautwohnsitzbevölkerung im jeweiligen Altersjahr) (nichtdeutsch)","Hauptwohnsitzbevölkerung (nichtdeutsch)",NA,NA,NA
"Durchschnittsalter","nichtdeutsch",2009,"10 Moosach",37.8,479615,12679,NA,NA,NA,"Summe (Alter in Jahren * Hautwohnsitzbevölkerung im jeweiligen Altersjahr) (nichtdeutsch)","Hauptwohnsitzbevölkerung (nichtdeutsch)",NA,NA,NA
"Durchschnittsalter","nichtdeutsch",2009,"11 Milbertshofen - Am Hart",36.5,864163,23683,NA,NA,NA,"Summe (Alter in Jahren * Hautwohnsitzbevölkerung im jeweiligen Altersjahr) (nichtdeutsch)","Hauptwohnsitzbevölkerung (nichtdeutsch)",NA,NA,NA
"Durchschnittsalter","nichtdeutsch",2009,"12 Schwabing - Freimann",36.2,506635,14013,NA,NA,NA,"Summe (Alter in Jahren * Hautwohnsitzbevölkerung im jeweiligen Altersjahr) (nichtdeutsch)","Hauptwohnsitzbevölkerung (nichtdeutsch)",NA,NA,NA
"Durchschnittsalter","nichtdeutsch",2009,"13 Bogenhausen",39.3,535787,13628,NA,NA,NA,"Summe (Alter in Jahren * Hautwohnsitzbevölkerung im jeweiligen Altersjahr) (nichtdeutsch)","Hauptwohnsitzbevölkerung (nichtdeutsch)",NA,NA,NA
"Durchschnittsalter","nichtdeutsch",2009,"14 Berg am Laim",37.5,396241,10579,NA,NA,NA,"Summe (Alter in Jahren * Hautwohnsitzbevölkerung im jeweiligen Altersjahr) (nichtdeutsch)","Hauptwohnsitzbevölkerung (nichtdeutsch)",NA,NA,NA
"Durchschnittsalter","nichtdeutsch",2009,"15 Trudering - Riem",36.1,372552,10321,NA,NA,NA,"Summe (Alter in Jahren * Hautwohnsitzbevölkerung im jeweiligen Altersjahr) (nichtdeutsch)","Hauptwohnsitzbevölkerung (nichtdeutsch)",NA,NA,NA
"Durchschnittsalter","nichtdeutsch",2009,"16 Ramersdorf - Perlach",38,1076933,28340,NA,NA,NA,"Summe (Alter in Jahren * Hautwohnsitzbevölkerung im jeweiligen Altersjahr) (nichtdeutsch)","Hauptwohnsitzbevölkerung (nichtdeutsch)",NA,NA,NA
"Durchschnittsalter","nichtdeutsch",2009,"17 Obergiesing - Fasangarten",38,509478,13407,NA,NA,NA,"Summe (Alter in Jahren * Hautwohnsitzbevölkerung im jeweiligen Altersjahr) (nichtdeutsch)","Hauptwohnsitzbevölkerung (nichtdeutsch)",NA,NA,NA
"Durchschnittsalter","nichtdeutsch",2009,"18 Untergiesing - Harlaching",39.6,366792,9263,NA,NA,NA,"Summe (Alter in Jahren * Hautwohnsitzbevölkerung im jeweiligen Altersjahr) (nichtdeutsch)","Hauptwohnsitzbevölkerung (nichtdeutsch)",NA,NA,NA
"Durchschnittsalter","nichtdeutsch",2009,"19 Thalkirchen - Obersendling - Forstenried - Fürstenried - Solln",38.9,609167,15647,NA,NA,NA,"Summe (Alter in Jahren * Hautwohnsitzbevölkerung im jeweiligen Altersjahr) (nichtdeutsch)","Hauptwohnsitzbevölkerung (nichtdeutsch)",NA,NA,NA
"Durchschnittsalter","nichtdeutsch",2009,"20 Hadern",36.5,364032,9973,NA,NA,NA,"Summe (Alter in Jahren * Hautwohnsitzbevölkerung im jeweiligen Altersjahr) (nichtdeutsch)","Hauptwohnsitzbevölkerung (nichtdeutsch)",NA,NA,NA
"Durchschnittsalter","nichtdeutsch",2009,"21 Pasing - Obermenzing",38.4,414531,10792,NA,NA,NA,"Summe (Alter in Jahren * Hautwohnsitzbevölkerung im jeweiligen Altersjahr) (nichtdeutsch)","Hauptwohnsitzbevölkerung (nichtdeutsch)",NA,NA,NA
"Durchschnittsalter","nichtdeutsch",2009,"22 Aubing - Lochhausen - Langwied",36.3,259997,7157,NA,NA,NA,"Summe (Alter in Jahren * Hautwohnsitzbevölkerung im jeweiligen Altersjahr) (nichtdeutsch)","Hauptwohnsitzbevölkerung (nichtdeutsch)",NA,NA,NA
"Durchschnittsalter","nichtdeutsch",2009,"23 Allach - Untermenzing",39.6,177606,4480,NA,NA,NA,"Summe (Alter in Jahren * Hautwohnsitzbevölkerung im jeweiligen Altersjahr) (nichtdeutsch)","Hauptwohnsitzbevölkerung (nichtdeutsch)",NA,NA,NA
"Durchschnittsalter","nichtdeutsch",2009,"24 Feldmoching - Hasenbergl",37.3,531560,14265,NA,NA,NA,"Summe (Alter in Jahren * Hautwohnsitzbevölkerung im jeweiligen Altersjahr) (nichtdeutsch)","Hauptwohnsitzbevölkerung (nichtdeutsch)",NA,NA,NA
"Durchschnittsalter","nichtdeutsch",2009,"25 Laim",38.6,426835,11059,NA,NA,NA,"Summe (Alter in Jahren * Hautwohnsitzbevölkerung im jeweiligen Altersjahr) (nichtdeutsch)","Hauptwohnsitzbevölkerung (nichtdeutsch)",NA,NA,NA
"Durchschnittsalter","nichtdeutsch",2008,"Stadt München",38,11989747,315924,NA,NA,NA,"Summe (Alter in Jahren * Hautwohnsitzbevölkerung im jeweiligen Altersjahr) (nichtdeutsch)","Hauptwohnsitzbevölkerung (nichtdeutsch)",NA,NA,NA
"Durchschnittsalter","nichtdeutsch",2008,"01 Altstadt - Lehel",41,179938,4386,NA,NA,NA,"Summe (Alter in Jahren * Hautwohnsitzbevölkerung im jeweiligen Altersjahr) (nichtdeutsch)","Hauptwohnsitzbevölkerung (nichtdeutsch)",NA,NA,NA
"Durchschnittsalter","nichtdeutsch",2008,"02 Ludwigsvorstadt - Isarvorstadt",40,521448,13042,NA,NA,NA,"Summe (Alter in Jahren * Hautwohnsitzbevölkerung im jeweiligen Altersjahr) (nichtdeutsch)","Hauptwohnsitzbevölkerung (nichtdeutsch)",NA,NA,NA
"Durchschnittsalter","nichtdeutsch",2008,"03 Maxvorstadt",37.7,426181,11304,NA,NA,NA,"Summe (Alter in Jahren * Hautwohnsitzbevölkerung im jeweiligen Altersjahr) (nichtdeutsch)","Hauptwohnsitzbevölkerung (nichtdeutsch)",NA,NA,NA
"Durchschnittsalter","nichtdeutsch",2008,"04 Schwabing - West",38.7,488495,12635,NA,NA,NA,"Summe (Alter in Jahren * Hautwohnsitzbevölkerung im jeweiligen Altersjahr) (nichtdeutsch)","Hauptwohnsitzbevölkerung (nichtdeutsch)",NA,NA,NA
"Durchschnittsalter","nichtdeutsch",2008,"05 Au - Haidhausen",40,489513,12247,NA,NA,NA,"Summe (Alter in Jahren * Hautwohnsitzbevölkerung im jeweiligen Altersjahr) (nichtdeutsch)","Hauptwohnsitzbevölkerung (nichtdeutsch)",NA,NA,NA
"Durchschnittsalter","nichtdeutsch",2008,"06 Sendling",38.9,378735,9730,NA,NA,NA,"Summe (Alter in Jahren * Hautwohnsitzbevölkerung im jeweiligen Altersjahr) (nichtdeutsch)","Hauptwohnsitzbevölkerung (nichtdeutsch)",NA,NA,NA
"Durchschnittsalter","nichtdeutsch",2008,"07 Sendling - Westpark",38.4,461173,12011,NA,NA,NA,"Summe (Alter in Jahren * Hautwohnsitzbevölkerung im jeweiligen Altersjahr) (nichtdeutsch)","Hauptwohnsitzbevölkerung (nichtdeutsch)",NA,NA,NA
"Durchschnittsalter","nichtdeutsch",2008,"08 Schwanthalerhöhe",40.5,398221,9830,NA,NA,NA,"Summe (Alter in Jahren * Hautwohnsitzbevölkerung im jeweiligen Altersjahr) (nichtdeutsch)","Hauptwohnsitzbevölkerung (nichtdeutsch)",NA,NA,NA
"Durchschnittsalter","nichtdeutsch",2008,"09 Neuhausen - Nymphenburg",38.7,713201,18436,NA,NA,NA,"Summe (Alter in Jahren * Hautwohnsitzbevölkerung im jeweiligen Altersjahr) (nichtdeutsch)","Hauptwohnsitzbevölkerung (nichtdeutsch)",NA,NA,NA
"Durchschnittsalter","nichtdeutsch",2008,"10 Moosach",37.7,465279,12352,NA,NA,NA,"Summe (Alter in Jahren * Hautwohnsitzbevölkerung im jeweiligen Altersjahr) (nichtdeutsch)","Hauptwohnsitzbevölkerung (nichtdeutsch)",NA,NA,NA
"Durchschnittsalter","nichtdeutsch",2008,"11 Milbertshofen - Am Hart",36.4,876905,24105,NA,NA,NA,"Summe (Alter in Jahren * Hautwohnsitzbevölkerung im jeweiligen Altersjahr) (nichtdeutsch)","Hauptwohnsitzbevölkerung (nichtdeutsch)",NA,NA,NA
"Durchschnittsalter","nichtdeutsch",2008,"12 Schwabing - Freimann",35.9,523043,14581,NA,NA,NA,"Summe (Alter in Jahren * Hautwohnsitzbevölkerung im jeweiligen Altersjahr) (nichtdeutsch)","Hauptwohnsitzbevölkerung (nichtdeutsch)",NA,NA,NA
"Durchschnittsalter","nichtdeutsch",2008,"13 Bogenhausen",38.8,547046,14097,NA,NA,NA,"Summe (Alter in Jahren * Hautwohnsitzbevölkerung im jeweiligen Altersjahr) (nichtdeutsch)","Hauptwohnsitzbevölkerung (nichtdeutsch)",NA,NA,NA
"Durchschnittsalter","nichtdeutsch",2008,"14 Berg am Laim",37,398126,10747,NA,NA,NA,"Summe (Alter in Jahren * Hautwohnsitzbevölkerung im jeweiligen Altersjahr) (nichtdeutsch)","Hauptwohnsitzbevölkerung (nichtdeutsch)",NA,NA,NA
"Durchschnittsalter","nichtdeutsch",2008,"15 Trudering - Riem",35.8,354013,9876,NA,NA,NA,"Summe (Alter in Jahren * Hautwohnsitzbevölkerung im jeweiligen Altersjahr) (nichtdeutsch)","Hauptwohnsitzbevölkerung (nichtdeutsch)",NA,NA,NA
"Durchschnittsalter","nichtdeutsch",2008,"16 Ramersdorf - Perlach",37.5,1071768,28602,NA,NA,NA,"Summe (Alter in Jahren * Hautwohnsitzbevölkerung im jeweiligen Altersjahr) (nichtdeutsch)","Hauptwohnsitzbevölkerung (nichtdeutsch)",NA,NA,NA
"Durchschnittsalter","nichtdeutsch",2008,"17 Obergiesing - Fasangarten",37.8,506701,13394,NA,NA,NA,"Summe (Alter in Jahren * Hautwohnsitzbevölkerung im jeweiligen Altersjahr) (nichtdeutsch)","Hauptwohnsitzbevölkerung (nichtdeutsch)",NA,NA,NA
"Durchschnittsalter","nichtdeutsch",2008,"18 Untergiesing - Harlaching",39.1,381962,9765,NA,NA,NA,"Summe (Alter in Jahren * Hautwohnsitzbevölkerung im jeweiligen Altersjahr) (nichtdeutsch)","Hauptwohnsitzbevölkerung (nichtdeutsch)",NA,NA,NA
"Durchschnittsalter","nichtdeutsch",2008,"19 Thalkirchen - Obersendling - Forstenried - Fürstenried - Solln",38.7,617329,15964,NA,NA,NA,"Summe (Alter in Jahren * Hautwohnsitzbevölkerung im jeweiligen Altersjahr) (nichtdeutsch)","Hauptwohnsitzbevölkerung (nichtdeutsch)",NA,NA,NA
"Durchschnittsalter","nichtdeutsch",2008,"20 Hadern",36.1,358971,9947,NA,NA,NA,"Summe (Alter in Jahren * Hautwohnsitzbevölkerung im jeweiligen Altersjahr) (nichtdeutsch)","Hauptwohnsitzbevölkerung (nichtdeutsch)",NA,NA,NA
"Durchschnittsalter","nichtdeutsch",2008,"21 Pasing - Obermenzing",37.9,417453,11025,NA,NA,NA,"Summe (Alter in Jahren * Hautwohnsitzbevölkerung im jeweiligen Altersjahr) (nichtdeutsch)","Hauptwohnsitzbevölkerung (nichtdeutsch)",NA,NA,NA
"Durchschnittsalter","nichtdeutsch",2008,"22 Aubing - Lochhausen - Langwied",36,259517,7213,NA,NA,NA,"Summe (Alter in Jahren * Hautwohnsitzbevölkerung im jeweiligen Altersjahr) (nichtdeutsch)","Hauptwohnsitzbevölkerung (nichtdeutsch)",NA,NA,NA
"Durchschnittsalter","nichtdeutsch",2008,"23 Allach - Untermenzing",39.5,183494,4646,NA,NA,NA,"Summe (Alter in Jahren * Hautwohnsitzbevölkerung im jeweiligen Altersjahr) (nichtdeutsch)","Hauptwohnsitzbevölkerung (nichtdeutsch)",NA,NA,NA
"Durchschnittsalter","nichtdeutsch",2008,"24 Feldmoching - Hasenbergl",36.7,541910,14780,NA,NA,NA,"Summe (Alter in Jahren * Hautwohnsitzbevölkerung im jeweiligen Altersjahr) (nichtdeutsch)","Hauptwohnsitzbevölkerung (nichtdeutsch)",NA,NA,NA
"Durchschnittsalter","nichtdeutsch",2008,"25 Laim",38.3,429325,11209,NA,NA,NA,"Summe (Alter in Jahren * Hautwohnsitzbevölkerung im jeweiligen Altersjahr) (nichtdeutsch)","Hauptwohnsitzbevölkerung (nichtdeutsch)",NA,NA,NA
"Durchschnittsalter","nichtdeutsch",2007,"Stadt München",37.6,11705844,311321,NA,NA,NA,"Summe (Alter in Jahren * Hautwohnsitzbevölkerung im jeweiligen Altersjahr) (nichtdeutsch)","Hauptwohnsitzbevölkerung (nichtdeutsch)",NA,NA,NA
"Durchschnittsalter","nichtdeutsch",2007,"01 Altstadt - Lehel",40.7,174508,4290,NA,NA,NA,"Summe (Alter in Jahren * Hautwohnsitzbevölkerung im jeweiligen Altersjahr) (nichtdeutsch)","Hauptwohnsitzbevölkerung (nichtdeutsch)",NA,NA,NA
"Durchschnittsalter","nichtdeutsch",2007,"02 Ludwigsvorstadt - Isarvorstadt",40,512358,12824,NA,NA,NA,"Summe (Alter in Jahren * Hautwohnsitzbevölkerung im jeweiligen Altersjahr) (nichtdeutsch)","Hauptwohnsitzbevölkerung (nichtdeutsch)",NA,NA,NA
"Durchschnittsalter","nichtdeutsch",2007,"03 Maxvorstadt",37.6,417909,11111,NA,NA,NA,"Summe (Alter in Jahren * Hautwohnsitzbevölkerung im jeweiligen Altersjahr) (nichtdeutsch)","Hauptwohnsitzbevölkerung (nichtdeutsch)",NA,NA,NA
"Durchschnittsalter","nichtdeutsch",2007,"04 Schwabing - West",38.2,483617,12653,NA,NA,NA,"Summe (Alter in Jahren * Hautwohnsitzbevölkerung im jeweiligen Altersjahr) (nichtdeutsch)","Hauptwohnsitzbevölkerung (nichtdeutsch)",NA,NA,NA
"Durchschnittsalter","nichtdeutsch",2007,"05 Au - Haidhausen",39.6,485431,12247,NA,NA,NA,"Summe (Alter in Jahren * Hautwohnsitzbevölkerung im jeweiligen Altersjahr) (nichtdeutsch)","Hauptwohnsitzbevölkerung (nichtdeutsch)",NA,NA,NA
"Durchschnittsalter","nichtdeutsch",2007,"06 Sendling",38.6,376020,9732,NA,NA,NA,"Summe (Alter in Jahren * Hautwohnsitzbevölkerung im jeweiligen Altersjahr) (nichtdeutsch)","Hauptwohnsitzbevölkerung (nichtdeutsch)",NA,NA,NA
"Durchschnittsalter","nichtdeutsch",2007,"07 Sendling - Westpark",37.9,447925,11830,NA,NA,NA,"Summe (Alter in Jahren * Hautwohnsitzbevölkerung im jeweiligen Altersjahr) (nichtdeutsch)","Hauptwohnsitzbevölkerung (nichtdeutsch)",NA,NA,NA
"Durchschnittsalter","nichtdeutsch",2007,"08 Schwanthalerhöhe",40.8,386824,9491,NA,NA,NA,"Summe (Alter in Jahren * Hautwohnsitzbevölkerung im jeweiligen Altersjahr) (nichtdeutsch)","Hauptwohnsitzbevölkerung (nichtdeutsch)",NA,NA,NA
"Durchschnittsalter","nichtdeutsch",2007,"09 Neuhausen - Nymphenburg",38.3,694603,18118,NA,NA,NA,"Summe (Alter in Jahren * Hautwohnsitzbevölkerung im jeweiligen Altersjahr) (nichtdeutsch)","Hauptwohnsitzbevölkerung (nichtdeutsch)",NA,NA,NA
"Durchschnittsalter","nichtdeutsch",2007,"10 Moosach",37.3,454435,12192,NA,NA,NA,"Summe (Alter in Jahren * Hautwohnsitzbevölkerung im jeweiligen Altersjahr) (nichtdeutsch)","Hauptwohnsitzbevölkerung (nichtdeutsch)",NA,NA,NA
"Durchschnittsalter","nichtdeutsch",2007,"11 Milbertshofen - Am Hart",35.9,857414,23903,NA,NA,NA,"Summe (Alter in Jahren * Hautwohnsitzbevölkerung im jeweiligen Altersjahr) (nichtdeutsch)","Hauptwohnsitzbevölkerung (nichtdeutsch)",NA,NA,NA
"Durchschnittsalter","nichtdeutsch",2007,"12 Schwabing - Freimann",35.3,513901,14542,NA,NA,NA,"Summe (Alter in Jahren * Hautwohnsitzbevölkerung im jeweiligen Altersjahr) (nichtdeutsch)","Hauptwohnsitzbevölkerung (nichtdeutsch)",NA,NA,NA
"Durchschnittsalter","nichtdeutsch",2007,"13 Bogenhausen",38.4,533658,13892,NA,NA,NA,"Summe (Alter in Jahren * Hautwohnsitzbevölkerung im jeweiligen Altersjahr) (nichtdeutsch)","Hauptwohnsitzbevölkerung (nichtdeutsch)",NA,NA,NA
"Durchschnittsalter","nichtdeutsch",2007,"14 Berg am Laim",36.8,387190,10522,NA,NA,NA,"Summe (Alter in Jahren * Hautwohnsitzbevölkerung im jeweiligen Altersjahr) (nichtdeutsch)","Hauptwohnsitzbevölkerung (nichtdeutsch)",NA,NA,NA
"Durchschnittsalter","nichtdeutsch",2007,"15 Trudering - Riem",35.5,326990,9223,NA,NA,NA,"Summe (Alter in Jahren * Hautwohnsitzbevölkerung im jeweiligen Altersjahr) (nichtdeutsch)","Hauptwohnsitzbevölkerung (nichtdeutsch)",NA,NA,NA
"Durchschnittsalter","nichtdeutsch",2007,"16 Ramersdorf - Perlach",37,1037054,28005,NA,NA,NA,"Summe (Alter in Jahren * Hautwohnsitzbevölkerung im jeweiligen Altersjahr) (nichtdeutsch)","Hauptwohnsitzbevölkerung (nichtdeutsch)",NA,NA,NA
"Durchschnittsalter","nichtdeutsch",2007,"17 Obergiesing - Fasangarten",37.6,495169,13153,NA,NA,NA,"Summe (Alter in Jahren * Hautwohnsitzbevölkerung im jeweiligen Altersjahr) (nichtdeutsch)","Hauptwohnsitzbevölkerung (nichtdeutsch)",NA,NA,NA
"Durchschnittsalter","nichtdeutsch",2007,"18 Untergiesing - Harlaching",38.9,376186,9659,NA,NA,NA,"Summe (Alter in Jahren * Hautwohnsitzbevölkerung im jeweiligen Altersjahr) (nichtdeutsch)","Hauptwohnsitzbevölkerung (nichtdeutsch)",NA,NA,NA
"Durchschnittsalter","nichtdeutsch",2007,"19 Thalkirchen - Obersendling - Forstenried - Fürstenried - Solln",38.2,605124,15849,NA,NA,NA,"Summe (Alter in Jahren * Hautwohnsitzbevölkerung im jeweiligen Altersjahr) (nichtdeutsch)","Hauptwohnsitzbevölkerung (nichtdeutsch)",NA,NA,NA
"Durchschnittsalter","nichtdeutsch",2007,"20 Hadern",35.7,348087,9744,NA,NA,NA,"Summe (Alter in Jahren * Hautwohnsitzbevölkerung im jeweiligen Altersjahr) (nichtdeutsch)","Hauptwohnsitzbevölkerung (nichtdeutsch)",NA,NA,NA
"Durchschnittsalter","nichtdeutsch",2007,"21 Pasing - Obermenzing",37.4,413934,11067,NA,NA,NA,"Summe (Alter in Jahren * Hautwohnsitzbevölkerung im jeweiligen Altersjahr) (nichtdeutsch)","Hauptwohnsitzbevölkerung (nichtdeutsch)",NA,NA,NA
"Durchschnittsalter","nichtdeutsch",2007,"22 Aubing - Lochhausen - Langwied",35.4,250866,7082,NA,NA,NA,"Summe (Alter in Jahren * Hautwohnsitzbevölkerung im jeweiligen Altersjahr) (nichtdeutsch)","Hauptwohnsitzbevölkerung (nichtdeutsch)",NA,NA,NA
"Durchschnittsalter","nichtdeutsch",2007,"23 Allach - Untermenzing",39.4,178899,4540,NA,NA,NA,"Summe (Alter in Jahren * Hautwohnsitzbevölkerung im jeweiligen Altersjahr) (nichtdeutsch)","Hauptwohnsitzbevölkerung (nichtdeutsch)",NA,NA,NA
"Durchschnittsalter","nichtdeutsch",2007,"24 Feldmoching - Hasenbergl",36.2,530436,14642,NA,NA,NA,"Summe (Alter in Jahren * Hautwohnsitzbevölkerung im jeweiligen Altersjahr) (nichtdeutsch)","Hauptwohnsitzbevölkerung (nichtdeutsch)",NA,NA,NA
"Durchschnittsalter","nichtdeutsch",2007,"25 Laim",37.9,417306,11010,NA,NA,NA,"Summe (Alter in Jahren * Hautwohnsitzbevölkerung im jeweiligen Altersjahr) (nichtdeutsch)","Hauptwohnsitzbevölkerung (nichtdeutsch)",NA,NA,NA
"Durchschnittsalter","nichtdeutsch",2006,"Stadt München",37.3,11353201,304445,NA,NA,NA,"Summe (Alter in Jahren * Hautwohnsitzbevölkerung im jeweiligen Altersjahr) (nichtdeutsch)","Hauptwohnsitzbevölkerung (nichtdeutsch)",NA,NA,NA
"Durchschnittsalter","nichtdeutsch",2006,"01 Altstadt - Lehel",40.6,168468,4154,NA,NA,NA,"Summe (Alter in Jahren * Hautwohnsitzbevölkerung im jeweiligen Altersjahr) (nichtdeutsch)","Hauptwohnsitzbevölkerung (nichtdeutsch)",NA,NA,NA
"Durchschnittsalter","nichtdeutsch",2006,"02 Ludwigsvorstadt - Isarvorstadt",39.7,508662,12797,NA,NA,NA,"Summe (Alter in Jahren * Hautwohnsitzbevölkerung im jeweiligen Altersjahr) (nichtdeutsch)","Hauptwohnsitzbevölkerung (nichtdeutsch)",NA,NA,NA
"Durchschnittsalter","nichtdeutsch",2006,"03 Maxvorstadt",37.3,404685,10838,NA,NA,NA,"Summe (Alter in Jahren * Hautwohnsitzbevölkerung im jeweiligen Altersjahr) (nichtdeutsch)","Hauptwohnsitzbevölkerung (nichtdeutsch)",NA,NA,NA
"Durchschnittsalter","nichtdeutsch",2006,"04 Schwabing - West",38.1,470021,12323,NA,NA,NA,"Summe (Alter in Jahren * Hautwohnsitzbevölkerung im jeweiligen Altersjahr) (nichtdeutsch)","Hauptwohnsitzbevölkerung (nichtdeutsch)",NA,NA,NA
"Durchschnittsalter","nichtdeutsch",2006,"05 Au - Haidhausen",39.4,486852,12367,NA,NA,NA,"Summe (Alter in Jahren * Hautwohnsitzbevölkerung im jeweiligen Altersjahr) (nichtdeutsch)","Hauptwohnsitzbevölkerung (nichtdeutsch)",NA,NA,NA
"Durchschnittsalter","nichtdeutsch",2006,"06 Sendling",38,361724,9518,NA,NA,NA,"Summe (Alter in Jahren * Hautwohnsitzbevölkerung im jeweiligen Altersjahr) (nichtdeutsch)","Hauptwohnsitzbevölkerung (nichtdeutsch)",NA,NA,NA
"Durchschnittsalter","nichtdeutsch",2006,"07 Sendling - Westpark",37.5,440468,11746,NA,NA,NA,"Summe (Alter in Jahren * Hautwohnsitzbevölkerung im jeweiligen Altersjahr) (nichtdeutsch)","Hauptwohnsitzbevölkerung (nichtdeutsch)",NA,NA,NA
"Durchschnittsalter","nichtdeutsch",2006,"08 Schwanthalerhöhe",40.6,381221,9393,NA,NA,NA,"Summe (Alter in Jahren * Hautwohnsitzbevölkerung im jeweiligen Altersjahr) (nichtdeutsch)","Hauptwohnsitzbevölkerung (nichtdeutsch)",NA,NA,NA
"Durchschnittsalter","nichtdeutsch",2006,"09 Neuhausen - Nymphenburg",37.9,682302,18016,NA,NA,NA,"Summe (Alter in Jahren * Hautwohnsitzbevölkerung im jeweiligen Altersjahr) (nichtdeutsch)","Hauptwohnsitzbevölkerung (nichtdeutsch)",NA,NA,NA
"Durchschnittsalter","nichtdeutsch",2006,"10 Moosach",36.8,439683,11942,NA,NA,NA,"Summe (Alter in Jahren * Hautwohnsitzbevölkerung im jeweiligen Altersjahr) (nichtdeutsch)","Hauptwohnsitzbevölkerung (nichtdeutsch)",NA,NA,NA
"Durchschnittsalter","nichtdeutsch",2006,"11 Milbertshofen - Am Hart",35.5,828533,23355,NA,NA,NA,"Summe (Alter in Jahren * Hautwohnsitzbevölkerung im jeweiligen Altersjahr) (nichtdeutsch)","Hauptwohnsitzbevölkerung (nichtdeutsch)",NA,NA,NA
"Durchschnittsalter","nichtdeutsch",2006,"12 Schwabing - Freimann",35.1,500868,14288,NA,NA,NA,"Summe (Alter in Jahren * Hautwohnsitzbevölkerung im jeweiligen Altersjahr) (nichtdeutsch)","Hauptwohnsitzbevölkerung (nichtdeutsch)",NA,NA,NA
"Durchschnittsalter","nichtdeutsch",2006,"13 Bogenhausen",38.2,512799,13419,NA,NA,NA,"Summe (Alter in Jahren * Hautwohnsitzbevölkerung im jeweiligen Altersjahr) (nichtdeutsch)","Hauptwohnsitzbevölkerung (nichtdeutsch)",NA,NA,NA
"Durchschnittsalter","nichtdeutsch",2006,"14 Berg am Laim",36.7,372114,10131,NA,NA,NA,"Summe (Alter in Jahren * Hautwohnsitzbevölkerung im jeweiligen Altersjahr) (nichtdeutsch)","Hauptwohnsitzbevölkerung (nichtdeutsch)",NA,NA,NA
"Durchschnittsalter","nichtdeutsch",2006,"15 Trudering - Riem",35.1,306082,8723,NA,NA,NA,"Summe (Alter in Jahren * Hautwohnsitzbevölkerung im jeweiligen Altersjahr) (nichtdeutsch)","Hauptwohnsitzbevölkerung (nichtdeutsch)",NA,NA,NA
"Durchschnittsalter","nichtdeutsch",2006,"16 Ramersdorf - Perlach",36.5,1010647,27689,NA,NA,NA,"Summe (Alter in Jahren * Hautwohnsitzbevölkerung im jeweiligen Altersjahr) (nichtdeutsch)","Hauptwohnsitzbevölkerung (nichtdeutsch)",NA,NA,NA
"Durchschnittsalter","nichtdeutsch",2006,"17 Obergiesing - Fasangarten",37.4,482372,12914,NA,NA,NA,"Summe (Alter in Jahren * Hautwohnsitzbevölkerung im jeweiligen Altersjahr) (nichtdeutsch)","Hauptwohnsitzbevölkerung (nichtdeutsch)",NA,NA,NA
"Durchschnittsalter","nichtdeutsch",2006,"18 Untergiesing - Harlaching",38.8,362253,9337,NA,NA,NA,"Summe (Alter in Jahren * Hautwohnsitzbevölkerung im jeweiligen Altersjahr) (nichtdeutsch)","Hauptwohnsitzbevölkerung (nichtdeutsch)",NA,NA,NA
"Durchschnittsalter","nichtdeutsch",2006,"19 Thalkirchen - Obersendling - Forstenried - Fürstenried - Solln",38.1,579722,15219,NA,NA,NA,"Summe (Alter in Jahren * Hautwohnsitzbevölkerung im jeweiligen Altersjahr) (nichtdeutsch)","Hauptwohnsitzbevölkerung (nichtdeutsch)",NA,NA,NA
"Durchschnittsalter","nichtdeutsch",2006,"20 Hadern",35.5,327294,9218,NA,NA,NA,"Summe (Alter in Jahren * Hautwohnsitzbevölkerung im jeweiligen Altersjahr) (nichtdeutsch)","Hauptwohnsitzbevölkerung (nichtdeutsch)",NA,NA,NA
"Durchschnittsalter","nichtdeutsch",2006,"21 Pasing - Obermenzing",37,403269,10900,NA,NA,NA,"Summe (Alter in Jahren * Hautwohnsitzbevölkerung im jeweiligen Altersjahr) (nichtdeutsch)","Hauptwohnsitzbevölkerung (nichtdeutsch)",NA,NA,NA
"Durchschnittsalter","nichtdeutsch",2006,"22 Aubing - Lochhausen - Langwied",35,245813,7018,NA,NA,NA,"Summe (Alter in Jahren * Hautwohnsitzbevölkerung im jeweiligen Altersjahr) (nichtdeutsch)","Hauptwohnsitzbevölkerung (nichtdeutsch)",NA,NA,NA
"Durchschnittsalter","nichtdeutsch",2006,"23 Allach - Untermenzing",39,175308,4498,NA,NA,NA,"Summe (Alter in Jahren * Hautwohnsitzbevölkerung im jeweiligen Altersjahr) (nichtdeutsch)","Hauptwohnsitzbevölkerung (nichtdeutsch)",NA,NA,NA
"Durchschnittsalter","nichtdeutsch",2006,"24 Feldmoching - Hasenbergl",35.9,499645,13927,NA,NA,NA,"Summe (Alter in Jahren * Hautwohnsitzbevölkerung im jeweiligen Altersjahr) (nichtdeutsch)","Hauptwohnsitzbevölkerung (nichtdeutsch)",NA,NA,NA
"Durchschnittsalter","nichtdeutsch",2006,"25 Laim",37.6,402396,10715,NA,NA,NA,"Summe (Alter in Jahren * Hautwohnsitzbevölkerung im jeweiligen Altersjahr) (nichtdeutsch)","Hauptwohnsitzbevölkerung (nichtdeutsch)",NA,NA,NA
"Durchschnittsalter","nichtdeutsch",2005,"Stadt München",36.9,11077103,300129,NA,NA,NA,"Summe (Alter in Jahren * Hautwohnsitzbevölkerung im jeweiligen Altersjahr) (nichtdeutsch)","Hauptwohnsitzbevölkerung (nichtdeutsch)",NA,NA,NA
"Durchschnittsalter","nichtdeutsch",2005,"01 Altstadt - Lehel",39.6,168791,4261,NA,NA,NA,"Summe (Alter in Jahren * Hautwohnsitzbevölkerung im jeweiligen Altersjahr) (nichtdeutsch)","Hauptwohnsitzbevölkerung (nichtdeutsch)",NA,NA,NA
"Durchschnittsalter","nichtdeutsch",2005,"02 Ludwigsvorstadt - Isarvorstadt",39.2,508307,12953,NA,NA,NA,"Summe (Alter in Jahren * Hautwohnsitzbevölkerung im jeweiligen Altersjahr) (nichtdeutsch)","Hauptwohnsitzbevölkerung (nichtdeutsch)",NA,NA,NA
"Durchschnittsalter","nichtdeutsch",2005,"03 Maxvorstadt",37.5,391101,10442,NA,NA,NA,"Summe (Alter in Jahren * Hautwohnsitzbevölkerung im jeweiligen Altersjahr) (nichtdeutsch)","Hauptwohnsitzbevölkerung (nichtdeutsch)",NA,NA,NA
"Durchschnittsalter","nichtdeutsch",2005,"04 Schwabing - West",38.1,461965,12125,NA,NA,NA,"Summe (Alter in Jahren * Hautwohnsitzbevölkerung im jeweiligen Altersjahr) (nichtdeutsch)","Hauptwohnsitzbevölkerung (nichtdeutsch)",NA,NA,NA
"Durchschnittsalter","nichtdeutsch",2005,"05 Au - Haidhausen",38.9,479708,12322,NA,NA,NA,"Summe (Alter in Jahren * Hautwohnsitzbevölkerung im jeweiligen Altersjahr) (nichtdeutsch)","Hauptwohnsitzbevölkerung (nichtdeutsch)",NA,NA,NA
"Durchschnittsalter","nichtdeutsch",2005,"06 Sendling",37.4,352768,9425,NA,NA,NA,"Summe (Alter in Jahren * Hautwohnsitzbevölkerung im jeweiligen Altersjahr) (nichtdeutsch)","Hauptwohnsitzbevölkerung (nichtdeutsch)",NA,NA,NA
"Durchschnittsalter","nichtdeutsch",2005,"07 Sendling - Westpark",37,425146,11492,NA,NA,NA,"Summe (Alter in Jahren * Hautwohnsitzbevölkerung im jeweiligen Altersjahr) (nichtdeutsch)","Hauptwohnsitzbevölkerung (nichtdeutsch)",NA,NA,NA
"Durchschnittsalter","nichtdeutsch",2005,"08 Schwanthalerhöhe",40.4,389168,9644,NA,NA,NA,"Summe (Alter in Jahren * Hautwohnsitzbevölkerung im jeweiligen Altersjahr) (nichtdeutsch)","Hauptwohnsitzbevölkerung (nichtdeutsch)",NA,NA,NA
"Durchschnittsalter","nichtdeutsch",2005,"09 Neuhausen - Nymphenburg",37.5,670376,17890,NA,NA,NA,"Summe (Alter in Jahren * Hautwohnsitzbevölkerung im jeweiligen Altersjahr) (nichtdeutsch)","Hauptwohnsitzbevölkerung (nichtdeutsch)",NA,NA,NA
"Durchschnittsalter","nichtdeutsch",2005,"10 Moosach",36.4,427921,11758,NA,NA,NA,"Summe (Alter in Jahren * Hautwohnsitzbevölkerung im jeweiligen Altersjahr) (nichtdeutsch)","Hauptwohnsitzbevölkerung (nichtdeutsch)",NA,NA,NA
"Durchschnittsalter","nichtdeutsch",2005,"11 Milbertshofen - Am Hart",35.1,804678,22896,NA,NA,NA,"Summe (Alter in Jahren * Hautwohnsitzbevölkerung im jeweiligen Altersjahr) (nichtdeutsch)","Hauptwohnsitzbevölkerung (nichtdeutsch)",NA,NA,NA
"Durchschnittsalter","nichtdeutsch",2005,"12 Schwabing - Freimann",34.7,487593,14068,NA,NA,NA,"Summe (Alter in Jahren * Hautwohnsitzbevölkerung im jeweiligen Altersjahr) (nichtdeutsch)","Hauptwohnsitzbevölkerung (nichtdeutsch)",NA,NA,NA
"Durchschnittsalter","nichtdeutsch",2005,"13 Bogenhausen",37.9,493754,13042,NA,NA,NA,"Summe (Alter in Jahren * Hautwohnsitzbevölkerung im jeweiligen Altersjahr) (nichtdeutsch)","Hauptwohnsitzbevölkerung (nichtdeutsch)",NA,NA,NA
"Durchschnittsalter","nichtdeutsch",2005,"14 Berg am Laim",36.3,362014,9969,NA,NA,NA,"Summe (Alter in Jahren * Hautwohnsitzbevölkerung im jeweiligen Altersjahr) (nichtdeutsch)","Hauptwohnsitzbevölkerung (nichtdeutsch)",NA,NA,NA
"Durchschnittsalter","nichtdeutsch",2005,"15 Trudering - Riem",34.8,279425,8032,NA,NA,NA,"Summe (Alter in Jahren * Hautwohnsitzbevölkerung im jeweiligen Altersjahr) (nichtdeutsch)","Hauptwohnsitzbevölkerung (nichtdeutsch)",NA,NA,NA
"Durchschnittsalter","nichtdeutsch",2005,"16 Ramersdorf - Perlach",36,985304,27367,NA,NA,NA,"Summe (Alter in Jahren * Hautwohnsitzbevölkerung im jeweiligen Altersjahr) (nichtdeutsch)","Hauptwohnsitzbevölkerung (nichtdeutsch)",NA,NA,NA
"Durchschnittsalter","nichtdeutsch",2005,"17 Obergiesing - Fasangarten",36.9,454924,12339,NA,NA,NA,"Summe (Alter in Jahren * Hautwohnsitzbevölkerung im jeweiligen Altersjahr) (nichtdeutsch)","Hauptwohnsitzbevölkerung (nichtdeutsch)",NA,NA,NA
"Durchschnittsalter","nichtdeutsch",2005,"18 Untergiesing - Harlaching",38.4,352880,9196,NA,NA,NA,"Summe (Alter in Jahren * Hautwohnsitzbevölkerung im jeweiligen Altersjahr) (nichtdeutsch)","Hauptwohnsitzbevölkerung (nichtdeutsch)",NA,NA,NA
"Durchschnittsalter","nichtdeutsch",2005,"19 Thalkirchen - Obersendling - Forstenried - Fürstenried - Solln",37.7,565364,14983,NA,NA,NA,"Summe (Alter in Jahren * Hautwohnsitzbevölkerung im jeweiligen Altersjahr) (nichtdeutsch)","Hauptwohnsitzbevölkerung (nichtdeutsch)",NA,NA,NA
"Durchschnittsalter","nichtdeutsch",2005,"20 Hadern",35.1,316364,9024,NA,NA,NA,"Summe (Alter in Jahren * Hautwohnsitzbevölkerung im jeweiligen Altersjahr) (nichtdeutsch)","Hauptwohnsitzbevölkerung (nichtdeutsch)",NA,NA,NA
"Durchschnittsalter","nichtdeutsch",2005,"21 Pasing - Obermenzing",36.4,394011,10822,NA,NA,NA,"Summe (Alter in Jahren * Hautwohnsitzbevölkerung im jeweiligen Altersjahr) (nichtdeutsch)","Hauptwohnsitzbevölkerung (nichtdeutsch)",NA,NA,NA
"Durchschnittsalter","nichtdeutsch",2005,"22 Aubing - Lochhausen - Langwied",34.5,241842,7015,NA,NA,NA,"Summe (Alter in Jahren * Hautwohnsitzbevölkerung im jeweiligen Altersjahr) (nichtdeutsch)","Hauptwohnsitzbevölkerung (nichtdeutsch)",NA,NA,NA
"Durchschnittsalter","nichtdeutsch",2005,"23 Allach - Untermenzing",38.8,181132,4671,NA,NA,NA,"Summe (Alter in Jahren * Hautwohnsitzbevölkerung im jeweiligen Altersjahr) (nichtdeutsch)","Hauptwohnsitzbevölkerung (nichtdeutsch)",NA,NA,NA
"Durchschnittsalter","nichtdeutsch",2005,"24 Feldmoching - Hasenbergl",35.5,491453,13832,NA,NA,NA,"Summe (Alter in Jahren * Hautwohnsitzbevölkerung im jeweiligen Altersjahr) (nichtdeutsch)","Hauptwohnsitzbevölkerung (nichtdeutsch)",NA,NA,NA
"Durchschnittsalter","nichtdeutsch",2005,"25 Laim",37,391114,10560,NA,NA,NA,"Summe (Alter in Jahren * Hautwohnsitzbevölkerung im jeweiligen Altersjahr) (nichtdeutsch)","Hauptwohnsitzbevölkerung (nichtdeutsch)",NA,NA,NA
"Durchschnittsalter","nichtdeutsch",2004,"Stadt München",36.6,10732312,293386,NA,NA,NA,"Summe (Alter in Jahren * Hautwohnsitzbevölkerung im jeweiligen Altersjahr) (nichtdeutsch)","Hauptwohnsitzbevölkerung (nichtdeutsch)",NA,NA,NA
"Durchschnittsalter","nichtdeutsch",2004,"01 Altstadt - Lehel",39.6,162639,4108,NA,NA,NA,"Summe (Alter in Jahren * Hautwohnsitzbevölkerung im jeweiligen Altersjahr) (nichtdeutsch)","Hauptwohnsitzbevölkerung (nichtdeutsch)",NA,NA,NA
"Durchschnittsalter","nichtdeutsch",2004,"02 Ludwigsvorstadt - Isarvorstadt",38.9,497851,12793,NA,NA,NA,"Summe (Alter in Jahren * Hautwohnsitzbevölkerung im jeweiligen Altersjahr) (nichtdeutsch)","Hauptwohnsitzbevölkerung (nichtdeutsch)",NA,NA,NA
"Durchschnittsalter","nichtdeutsch",2004,"03 Maxvorstadt",37.4,384996,10285,NA,NA,NA,"Summe (Alter in Jahren * Hautwohnsitzbevölkerung im jeweiligen Altersjahr) (nichtdeutsch)","Hauptwohnsitzbevölkerung (nichtdeutsch)",NA,NA,NA
"Durchschnittsalter","nichtdeutsch",2004,"04 Schwabing - West",37.7,452385,12012,NA,NA,NA,"Summe (Alter in Jahren * Hautwohnsitzbevölkerung im jeweiligen Altersjahr) (nichtdeutsch)","Hauptwohnsitzbevölkerung (nichtdeutsch)",NA,NA,NA
"Durchschnittsalter","nichtdeutsch",2004,"05 Au - Haidhausen",38.6,475045,12307,NA,NA,NA,"Summe (Alter in Jahren * Hautwohnsitzbevölkerung im jeweiligen Altersjahr) (nichtdeutsch)","Hauptwohnsitzbevölkerung (nichtdeutsch)",NA,NA,NA
"Durchschnittsalter","nichtdeutsch",2004,"06 Sendling",37.1,343497,9261,NA,NA,NA,"Summe (Alter in Jahren * Hautwohnsitzbevölkerung im jeweiligen Altersjahr) (nichtdeutsch)","Hauptwohnsitzbevölkerung (nichtdeutsch)",NA,NA,NA
"Durchschnittsalter","nichtdeutsch",2004,"07 Sendling - Westpark",36.6,407548,11127,NA,NA,NA,"Summe (Alter in Jahren * Hautwohnsitzbevölkerung im jeweiligen Altersjahr) (nichtdeutsch)","Hauptwohnsitzbevölkerung (nichtdeutsch)",NA,NA,NA
"Durchschnittsalter","nichtdeutsch",2004,"08 Schwanthalerhöhe",39.8,387644,9751,NA,NA,NA,"Summe (Alter in Jahren * Hautwohnsitzbevölkerung im jeweiligen Altersjahr) (nichtdeutsch)","Hauptwohnsitzbevölkerung (nichtdeutsch)",NA,NA,NA
"Durchschnittsalter","nichtdeutsch",2004,"09 Neuhausen - Nymphenburg",37.1,669230,18041,NA,NA,NA,"Summe (Alter in Jahren * Hautwohnsitzbevölkerung im jeweiligen Altersjahr) (nichtdeutsch)","Hauptwohnsitzbevölkerung (nichtdeutsch)",NA,NA,NA
"Durchschnittsalter","nichtdeutsch",2004,"10 Moosach",35.9,411334,11442,NA,NA,NA,"Summe (Alter in Jahren * Hautwohnsitzbevölkerung im jeweiligen Altersjahr) (nichtdeutsch)","Hauptwohnsitzbevölkerung (nichtdeutsch)",NA,NA,NA
"Durchschnittsalter","nichtdeutsch",2004,"11 Milbertshofen - Am Hart",35,762104,21773,NA,NA,NA,"Summe (Alter in Jahren * Hautwohnsitzbevölkerung im jeweiligen Altersjahr) (nichtdeutsch)","Hauptwohnsitzbevölkerung (nichtdeutsch)",NA,NA,NA
"Durchschnittsalter","nichtdeutsch",2004,"12 Schwabing - Freimann",34.4,481829,13996,NA,NA,NA,"Summe (Alter in Jahren * Hautwohnsitzbevölkerung im jeweiligen Altersjahr) (nichtdeutsch)","Hauptwohnsitzbevölkerung (nichtdeutsch)",NA,NA,NA
"Durchschnittsalter","nichtdeutsch",2004,"13 Bogenhausen",37.7,471216,12513,NA,NA,NA,"Summe (Alter in Jahren * Hautwohnsitzbevölkerung im jeweiligen Altersjahr) (nichtdeutsch)","Hauptwohnsitzbevölkerung (nichtdeutsch)",NA,NA,NA
"Durchschnittsalter","nichtdeutsch",2004,"14 Berg am Laim",35.9,349018,9725,NA,NA,NA,"Summe (Alter in Jahren * Hautwohnsitzbevölkerung im jeweiligen Altersjahr) (nichtdeutsch)","Hauptwohnsitzbevölkerung (nichtdeutsch)",NA,NA,NA
"Durchschnittsalter","nichtdeutsch",2004,"15 Trudering - Riem",34.7,261559,7546,NA,NA,NA,"Summe (Alter in Jahren * Hautwohnsitzbevölkerung im jeweiligen Altersjahr) (nichtdeutsch)","Hauptwohnsitzbevölkerung (nichtdeutsch)",NA,NA,NA
"Durchschnittsalter","nichtdeutsch",2004,"16 Ramersdorf - Perlach",35.6,947468,26613,NA,NA,NA,"Summe (Alter in Jahren * Hautwohnsitzbevölkerung im jeweiligen Altersjahr) (nichtdeutsch)","Hauptwohnsitzbevölkerung (nichtdeutsch)",NA,NA,NA
"Durchschnittsalter","nichtdeutsch",2004,"17 Obergiesing - Fasangarten",36.2,441568,12197,NA,NA,NA,"Summe (Alter in Jahren * Hautwohnsitzbevölkerung im jeweiligen Altersjahr) (nichtdeutsch)","Hauptwohnsitzbevölkerung (nichtdeutsch)",NA,NA,NA
"Durchschnittsalter","nichtdeutsch",2004,"18 Untergiesing - Harlaching",38.1,341867,8979,NA,NA,NA,"Summe (Alter in Jahren * Hautwohnsitzbevölkerung im jeweiligen Altersjahr) (nichtdeutsch)","Hauptwohnsitzbevölkerung (nichtdeutsch)",NA,NA,NA
"Durchschnittsalter","nichtdeutsch",2004,"19 Thalkirchen - Obersendling - Forstenried - Fürstenried - Solln",37.8,543845,14380,NA,NA,NA,"Summe (Alter in Jahren * Hautwohnsitzbevölkerung im jeweiligen Altersjahr) (nichtdeutsch)","Hauptwohnsitzbevölkerung (nichtdeutsch)",NA,NA,NA
"Durchschnittsalter","nichtdeutsch",2004,"20 Hadern",34.7,301017,8683,NA,NA,NA,"Summe (Alter in Jahren * Hautwohnsitzbevölkerung im jeweiligen Altersjahr) (nichtdeutsch)","Hauptwohnsitzbevölkerung (nichtdeutsch)",NA,NA,NA
"Durchschnittsalter","nichtdeutsch",2004,"21 Pasing - Obermenzing",35.9,382288,10639,NA,NA,NA,"Summe (Alter in Jahren * Hautwohnsitzbevölkerung im jeweiligen Altersjahr) (nichtdeutsch)","Hauptwohnsitzbevölkerung (nichtdeutsch)",NA,NA,NA
"Durchschnittsalter","nichtdeutsch",2004,"22 Aubing - Lochhausen - Langwied",33.9,231612,6835,NA,NA,NA,"Summe (Alter in Jahren * Hautwohnsitzbevölkerung im jeweiligen Altersjahr) (nichtdeutsch)","Hauptwohnsitzbevölkerung (nichtdeutsch)",NA,NA,NA
"Durchschnittsalter","nichtdeutsch",2004,"23 Allach - Untermenzing",38.1,177668,4666,NA,NA,NA,"Summe (Alter in Jahren * Hautwohnsitzbevölkerung im jeweiligen Altersjahr) (nichtdeutsch)","Hauptwohnsitzbevölkerung (nichtdeutsch)",NA,NA,NA
"Durchschnittsalter","nichtdeutsch",2004,"24 Feldmoching - Hasenbergl",34.9,469007,13420,NA,NA,NA,"Summe (Alter in Jahren * Hautwohnsitzbevölkerung im jeweiligen Altersjahr) (nichtdeutsch)","Hauptwohnsitzbevölkerung (nichtdeutsch)",NA,NA,NA
"Durchschnittsalter","nichtdeutsch",2004,"25 Laim",36.7,378077,10294,NA,NA,NA,"Summe (Alter in Jahren * Hautwohnsitzbevölkerung im jeweiligen Altersjahr) (nichtdeutsch)","Hauptwohnsitzbevölkerung (nichtdeutsch)",NA,NA,NA
"Durchschnittsalter","nichtdeutsch",2003,"Stadt München",36.2,10591424,292229,NA,NA,NA,"Summe (Alter in Jahren * Hautwohnsitzbevölkerung im jeweiligen Altersjahr) (nichtdeutsch)","Hauptwohnsitzbevölkerung (nichtdeutsch)",NA,NA,NA
"Durchschnittsalter","nichtdeutsch",2003,"01 Altstadt - Lehel",39.4,164510,4178,NA,NA,NA,"Summe (Alter in Jahren * Hautwohnsitzbevölkerung im jeweiligen Altersjahr) (nichtdeutsch)","Hauptwohnsitzbevölkerung (nichtdeutsch)",NA,NA,NA
"Durchschnittsalter","nichtdeutsch",2003,"02 Ludwigsvorstadt - Isarvorstadt",38.8,515960,13293,NA,NA,NA,"Summe (Alter in Jahren * Hautwohnsitzbevölkerung im jeweiligen Altersjahr) (nichtdeutsch)","Hauptwohnsitzbevölkerung (nichtdeutsch)",NA,NA,NA
"Durchschnittsalter","nichtdeutsch",2003,"03 Maxvorstadt",37.3,384633,10309,NA,NA,NA,"Summe (Alter in Jahren * Hautwohnsitzbevölkerung im jeweiligen Altersjahr) (nichtdeutsch)","Hauptwohnsitzbevölkerung (nichtdeutsch)",NA,NA,NA
"Durchschnittsalter","nichtdeutsch",2003,"04 Schwabing - West",37.2,444776,11960,NA,NA,NA,"Summe (Alter in Jahren * Hautwohnsitzbevölkerung im jeweiligen Altersjahr) (nichtdeutsch)","Hauptwohnsitzbevölkerung (nichtdeutsch)",NA,NA,NA
"Durchschnittsalter","nichtdeutsch",2003,"05 Au - Haidhausen",38.2,487764,12759,NA,NA,NA,"Summe (Alter in Jahren * Hautwohnsitzbevölkerung im jeweiligen Altersjahr) (nichtdeutsch)","Hauptwohnsitzbevölkerung (nichtdeutsch)",NA,NA,NA
"Durchschnittsalter","nichtdeutsch",2003,"06 Sendling",36.9,332986,9025,NA,NA,NA,"Summe (Alter in Jahren * Hautwohnsitzbevölkerung im jeweiligen Altersjahr) (nichtdeutsch)","Hauptwohnsitzbevölkerung (nichtdeutsch)",NA,NA,NA
"Durchschnittsalter","nichtdeutsch",2003,"07 Sendling - Westpark",36.2,398405,11020,NA,NA,NA,"Summe (Alter in Jahren * Hautwohnsitzbevölkerung im jeweiligen Altersjahr) (nichtdeutsch)","Hauptwohnsitzbevölkerung (nichtdeutsch)",NA,NA,NA
"Durchschnittsalter","nichtdeutsch",2003,"08 Schwanthalerhöhe",39.5,402233,10176,NA,NA,NA,"Summe (Alter in Jahren * Hautwohnsitzbevölkerung im jeweiligen Altersjahr) (nichtdeutsch)","Hauptwohnsitzbevölkerung (nichtdeutsch)",NA,NA,NA
"Durchschnittsalter","nichtdeutsch",2003,"09 Neuhausen - Nymphenburg",36.7,649391,17703,NA,NA,NA,"Summe (Alter in Jahren * Hautwohnsitzbevölkerung im jeweiligen Altersjahr) (nichtdeutsch)","Hauptwohnsitzbevölkerung (nichtdeutsch)",NA,NA,NA
"Durchschnittsalter","nichtdeutsch",2003,"10 Moosach",35.5,394438,11104,NA,NA,NA,"Summe (Alter in Jahren * Hautwohnsitzbevölkerung im jeweiligen Altersjahr) (nichtdeutsch)","Hauptwohnsitzbevölkerung (nichtdeutsch)",NA,NA,NA
"Durchschnittsalter","nichtdeutsch",2003,"11 Milbertshofen - Am Hart",34.9,738221,21154,NA,NA,NA,"Summe (Alter in Jahren * Hautwohnsitzbevölkerung im jeweiligen Altersjahr) (nichtdeutsch)","Hauptwohnsitzbevölkerung (nichtdeutsch)",NA,NA,NA
"Durchschnittsalter","nichtdeutsch",2003,"12 Schwabing - Freimann",34.3,489073,14241,NA,NA,NA,"Summe (Alter in Jahren * Hautwohnsitzbevölkerung im jeweiligen Altersjahr) (nichtdeutsch)","Hauptwohnsitzbevölkerung (nichtdeutsch)",NA,NA,NA
"Durchschnittsalter","nichtdeutsch",2003,"13 Bogenhausen",37.4,473069,12654,NA,NA,NA,"Summe (Alter in Jahren * Hautwohnsitzbevölkerung im jeweiligen Altersjahr) (nichtdeutsch)","Hauptwohnsitzbevölkerung (nichtdeutsch)",NA,NA,NA
"Durchschnittsalter","nichtdeutsch",2003,"14 Berg am Laim",35.4,336817,9518,NA,NA,NA,"Summe (Alter in Jahren * Hautwohnsitzbevölkerung im jeweiligen Altersjahr) (nichtdeutsch)","Hauptwohnsitzbevölkerung (nichtdeutsch)",NA,NA,NA
"Durchschnittsalter","nichtdeutsch",2003,"15 Trudering - Riem",34.2,256506,7493,NA,NA,NA,"Summe (Alter in Jahren * Hautwohnsitzbevölkerung im jeweiligen Altersjahr) (nichtdeutsch)","Hauptwohnsitzbevölkerung (nichtdeutsch)",NA,NA,NA
"Durchschnittsalter","nichtdeutsch",2003,"16 Ramersdorf - Perlach",35.1,923166,26331,NA,NA,NA,"Summe (Alter in Jahren * Hautwohnsitzbevölkerung im jeweiligen Altersjahr) (nichtdeutsch)","Hauptwohnsitzbevölkerung (nichtdeutsch)",NA,NA,NA
"Durchschnittsalter","nichtdeutsch",2003,"17 Obergiesing - Fasangarten",35.5,442848,12478,NA,NA,NA,"Summe (Alter in Jahren * Hautwohnsitzbevölkerung im jeweiligen Altersjahr) (nichtdeutsch)","Hauptwohnsitzbevölkerung (nichtdeutsch)",NA,NA,NA
"Durchschnittsalter","nichtdeutsch",2003,"18 Untergiesing - Harlaching",37.6,344024,9149,NA,NA,NA,"Summe (Alter in Jahren * Hautwohnsitzbevölkerung im jeweiligen Altersjahr) (nichtdeutsch)","Hauptwohnsitzbevölkerung (nichtdeutsch)",NA,NA,NA
"Durchschnittsalter","nichtdeutsch",2003,"19 Thalkirchen - Obersendling - Forstenried - Fürstenried - Solln",37.2,532788,14325,NA,NA,NA,"Summe (Alter in Jahren * Hautwohnsitzbevölkerung im jeweiligen Altersjahr) (nichtdeutsch)","Hauptwohnsitzbevölkerung (nichtdeutsch)",NA,NA,NA
"Durchschnittsalter","nichtdeutsch",2003,"20 Hadern",34.3,286888,8364,NA,NA,NA,"Summe (Alter in Jahren * Hautwohnsitzbevölkerung im jeweiligen Altersjahr) (nichtdeutsch)","Hauptwohnsitzbevölkerung (nichtdeutsch)",NA,NA,NA
"Durchschnittsalter","nichtdeutsch",2003,"21 Pasing - Obermenzing",35.8,371838,10394,NA,NA,NA,"Summe (Alter in Jahren * Hautwohnsitzbevölkerung im jeweiligen Altersjahr) (nichtdeutsch)","Hauptwohnsitzbevölkerung (nichtdeutsch)",NA,NA,NA
"Durchschnittsalter","nichtdeutsch",2003,"22 Aubing - Lochhausen - Langwied",33.6,226274,6739,NA,NA,NA,"Summe (Alter in Jahren * Hautwohnsitzbevölkerung im jeweiligen Altersjahr) (nichtdeutsch)","Hauptwohnsitzbevölkerung (nichtdeutsch)",NA,NA,NA
"Durchschnittsalter","nichtdeutsch",2003,"23 Allach - Untermenzing",37.8,168390,4450,NA,NA,NA,"Summe (Alter in Jahren * Hautwohnsitzbevölkerung im jeweiligen Altersjahr) (nichtdeutsch)","Hauptwohnsitzbevölkerung (nichtdeutsch)",NA,NA,NA
"Durchschnittsalter","nichtdeutsch",2003,"24 Feldmoching - Hasenbergl",34.6,462763,13385,NA,NA,NA,"Summe (Alter in Jahren * Hautwohnsitzbevölkerung im jeweiligen Altersjahr) (nichtdeutsch)","Hauptwohnsitzbevölkerung (nichtdeutsch)",NA,NA,NA
"Durchschnittsalter","nichtdeutsch",2003,"25 Laim",36.3,363611,10026,NA,NA,NA,"Summe (Alter in Jahren * Hautwohnsitzbevölkerung im jeweiligen Altersjahr) (nichtdeutsch)","Hauptwohnsitzbevölkerung (nichtdeutsch)",NA,NA,NA
"Durchschnittsalter","nichtdeutsch",2002,"Stadt München",35.8,10365202,289263,NA,NA,NA,"Summe (Alter in Jahren * Hautwohnsitzbevölkerung im jeweiligen Altersjahr) (nichtdeutsch)","Hauptwohnsitzbevölkerung (nichtdeutsch)",NA,NA,NA
"Durchschnittsalter","nichtdeutsch",2002,"01 Altstadt - Lehel",39,159192,4079,NA,NA,NA,"Summe (Alter in Jahren * Hautwohnsitzbevölkerung im jeweiligen Altersjahr) (nichtdeutsch)","Hauptwohnsitzbevölkerung (nichtdeutsch)",NA,NA,NA
"Durchschnittsalter","nichtdeutsch",2002,"02 Ludwigsvorstadt - Isarvorstadt",38.5,527005,13684,NA,NA,NA,"Summe (Alter in Jahren * Hautwohnsitzbevölkerung im jeweiligen Altersjahr) (nichtdeutsch)","Hauptwohnsitzbevölkerung (nichtdeutsch)",NA,NA,NA
"Durchschnittsalter","nichtdeutsch",2002,"03 Maxvorstadt",37.2,382702,10277,NA,NA,NA,"Summe (Alter in Jahren * Hautwohnsitzbevölkerung im jeweiligen Altersjahr) (nichtdeutsch)","Hauptwohnsitzbevölkerung (nichtdeutsch)",NA,NA,NA
"Durchschnittsalter","nichtdeutsch",2002,"04 Schwabing - West",37,431436,11674,NA,NA,NA,"Summe (Alter in Jahren * Hautwohnsitzbevölkerung im jeweiligen Altersjahr) (nichtdeutsch)","Hauptwohnsitzbevölkerung (nichtdeutsch)",NA,NA,NA
"Durchschnittsalter","nichtdeutsch",2002,"05 Au - Haidhausen",37.6,489372,13007,NA,NA,NA,"Summe (Alter in Jahren * Hautwohnsitzbevölkerung im jeweiligen Altersjahr) (nichtdeutsch)","Hauptwohnsitzbevölkerung (nichtdeutsch)",NA,NA,NA
"Durchschnittsalter","nichtdeutsch",2002,"06 Sendling",36.4,327225,8996,NA,NA,NA,"Summe (Alter in Jahren * Hautwohnsitzbevölkerung im jeweiligen Altersjahr) (nichtdeutsch)","Hauptwohnsitzbevölkerung (nichtdeutsch)",NA,NA,NA
"Durchschnittsalter","nichtdeutsch",2002,"07 Sendling - Westpark",35.7,384798,10781,NA,NA,NA,"Summe (Alter in Jahren * Hautwohnsitzbevölkerung im jeweiligen Altersjahr) (nichtdeutsch)","Hauptwohnsitzbevölkerung (nichtdeutsch)",NA,NA,NA
"Durchschnittsalter","nichtdeutsch",2002,"08 Schwanthalerhöhe",39.1,394835,10091,NA,NA,NA,"Summe (Alter in Jahren * Hautwohnsitzbevölkerung im jeweiligen Altersjahr) (nichtdeutsch)","Hauptwohnsitzbevölkerung (nichtdeutsch)",NA,NA,NA
"Durchschnittsalter","nichtdeutsch",2002,"09 Neuhausen - Nymphenburg",36.2,644808,17795,NA,NA,NA,"Summe (Alter in Jahren * Hautwohnsitzbevölkerung im jeweiligen Altersjahr) (nichtdeutsch)","Hauptwohnsitzbevölkerung (nichtdeutsch)",NA,NA,NA
"Durchschnittsalter","nichtdeutsch",2002,"10 Moosach",34.9,385511,11054,NA,NA,NA,"Summe (Alter in Jahren * Hautwohnsitzbevölkerung im jeweiligen Altersjahr) (nichtdeutsch)","Hauptwohnsitzbevölkerung (nichtdeutsch)",NA,NA,NA
"Durchschnittsalter","nichtdeutsch",2002,"11 Milbertshofen - Am Hart",34.5,718227,20800,NA,NA,NA,"Summe (Alter in Jahren * Hautwohnsitzbevölkerung im jeweiligen Altersjahr) (nichtdeutsch)","Hauptwohnsitzbevölkerung (nichtdeutsch)",NA,NA,NA
"Durchschnittsalter","nichtdeutsch",2002,"12 Schwabing - Freimann",33.7,466468,13840,NA,NA,NA,"Summe (Alter in Jahren * Hautwohnsitzbevölkerung im jeweiligen Altersjahr) (nichtdeutsch)","Hauptwohnsitzbevölkerung (nichtdeutsch)",NA,NA,NA
"Durchschnittsalter","nichtdeutsch",2002,"13 Bogenhausen",37.1,451646,12178,NA,NA,NA,"Summe (Alter in Jahren * Hautwohnsitzbevölkerung im jeweiligen Altersjahr) (nichtdeutsch)","Hauptwohnsitzbevölkerung (nichtdeutsch)",NA,NA,NA
"Durchschnittsalter","nichtdeutsch",2002,"14 Berg am Laim",34.6,333730,9637,NA,NA,NA,"Summe (Alter in Jahren * Hautwohnsitzbevölkerung im jeweiligen Altersjahr) (nichtdeutsch)","Hauptwohnsitzbevölkerung (nichtdeutsch)",NA,NA,NA
"Durchschnittsalter","nichtdeutsch",2002,"15 Trudering - Riem",34.1,254119,7456,NA,NA,NA,"Summe (Alter in Jahren * Hautwohnsitzbevölkerung im jeweiligen Altersjahr) (nichtdeutsch)","Hauptwohnsitzbevölkerung (nichtdeutsch)",NA,NA,NA
"Durchschnittsalter","nichtdeutsch",2002,"16 Ramersdorf - Perlach",34.5,895463,25941,NA,NA,NA,"Summe (Alter in Jahren * Hautwohnsitzbevölkerung im jeweiligen Altersjahr) (nichtdeutsch)","Hauptwohnsitzbevölkerung (nichtdeutsch)",NA,NA,NA
"Durchschnittsalter","nichtdeutsch",2002,"17 Obergiesing - Fasangarten",35.1,432499,12332,NA,NA,NA,"Summe (Alter in Jahren * Hautwohnsitzbevölkerung im jeweiligen Altersjahr) (nichtdeutsch)","Hauptwohnsitzbevölkerung (nichtdeutsch)",NA,NA,NA
"Durchschnittsalter","nichtdeutsch",2002,"18 Untergiesing - Harlaching",37.2,332689,8949,NA,NA,NA,"Summe (Alter in Jahren * Hautwohnsitzbevölkerung im jeweiligen Altersjahr) (nichtdeutsch)","Hauptwohnsitzbevölkerung (nichtdeutsch)",NA,NA,NA
"Durchschnittsalter","nichtdeutsch",2002,"19 Thalkirchen - Obersendling - Forstenried - Fürstenried - Solln",36.7,521304,14208,NA,NA,NA,"Summe (Alter in Jahren * Hautwohnsitzbevölkerung im jeweiligen Altersjahr) (nichtdeutsch)","Hauptwohnsitzbevölkerung (nichtdeutsch)",NA,NA,NA
"Durchschnittsalter","nichtdeutsch",2002,"20 Hadern",34.2,275360,8051,NA,NA,NA,"Summe (Alter in Jahren * Hautwohnsitzbevölkerung im jeweiligen Altersjahr) (nichtdeutsch)","Hauptwohnsitzbevölkerung (nichtdeutsch)",NA,NA,NA
"Durchschnittsalter","nichtdeutsch",2002,"21 Pasing - Obermenzing",35.4,355435,10050,NA,NA,NA,"Summe (Alter in Jahren * Hautwohnsitzbevölkerung im jeweiligen Altersjahr) (nichtdeutsch)","Hauptwohnsitzbevölkerung (nichtdeutsch)",NA,NA,NA
"Durchschnittsalter","nichtdeutsch",2002,"22 Aubing - Lochhausen - Langwied",33.5,222761,6650,NA,NA,NA,"Summe (Alter in Jahren * Hautwohnsitzbevölkerung im jeweiligen Altersjahr) (nichtdeutsch)","Hauptwohnsitzbevölkerung (nichtdeutsch)",NA,NA,NA
"Durchschnittsalter","nichtdeutsch",2002,"23 Allach - Untermenzing",37.3,171866,4611,NA,NA,NA,"Summe (Alter in Jahren * Hautwohnsitzbevölkerung im jeweiligen Altersjahr) (nichtdeutsch)","Hauptwohnsitzbevölkerung (nichtdeutsch)",NA,NA,NA
"Durchschnittsalter","nichtdeutsch",2002,"24 Feldmoching - Hasenbergl",34.1,454965,13338,NA,NA,NA,"Summe (Alter in Jahren * Hautwohnsitzbevölkerung im jeweiligen Altersjahr) (nichtdeutsch)","Hauptwohnsitzbevölkerung (nichtdeutsch)",NA,NA,NA
"Durchschnittsalter","nichtdeutsch",2002,"25 Laim",36,351786,9784,NA,NA,NA,"Summe (Alter in Jahren * Hautwohnsitzbevölkerung im jeweiligen Altersjahr) (nichtdeutsch)","Hauptwohnsitzbevölkerung (nichtdeutsch)",NA,NA,NA
"Durchschnittsalter","nichtdeutsch",2001,"Stadt München",35.4,10168110,287107,NA,NA,NA,"Summe (Alter in Jahren * Hautwohnsitzbevölkerung im jeweiligen Altersjahr) (nichtdeutsch)","Hauptwohnsitzbevölkerung (nichtdeutsch)",NA,NA,NA
"Durchschnittsalter","nichtdeutsch",2001,"01 Altstadt - Lehel",38.7,163486,4227,NA,NA,NA,"Summe (Alter in Jahren * Hautwohnsitzbevölkerung im jeweiligen Altersjahr) (nichtdeutsch)","Hauptwohnsitzbevölkerung (nichtdeutsch)",NA,NA,NA
"Durchschnittsalter","nichtdeutsch",2001,"02 Ludwigsvorstadt - Isarvorstadt",38,533078,14025,NA,NA,NA,"Summe (Alter in Jahren * Hautwohnsitzbevölkerung im jeweiligen Altersjahr) (nichtdeutsch)","Hauptwohnsitzbevölkerung (nichtdeutsch)",NA,NA,NA
"Durchschnittsalter","nichtdeutsch",2001,"03 Maxvorstadt",37,390085,10533,NA,NA,NA,"Summe (Alter in Jahren * Hautwohnsitzbevölkerung im jeweiligen Altersjahr) (nichtdeutsch)","Hauptwohnsitzbevölkerung (nichtdeutsch)",NA,NA,NA
"Durchschnittsalter","nichtdeutsch",2001,"04 Schwabing - West",36.5,433670,11868,NA,NA,NA,"Summe (Alter in Jahren * Hautwohnsitzbevölkerung im jeweiligen Altersjahr) (nichtdeutsch)","Hauptwohnsitzbevölkerung (nichtdeutsch)",NA,NA,NA
"Durchschnittsalter","nichtdeutsch",2001,"05 Au - Haidhausen",37.2,481795,12954,NA,NA,NA,"Summe (Alter in Jahren * Hautwohnsitzbevölkerung im jeweiligen Altersjahr) (nichtdeutsch)","Hauptwohnsitzbevölkerung (nichtdeutsch)",NA,NA,NA
"Durchschnittsalter","nichtdeutsch",2001,"06 Sendling",35.9,322082,8965,NA,NA,NA,"Summe (Alter in Jahren * Hautwohnsitzbevölkerung im jeweiligen Altersjahr) (nichtdeutsch)","Hauptwohnsitzbevölkerung (nichtdeutsch)",NA,NA,NA
"Durchschnittsalter","nichtdeutsch",2001,"07 Sendling - Westpark",35.1,380798,10846,NA,NA,NA,"Summe (Alter in Jahren * Hautwohnsitzbevölkerung im jeweiligen Altersjahr) (nichtdeutsch)","Hauptwohnsitzbevölkerung (nichtdeutsch)",NA,NA,NA
"Durchschnittsalter","nichtdeutsch",2001,"08 Schwanthalerhöhe",38.7,387911,10028,NA,NA,NA,"Summe (Alter in Jahren * Hautwohnsitzbevölkerung im jeweiligen Altersjahr) (nichtdeutsch)","Hauptwohnsitzbevölkerung (nichtdeutsch)",NA,NA,NA
"Durchschnittsalter","nichtdeutsch",2001,"09 Neuhausen - Nymphenburg",35.7,642101,17972,NA,NA,NA,"Summe (Alter in Jahren * Hautwohnsitzbevölkerung im jeweiligen Altersjahr) (nichtdeutsch)","Hauptwohnsitzbevölkerung (nichtdeutsch)",NA,NA,NA
"Durchschnittsalter","nichtdeutsch",2001,"10 Moosach",34.4,379015,11011,NA,NA,NA,"Summe (Alter in Jahren * Hautwohnsitzbevölkerung im jeweiligen Altersjahr) (nichtdeutsch)","Hauptwohnsitzbevölkerung (nichtdeutsch)",NA,NA,NA
"Durchschnittsalter","nichtdeutsch",2001,"11 Milbertshofen - Am Hart",34.2,696103,20372,NA,NA,NA,"Summe (Alter in Jahren * Hautwohnsitzbevölkerung im jeweiligen Altersjahr) (nichtdeutsch)","Hauptwohnsitzbevölkerung (nichtdeutsch)",NA,NA,NA
"Durchschnittsalter","nichtdeutsch",2001,"12 Schwabing - Freimann",33.5,453932,13537,NA,NA,NA,"Summe (Alter in Jahren * Hautwohnsitzbevölkerung im jeweiligen Altersjahr) (nichtdeutsch)","Hauptwohnsitzbevölkerung (nichtdeutsch)",NA,NA,NA
"Durchschnittsalter","nichtdeutsch",2001,"13 Bogenhausen",36.8,438860,11921,NA,NA,NA,"Summe (Alter in Jahren * Hautwohnsitzbevölkerung im jeweiligen Altersjahr) (nichtdeutsch)","Hauptwohnsitzbevölkerung (nichtdeutsch)",NA,NA,NA
"Durchschnittsalter","nichtdeutsch",2001,"14 Berg am Laim",34.2,325870,9522,NA,NA,NA,"Summe (Alter in Jahren * Hautwohnsitzbevölkerung im jeweiligen Altersjahr) (nichtdeutsch)","Hauptwohnsitzbevölkerung (nichtdeutsch)",NA,NA,NA
"Durchschnittsalter","nichtdeutsch",2001,"15 Trudering - Riem",33.9,226538,6687,NA,NA,NA,"Summe (Alter in Jahren * Hautwohnsitzbevölkerung im jeweiligen Altersjahr) (nichtdeutsch)","Hauptwohnsitzbevölkerung (nichtdeutsch)",NA,NA,NA
"Durchschnittsalter","nichtdeutsch",2001,"16 Ramersdorf - Perlach",33.8,874285,25872,NA,NA,NA,"Summe (Alter in Jahren * Hautwohnsitzbevölkerung im jeweiligen Altersjahr) (nichtdeutsch)","Hauptwohnsitzbevölkerung (nichtdeutsch)",NA,NA,NA
"Durchschnittsalter","nichtdeutsch",2001,"17 Obergiesing - Fasangarten",34.8,417135,11981,NA,NA,NA,"Summe (Alter in Jahren * Hautwohnsitzbevölkerung im jeweiligen Altersjahr) (nichtdeutsch)","Hauptwohnsitzbevölkerung (nichtdeutsch)",NA,NA,NA
"Durchschnittsalter","nichtdeutsch",2001,"18 Untergiesing - Harlaching",36.8,327573,8892,NA,NA,NA,"Summe (Alter in Jahren * Hautwohnsitzbevölkerung im jeweiligen Altersjahr) (nichtdeutsch)","Hauptwohnsitzbevölkerung (nichtdeutsch)",NA,NA,NA
"Durchschnittsalter","nichtdeutsch",2001,"19 Thalkirchen - Obersendling - Forstenried - Fürstenried - Solln",36.6,509850,13945,NA,NA,NA,"Summe (Alter in Jahren * Hautwohnsitzbevölkerung im jeweiligen Altersjahr) (nichtdeutsch)","Hauptwohnsitzbevölkerung (nichtdeutsch)",NA,NA,NA
"Durchschnittsalter","nichtdeutsch",2001,"20 Hadern",33.7,256635,7614,NA,NA,NA,"Summe (Alter in Jahren * Hautwohnsitzbevölkerung im jeweiligen Altersjahr) (nichtdeutsch)","Hauptwohnsitzbevölkerung (nichtdeutsch)",NA,NA,NA
"Durchschnittsalter","nichtdeutsch",2001,"21 Pasing - Obermenzing",34.8,348224,10002,NA,NA,NA,"Summe (Alter in Jahren * Hautwohnsitzbevölkerung im jeweiligen Altersjahr) (nichtdeutsch)","Hauptwohnsitzbevölkerung (nichtdeutsch)",NA,NA,NA
"Durchschnittsalter","nichtdeutsch",2001,"22 Aubing - Lochhausen - Langwied",32.9,219211,6659,NA,NA,NA,"Summe (Alter in Jahren * Hautwohnsitzbevölkerung im jeweiligen Altersjahr) (nichtdeutsch)","Hauptwohnsitzbevölkerung (nichtdeutsch)",NA,NA,NA
"Durchschnittsalter","nichtdeutsch",2001,"23 Allach - Untermenzing",36.6,169900,4647,NA,NA,NA,"Summe (Alter in Jahren * Hautwohnsitzbevölkerung im jeweiligen Altersjahr) (nichtdeutsch)","Hauptwohnsitzbevölkerung (nichtdeutsch)",NA,NA,NA
"Durchschnittsalter","nichtdeutsch",2001,"24 Feldmoching - Hasenbergl",33.7,446160,13240,NA,NA,NA,"Summe (Alter in Jahren * Hautwohnsitzbevölkerung im jeweiligen Altersjahr) (nichtdeutsch)","Hauptwohnsitzbevölkerung (nichtdeutsch)",NA,NA,NA
"Durchschnittsalter","nichtdeutsch",2001,"25 Laim",35.1,343813,9787,NA,NA,NA,"Summe (Alter in Jahren * Hautwohnsitzbevölkerung im jeweiligen Altersjahr) (nichtdeutsch)","Hauptwohnsitzbevölkerung (nichtdeutsch)",NA,NA,NA
"Durchschnittsalter","nichtdeutsch",2000,"Stadt München",35,9872751,282148,NA,NA,NA,"Summe (Alter in Jahren * Hautwohnsitzbevölkerung im jeweiligen Altersjahr) (nichtdeutsch)","Hauptwohnsitzbevölkerung (nichtdeutsch)",NA,NA,NA
"Durchschnittsalter","nichtdeutsch",2000,"01 Altstadt - Lehel",38.2,161305,4219,NA,NA,NA,"Summe (Alter in Jahren * Hautwohnsitzbevölkerung im jeweiligen Altersjahr) (nichtdeutsch)","Hauptwohnsitzbevölkerung (nichtdeutsch)",NA,NA,NA
"Durchschnittsalter","nichtdeutsch",2000,"02 Ludwigsvorstadt - Isarvorstadt",37.8,540433,14301,NA,NA,NA,"Summe (Alter in Jahren * Hautwohnsitzbevölkerung im jeweiligen Altersjahr) (nichtdeutsch)","Hauptwohnsitzbevölkerung (nichtdeutsch)",NA,NA,NA
"Durchschnittsalter","nichtdeutsch",2000,"03 Maxvorstadt",36.7,381621,10392,NA,NA,NA,"Summe (Alter in Jahren * Hautwohnsitzbevölkerung im jeweiligen Altersjahr) (nichtdeutsch)","Hauptwohnsitzbevölkerung (nichtdeutsch)",NA,NA,NA
"Durchschnittsalter","nichtdeutsch",2000,"04 Schwabing - West",36.5,406659,11144,NA,NA,NA,"Summe (Alter in Jahren * Hautwohnsitzbevölkerung im jeweiligen Altersjahr) (nichtdeutsch)","Hauptwohnsitzbevölkerung (nichtdeutsch)",NA,NA,NA
"Durchschnittsalter","nichtdeutsch",2000,"05 Au - Haidhausen",36.7,486415,13257,NA,NA,NA,"Summe (Alter in Jahren * Hautwohnsitzbevölkerung im jeweiligen Altersjahr) (nichtdeutsch)","Hauptwohnsitzbevölkerung (nichtdeutsch)",NA,NA,NA
"Durchschnittsalter","nichtdeutsch",2000,"06 Sendling",35.5,315841,8902,NA,NA,NA,"Summe (Alter in Jahren * Hautwohnsitzbevölkerung im jeweiligen Altersjahr) (nichtdeutsch)","Hauptwohnsitzbevölkerung (nichtdeutsch)",NA,NA,NA
"Durchschnittsalter","nichtdeutsch",2000,"07 Sendling - Westpark",34.7,371951,10724,NA,NA,NA,"Summe (Alter in Jahren * Hautwohnsitzbevölkerung im jeweiligen Altersjahr) (nichtdeutsch)","Hauptwohnsitzbevölkerung (nichtdeutsch)",NA,NA,NA
"Durchschnittsalter","nichtdeutsch",2000,"08 Schwanthalerhöhe",38.2,388871,10168,NA,NA,NA,"Summe (Alter in Jahren * Hautwohnsitzbevölkerung im jeweiligen Altersjahr) (nichtdeutsch)","Hauptwohnsitzbevölkerung (nichtdeutsch)",NA,NA,NA
"Durchschnittsalter","nichtdeutsch",2000,"09 Neuhausen - Nymphenburg",35.3,632523,17923,NA,NA,NA,"Summe (Alter in Jahren * Hautwohnsitzbevölkerung im jeweiligen Altersjahr) (nichtdeutsch)","Hauptwohnsitzbevölkerung (nichtdeutsch)",NA,NA,NA
"Durchschnittsalter","nichtdeutsch",2000,"10 Moosach",33.7,361808,10741,NA,NA,NA,"Summe (Alter in Jahren * Hautwohnsitzbevölkerung im jeweiligen Altersjahr) (nichtdeutsch)","Hauptwohnsitzbevölkerung (nichtdeutsch)",NA,NA,NA
"Durchschnittsalter","nichtdeutsch",2000,"11 Milbertshofen - Am Hart",33.5,672065,20054,NA,NA,NA,"Summe (Alter in Jahren * Hautwohnsitzbevölkerung im jeweiligen Altersjahr) (nichtdeutsch)","Hauptwohnsitzbevölkerung (nichtdeutsch)",NA,NA,NA
"Durchschnittsalter","nichtdeutsch",2000,"12 Schwabing - Freimann",33.3,422120,12681,NA,NA,NA,"Summe (Alter in Jahren * Hautwohnsitzbevölkerung im jeweiligen Altersjahr) (nichtdeutsch)","Hauptwohnsitzbevölkerung (nichtdeutsch)",NA,NA,NA
"Durchschnittsalter","nichtdeutsch",2000,"13 Bogenhausen",36.6,425473,11610,NA,NA,NA,"Summe (Alter in Jahren * Hautwohnsitzbevölkerung im jeweiligen Altersjahr) (nichtdeutsch)","Hauptwohnsitzbevölkerung (nichtdeutsch)",NA,NA,NA
"Durchschnittsalter","nichtdeutsch",2000,"14 Berg am Laim",33.5,309981,9248,NA,NA,NA,"Summe (Alter in Jahren * Hautwohnsitzbevölkerung im jeweiligen Altersjahr) (nichtdeutsch)","Hauptwohnsitzbevölkerung (nichtdeutsch)",NA,NA,NA
"Durchschnittsalter","nichtdeutsch",2000,"15 Trudering - Riem",34.1,199050,5835,NA,NA,NA,"Summe (Alter in Jahren * Hautwohnsitzbevölkerung im jeweiligen Altersjahr) (nichtdeutsch)","Hauptwohnsitzbevölkerung (nichtdeutsch)",NA,NA,NA
"Durchschnittsalter","nichtdeutsch",2000,"16 Ramersdorf - Perlach",33,844212,25604,NA,NA,NA,"Summe (Alter in Jahren * Hautwohnsitzbevölkerung im jeweiligen Altersjahr) (nichtdeutsch)","Hauptwohnsitzbevölkerung (nichtdeutsch)",NA,NA,NA
"Durchschnittsalter","nichtdeutsch",2000,"17 Obergiesing - Fasangarten",34.4,414292,12035,NA,NA,NA,"Summe (Alter in Jahren * Hautwohnsitzbevölkerung im jeweiligen Altersjahr) (nichtdeutsch)","Hauptwohnsitzbevölkerung (nichtdeutsch)",NA,NA,NA
"Durchschnittsalter","nichtdeutsch",2000,"18 Untergiesing - Harlaching",36.4,317519,8717,NA,NA,NA,"Summe (Alter in Jahren * Hautwohnsitzbevölkerung im jeweiligen Altersjahr) (nichtdeutsch)","Hauptwohnsitzbevölkerung (nichtdeutsch)",NA,NA,NA
"Durchschnittsalter","nichtdeutsch",2000,"19 Thalkirchen - Obersendling - Forstenried - Fürstenried - Solln",36.3,488484,13454,NA,NA,NA,"Summe (Alter in Jahren * Hautwohnsitzbevölkerung im jeweiligen Altersjahr) (nichtdeutsch)","Hauptwohnsitzbevölkerung (nichtdeutsch)",NA,NA,NA
"Durchschnittsalter","nichtdeutsch",2000,"20 Hadern",33.1,248946,7526,NA,NA,NA,"Summe (Alter in Jahren * Hautwohnsitzbevölkerung im jeweiligen Altersjahr) (nichtdeutsch)","Hauptwohnsitzbevölkerung (nichtdeutsch)",NA,NA,NA
"Durchschnittsalter","nichtdeutsch",2000,"21 Pasing - Obermenzing",34.5,335671,9729,NA,NA,NA,"Summe (Alter in Jahren * Hautwohnsitzbevölkerung im jeweiligen Altersjahr) (nichtdeutsch)","Hauptwohnsitzbevölkerung (nichtdeutsch)",NA,NA,NA
"Durchschnittsalter","nichtdeutsch",2000,"22 Aubing - Lochhausen - Langwied",32.3,212305,6576,NA,NA,NA,"Summe (Alter in Jahren * Hautwohnsitzbevölkerung im jeweiligen Altersjahr) (nichtdeutsch)","Hauptwohnsitzbevölkerung (nichtdeutsch)",NA,NA,NA
"Durchschnittsalter","nichtdeutsch",2000,"23 Allach - Untermenzing",36.4,169191,4652,NA,NA,NA,"Summe (Alter in Jahren * Hautwohnsitzbevölkerung im jeweiligen Altersjahr) (nichtdeutsch)","Hauptwohnsitzbevölkerung (nichtdeutsch)",NA,NA,NA
"Durchschnittsalter","nichtdeutsch",2000,"24 Feldmoching - Hasenbergl",33.2,433908,13079,NA,NA,NA,"Summe (Alter in Jahren * Hautwohnsitzbevölkerung im jeweiligen Altersjahr) (nichtdeutsch)","Hauptwohnsitzbevölkerung (nichtdeutsch)",NA,NA,NA
"Durchschnittsalter","nichtdeutsch",2000,"25 Laim",34.7,332107,9577,NA,NA,NA,"Summe (Alter in Jahren * Hautwohnsitzbevölkerung im jeweiligen Altersjahr) (nichtdeutsch)","Hauptwohnsitzbevölkerung (nichtdeutsch)",NA,NA,NA
