"Indikator","Ausprägung","Jahr","Raumbezug","Indikatorwert","Basiswert.1","Basiswert.2","Name.Basiswert.1","Name.Basiswert.2"
"Erstzulassungsanteil Personenkraftwagen","insgesamt",2024,"Stadt München",21.6,163814,757707.3,"Personenkraftwagen Erstzulassungen (insgesamt)","mittlerer Personenkraftwagen-Bestand (insgesamt)"
"Erstzulassungsanteil Personenkraftwagen","insgesamt",2024,"01 Altstadt - Lehel",102.1,70338,68915.9,"Personenkraftwagen Erstzulassungen (insgesamt)","mittlerer Personenkraftwagen-Bestand (insgesamt)"
"Erstzulassungsanteil Personenkraftwagen","insgesamt",2024,"02 Ludwigsvorstadt - Isarvorstadt",7,1188,16909.8,"Personenkraftwagen Erstzulassungen (insgesamt)","mittlerer Personenkraftwagen-Bestand (insgesamt)"
"Erstzulassungsanteil Personenkraftwagen","insgesamt",2024,"03 Maxvorstadt",13.2,3330,25219.6,"Personenkraftwagen Erstzulassungen (insgesamt)","mittlerer Personenkraftwagen-Bestand (insgesamt)"
"Erstzulassungsanteil Personenkraftwagen","insgesamt",2024,"04 Schwabing - West",3.9,886,22619.8,"Personenkraftwagen Erstzulassungen (insgesamt)","mittlerer Personenkraftwagen-Bestand (insgesamt)"
"Erstzulassungsanteil Personenkraftwagen","insgesamt",2024,"05 Au - Haidhausen",6.1,1208,19824.8,"Personenkraftwagen Erstzulassungen (insgesamt)","mittlerer Personenkraftwagen-Bestand (insgesamt)"
"Erstzulassungsanteil Personenkraftwagen","insgesamt",2024,"06 Sendling",16.9,5220,30967.6,"Personenkraftwagen Erstzulassungen (insgesamt)","mittlerer Personenkraftwagen-Bestand (insgesamt)"
"Erstzulassungsanteil Personenkraftwagen","insgesamt",2024,"07 Sendling - Westpark",8.7,2317,26656.1,"Personenkraftwagen Erstzulassungen (insgesamt)","mittlerer Personenkraftwagen-Bestand (insgesamt)"
"Erstzulassungsanteil Personenkraftwagen","insgesamt",2024,"08 Schwanthalerhöhe",19.8,2314,11677.3,"Personenkraftwagen Erstzulassungen (insgesamt)","mittlerer Personenkraftwagen-Bestand (insgesamt)"
"Erstzulassungsanteil Personenkraftwagen","insgesamt",2024,"09 Neuhausen - Nymphenburg",6.6,2417,36732.1,"Personenkraftwagen Erstzulassungen (insgesamt)","mittlerer Personenkraftwagen-Bestand (insgesamt)"
"Erstzulassungsanteil Personenkraftwagen","insgesamt",2024,"10 Moosach",25.3,6391,25264.4,"Personenkraftwagen Erstzulassungen (insgesamt)","mittlerer Personenkraftwagen-Bestand (insgesamt)"
"Erstzulassungsanteil Personenkraftwagen","insgesamt",2024,"11 Milbertshofen - Am Hart",64.7,33950,52433.5,"Personenkraftwagen Erstzulassungen (insgesamt)","mittlerer Personenkraftwagen-Bestand (insgesamt)"
"Erstzulassungsanteil Personenkraftwagen","insgesamt",2024,"12 Schwabing - Freimann",23.9,10614,44473.8,"Personenkraftwagen Erstzulassungen (insgesamt)","mittlerer Personenkraftwagen-Bestand (insgesamt)"
"Erstzulassungsanteil Personenkraftwagen","insgesamt",2024,"13 Bogenhausen",7.2,3162,44197.2,"Personenkraftwagen Erstzulassungen (insgesamt)","mittlerer Personenkraftwagen-Bestand (insgesamt)"
"Erstzulassungsanteil Personenkraftwagen","insgesamt",2024,"14 Berg am Laim",7.2,1397,19465.5,"Personenkraftwagen Erstzulassungen (insgesamt)","mittlerer Personenkraftwagen-Bestand (insgesamt)"
"Erstzulassungsanteil Personenkraftwagen","insgesamt",2024,"15 Trudering - Riem",9.8,3730,38033.9,"Personenkraftwagen Erstzulassungen (insgesamt)","mittlerer Personenkraftwagen-Bestand (insgesamt)"
"Erstzulassungsanteil Personenkraftwagen","insgesamt",2024,"16 Ramersdorf - Perlach",6,2838,47179.2,"Personenkraftwagen Erstzulassungen (insgesamt)","mittlerer Personenkraftwagen-Bestand (insgesamt)"
"Erstzulassungsanteil Personenkraftwagen","insgesamt",2024,"17 Obergiesing - Fasangarten",3.6,612,16818.1,"Personenkraftwagen Erstzulassungen (insgesamt)","mittlerer Personenkraftwagen-Bestand (insgesamt)"
"Erstzulassungsanteil Personenkraftwagen","insgesamt",2024,"18 Untergiesing - Harlaching",4,810,20375.8,"Personenkraftwagen Erstzulassungen (insgesamt)","mittlerer Personenkraftwagen-Bestand (insgesamt)"
"Erstzulassungsanteil Personenkraftwagen","insgesamt",2024,"19 Thalkirchen - Obersendling - Forstenried - Fürstenried - Solln",7.1,3297,46438.8,"Personenkraftwagen Erstzulassungen (insgesamt)","mittlerer Personenkraftwagen-Bestand (insgesamt)"
"Erstzulassungsanteil Personenkraftwagen","insgesamt",2024,"20 Hadern",3.2,638,19927.9,"Personenkraftwagen Erstzulassungen (insgesamt)","mittlerer Personenkraftwagen-Bestand (insgesamt)"
"Erstzulassungsanteil Personenkraftwagen","insgesamt",2024,"21 Pasing - Obermenzing",4.3,1463,33649.7,"Personenkraftwagen Erstzulassungen (insgesamt)","mittlerer Personenkraftwagen-Bestand (insgesamt)"
"Erstzulassungsanteil Personenkraftwagen","insgesamt",2024,"22 Aubing - Lochhausen - Langwied",4.1,960,23365.4,"Personenkraftwagen Erstzulassungen (insgesamt)","mittlerer Personenkraftwagen-Bestand (insgesamt)"
"Erstzulassungsanteil Personenkraftwagen","insgesamt",2024,"23 Allach - Untermenzing",5.8,1088,18716.2,"Personenkraftwagen Erstzulassungen (insgesamt)","mittlerer Personenkraftwagen-Bestand (insgesamt)"
"Erstzulassungsanteil Personenkraftwagen","insgesamt",2024,"24 Feldmoching - Hasenbergl",3.8,951,25321,"Personenkraftwagen Erstzulassungen (insgesamt)","mittlerer Personenkraftwagen-Bestand (insgesamt)"
"Erstzulassungsanteil Personenkraftwagen","insgesamt",2024,"25 Laim",12,2694,22514.8,"Personenkraftwagen Erstzulassungen (insgesamt)","mittlerer Personenkraftwagen-Bestand (insgesamt)"
"Erstzulassungsanteil Personenkraftwagen","insgesamt",2023,"Stadt München",21.7,164416,757828.1,"Personenkraftwagen Erstzulassungen (insgesamt)","mittlerer Personenkraftwagen-Bestand (insgesamt)"
"Erstzulassungsanteil Personenkraftwagen","insgesamt",2023,"01 Altstadt - Lehel",95.4,70827,74270.4,"Personenkraftwagen Erstzulassungen (insgesamt)","mittlerer Personenkraftwagen-Bestand (insgesamt)"
"Erstzulassungsanteil Personenkraftwagen","insgesamt",2023,"02 Ludwigsvorstadt - Isarvorstadt",6.4,1088,17043.7,"Personenkraftwagen Erstzulassungen (insgesamt)","mittlerer Personenkraftwagen-Bestand (insgesamt)"
"Erstzulassungsanteil Personenkraftwagen","insgesamt",2023,"03 Maxvorstadt",18.5,4667,25178.2,"Personenkraftwagen Erstzulassungen (insgesamt)","mittlerer Personenkraftwagen-Bestand (insgesamt)"
"Erstzulassungsanteil Personenkraftwagen","insgesamt",2023,"04 Schwabing - West",5,1142,22970.1,"Personenkraftwagen Erstzulassungen (insgesamt)","mittlerer Personenkraftwagen-Bestand (insgesamt)"
"Erstzulassungsanteil Personenkraftwagen","insgesamt",2023,"05 Au - Haidhausen",6.3,1253,19938.3,"Personenkraftwagen Erstzulassungen (insgesamt)","mittlerer Personenkraftwagen-Bestand (insgesamt)"
"Erstzulassungsanteil Personenkraftwagen","insgesamt",2023,"06 Sendling",25.8,7155,27682.6,"Personenkraftwagen Erstzulassungen (insgesamt)","mittlerer Personenkraftwagen-Bestand (insgesamt)"
"Erstzulassungsanteil Personenkraftwagen","insgesamt",2023,"07 Sendling - Westpark",8.9,2334,26306.1,"Personenkraftwagen Erstzulassungen (insgesamt)","mittlerer Personenkraftwagen-Bestand (insgesamt)"
"Erstzulassungsanteil Personenkraftwagen","insgesamt",2023,"08 Schwanthalerhöhe",21.6,2565,11890.6,"Personenkraftwagen Erstzulassungen (insgesamt)","mittlerer Personenkraftwagen-Bestand (insgesamt)"
"Erstzulassungsanteil Personenkraftwagen","insgesamt",2023,"09 Neuhausen - Nymphenburg",6.9,2534,36934.6,"Personenkraftwagen Erstzulassungen (insgesamt)","mittlerer Personenkraftwagen-Bestand (insgesamt)"
"Erstzulassungsanteil Personenkraftwagen","insgesamt",2023,"10 Moosach",28.9,7572,26155.7,"Personenkraftwagen Erstzulassungen (insgesamt)","mittlerer Personenkraftwagen-Bestand (insgesamt)"
"Erstzulassungsanteil Personenkraftwagen","insgesamt",2023,"11 Milbertshofen - Am Hart",60.3,30453,50489.6,"Personenkraftwagen Erstzulassungen (insgesamt)","mittlerer Personenkraftwagen-Bestand (insgesamt)"
"Erstzulassungsanteil Personenkraftwagen","insgesamt",2023,"12 Schwabing - Freimann",18.9,8464,44861.3,"Personenkraftwagen Erstzulassungen (insgesamt)","mittlerer Personenkraftwagen-Bestand (insgesamt)"
"Erstzulassungsanteil Personenkraftwagen","insgesamt",2023,"13 Bogenhausen",7.1,3242,45569.8,"Personenkraftwagen Erstzulassungen (insgesamt)","mittlerer Personenkraftwagen-Bestand (insgesamt)"
"Erstzulassungsanteil Personenkraftwagen","insgesamt",2023,"14 Berg am Laim",7,1341,19237.8,"Personenkraftwagen Erstzulassungen (insgesamt)","mittlerer Personenkraftwagen-Bestand (insgesamt)"
"Erstzulassungsanteil Personenkraftwagen","insgesamt",2023,"15 Trudering - Riem",10.8,4058,37644.1,"Personenkraftwagen Erstzulassungen (insgesamt)","mittlerer Personenkraftwagen-Bestand (insgesamt)"
"Erstzulassungsanteil Personenkraftwagen","insgesamt",2023,"16 Ramersdorf - Perlach",6.1,2826,46218.2,"Personenkraftwagen Erstzulassungen (insgesamt)","mittlerer Personenkraftwagen-Bestand (insgesamt)"
"Erstzulassungsanteil Personenkraftwagen","insgesamt",2023,"17 Obergiesing - Fasangarten",3.2,543,16990.4,"Personenkraftwagen Erstzulassungen (insgesamt)","mittlerer Personenkraftwagen-Bestand (insgesamt)"
"Erstzulassungsanteil Personenkraftwagen","insgesamt",2023,"18 Untergiesing - Harlaching",4.4,901,20454.3,"Personenkraftwagen Erstzulassungen (insgesamt)","mittlerer Personenkraftwagen-Bestand (insgesamt)"
"Erstzulassungsanteil Personenkraftwagen","insgesamt",2023,"19 Thalkirchen - Obersendling - Forstenried - Fürstenried - Solln",6.9,3193,46176.8,"Personenkraftwagen Erstzulassungen (insgesamt)","mittlerer Personenkraftwagen-Bestand (insgesamt)"
"Erstzulassungsanteil Personenkraftwagen","insgesamt",2023,"20 Hadern",3,588,19851.4,"Personenkraftwagen Erstzulassungen (insgesamt)","mittlerer Personenkraftwagen-Bestand (insgesamt)"
"Erstzulassungsanteil Personenkraftwagen","insgesamt",2023,"21 Pasing - Obermenzing",4.6,1550,33751.3,"Personenkraftwagen Erstzulassungen (insgesamt)","mittlerer Personenkraftwagen-Bestand (insgesamt)"
"Erstzulassungsanteil Personenkraftwagen","insgesamt",2023,"22 Aubing - Lochhausen - Langwied",3.9,872,22453.6,"Personenkraftwagen Erstzulassungen (insgesamt)","mittlerer Personenkraftwagen-Bestand (insgesamt)"
"Erstzulassungsanteil Personenkraftwagen","insgesamt",2023,"23 Allach - Untermenzing",8.1,1463,18129.1,"Personenkraftwagen Erstzulassungen (insgesamt)","mittlerer Personenkraftwagen-Bestand (insgesamt)"
"Erstzulassungsanteil Personenkraftwagen","insgesamt",2023,"24 Feldmoching - Hasenbergl",5.1,1287,25351.6,"Personenkraftwagen Erstzulassungen (insgesamt)","mittlerer Personenkraftwagen-Bestand (insgesamt)"
"Erstzulassungsanteil Personenkraftwagen","insgesamt",2023,"25 Laim",11.2,2498,22272.1,"Personenkraftwagen Erstzulassungen (insgesamt)","mittlerer Personenkraftwagen-Bestand (insgesamt)"
"Erstzulassungsanteil Personenkraftwagen","insgesamt",2022,"Stadt München",20,148044,741366,"Personenkraftwagen Erstzulassungen (insgesamt)","mittlerer Personenkraftwagen-Bestand (insgesamt)"
"Erstzulassungsanteil Personenkraftwagen","insgesamt",2022,"01 Altstadt - Lehel",105.3,68738,65276.8,"Personenkraftwagen Erstzulassungen (insgesamt)","mittlerer Personenkraftwagen-Bestand (insgesamt)"
"Erstzulassungsanteil Personenkraftwagen","insgesamt",2022,"02 Ludwigsvorstadt - Isarvorstadt",7.3,1275,17379.5,"Personenkraftwagen Erstzulassungen (insgesamt)","mittlerer Personenkraftwagen-Bestand (insgesamt)"
"Erstzulassungsanteil Personenkraftwagen","insgesamt",2022,"03 Maxvorstadt",13.7,3232,23507,"Personenkraftwagen Erstzulassungen (insgesamt)","mittlerer Personenkraftwagen-Bestand (insgesamt)"
"Erstzulassungsanteil Personenkraftwagen","insgesamt",2022,"04 Schwabing - West",4.4,1055,24007.6,"Personenkraftwagen Erstzulassungen (insgesamt)","mittlerer Personenkraftwagen-Bestand (insgesamt)"
"Erstzulassungsanteil Personenkraftwagen","insgesamt",2022,"05 Au - Haidhausen",6.1,1218,20042.3,"Personenkraftwagen Erstzulassungen (insgesamt)","mittlerer Personenkraftwagen-Bestand (insgesamt)"
"Erstzulassungsanteil Personenkraftwagen","insgesamt",2022,"06 Sendling",24.4,5819,23807.1,"Personenkraftwagen Erstzulassungen (insgesamt)","mittlerer Personenkraftwagen-Bestand (insgesamt)"
"Erstzulassungsanteil Personenkraftwagen","insgesamt",2022,"07 Sendling - Westpark",7.9,2038,25954.8,"Personenkraftwagen Erstzulassungen (insgesamt)","mittlerer Personenkraftwagen-Bestand (insgesamt)"
"Erstzulassungsanteil Personenkraftwagen","insgesamt",2022,"08 Schwanthalerhöhe",18.2,2067,11381.5,"Personenkraftwagen Erstzulassungen (insgesamt)","mittlerer Personenkraftwagen-Bestand (insgesamt)"
"Erstzulassungsanteil Personenkraftwagen","insgesamt",2022,"09 Neuhausen - Nymphenburg",7.3,2716,37340.8,"Personenkraftwagen Erstzulassungen (insgesamt)","mittlerer Personenkraftwagen-Bestand (insgesamt)"
"Erstzulassungsanteil Personenkraftwagen","insgesamt",2022,"10 Moosach",14.6,3603,24693.8,"Personenkraftwagen Erstzulassungen (insgesamt)","mittlerer Personenkraftwagen-Bestand (insgesamt)"
"Erstzulassungsanteil Personenkraftwagen","insgesamt",2022,"11 Milbertshofen - Am Hart",54.3,26329,48466.5,"Personenkraftwagen Erstzulassungen (insgesamt)","mittlerer Personenkraftwagen-Bestand (insgesamt)"
"Erstzulassungsanteil Personenkraftwagen","insgesamt",2022,"12 Schwabing - Freimann",11.2,5004,44534.1,"Personenkraftwagen Erstzulassungen (insgesamt)","mittlerer Personenkraftwagen-Bestand (insgesamt)"
"Erstzulassungsanteil Personenkraftwagen","insgesamt",2022,"13 Bogenhausen",13.4,6246,46667.4,"Personenkraftwagen Erstzulassungen (insgesamt)","mittlerer Personenkraftwagen-Bestand (insgesamt)"
"Erstzulassungsanteil Personenkraftwagen","insgesamt",2022,"14 Berg am Laim",5.4,1095,20415.9,"Personenkraftwagen Erstzulassungen (insgesamt)","mittlerer Personenkraftwagen-Bestand (insgesamt)"
"Erstzulassungsanteil Personenkraftwagen","insgesamt",2022,"15 Trudering - Riem",9.2,3424,37248.3,"Personenkraftwagen Erstzulassungen (insgesamt)","mittlerer Personenkraftwagen-Bestand (insgesamt)"
"Erstzulassungsanteil Personenkraftwagen","insgesamt",2022,"16 Ramersdorf - Perlach",5,2287,46017.6,"Personenkraftwagen Erstzulassungen (insgesamt)","mittlerer Personenkraftwagen-Bestand (insgesamt)"
"Erstzulassungsanteil Personenkraftwagen","insgesamt",2022,"17 Obergiesing - Fasangarten",5.6,975,17543.8,"Personenkraftwagen Erstzulassungen (insgesamt)","mittlerer Personenkraftwagen-Bestand (insgesamt)"
"Erstzulassungsanteil Personenkraftwagen","insgesamt",2022,"18 Untergiesing - Harlaching",4.2,852,20526.9,"Personenkraftwagen Erstzulassungen (insgesamt)","mittlerer Personenkraftwagen-Bestand (insgesamt)"
"Erstzulassungsanteil Personenkraftwagen","insgesamt",2022,"19 Thalkirchen - Obersendling - Forstenried - Fürstenried - Solln",6,2753,46202.8,"Personenkraftwagen Erstzulassungen (insgesamt)","mittlerer Personenkraftwagen-Bestand (insgesamt)"
"Erstzulassungsanteil Personenkraftwagen","insgesamt",2022,"20 Hadern",3,607,19940.2,"Personenkraftwagen Erstzulassungen (insgesamt)","mittlerer Personenkraftwagen-Bestand (insgesamt)"
"Erstzulassungsanteil Personenkraftwagen","insgesamt",2022,"21 Pasing - Obermenzing",3.9,1304,33544.3,"Personenkraftwagen Erstzulassungen (insgesamt)","mittlerer Personenkraftwagen-Bestand (insgesamt)"
"Erstzulassungsanteil Personenkraftwagen","insgesamt",2022,"22 Aubing - Lochhausen - Langwied",3.8,835,21789.9,"Personenkraftwagen Erstzulassungen (insgesamt)","mittlerer Personenkraftwagen-Bestand (insgesamt)"
"Erstzulassungsanteil Personenkraftwagen","insgesamt",2022,"23 Allach - Untermenzing",5.4,965,17719.1,"Personenkraftwagen Erstzulassungen (insgesamt)","mittlerer Personenkraftwagen-Bestand (insgesamt)"
"Erstzulassungsanteil Personenkraftwagen","insgesamt",2022,"24 Feldmoching - Hasenbergl",4.1,1033,25212.8,"Personenkraftwagen Erstzulassungen (insgesamt)","mittlerer Personenkraftwagen-Bestand (insgesamt)"
"Erstzulassungsanteil Personenkraftwagen","insgesamt",2022,"25 Laim",11.6,2571,22136.1,"Personenkraftwagen Erstzulassungen (insgesamt)","mittlerer Personenkraftwagen-Bestand (insgesamt)"
"Erstzulassungsanteil Personenkraftwagen","insgesamt",2021,"Stadt München",21.5,158520,737840.7,"Personenkraftwagen Erstzulassungen (insgesamt)","mittlerer Personenkraftwagen-Bestand (insgesamt)"
"Erstzulassungsanteil Personenkraftwagen","insgesamt",2021,"01 Altstadt - Lehel",116.3,76155,65503.9,"Personenkraftwagen Erstzulassungen (insgesamt)","mittlerer Personenkraftwagen-Bestand (insgesamt)"
"Erstzulassungsanteil Personenkraftwagen","insgesamt",2021,"02 Ludwigsvorstadt - Isarvorstadt",6.6,1162,17539.3,"Personenkraftwagen Erstzulassungen (insgesamt)","mittlerer Personenkraftwagen-Bestand (insgesamt)"
"Erstzulassungsanteil Personenkraftwagen","insgesamt",2021,"03 Maxvorstadt",10.1,2340,23259.2,"Personenkraftwagen Erstzulassungen (insgesamt)","mittlerer Personenkraftwagen-Bestand (insgesamt)"
"Erstzulassungsanteil Personenkraftwagen","insgesamt",2021,"04 Schwabing - West",10.3,2506,24214.2,"Personenkraftwagen Erstzulassungen (insgesamt)","mittlerer Personenkraftwagen-Bestand (insgesamt)"
"Erstzulassungsanteil Personenkraftwagen","insgesamt",2021,"05 Au - Haidhausen",6.8,1359,20072.2,"Personenkraftwagen Erstzulassungen (insgesamt)","mittlerer Personenkraftwagen-Bestand (insgesamt)"
"Erstzulassungsanteil Personenkraftwagen","insgesamt",2021,"06 Sendling",17.3,3670,21181.8,"Personenkraftwagen Erstzulassungen (insgesamt)","mittlerer Personenkraftwagen-Bestand (insgesamt)"
"Erstzulassungsanteil Personenkraftwagen","insgesamt",2021,"07 Sendling - Westpark",6.7,1727,25728.8,"Personenkraftwagen Erstzulassungen (insgesamt)","mittlerer Personenkraftwagen-Bestand (insgesamt)"
"Erstzulassungsanteil Personenkraftwagen","insgesamt",2021,"08 Schwanthalerhöhe",15.6,1767,11363.3,"Personenkraftwagen Erstzulassungen (insgesamt)","mittlerer Personenkraftwagen-Bestand (insgesamt)"
"Erstzulassungsanteil Personenkraftwagen","insgesamt",2021,"09 Neuhausen - Nymphenburg",7.3,2717,37314.4,"Personenkraftwagen Erstzulassungen (insgesamt)","mittlerer Personenkraftwagen-Bestand (insgesamt)"
"Erstzulassungsanteil Personenkraftwagen","insgesamt",2021,"10 Moosach",20.7,5128,24800.6,"Personenkraftwagen Erstzulassungen (insgesamt)","mittlerer Personenkraftwagen-Bestand (insgesamt)"
"Erstzulassungsanteil Personenkraftwagen","insgesamt",2021,"11 Milbertshofen - Am Hart",60.2,30546,50702.6,"Personenkraftwagen Erstzulassungen (insgesamt)","mittlerer Personenkraftwagen-Bestand (insgesamt)"
"Erstzulassungsanteil Personenkraftwagen","insgesamt",2021,"12 Schwabing - Freimann",18,7918,43947.1,"Personenkraftwagen Erstzulassungen (insgesamt)","mittlerer Personenkraftwagen-Bestand (insgesamt)"
"Erstzulassungsanteil Personenkraftwagen","insgesamt",2021,"13 Bogenhausen",6.1,2709,44158.8,"Personenkraftwagen Erstzulassungen (insgesamt)","mittlerer Personenkraftwagen-Bestand (insgesamt)"
"Erstzulassungsanteil Personenkraftwagen","insgesamt",2021,"14 Berg am Laim",6.7,1444,21659.1,"Personenkraftwagen Erstzulassungen (insgesamt)","mittlerer Personenkraftwagen-Bestand (insgesamt)"
"Erstzulassungsanteil Personenkraftwagen","insgesamt",2021,"15 Trudering - Riem",8.4,3114,37068.5,"Personenkraftwagen Erstzulassungen (insgesamt)","mittlerer Personenkraftwagen-Bestand (insgesamt)"
"Erstzulassungsanteil Personenkraftwagen","insgesamt",2021,"16 Ramersdorf - Perlach",5.2,2404,45904,"Personenkraftwagen Erstzulassungen (insgesamt)","mittlerer Personenkraftwagen-Bestand (insgesamt)"
"Erstzulassungsanteil Personenkraftwagen","insgesamt",2021,"17 Obergiesing - Fasangarten",4.2,727,17454.5,"Personenkraftwagen Erstzulassungen (insgesamt)","mittlerer Personenkraftwagen-Bestand (insgesamt)"
"Erstzulassungsanteil Personenkraftwagen","insgesamt",2021,"18 Untergiesing - Harlaching",4.2,851,20482,"Personenkraftwagen Erstzulassungen (insgesamt)","mittlerer Personenkraftwagen-Bestand (insgesamt)"
"Erstzulassungsanteil Personenkraftwagen","insgesamt",2021,"19 Thalkirchen - Obersendling - Forstenried - Fürstenried - Solln",5.8,2694,46152,"Personenkraftwagen Erstzulassungen (insgesamt)","mittlerer Personenkraftwagen-Bestand (insgesamt)"
"Erstzulassungsanteil Personenkraftwagen","insgesamt",2021,"20 Hadern",3.2,641,19910.3,"Personenkraftwagen Erstzulassungen (insgesamt)","mittlerer Personenkraftwagen-Bestand (insgesamt)"
"Erstzulassungsanteil Personenkraftwagen","insgesamt",2021,"21 Pasing - Obermenzing",4.3,1435,33338.3,"Personenkraftwagen Erstzulassungen (insgesamt)","mittlerer Personenkraftwagen-Bestand (insgesamt)"
"Erstzulassungsanteil Personenkraftwagen","insgesamt",2021,"22 Aubing - Lochhausen - Langwied",3.9,823,21264.7,"Personenkraftwagen Erstzulassungen (insgesamt)","mittlerer Personenkraftwagen-Bestand (insgesamt)"
"Erstzulassungsanteil Personenkraftwagen","insgesamt",2021,"23 Allach - Untermenzing",6,1057,17507,"Personenkraftwagen Erstzulassungen (insgesamt)","mittlerer Personenkraftwagen-Bestand (insgesamt)"
"Erstzulassungsanteil Personenkraftwagen","insgesamt",2021,"24 Feldmoching - Hasenbergl",3.7,921,25188.8,"Personenkraftwagen Erstzulassungen (insgesamt)","mittlerer Personenkraftwagen-Bestand (insgesamt)"
"Erstzulassungsanteil Personenkraftwagen","insgesamt",2021,"25 Laim",12.2,2702,22117.3,"Personenkraftwagen Erstzulassungen (insgesamt)","mittlerer Personenkraftwagen-Bestand (insgesamt)"
"Erstzulassungsanteil Personenkraftwagen","insgesamt",2020,"Stadt München",22.2,160336,722162.3,"Personenkraftwagen Erstzulassungen (insgesamt)","mittlerer Personenkraftwagen-Bestand (insgesamt)"
"Erstzulassungsanteil Personenkraftwagen","insgesamt",2020,"01 Altstadt - Lehel",125,75110,60068.9,"Personenkraftwagen Erstzulassungen (insgesamt)","mittlerer Personenkraftwagen-Bestand (insgesamt)"
"Erstzulassungsanteil Personenkraftwagen","insgesamt",2020,"02 Ludwigsvorstadt - Isarvorstadt",7.1,1250,17492.7,"Personenkraftwagen Erstzulassungen (insgesamt)","mittlerer Personenkraftwagen-Bestand (insgesamt)"
"Erstzulassungsanteil Personenkraftwagen","insgesamt",2020,"03 Maxvorstadt",9.8,2474,25276.4,"Personenkraftwagen Erstzulassungen (insgesamt)","mittlerer Personenkraftwagen-Bestand (insgesamt)"
"Erstzulassungsanteil Personenkraftwagen","insgesamt",2020,"04 Schwabing - West",8.1,1847,22804.1,"Personenkraftwagen Erstzulassungen (insgesamt)","mittlerer Personenkraftwagen-Bestand (insgesamt)"
"Erstzulassungsanteil Personenkraftwagen","insgesamt",2020,"05 Au - Haidhausen",6.9,1364,19627.8,"Personenkraftwagen Erstzulassungen (insgesamt)","mittlerer Personenkraftwagen-Bestand (insgesamt)"
"Erstzulassungsanteil Personenkraftwagen","insgesamt",2020,"06 Sendling",22.4,4133,18483,"Personenkraftwagen Erstzulassungen (insgesamt)","mittlerer Personenkraftwagen-Bestand (insgesamt)"
"Erstzulassungsanteil Personenkraftwagen","insgesamt",2020,"07 Sendling - Westpark",7.4,1869,25282.4,"Personenkraftwagen Erstzulassungen (insgesamt)","mittlerer Personenkraftwagen-Bestand (insgesamt)"
"Erstzulassungsanteil Personenkraftwagen","insgesamt",2020,"08 Schwanthalerhöhe",14.9,1670,11221.8,"Personenkraftwagen Erstzulassungen (insgesamt)","mittlerer Personenkraftwagen-Bestand (insgesamt)"
"Erstzulassungsanteil Personenkraftwagen","insgesamt",2020,"09 Neuhausen - Nymphenburg",8.6,3170,36980,"Personenkraftwagen Erstzulassungen (insgesamt)","mittlerer Personenkraftwagen-Bestand (insgesamt)"
"Erstzulassungsanteil Personenkraftwagen","insgesamt",2020,"10 Moosach",16.4,4001,24416.3,"Personenkraftwagen Erstzulassungen (insgesamt)","mittlerer Personenkraftwagen-Bestand (insgesamt)"
"Erstzulassungsanteil Personenkraftwagen","insgesamt",2020,"11 Milbertshofen - Am Hart",58.7,29760,50686.4,"Personenkraftwagen Erstzulassungen (insgesamt)","mittlerer Personenkraftwagen-Bestand (insgesamt)"
"Erstzulassungsanteil Personenkraftwagen","insgesamt",2020,"12 Schwabing - Freimann",21.7,9361,43108.2,"Personenkraftwagen Erstzulassungen (insgesamt)","mittlerer Personenkraftwagen-Bestand (insgesamt)"
"Erstzulassungsanteil Personenkraftwagen","insgesamt",2020,"13 Bogenhausen",7,3107,44594,"Personenkraftwagen Erstzulassungen (insgesamt)","mittlerer Personenkraftwagen-Bestand (insgesamt)"
"Erstzulassungsanteil Personenkraftwagen","insgesamt",2020,"14 Berg am Laim",13,2687,20676.8,"Personenkraftwagen Erstzulassungen (insgesamt)","mittlerer Personenkraftwagen-Bestand (insgesamt)"
"Erstzulassungsanteil Personenkraftwagen","insgesamt",2020,"15 Trudering - Riem",10.1,3670,36456.4,"Personenkraftwagen Erstzulassungen (insgesamt)","mittlerer Personenkraftwagen-Bestand (insgesamt)"
"Erstzulassungsanteil Personenkraftwagen","insgesamt",2020,"16 Ramersdorf - Perlach",4.9,2205,45288.2,"Personenkraftwagen Erstzulassungen (insgesamt)","mittlerer Personenkraftwagen-Bestand (insgesamt)"
"Erstzulassungsanteil Personenkraftwagen","insgesamt",2020,"17 Obergiesing - Fasangarten",4.1,695,17149.9,"Personenkraftwagen Erstzulassungen (insgesamt)","mittlerer Personenkraftwagen-Bestand (insgesamt)"
"Erstzulassungsanteil Personenkraftwagen","insgesamt",2020,"18 Untergiesing - Harlaching",5.1,1033,20163.6,"Personenkraftwagen Erstzulassungen (insgesamt)","mittlerer Personenkraftwagen-Bestand (insgesamt)"
"Erstzulassungsanteil Personenkraftwagen","insgesamt",2020,"19 Thalkirchen - Obersendling - Forstenried - Fürstenried - Solln",7,3178,45307.1,"Personenkraftwagen Erstzulassungen (insgesamt)","mittlerer Personenkraftwagen-Bestand (insgesamt)"
"Erstzulassungsanteil Personenkraftwagen","insgesamt",2020,"20 Hadern",3.8,746,19641.6,"Personenkraftwagen Erstzulassungen (insgesamt)","mittlerer Personenkraftwagen-Bestand (insgesamt)"
"Erstzulassungsanteil Personenkraftwagen","insgesamt",2020,"21 Pasing - Obermenzing",4.5,1486,32789.1,"Personenkraftwagen Erstzulassungen (insgesamt)","mittlerer Personenkraftwagen-Bestand (insgesamt)"
"Erstzulassungsanteil Personenkraftwagen","insgesamt",2020,"22 Aubing - Lochhausen - Langwied",4.4,907,20617.3,"Personenkraftwagen Erstzulassungen (insgesamt)","mittlerer Personenkraftwagen-Bestand (insgesamt)"
"Erstzulassungsanteil Personenkraftwagen","insgesamt",2020,"23 Allach - Untermenzing",6.5,1120,17360.5,"Personenkraftwagen Erstzulassungen (insgesamt)","mittlerer Personenkraftwagen-Bestand (insgesamt)"
"Erstzulassungsanteil Personenkraftwagen","insgesamt",2020,"24 Feldmoching - Hasenbergl",4.3,1082,24880.8,"Personenkraftwagen Erstzulassungen (insgesamt)","mittlerer Personenkraftwagen-Bestand (insgesamt)"
"Erstzulassungsanteil Personenkraftwagen","insgesamt",2020,"25 Laim",11,2401,21780.8,"Personenkraftwagen Erstzulassungen (insgesamt)","mittlerer Personenkraftwagen-Bestand (insgesamt)"
"Erstzulassungsanteil Personenkraftwagen","insgesamt",2019,"Stadt München",29.4,213422,726828.8,"Personenkraftwagen Erstzulassungen (insgesamt)","mittlerer Personenkraftwagen-Bestand (insgesamt)"
"Erstzulassungsanteil Personenkraftwagen","insgesamt",2019,"01 Altstadt - Lehel",147.7,105291,71299.3,"Personenkraftwagen Erstzulassungen (insgesamt)","mittlerer Personenkraftwagen-Bestand (insgesamt)"
"Erstzulassungsanteil Personenkraftwagen","insgesamt",2019,"02 Ludwigsvorstadt - Isarvorstadt",10.1,1774,17484.3,"Personenkraftwagen Erstzulassungen (insgesamt)","mittlerer Personenkraftwagen-Bestand (insgesamt)"
"Erstzulassungsanteil Personenkraftwagen","insgesamt",2019,"03 Maxvorstadt",16,4185,26076.5,"Personenkraftwagen Erstzulassungen (insgesamt)","mittlerer Personenkraftwagen-Bestand (insgesamt)"
"Erstzulassungsanteil Personenkraftwagen","insgesamt",2019,"04 Schwabing - West",6.3,1403,22418.5,"Personenkraftwagen Erstzulassungen (insgesamt)","mittlerer Personenkraftwagen-Bestand (insgesamt)"
"Erstzulassungsanteil Personenkraftwagen","insgesamt",2019,"05 Au - Haidhausen",8.1,1594,19570.4,"Personenkraftwagen Erstzulassungen (insgesamt)","mittlerer Personenkraftwagen-Bestand (insgesamt)"
"Erstzulassungsanteil Personenkraftwagen","insgesamt",2019,"06 Sendling",24.5,3659,14910.5,"Personenkraftwagen Erstzulassungen (insgesamt)","mittlerer Personenkraftwagen-Bestand (insgesamt)"
"Erstzulassungsanteil Personenkraftwagen","insgesamt",2019,"07 Sendling - Westpark",9.2,2317,25123,"Personenkraftwagen Erstzulassungen (insgesamt)","mittlerer Personenkraftwagen-Bestand (insgesamt)"
"Erstzulassungsanteil Personenkraftwagen","insgesamt",2019,"08 Schwanthalerhöhe",28.5,3201,11216.3,"Personenkraftwagen Erstzulassungen (insgesamt)","mittlerer Personenkraftwagen-Bestand (insgesamt)"
"Erstzulassungsanteil Personenkraftwagen","insgesamt",2019,"09 Neuhausen - Nymphenburg",10.1,3710,36815.1,"Personenkraftwagen Erstzulassungen (insgesamt)","mittlerer Personenkraftwagen-Bestand (insgesamt)"
"Erstzulassungsanteil Personenkraftwagen","insgesamt",2019,"10 Moosach",21.1,5265,24955.6,"Personenkraftwagen Erstzulassungen (insgesamt)","mittlerer Personenkraftwagen-Bestand (insgesamt)"
"Erstzulassungsanteil Personenkraftwagen","insgesamt",2019,"11 Milbertshofen - Am Hart",81,42281,52223.7,"Personenkraftwagen Erstzulassungen (insgesamt)","mittlerer Personenkraftwagen-Bestand (insgesamt)"
"Erstzulassungsanteil Personenkraftwagen","insgesamt",2019,"12 Schwabing - Freimann",24.8,10232,41262.6,"Personenkraftwagen Erstzulassungen (insgesamt)","mittlerer Personenkraftwagen-Bestand (insgesamt)"
"Erstzulassungsanteil Personenkraftwagen","insgesamt",2019,"13 Bogenhausen",7.4,3440,46311.7,"Personenkraftwagen Erstzulassungen (insgesamt)","mittlerer Personenkraftwagen-Bestand (insgesamt)"
"Erstzulassungsanteil Personenkraftwagen","insgesamt",2019,"14 Berg am Laim",13.5,2556,18945.4,"Personenkraftwagen Erstzulassungen (insgesamt)","mittlerer Personenkraftwagen-Bestand (insgesamt)"
"Erstzulassungsanteil Personenkraftwagen","insgesamt",2019,"15 Trudering - Riem",13.7,4928,35984.2,"Personenkraftwagen Erstzulassungen (insgesamt)","mittlerer Personenkraftwagen-Bestand (insgesamt)"
"Erstzulassungsanteil Personenkraftwagen","insgesamt",2019,"16 Ramersdorf - Perlach",5.8,2609,44847.1,"Personenkraftwagen Erstzulassungen (insgesamt)","mittlerer Personenkraftwagen-Bestand (insgesamt)"
"Erstzulassungsanteil Personenkraftwagen","insgesamt",2019,"17 Obergiesing - Fasangarten",4.6,778,16972.1,"Personenkraftwagen Erstzulassungen (insgesamt)","mittlerer Personenkraftwagen-Bestand (insgesamt)"
"Erstzulassungsanteil Personenkraftwagen","insgesamt",2019,"18 Untergiesing - Harlaching",5.8,1158,19970.5,"Personenkraftwagen Erstzulassungen (insgesamt)","mittlerer Personenkraftwagen-Bestand (insgesamt)"
"Erstzulassungsanteil Personenkraftwagen","insgesamt",2019,"19 Thalkirchen - Obersendling - Forstenried - Fürstenried - Solln",8.2,3658,44798.6,"Personenkraftwagen Erstzulassungen (insgesamt)","mittlerer Personenkraftwagen-Bestand (insgesamt)"
"Erstzulassungsanteil Personenkraftwagen","insgesamt",2019,"20 Hadern",4,779,19395.1,"Personenkraftwagen Erstzulassungen (insgesamt)","mittlerer Personenkraftwagen-Bestand (insgesamt)"
"Erstzulassungsanteil Personenkraftwagen","insgesamt",2019,"21 Pasing - Obermenzing",5.5,1811,32649.8,"Personenkraftwagen Erstzulassungen (insgesamt)","mittlerer Personenkraftwagen-Bestand (insgesamt)"
"Erstzulassungsanteil Personenkraftwagen","insgesamt",2019,"22 Aubing - Lochhausen - Langwied",5.1,1016,20100.7,"Personenkraftwagen Erstzulassungen (insgesamt)","mittlerer Personenkraftwagen-Bestand (insgesamt)"
"Erstzulassungsanteil Personenkraftwagen","insgesamt",2019,"23 Allach - Untermenzing",9.9,1711,17213.7,"Personenkraftwagen Erstzulassungen (insgesamt)","mittlerer Personenkraftwagen-Bestand (insgesamt)"
"Erstzulassungsanteil Personenkraftwagen","insgesamt",2019,"24 Feldmoching - Hasenbergl",5.2,1275,24614.4,"Personenkraftwagen Erstzulassungen (insgesamt)","mittlerer Personenkraftwagen-Bestand (insgesamt)"
"Erstzulassungsanteil Personenkraftwagen","insgesamt",2019,"25 Laim",10.3,2229,21670,"Personenkraftwagen Erstzulassungen (insgesamt)","mittlerer Personenkraftwagen-Bestand (insgesamt)"
"Erstzulassungsanteil Personenkraftwagen","insgesamt",2018,"Stadt München",27.3,195756,716821.8,"Personenkraftwagen Erstzulassungen (insgesamt)","mittlerer Personenkraftwagen-Bestand (insgesamt)"
"Erstzulassungsanteil Personenkraftwagen","insgesamt",2018,"01 Altstadt - Lehel",149.4,99982,66908.6,"Personenkraftwagen Erstzulassungen (insgesamt)","mittlerer Personenkraftwagen-Bestand (insgesamt)"
"Erstzulassungsanteil Personenkraftwagen","insgesamt",2018,"02 Ludwigsvorstadt - Isarvorstadt",8.8,1561,17649.9,"Personenkraftwagen Erstzulassungen (insgesamt)","mittlerer Personenkraftwagen-Bestand (insgesamt)"
"Erstzulassungsanteil Personenkraftwagen","insgesamt",2018,"03 Maxvorstadt",19.7,5207,26418.3,"Personenkraftwagen Erstzulassungen (insgesamt)","mittlerer Personenkraftwagen-Bestand (insgesamt)"
"Erstzulassungsanteil Personenkraftwagen","insgesamt",2018,"04 Schwabing - West",4.8,1073,22183.3,"Personenkraftwagen Erstzulassungen (insgesamt)","mittlerer Personenkraftwagen-Bestand (insgesamt)"
"Erstzulassungsanteil Personenkraftwagen","insgesamt",2018,"05 Au - Haidhausen",8.5,1661,19603.8,"Personenkraftwagen Erstzulassungen (insgesamt)","mittlerer Personenkraftwagen-Bestand (insgesamt)"
"Erstzulassungsanteil Personenkraftwagen","insgesamt",2018,"06 Sendling",4.7,656,13856.9,"Personenkraftwagen Erstzulassungen (insgesamt)","mittlerer Personenkraftwagen-Bestand (insgesamt)"
"Erstzulassungsanteil Personenkraftwagen","insgesamt",2018,"07 Sendling - Westpark",9.2,2270,24567.8,"Personenkraftwagen Erstzulassungen (insgesamt)","mittlerer Personenkraftwagen-Bestand (insgesamt)"
"Erstzulassungsanteil Personenkraftwagen","insgesamt",2018,"08 Schwanthalerhöhe",23.4,2543,10863.1,"Personenkraftwagen Erstzulassungen (insgesamt)","mittlerer Personenkraftwagen-Bestand (insgesamt)"
"Erstzulassungsanteil Personenkraftwagen","insgesamt",2018,"09 Neuhausen - Nymphenburg",9.8,3585,36551,"Personenkraftwagen Erstzulassungen (insgesamt)","mittlerer Personenkraftwagen-Bestand (insgesamt)"
"Erstzulassungsanteil Personenkraftwagen","insgesamt",2018,"10 Moosach",13.5,3439,25436.8,"Personenkraftwagen Erstzulassungen (insgesamt)","mittlerer Personenkraftwagen-Bestand (insgesamt)"
"Erstzulassungsanteil Personenkraftwagen","insgesamt",2018,"11 Milbertshofen - Am Hart",69.2,36775,53142.8,"Personenkraftwagen Erstzulassungen (insgesamt)","mittlerer Personenkraftwagen-Bestand (insgesamt)"
"Erstzulassungsanteil Personenkraftwagen","insgesamt",2018,"12 Schwabing - Freimann",21.4,8235,38491.5,"Personenkraftwagen Erstzulassungen (insgesamt)","mittlerer Personenkraftwagen-Bestand (insgesamt)"
"Erstzulassungsanteil Personenkraftwagen","insgesamt",2018,"13 Bogenhausen",8.7,4225,48288.8,"Personenkraftwagen Erstzulassungen (insgesamt)","mittlerer Personenkraftwagen-Bestand (insgesamt)"
"Erstzulassungsanteil Personenkraftwagen","insgesamt",2018,"14 Berg am Laim",8.6,1500,17443.8,"Personenkraftwagen Erstzulassungen (insgesamt)","mittlerer Personenkraftwagen-Bestand (insgesamt)"
"Erstzulassungsanteil Personenkraftwagen","insgesamt",2018,"15 Trudering - Riem",13.8,4881,35334.3,"Personenkraftwagen Erstzulassungen (insgesamt)","mittlerer Personenkraftwagen-Bestand (insgesamt)"
"Erstzulassungsanteil Personenkraftwagen","insgesamt",2018,"16 Ramersdorf - Perlach",6.2,2709,44003.1,"Personenkraftwagen Erstzulassungen (insgesamt)","mittlerer Personenkraftwagen-Bestand (insgesamt)"
"Erstzulassungsanteil Personenkraftwagen","insgesamt",2018,"17 Obergiesing - Fasangarten",4.4,747,17046.4,"Personenkraftwagen Erstzulassungen (insgesamt)","mittlerer Personenkraftwagen-Bestand (insgesamt)"
"Erstzulassungsanteil Personenkraftwagen","insgesamt",2018,"18 Untergiesing - Harlaching",5.1,1011,20001.8,"Personenkraftwagen Erstzulassungen (insgesamt)","mittlerer Personenkraftwagen-Bestand (insgesamt)"
"Erstzulassungsanteil Personenkraftwagen","insgesamt",2018,"19 Thalkirchen - Obersendling - Forstenried - Fürstenried - Solln",9.4,4160,44382.3,"Personenkraftwagen Erstzulassungen (insgesamt)","mittlerer Personenkraftwagen-Bestand (insgesamt)"
"Erstzulassungsanteil Personenkraftwagen","insgesamt",2018,"20 Hadern",4,763,19291.7,"Personenkraftwagen Erstzulassungen (insgesamt)","mittlerer Personenkraftwagen-Bestand (insgesamt)"
"Erstzulassungsanteil Personenkraftwagen","insgesamt",2018,"21 Pasing - Obermenzing",5.3,1736,32525,"Personenkraftwagen Erstzulassungen (insgesamt)","mittlerer Personenkraftwagen-Bestand (insgesamt)"
"Erstzulassungsanteil Personenkraftwagen","insgesamt",2018,"22 Aubing - Lochhausen - Langwied",5.1,999,19598.6,"Personenkraftwagen Erstzulassungen (insgesamt)","mittlerer Personenkraftwagen-Bestand (insgesamt)"
"Erstzulassungsanteil Personenkraftwagen","insgesamt",2018,"23 Allach - Untermenzing",8.3,1407,16865.8,"Personenkraftwagen Erstzulassungen (insgesamt)","mittlerer Personenkraftwagen-Bestand (insgesamt)"
"Erstzulassungsanteil Personenkraftwagen","insgesamt",2018,"24 Feldmoching - Hasenbergl",5,1229,24426.2,"Personenkraftwagen Erstzulassungen (insgesamt)","mittlerer Personenkraftwagen-Bestand (insgesamt)"
"Erstzulassungsanteil Personenkraftwagen","insgesamt",2018,"25 Laim",11.9,2612,21940.4,"Personenkraftwagen Erstzulassungen (insgesamt)","mittlerer Personenkraftwagen-Bestand (insgesamt)"
"Erstzulassungsanteil Personenkraftwagen","insgesamt",2017,"Stadt München",26.9,191190,711969.3,"Personenkraftwagen Erstzulassungen (insgesamt)","mittlerer Personenkraftwagen-Bestand (insgesamt)"
"Erstzulassungsanteil Personenkraftwagen","insgesamt",2017,"01 Altstadt - Lehel",147.2,94799,64380,"Personenkraftwagen Erstzulassungen (insgesamt)","mittlerer Personenkraftwagen-Bestand (insgesamt)"
"Erstzulassungsanteil Personenkraftwagen","insgesamt",2017,"02 Ludwigsvorstadt - Isarvorstadt",8.2,1449,17732.4,"Personenkraftwagen Erstzulassungen (insgesamt)","mittlerer Personenkraftwagen-Bestand (insgesamt)"
"Erstzulassungsanteil Personenkraftwagen","insgesamt",2017,"03 Maxvorstadt",24.5,6400,26119.5,"Personenkraftwagen Erstzulassungen (insgesamt)","mittlerer Personenkraftwagen-Bestand (insgesamt)"
"Erstzulassungsanteil Personenkraftwagen","insgesamt",2017,"04 Schwabing - West",4.6,1011,22181.7,"Personenkraftwagen Erstzulassungen (insgesamt)","mittlerer Personenkraftwagen-Bestand (insgesamt)"
"Erstzulassungsanteil Personenkraftwagen","insgesamt",2017,"05 Au - Haidhausen",8.6,1671,19366.4,"Personenkraftwagen Erstzulassungen (insgesamt)","mittlerer Personenkraftwagen-Bestand (insgesamt)"
"Erstzulassungsanteil Personenkraftwagen","insgesamt",2017,"06 Sendling",5.2,722,13837,"Personenkraftwagen Erstzulassungen (insgesamt)","mittlerer Personenkraftwagen-Bestand (insgesamt)"
"Erstzulassungsanteil Personenkraftwagen","insgesamt",2017,"07 Sendling - Westpark",7.2,1759,24389,"Personenkraftwagen Erstzulassungen (insgesamt)","mittlerer Personenkraftwagen-Bestand (insgesamt)"
"Erstzulassungsanteil Personenkraftwagen","insgesamt",2017,"08 Schwanthalerhöhe",23.7,2554,10793.3,"Personenkraftwagen Erstzulassungen (insgesamt)","mittlerer Personenkraftwagen-Bestand (insgesamt)"
"Erstzulassungsanteil Personenkraftwagen","insgesamt",2017,"09 Neuhausen - Nymphenburg",10,3636,36375.7,"Personenkraftwagen Erstzulassungen (insgesamt)","mittlerer Personenkraftwagen-Bestand (insgesamt)"
"Erstzulassungsanteil Personenkraftwagen","insgesamt",2017,"10 Moosach",8.6,2257,26152.8,"Personenkraftwagen Erstzulassungen (insgesamt)","mittlerer Personenkraftwagen-Bestand (insgesamt)"
"Erstzulassungsanteil Personenkraftwagen","insgesamt",2017,"11 Milbertshofen - Am Hart",65.9,37448,56809.8,"Personenkraftwagen Erstzulassungen (insgesamt)","mittlerer Personenkraftwagen-Bestand (insgesamt)"
"Erstzulassungsanteil Personenkraftwagen","insgesamt",2017,"12 Schwabing - Freimann",18.6,6861,36951.4,"Personenkraftwagen Erstzulassungen (insgesamt)","mittlerer Personenkraftwagen-Bestand (insgesamt)"
"Erstzulassungsanteil Personenkraftwagen","insgesamt",2017,"13 Bogenhausen",11.7,5621,48190.6,"Personenkraftwagen Erstzulassungen (insgesamt)","mittlerer Personenkraftwagen-Bestand (insgesamt)"
"Erstzulassungsanteil Personenkraftwagen","insgesamt",2017,"14 Berg am Laim",6.5,1120,17151.3,"Personenkraftwagen Erstzulassungen (insgesamt)","mittlerer Personenkraftwagen-Bestand (insgesamt)"
"Erstzulassungsanteil Personenkraftwagen","insgesamt",2017,"15 Trudering - Riem",14.1,4881,34713.9,"Personenkraftwagen Erstzulassungen (insgesamt)","mittlerer Personenkraftwagen-Bestand (insgesamt)"
"Erstzulassungsanteil Personenkraftwagen","insgesamt",2017,"16 Ramersdorf - Perlach",6,2590,43167.3,"Personenkraftwagen Erstzulassungen (insgesamt)","mittlerer Personenkraftwagen-Bestand (insgesamt)"
"Erstzulassungsanteil Personenkraftwagen","insgesamt",2017,"17 Obergiesing - Fasangarten",5.1,865,16865.8,"Personenkraftwagen Erstzulassungen (insgesamt)","mittlerer Personenkraftwagen-Bestand (insgesamt)"
"Erstzulassungsanteil Personenkraftwagen","insgesamt",2017,"18 Untergiesing - Harlaching",5.3,1056,19749.4,"Personenkraftwagen Erstzulassungen (insgesamt)","mittlerer Personenkraftwagen-Bestand (insgesamt)"
"Erstzulassungsanteil Personenkraftwagen","insgesamt",2017,"19 Thalkirchen - Obersendling - Forstenried - Fürstenried - Solln",9.7,4274,43940.8,"Personenkraftwagen Erstzulassungen (insgesamt)","mittlerer Personenkraftwagen-Bestand (insgesamt)"
"Erstzulassungsanteil Personenkraftwagen","insgesamt",2017,"20 Hadern",4.1,780,19234.3,"Personenkraftwagen Erstzulassungen (insgesamt)","mittlerer Personenkraftwagen-Bestand (insgesamt)"
"Erstzulassungsanteil Personenkraftwagen","insgesamt",2017,"21 Pasing - Obermenzing",6,1926,32092.4,"Personenkraftwagen Erstzulassungen (insgesamt)","mittlerer Personenkraftwagen-Bestand (insgesamt)"
"Erstzulassungsanteil Personenkraftwagen","insgesamt",2017,"22 Aubing - Lochhausen - Langwied",5.2,1003,19106,"Personenkraftwagen Erstzulassungen (insgesamt)","mittlerer Personenkraftwagen-Bestand (insgesamt)"
"Erstzulassungsanteil Personenkraftwagen","insgesamt",2017,"23 Allach - Untermenzing",8.2,1365,16604.6,"Personenkraftwagen Erstzulassungen (insgesamt)","mittlerer Personenkraftwagen-Bestand (insgesamt)"
"Erstzulassungsanteil Personenkraftwagen","insgesamt",2017,"24 Feldmoching - Hasenbergl",4.9,1192,24243.1,"Personenkraftwagen Erstzulassungen (insgesamt)","mittlerer Personenkraftwagen-Bestand (insgesamt)"
"Erstzulassungsanteil Personenkraftwagen","insgesamt",2017,"25 Laim",13.1,2867,21820.8,"Personenkraftwagen Erstzulassungen (insgesamt)","mittlerer Personenkraftwagen-Bestand (insgesamt)"
"Erstzulassungsanteil Personenkraftwagen","insgesamt",2016,"Stadt München",27.9,195016,699572.5,"Personenkraftwagen Erstzulassungen (insgesamt)","mittlerer Personenkraftwagen-Bestand (insgesamt)"
"Erstzulassungsanteil Personenkraftwagen","insgesamt",2016,"01 Altstadt - Lehel",152.5,92377,60558.7,"Personenkraftwagen Erstzulassungen (insgesamt)","mittlerer Personenkraftwagen-Bestand (insgesamt)"
"Erstzulassungsanteil Personenkraftwagen","insgesamt",2016,"02 Ludwigsvorstadt - Isarvorstadt",8.6,1534,17754.6,"Personenkraftwagen Erstzulassungen (insgesamt)","mittlerer Personenkraftwagen-Bestand (insgesamt)"
"Erstzulassungsanteil Personenkraftwagen","insgesamt",2016,"03 Maxvorstadt",24.6,6305,25600.2,"Personenkraftwagen Erstzulassungen (insgesamt)","mittlerer Personenkraftwagen-Bestand (insgesamt)"
"Erstzulassungsanteil Personenkraftwagen","insgesamt",2016,"04 Schwabing - West",5.1,1133,22126.3,"Personenkraftwagen Erstzulassungen (insgesamt)","mittlerer Personenkraftwagen-Bestand (insgesamt)"
"Erstzulassungsanteil Personenkraftwagen","insgesamt",2016,"05 Au - Haidhausen",9.7,1867,19237.4,"Personenkraftwagen Erstzulassungen (insgesamt)","mittlerer Personenkraftwagen-Bestand (insgesamt)"
"Erstzulassungsanteil Personenkraftwagen","insgesamt",2016,"06 Sendling",5.2,708,13747.4,"Personenkraftwagen Erstzulassungen (insgesamt)","mittlerer Personenkraftwagen-Bestand (insgesamt)"
"Erstzulassungsanteil Personenkraftwagen","insgesamt",2016,"07 Sendling - Westpark",9.9,2440,24526.7,"Personenkraftwagen Erstzulassungen (insgesamt)","mittlerer Personenkraftwagen-Bestand (insgesamt)"
"Erstzulassungsanteil Personenkraftwagen","insgesamt",2016,"08 Schwanthalerhöhe",25.6,2750,10742.4,"Personenkraftwagen Erstzulassungen (insgesamt)","mittlerer Personenkraftwagen-Bestand (insgesamt)"
"Erstzulassungsanteil Personenkraftwagen","insgesamt",2016,"09 Neuhausen - Nymphenburg",10.9,3952,36232.7,"Personenkraftwagen Erstzulassungen (insgesamt)","mittlerer Personenkraftwagen-Bestand (insgesamt)"
"Erstzulassungsanteil Personenkraftwagen","insgesamt",2016,"10 Moosach",19.9,5487,27625.7,"Personenkraftwagen Erstzulassungen (insgesamt)","mittlerer Personenkraftwagen-Bestand (insgesamt)"
"Erstzulassungsanteil Personenkraftwagen","insgesamt",2016,"11 Milbertshofen - Am Hart",74.3,40630,54713.1,"Personenkraftwagen Erstzulassungen (insgesamt)","mittlerer Personenkraftwagen-Bestand (insgesamt)"
"Erstzulassungsanteil Personenkraftwagen","insgesamt",2016,"12 Schwabing - Freimann",15.7,5557,35414.9,"Personenkraftwagen Erstzulassungen (insgesamt)","mittlerer Personenkraftwagen-Bestand (insgesamt)"
"Erstzulassungsanteil Personenkraftwagen","insgesamt",2016,"13 Bogenhausen",12.9,6096,47247.2,"Personenkraftwagen Erstzulassungen (insgesamt)","mittlerer Personenkraftwagen-Bestand (insgesamt)"
"Erstzulassungsanteil Personenkraftwagen","insgesamt",2016,"14 Berg am Laim",6.3,1054,16749,"Personenkraftwagen Erstzulassungen (insgesamt)","mittlerer Personenkraftwagen-Bestand (insgesamt)"
"Erstzulassungsanteil Personenkraftwagen","insgesamt",2016,"15 Trudering - Riem",13.4,4578,34237.8,"Personenkraftwagen Erstzulassungen (insgesamt)","mittlerer Personenkraftwagen-Bestand (insgesamt)"
"Erstzulassungsanteil Personenkraftwagen","insgesamt",2016,"16 Ramersdorf - Perlach",5.5,2315,42448.4,"Personenkraftwagen Erstzulassungen (insgesamt)","mittlerer Personenkraftwagen-Bestand (insgesamt)"
"Erstzulassungsanteil Personenkraftwagen","insgesamt",2016,"17 Obergiesing - Fasangarten",4.7,774,16592.8,"Personenkraftwagen Erstzulassungen (insgesamt)","mittlerer Personenkraftwagen-Bestand (insgesamt)"
"Erstzulassungsanteil Personenkraftwagen","insgesamt",2016,"18 Untergiesing - Harlaching",5.2,1025,19553.1,"Personenkraftwagen Erstzulassungen (insgesamt)","mittlerer Personenkraftwagen-Bestand (insgesamt)"
"Erstzulassungsanteil Personenkraftwagen","insgesamt",2016,"19 Thalkirchen - Obersendling - Forstenried - Fürstenried - Solln",9.4,4083,43357.8,"Personenkraftwagen Erstzulassungen (insgesamt)","mittlerer Personenkraftwagen-Bestand (insgesamt)"
"Erstzulassungsanteil Personenkraftwagen","insgesamt",2016,"20 Hadern",4.2,805,19179.8,"Personenkraftwagen Erstzulassungen (insgesamt)","mittlerer Personenkraftwagen-Bestand (insgesamt)"
"Erstzulassungsanteil Personenkraftwagen","insgesamt",2016,"21 Pasing - Obermenzing",5.4,1691,31410.5,"Personenkraftwagen Erstzulassungen (insgesamt)","mittlerer Personenkraftwagen-Bestand (insgesamt)"
"Erstzulassungsanteil Personenkraftwagen","insgesamt",2016,"22 Aubing - Lochhausen - Langwied",5.1,950,18636.5,"Personenkraftwagen Erstzulassungen (insgesamt)","mittlerer Personenkraftwagen-Bestand (insgesamt)"
"Erstzulassungsanteil Personenkraftwagen","insgesamt",2016,"23 Allach - Untermenzing",8.5,1393,16320.4,"Personenkraftwagen Erstzulassungen (insgesamt)","mittlerer Personenkraftwagen-Bestand (insgesamt)"
"Erstzulassungsanteil Personenkraftwagen","insgesamt",2016,"24 Feldmoching - Hasenbergl",5.6,1352,24053.7,"Personenkraftwagen Erstzulassungen (insgesamt)","mittlerer Personenkraftwagen-Bestand (insgesamt)"
"Erstzulassungsanteil Personenkraftwagen","insgesamt",2016,"25 Laim",13.5,2913,21505.7,"Personenkraftwagen Erstzulassungen (insgesamt)","mittlerer Personenkraftwagen-Bestand (insgesamt)"
"Erstzulassungsanteil Personenkraftwagen","insgesamt",2015,"Stadt München",26.5,181970,686535.1,"Personenkraftwagen Erstzulassungen (insgesamt)","mittlerer Personenkraftwagen-Bestand (insgesamt)"
"Erstzulassungsanteil Personenkraftwagen","insgesamt",2015,"01 Altstadt - Lehel",149.9,90081,60103.3,"Personenkraftwagen Erstzulassungen (insgesamt)","mittlerer Personenkraftwagen-Bestand (insgesamt)"
"Erstzulassungsanteil Personenkraftwagen","insgesamt",2015,"02 Ludwigsvorstadt - Isarvorstadt",9.3,1629,17585.6,"Personenkraftwagen Erstzulassungen (insgesamt)","mittlerer Personenkraftwagen-Bestand (insgesamt)"
"Erstzulassungsanteil Personenkraftwagen","insgesamt",2015,"03 Maxvorstadt",23.9,5990,25099.7,"Personenkraftwagen Erstzulassungen (insgesamt)","mittlerer Personenkraftwagen-Bestand (insgesamt)"
"Erstzulassungsanteil Personenkraftwagen","insgesamt",2015,"04 Schwabing - West",4.7,1032,21914.2,"Personenkraftwagen Erstzulassungen (insgesamt)","mittlerer Personenkraftwagen-Bestand (insgesamt)"
"Erstzulassungsanteil Personenkraftwagen","insgesamt",2015,"05 Au - Haidhausen",8.7,1644,18985.2,"Personenkraftwagen Erstzulassungen (insgesamt)","mittlerer Personenkraftwagen-Bestand (insgesamt)"
"Erstzulassungsanteil Personenkraftwagen","insgesamt",2015,"06 Sendling",4.9,665,13522.7,"Personenkraftwagen Erstzulassungen (insgesamt)","mittlerer Personenkraftwagen-Bestand (insgesamt)"
"Erstzulassungsanteil Personenkraftwagen","insgesamt",2015,"07 Sendling - Westpark",8.9,2150,24247.4,"Personenkraftwagen Erstzulassungen (insgesamt)","mittlerer Personenkraftwagen-Bestand (insgesamt)"
"Erstzulassungsanteil Personenkraftwagen","insgesamt",2015,"08 Schwanthalerhöhe",19.5,2053,10540.8,"Personenkraftwagen Erstzulassungen (insgesamt)","mittlerer Personenkraftwagen-Bestand (insgesamt)"
"Erstzulassungsanteil Personenkraftwagen","insgesamt",2015,"09 Neuhausen - Nymphenburg",10,3565,35676.1,"Personenkraftwagen Erstzulassungen (insgesamt)","mittlerer Personenkraftwagen-Bestand (insgesamt)"
"Erstzulassungsanteil Personenkraftwagen","insgesamt",2015,"10 Moosach",19.6,5316,27161.3,"Personenkraftwagen Erstzulassungen (insgesamt)","mittlerer Personenkraftwagen-Bestand (insgesamt)"
"Erstzulassungsanteil Personenkraftwagen","insgesamt",2015,"11 Milbertshofen - Am Hart",66.2,33874,51200.4,"Personenkraftwagen Erstzulassungen (insgesamt)","mittlerer Personenkraftwagen-Bestand (insgesamt)"
"Erstzulassungsanteil Personenkraftwagen","insgesamt",2015,"12 Schwabing - Freimann",14.5,5124,35357.6,"Personenkraftwagen Erstzulassungen (insgesamt)","mittlerer Personenkraftwagen-Bestand (insgesamt)"
"Erstzulassungsanteil Personenkraftwagen","insgesamt",2015,"13 Bogenhausen",11.4,5213,45560.2,"Personenkraftwagen Erstzulassungen (insgesamt)","mittlerer Personenkraftwagen-Bestand (insgesamt)"
"Erstzulassungsanteil Personenkraftwagen","insgesamt",2015,"14 Berg am Laim",5.9,966,16429.5,"Personenkraftwagen Erstzulassungen (insgesamt)","mittlerer Personenkraftwagen-Bestand (insgesamt)"
"Erstzulassungsanteil Personenkraftwagen","insgesamt",2015,"15 Trudering - Riem",13.9,4665,33561.1,"Personenkraftwagen Erstzulassungen (insgesamt)","mittlerer Personenkraftwagen-Bestand (insgesamt)"
"Erstzulassungsanteil Personenkraftwagen","insgesamt",2015,"16 Ramersdorf - Perlach",5.1,2122,41936.1,"Personenkraftwagen Erstzulassungen (insgesamt)","mittlerer Personenkraftwagen-Bestand (insgesamt)"
"Erstzulassungsanteil Personenkraftwagen","insgesamt",2015,"17 Obergiesing - Fasangarten",5,813,16258.5,"Personenkraftwagen Erstzulassungen (insgesamt)","mittlerer Personenkraftwagen-Bestand (insgesamt)"
"Erstzulassungsanteil Personenkraftwagen","insgesamt",2015,"18 Untergiesing - Harlaching",4.8,924,19347.3,"Personenkraftwagen Erstzulassungen (insgesamt)","mittlerer Personenkraftwagen-Bestand (insgesamt)"
"Erstzulassungsanteil Personenkraftwagen","insgesamt",2015,"19 Thalkirchen - Obersendling - Forstenried - Fürstenried - Solln",9.9,4273,43063.8,"Personenkraftwagen Erstzulassungen (insgesamt)","mittlerer Personenkraftwagen-Bestand (insgesamt)"
"Erstzulassungsanteil Personenkraftwagen","insgesamt",2015,"20 Hadern",4.1,774,19015.3,"Personenkraftwagen Erstzulassungen (insgesamt)","mittlerer Personenkraftwagen-Bestand (insgesamt)"
"Erstzulassungsanteil Personenkraftwagen","insgesamt",2015,"21 Pasing - Obermenzing",5.2,1596,30917.3,"Personenkraftwagen Erstzulassungen (insgesamt)","mittlerer Personenkraftwagen-Bestand (insgesamt)"
"Erstzulassungsanteil Personenkraftwagen","insgesamt",2015,"22 Aubing - Lochhausen - Langwied",5.2,944,18209.1,"Personenkraftwagen Erstzulassungen (insgesamt)","mittlerer Personenkraftwagen-Bestand (insgesamt)"
"Erstzulassungsanteil Personenkraftwagen","insgesamt",2015,"23 Allach - Untermenzing",7,1126,16174.7,"Personenkraftwagen Erstzulassungen (insgesamt)","mittlerer Personenkraftwagen-Bestand (insgesamt)"
"Erstzulassungsanteil Personenkraftwagen","insgesamt",2015,"24 Feldmoching - Hasenbergl",5.3,1250,23586.6,"Personenkraftwagen Erstzulassungen (insgesamt)","mittlerer Personenkraftwagen-Bestand (insgesamt)"
"Erstzulassungsanteil Personenkraftwagen","insgesamt",2015,"25 Laim",10.1,2119,21081.5,"Personenkraftwagen Erstzulassungen (insgesamt)","mittlerer Personenkraftwagen-Bestand (insgesamt)"
"Erstzulassungsanteil Personenkraftwagen","insgesamt",2014,"Stadt München",22.7,164887,727781.8,"Personenkraftwagen Erstzulassungen (insgesamt)","mittlerer Personenkraftwagen-Bestand (insgesamt)"
"Erstzulassungsanteil Personenkraftwagen","insgesamt",2014,"01 Altstadt - Lehel",128.1,76414,59645.6,"Personenkraftwagen Erstzulassungen (insgesamt)","mittlerer Personenkraftwagen-Bestand (insgesamt)"
"Erstzulassungsanteil Personenkraftwagen","insgesamt",2014,"02 Ludwigsvorstadt - Isarvorstadt",7.4,1388,18733,"Personenkraftwagen Erstzulassungen (insgesamt)","mittlerer Personenkraftwagen-Bestand (insgesamt)"
"Erstzulassungsanteil Personenkraftwagen","insgesamt",2014,"03 Maxvorstadt",17.1,4594,26912,"Personenkraftwagen Erstzulassungen (insgesamt)","mittlerer Personenkraftwagen-Bestand (insgesamt)"
"Erstzulassungsanteil Personenkraftwagen","insgesamt",2014,"04 Schwabing - West",4.4,1041,23524.5,"Personenkraftwagen Erstzulassungen (insgesamt)","mittlerer Personenkraftwagen-Bestand (insgesamt)"
"Erstzulassungsanteil Personenkraftwagen","insgesamt",2014,"05 Au - Haidhausen",7.6,1549,20256.5,"Personenkraftwagen Erstzulassungen (insgesamt)","mittlerer Personenkraftwagen-Bestand (insgesamt)"
"Erstzulassungsanteil Personenkraftwagen","insgesamt",2014,"06 Sendling",4.5,660,14608.9,"Personenkraftwagen Erstzulassungen (insgesamt)","mittlerer Personenkraftwagen-Bestand (insgesamt)"
"Erstzulassungsanteil Personenkraftwagen","insgesamt",2014,"07 Sendling - Westpark",8.9,2306,25926.5,"Personenkraftwagen Erstzulassungen (insgesamt)","mittlerer Personenkraftwagen-Bestand (insgesamt)"
"Erstzulassungsanteil Personenkraftwagen","insgesamt",2014,"08 Schwanthalerhöhe",18.4,2104,11455.3,"Personenkraftwagen Erstzulassungen (insgesamt)","mittlerer Personenkraftwagen-Bestand (insgesamt)"
"Erstzulassungsanteil Personenkraftwagen","insgesamt",2014,"09 Neuhausen - Nymphenburg",8.2,3124,38225.9,"Personenkraftwagen Erstzulassungen (insgesamt)","mittlerer Personenkraftwagen-Bestand (insgesamt)"
"Erstzulassungsanteil Personenkraftwagen","insgesamt",2014,"10 Moosach",19.5,5605,28692.8,"Personenkraftwagen Erstzulassungen (insgesamt)","mittlerer Personenkraftwagen-Bestand (insgesamt)"
"Erstzulassungsanteil Personenkraftwagen","insgesamt",2014,"11 Milbertshofen - Am Hart",57.9,30848,53314.5,"Personenkraftwagen Erstzulassungen (insgesamt)","mittlerer Personenkraftwagen-Bestand (insgesamt)"
"Erstzulassungsanteil Personenkraftwagen","insgesamt",2014,"12 Schwabing - Freimann",10.8,4278,39753.8,"Personenkraftwagen Erstzulassungen (insgesamt)","mittlerer Personenkraftwagen-Bestand (insgesamt)"
"Erstzulassungsanteil Personenkraftwagen","insgesamt",2014,"13 Bogenhausen",12.1,5725,47233.5,"Personenkraftwagen Erstzulassungen (insgesamt)","mittlerer Personenkraftwagen-Bestand (insgesamt)"
"Erstzulassungsanteil Personenkraftwagen","insgesamt",2014,"14 Berg am Laim",5.4,950,17632.9,"Personenkraftwagen Erstzulassungen (insgesamt)","mittlerer Personenkraftwagen-Bestand (insgesamt)"
"Erstzulassungsanteil Personenkraftwagen","insgesamt",2014,"15 Trudering - Riem",17.2,6127,35672.4,"Personenkraftwagen Erstzulassungen (insgesamt)","mittlerer Personenkraftwagen-Bestand (insgesamt)"
"Erstzulassungsanteil Personenkraftwagen","insgesamt",2014,"16 Ramersdorf - Perlach",4.9,2198,44919.2,"Personenkraftwagen Erstzulassungen (insgesamt)","mittlerer Personenkraftwagen-Bestand (insgesamt)"
"Erstzulassungsanteil Personenkraftwagen","insgesamt",2014,"17 Obergiesing - Fasangarten",4.3,733,17042.8,"Personenkraftwagen Erstzulassungen (insgesamt)","mittlerer Personenkraftwagen-Bestand (insgesamt)"
"Erstzulassungsanteil Personenkraftwagen","insgesamt",2014,"18 Untergiesing - Harlaching",4.9,1009,20784.3,"Personenkraftwagen Erstzulassungen (insgesamt)","mittlerer Personenkraftwagen-Bestand (insgesamt)"
"Erstzulassungsanteil Personenkraftwagen","insgesamt",2014,"19 Thalkirchen - Obersendling - Forstenried - Fürstenried - Solln",10,4573,45917,"Personenkraftwagen Erstzulassungen (insgesamt)","mittlerer Personenkraftwagen-Bestand (insgesamt)"
"Erstzulassungsanteil Personenkraftwagen","insgesamt",2014,"20 Hadern",3.6,735,20300.8,"Personenkraftwagen Erstzulassungen (insgesamt)","mittlerer Personenkraftwagen-Bestand (insgesamt)"
"Erstzulassungsanteil Personenkraftwagen","insgesamt",2014,"21 Pasing - Obermenzing",5,1660,32974.1,"Personenkraftwagen Erstzulassungen (insgesamt)","mittlerer Personenkraftwagen-Bestand (insgesamt)"
"Erstzulassungsanteil Personenkraftwagen","insgesamt",2014,"22 Aubing - Lochhausen - Langwied",4.4,862,19428,"Personenkraftwagen Erstzulassungen (insgesamt)","mittlerer Personenkraftwagen-Bestand (insgesamt)"
"Erstzulassungsanteil Personenkraftwagen","insgesamt",2014,"23 Allach - Untermenzing",6,1040,17262.6,"Personenkraftwagen Erstzulassungen (insgesamt)","mittlerer Personenkraftwagen-Bestand (insgesamt)"
"Erstzulassungsanteil Personenkraftwagen","insgesamt",2014,"24 Feldmoching - Hasenbergl",5.6,1400,25004.7,"Personenkraftwagen Erstzulassungen (insgesamt)","mittlerer Personenkraftwagen-Bestand (insgesamt)"
"Erstzulassungsanteil Personenkraftwagen","insgesamt",2014,"25 Laim",7.8,1753,22560,"Personenkraftwagen Erstzulassungen (insgesamt)","mittlerer Personenkraftwagen-Bestand (insgesamt)"
"Erstzulassungsanteil Personenkraftwagen","insgesamt",2013,"Stadt München",24.1,159303,661517.8,"Personenkraftwagen Erstzulassungen (insgesamt)","mittlerer Personenkraftwagen-Bestand (insgesamt)"
"Erstzulassungsanteil Personenkraftwagen","insgesamt",2013,"01 Altstadt - Lehel",144.1,72778,50499.8,"Personenkraftwagen Erstzulassungen (insgesamt)","mittlerer Personenkraftwagen-Bestand (insgesamt)"
"Erstzulassungsanteil Personenkraftwagen","insgesamt",2013,"02 Ludwigsvorstadt - Isarvorstadt",7.9,1362,17141.7,"Personenkraftwagen Erstzulassungen (insgesamt)","mittlerer Personenkraftwagen-Bestand (insgesamt)"
"Erstzulassungsanteil Personenkraftwagen","insgesamt",2013,"03 Maxvorstadt",22.6,5549,24499.8,"Personenkraftwagen Erstzulassungen (insgesamt)","mittlerer Personenkraftwagen-Bestand (insgesamt)"
"Erstzulassungsanteil Personenkraftwagen","insgesamt",2013,"04 Schwabing - West",4.7,1017,21767.9,"Personenkraftwagen Erstzulassungen (insgesamt)","mittlerer Personenkraftwagen-Bestand (insgesamt)"
"Erstzulassungsanteil Personenkraftwagen","insgesamt",2013,"05 Au - Haidhausen",8.4,1551,18499.5,"Personenkraftwagen Erstzulassungen (insgesamt)","mittlerer Personenkraftwagen-Bestand (insgesamt)"
"Erstzulassungsanteil Personenkraftwagen","insgesamt",2013,"06 Sendling",4.9,656,13494.8,"Personenkraftwagen Erstzulassungen (insgesamt)","mittlerer Personenkraftwagen-Bestand (insgesamt)"
"Erstzulassungsanteil Personenkraftwagen","insgesamt",2013,"07 Sendling - Westpark",8.4,2006,23763.9,"Personenkraftwagen Erstzulassungen (insgesamt)","mittlerer Personenkraftwagen-Bestand (insgesamt)"
"Erstzulassungsanteil Personenkraftwagen","insgesamt",2013,"08 Schwanthalerhöhe",17.7,1874,10566.8,"Personenkraftwagen Erstzulassungen (insgesamt)","mittlerer Personenkraftwagen-Bestand (insgesamt)"
"Erstzulassungsanteil Personenkraftwagen","insgesamt",2013,"09 Neuhausen - Nymphenburg",8.7,3025,34881.2,"Personenkraftwagen Erstzulassungen (insgesamt)","mittlerer Personenkraftwagen-Bestand (insgesamt)"
"Erstzulassungsanteil Personenkraftwagen","insgesamt",2013,"10 Moosach",15.7,3858,24554,"Personenkraftwagen Erstzulassungen (insgesamt)","mittlerer Personenkraftwagen-Bestand (insgesamt)"
"Erstzulassungsanteil Personenkraftwagen","insgesamt",2013,"11 Milbertshofen - Am Hart",62,30145,48638.3,"Personenkraftwagen Erstzulassungen (insgesamt)","mittlerer Personenkraftwagen-Bestand (insgesamt)"
"Erstzulassungsanteil Personenkraftwagen","insgesamt",2013,"12 Schwabing - Freimann",16.6,6608,39751.9,"Personenkraftwagen Erstzulassungen (insgesamt)","mittlerer Personenkraftwagen-Bestand (insgesamt)"
"Erstzulassungsanteil Personenkraftwagen","insgesamt",2013,"13 Bogenhausen",12.8,5207,40678.5,"Personenkraftwagen Erstzulassungen (insgesamt)","mittlerer Personenkraftwagen-Bestand (insgesamt)"
"Erstzulassungsanteil Personenkraftwagen","insgesamt",2013,"14 Berg am Laim",6.2,993,16084.9,"Personenkraftwagen Erstzulassungen (insgesamt)","mittlerer Personenkraftwagen-Bestand (insgesamt)"
"Erstzulassungsanteil Personenkraftwagen","insgesamt",2013,"15 Trudering - Riem",14.8,4798,32408.7,"Personenkraftwagen Erstzulassungen (insgesamt)","mittlerer Personenkraftwagen-Bestand (insgesamt)"
"Erstzulassungsanteil Personenkraftwagen","insgesamt",2013,"16 Ramersdorf - Perlach",6,2466,41422.1,"Personenkraftwagen Erstzulassungen (insgesamt)","mittlerer Personenkraftwagen-Bestand (insgesamt)"
"Erstzulassungsanteil Personenkraftwagen","insgesamt",2013,"17 Obergiesing - Fasangarten",5.5,856,15588.3,"Personenkraftwagen Erstzulassungen (insgesamt)","mittlerer Personenkraftwagen-Bestand (insgesamt)"
"Erstzulassungsanteil Personenkraftwagen","insgesamt",2013,"18 Untergiesing - Harlaching",4.9,938,19318.4,"Personenkraftwagen Erstzulassungen (insgesamt)","mittlerer Personenkraftwagen-Bestand (insgesamt)"
"Erstzulassungsanteil Personenkraftwagen","insgesamt",2013,"19 Thalkirchen - Obersendling - Forstenried - Fürstenried - Solln",10.7,4493,42035.3,"Personenkraftwagen Erstzulassungen (insgesamt)","mittlerer Personenkraftwagen-Bestand (insgesamt)"
"Erstzulassungsanteil Personenkraftwagen","insgesamt",2013,"20 Hadern",4.1,760,18595,"Personenkraftwagen Erstzulassungen (insgesamt)","mittlerer Personenkraftwagen-Bestand (insgesamt)"
"Erstzulassungsanteil Personenkraftwagen","insgesamt",2013,"21 Pasing - Obermenzing",6.7,2002,30100.1,"Personenkraftwagen Erstzulassungen (insgesamt)","mittlerer Personenkraftwagen-Bestand (insgesamt)"
"Erstzulassungsanteil Personenkraftwagen","insgesamt",2013,"22 Aubing - Lochhausen - Langwied",4.5,805,17695.7,"Personenkraftwagen Erstzulassungen (insgesamt)","mittlerer Personenkraftwagen-Bestand (insgesamt)"
"Erstzulassungsanteil Personenkraftwagen","insgesamt",2013,"23 Allach - Untermenzing",5.3,846,16035.3,"Personenkraftwagen Erstzulassungen (insgesamt)","mittlerer Personenkraftwagen-Bestand (insgesamt)"
"Erstzulassungsanteil Personenkraftwagen","insgesamt",2013,"24 Feldmoching - Hasenbergl",4.9,1125,22764.7,"Personenkraftwagen Erstzulassungen (insgesamt)","mittlerer Personenkraftwagen-Bestand (insgesamt)"
"Erstzulassungsanteil Personenkraftwagen","insgesamt",2013,"25 Laim",7.2,1490,20731.3,"Personenkraftwagen Erstzulassungen (insgesamt)","mittlerer Personenkraftwagen-Bestand (insgesamt)"
"Erstzulassungsanteil Personenkraftwagen","insgesamt",2012,"Stadt München",23.9,156515,654448.4,"Personenkraftwagen Erstzulassungen (insgesamt)","mittlerer Personenkraftwagen-Bestand (insgesamt)"
"Erstzulassungsanteil Personenkraftwagen","insgesamt",2012,"01 Altstadt - Lehel",134.5,67675,50314.2,"Personenkraftwagen Erstzulassungen (insgesamt)","mittlerer Personenkraftwagen-Bestand (insgesamt)"
"Erstzulassungsanteil Personenkraftwagen","insgesamt",2012,"02 Ludwigsvorstadt - Isarvorstadt",8.5,1459,17070.2,"Personenkraftwagen Erstzulassungen (insgesamt)","mittlerer Personenkraftwagen-Bestand (insgesamt)"
"Erstzulassungsanteil Personenkraftwagen","insgesamt",2012,"03 Maxvorstadt",20.5,4949,24164.3,"Personenkraftwagen Erstzulassungen (insgesamt)","mittlerer Personenkraftwagen-Bestand (insgesamt)"
"Erstzulassungsanteil Personenkraftwagen","insgesamt",2012,"04 Schwabing - West",5.2,1129,21557.2,"Personenkraftwagen Erstzulassungen (insgesamt)","mittlerer Personenkraftwagen-Bestand (insgesamt)"
"Erstzulassungsanteil Personenkraftwagen","insgesamt",2012,"05 Au - Haidhausen",8.2,1500,18283.8,"Personenkraftwagen Erstzulassungen (insgesamt)","mittlerer Personenkraftwagen-Bestand (insgesamt)"
"Erstzulassungsanteil Personenkraftwagen","insgesamt",2012,"06 Sendling",5,680,13504.7,"Personenkraftwagen Erstzulassungen (insgesamt)","mittlerer Personenkraftwagen-Bestand (insgesamt)"
"Erstzulassungsanteil Personenkraftwagen","insgesamt",2012,"07 Sendling - Westpark",8.6,2020,23499.7,"Personenkraftwagen Erstzulassungen (insgesamt)","mittlerer Personenkraftwagen-Bestand (insgesamt)"
"Erstzulassungsanteil Personenkraftwagen","insgesamt",2012,"08 Schwanthalerhöhe",20.1,2202,10967.4,"Personenkraftwagen Erstzulassungen (insgesamt)","mittlerer Personenkraftwagen-Bestand (insgesamt)"
"Erstzulassungsanteil Personenkraftwagen","insgesamt",2012,"09 Neuhausen - Nymphenburg",8.9,3084,34458.2,"Personenkraftwagen Erstzulassungen (insgesamt)","mittlerer Personenkraftwagen-Bestand (insgesamt)"
"Erstzulassungsanteil Personenkraftwagen","insgesamt",2012,"10 Moosach",14.6,3443,23574.3,"Personenkraftwagen Erstzulassungen (insgesamt)","mittlerer Personenkraftwagen-Bestand (insgesamt)"
"Erstzulassungsanteil Personenkraftwagen","insgesamt",2012,"11 Milbertshofen - Am Hart",62.5,30206,48351.5,"Personenkraftwagen Erstzulassungen (insgesamt)","mittlerer Personenkraftwagen-Bestand (insgesamt)"
"Erstzulassungsanteil Personenkraftwagen","insgesamt",2012,"12 Schwabing - Freimann",26.2,10553,40274.1,"Personenkraftwagen Erstzulassungen (insgesamt)","mittlerer Personenkraftwagen-Bestand (insgesamt)"
"Erstzulassungsanteil Personenkraftwagen","insgesamt",2012,"13 Bogenhausen",8,3072,38506.4,"Personenkraftwagen Erstzulassungen (insgesamt)","mittlerer Personenkraftwagen-Bestand (insgesamt)"
"Erstzulassungsanteil Personenkraftwagen","insgesamt",2012,"14 Berg am Laim",6.8,1089,15931,"Personenkraftwagen Erstzulassungen (insgesamt)","mittlerer Personenkraftwagen-Bestand (insgesamt)"
"Erstzulassungsanteil Personenkraftwagen","insgesamt",2012,"15 Trudering - Riem",15.1,4803,31868,"Personenkraftwagen Erstzulassungen (insgesamt)","mittlerer Personenkraftwagen-Bestand (insgesamt)"
"Erstzulassungsanteil Personenkraftwagen","insgesamt",2012,"16 Ramersdorf - Perlach",5.7,2357,41253.9,"Personenkraftwagen Erstzulassungen (insgesamt)","mittlerer Personenkraftwagen-Bestand (insgesamt)"
"Erstzulassungsanteil Personenkraftwagen","insgesamt",2012,"17 Obergiesing - Fasangarten",5.5,851,15598.9,"Personenkraftwagen Erstzulassungen (insgesamt)","mittlerer Personenkraftwagen-Bestand (insgesamt)"
"Erstzulassungsanteil Personenkraftwagen","insgesamt",2012,"18 Untergiesing - Harlaching",5.6,1101,19536.7,"Personenkraftwagen Erstzulassungen (insgesamt)","mittlerer Personenkraftwagen-Bestand (insgesamt)"
"Erstzulassungsanteil Personenkraftwagen","insgesamt",2012,"19 Thalkirchen - Obersendling - Forstenried - Fürstenried - Solln",11.1,4573,41266.4,"Personenkraftwagen Erstzulassungen (insgesamt)","mittlerer Personenkraftwagen-Bestand (insgesamt)"
"Erstzulassungsanteil Personenkraftwagen","insgesamt",2012,"20 Hadern",4.7,871,18552.8,"Personenkraftwagen Erstzulassungen (insgesamt)","mittlerer Personenkraftwagen-Bestand (insgesamt)"
"Erstzulassungsanteil Personenkraftwagen","insgesamt",2012,"21 Pasing - Obermenzing",6.3,1858,29643.1,"Personenkraftwagen Erstzulassungen (insgesamt)","mittlerer Personenkraftwagen-Bestand (insgesamt)"
"Erstzulassungsanteil Personenkraftwagen","insgesamt",2012,"22 Aubing - Lochhausen - Langwied",5.3,910,17332.3,"Personenkraftwagen Erstzulassungen (insgesamt)","mittlerer Personenkraftwagen-Bestand (insgesamt)"
"Erstzulassungsanteil Personenkraftwagen","insgesamt",2012,"23 Allach - Untermenzing",6.6,1051,15919.6,"Personenkraftwagen Erstzulassungen (insgesamt)","mittlerer Personenkraftwagen-Bestand (insgesamt)"
"Erstzulassungsanteil Personenkraftwagen","insgesamt",2012,"24 Feldmoching - Hasenbergl",5.7,1280,22407.3,"Personenkraftwagen Erstzulassungen (insgesamt)","mittlerer Personenkraftwagen-Bestand (insgesamt)"
"Erstzulassungsanteil Personenkraftwagen","insgesamt",2012,"25 Laim",8.2,1699,20612.8,"Personenkraftwagen Erstzulassungen (insgesamt)","mittlerer Personenkraftwagen-Bestand (insgesamt)"
"Erstzulassungsanteil Personenkraftwagen","insgesamt",2011,"Stadt München",21.8,135507,621879.8,"Personenkraftwagen Erstzulassungen (insgesamt)","mittlerer Personenkraftwagen-Bestand (insgesamt)"
"Erstzulassungsanteil Personenkraftwagen","insgesamt",2011,"01 Altstadt - Lehel",160.1,48356,30199.9,"Personenkraftwagen Erstzulassungen (insgesamt)","mittlerer Personenkraftwagen-Bestand (insgesamt)"
"Erstzulassungsanteil Personenkraftwagen","insgesamt",2011,"02 Ludwigsvorstadt - Isarvorstadt",8,1351,16886.6,"Personenkraftwagen Erstzulassungen (insgesamt)","mittlerer Personenkraftwagen-Bestand (insgesamt)"
"Erstzulassungsanteil Personenkraftwagen","insgesamt",2011,"03 Maxvorstadt",13.2,3085,23339.6,"Personenkraftwagen Erstzulassungen (insgesamt)","mittlerer Personenkraftwagen-Bestand (insgesamt)"
"Erstzulassungsanteil Personenkraftwagen","insgesamt",2011,"04 Schwabing - West",5.7,1215,21425.5,"Personenkraftwagen Erstzulassungen (insgesamt)","mittlerer Personenkraftwagen-Bestand (insgesamt)"
"Erstzulassungsanteil Personenkraftwagen","insgesamt",2011,"05 Au - Haidhausen",7.7,1404,18128,"Personenkraftwagen Erstzulassungen (insgesamt)","mittlerer Personenkraftwagen-Bestand (insgesamt)"
"Erstzulassungsanteil Personenkraftwagen","insgesamt",2011,"06 Sendling",5.8,788,13678.8,"Personenkraftwagen Erstzulassungen (insgesamt)","mittlerer Personenkraftwagen-Bestand (insgesamt)"
"Erstzulassungsanteil Personenkraftwagen","insgesamt",2011,"07 Sendling - Westpark",10.3,2386,23176.8,"Personenkraftwagen Erstzulassungen (insgesamt)","mittlerer Personenkraftwagen-Bestand (insgesamt)"
"Erstzulassungsanteil Personenkraftwagen","insgesamt",2011,"08 Schwanthalerhöhe",21.7,2323,10681.9,"Personenkraftwagen Erstzulassungen (insgesamt)","mittlerer Personenkraftwagen-Bestand (insgesamt)"
"Erstzulassungsanteil Personenkraftwagen","insgesamt",2011,"09 Neuhausen - Nymphenburg",8.9,2993,33816.3,"Personenkraftwagen Erstzulassungen (insgesamt)","mittlerer Personenkraftwagen-Bestand (insgesamt)"
"Erstzulassungsanteil Personenkraftwagen","insgesamt",2011,"10 Moosach",15.8,3639,23040.7,"Personenkraftwagen Erstzulassungen (insgesamt)","mittlerer Personenkraftwagen-Bestand (insgesamt)"
"Erstzulassungsanteil Personenkraftwagen","insgesamt",2011,"11 Milbertshofen - Am Hart",71.5,31555,44151.3,"Personenkraftwagen Erstzulassungen (insgesamt)","mittlerer Personenkraftwagen-Bestand (insgesamt)"
"Erstzulassungsanteil Personenkraftwagen","insgesamt",2011,"12 Schwabing - Freimann",24.7,9665,39071.9,"Personenkraftwagen Erstzulassungen (insgesamt)","mittlerer Personenkraftwagen-Bestand (insgesamt)"
"Erstzulassungsanteil Personenkraftwagen","insgesamt",2011,"13 Bogenhausen",7.8,2954,37989.9,"Personenkraftwagen Erstzulassungen (insgesamt)","mittlerer Personenkraftwagen-Bestand (insgesamt)"
"Erstzulassungsanteil Personenkraftwagen","insgesamt",2011,"14 Berg am Laim",7.3,1151,15765.1,"Personenkraftwagen Erstzulassungen (insgesamt)","mittlerer Personenkraftwagen-Bestand (insgesamt)"
"Erstzulassungsanteil Personenkraftwagen","insgesamt",2011,"15 Trudering - Riem",13.3,4132,31082.5,"Personenkraftwagen Erstzulassungen (insgesamt)","mittlerer Personenkraftwagen-Bestand (insgesamt)"
"Erstzulassungsanteil Personenkraftwagen","insgesamt",2011,"16 Ramersdorf - Perlach",6,2458,40894.2,"Personenkraftwagen Erstzulassungen (insgesamt)","mittlerer Personenkraftwagen-Bestand (insgesamt)"
"Erstzulassungsanteil Personenkraftwagen","insgesamt",2011,"17 Obergiesing - Fasangarten",5.3,812,15359.7,"Personenkraftwagen Erstzulassungen (insgesamt)","mittlerer Personenkraftwagen-Bestand (insgesamt)"
"Erstzulassungsanteil Personenkraftwagen","insgesamt",2011,"18 Untergiesing - Harlaching",6,1162,19328.8,"Personenkraftwagen Erstzulassungen (insgesamt)","mittlerer Personenkraftwagen-Bestand (insgesamt)"
"Erstzulassungsanteil Personenkraftwagen","insgesamt",2011,"19 Thalkirchen - Obersendling - Forstenried - Fürstenried - Solln",10,4091,41032.1,"Personenkraftwagen Erstzulassungen (insgesamt)","mittlerer Personenkraftwagen-Bestand (insgesamt)"
"Erstzulassungsanteil Personenkraftwagen","insgesamt",2011,"20 Hadern",4.5,838,18436.2,"Personenkraftwagen Erstzulassungen (insgesamt)","mittlerer Personenkraftwagen-Bestand (insgesamt)"
"Erstzulassungsanteil Personenkraftwagen","insgesamt",2011,"21 Pasing - Obermenzing",6.8,2001,29285.8,"Personenkraftwagen Erstzulassungen (insgesamt)","mittlerer Personenkraftwagen-Bestand (insgesamt)"
"Erstzulassungsanteil Personenkraftwagen","insgesamt",2011,"22 Aubing - Lochhausen - Langwied",5.1,858,16959.6,"Personenkraftwagen Erstzulassungen (insgesamt)","mittlerer Personenkraftwagen-Bestand (insgesamt)"
"Erstzulassungsanteil Personenkraftwagen","insgesamt",2011,"23 Allach - Untermenzing",8.6,1339,15617.8,"Personenkraftwagen Erstzulassungen (insgesamt)","mittlerer Personenkraftwagen-Bestand (insgesamt)"
"Erstzulassungsanteil Personenkraftwagen","insgesamt",2011,"24 Feldmoching - Hasenbergl",5.2,1157,22068.6,"Personenkraftwagen Erstzulassungen (insgesamt)","mittlerer Personenkraftwagen-Bestand (insgesamt)"
"Erstzulassungsanteil Personenkraftwagen","insgesamt",2011,"25 Laim",8.1,1661,20462.4,"Personenkraftwagen Erstzulassungen (insgesamt)","mittlerer Personenkraftwagen-Bestand (insgesamt)"
"Erstzulassungsanteil Personenkraftwagen","insgesamt",2010,"Stadt München",13.1,78590,597906.4,"Personenkraftwagen Erstzulassungen (insgesamt)","mittlerer Personenkraftwagen-Bestand (insgesamt)"
"Erstzulassungsanteil Personenkraftwagen","insgesamt",2010,"01 Altstadt - Lehel",13.9,2187,15773.4,"Personenkraftwagen Erstzulassungen (insgesamt)","mittlerer Personenkraftwagen-Bestand (insgesamt)"
"Erstzulassungsanteil Personenkraftwagen","insgesamt",2010,"02 Ludwigsvorstadt - Isarvorstadt",7.4,1245,16780,"Personenkraftwagen Erstzulassungen (insgesamt)","mittlerer Personenkraftwagen-Bestand (insgesamt)"
"Erstzulassungsanteil Personenkraftwagen","insgesamt",2010,"03 Maxvorstadt",12.6,2986,23614.2,"Personenkraftwagen Erstzulassungen (insgesamt)","mittlerer Personenkraftwagen-Bestand (insgesamt)"
"Erstzulassungsanteil Personenkraftwagen","insgesamt",2010,"04 Schwabing - West",5.2,1096,21211.4,"Personenkraftwagen Erstzulassungen (insgesamt)","mittlerer Personenkraftwagen-Bestand (insgesamt)"
"Erstzulassungsanteil Personenkraftwagen","insgesamt",2010,"05 Au - Haidhausen",7.6,1360,17859.4,"Personenkraftwagen Erstzulassungen (insgesamt)","mittlerer Personenkraftwagen-Bestand (insgesamt)"
"Erstzulassungsanteil Personenkraftwagen","insgesamt",2010,"06 Sendling",5.2,702,13564.3,"Personenkraftwagen Erstzulassungen (insgesamt)","mittlerer Personenkraftwagen-Bestand (insgesamt)"
"Erstzulassungsanteil Personenkraftwagen","insgesamt",2010,"07 Sendling - Westpark",8.5,1944,22825.1,"Personenkraftwagen Erstzulassungen (insgesamt)","mittlerer Personenkraftwagen-Bestand (insgesamt)"
"Erstzulassungsanteil Personenkraftwagen","insgesamt",2010,"08 Schwanthalerhöhe",15.4,1628,10567.3,"Personenkraftwagen Erstzulassungen (insgesamt)","mittlerer Personenkraftwagen-Bestand (insgesamt)"
"Erstzulassungsanteil Personenkraftwagen","insgesamt",2010,"09 Neuhausen - Nymphenburg",7.6,2523,33032,"Personenkraftwagen Erstzulassungen (insgesamt)","mittlerer Personenkraftwagen-Bestand (insgesamt)"
"Erstzulassungsanteil Personenkraftwagen","insgesamt",2010,"10 Moosach",17.4,4001,23045.1,"Personenkraftwagen Erstzulassungen (insgesamt)","mittlerer Personenkraftwagen-Bestand (insgesamt)"
"Erstzulassungsanteil Personenkraftwagen","insgesamt",2010,"11 Milbertshofen - Am Hart",62.8,26326,41905.3,"Personenkraftwagen Erstzulassungen (insgesamt)","mittlerer Personenkraftwagen-Bestand (insgesamt)"
"Erstzulassungsanteil Personenkraftwagen","insgesamt",2010,"12 Schwabing - Freimann",22.1,8345,37813.2,"Personenkraftwagen Erstzulassungen (insgesamt)","mittlerer Personenkraftwagen-Bestand (insgesamt)"
"Erstzulassungsanteil Personenkraftwagen","insgesamt",2010,"13 Bogenhausen",7.3,2787,37958,"Personenkraftwagen Erstzulassungen (insgesamt)","mittlerer Personenkraftwagen-Bestand (insgesamt)"
"Erstzulassungsanteil Personenkraftwagen","insgesamt",2010,"14 Berg am Laim",7,1083,15555.5,"Personenkraftwagen Erstzulassungen (insgesamt)","mittlerer Personenkraftwagen-Bestand (insgesamt)"
"Erstzulassungsanteil Personenkraftwagen","insgesamt",2010,"15 Trudering - Riem",10.6,3192,30251.3,"Personenkraftwagen Erstzulassungen (insgesamt)","mittlerer Personenkraftwagen-Bestand (insgesamt)"
"Erstzulassungsanteil Personenkraftwagen","insgesamt",2010,"16 Ramersdorf - Perlach",5.8,2338,40601,"Personenkraftwagen Erstzulassungen (insgesamt)","mittlerer Personenkraftwagen-Bestand (insgesamt)"
"Erstzulassungsanteil Personenkraftwagen","insgesamt",2010,"17 Obergiesing - Fasangarten",5.5,829,15124.3,"Personenkraftwagen Erstzulassungen (insgesamt)","mittlerer Personenkraftwagen-Bestand (insgesamt)"
"Erstzulassungsanteil Personenkraftwagen","insgesamt",2010,"18 Untergiesing - Harlaching",5.7,1092,18993.5,"Personenkraftwagen Erstzulassungen (insgesamt)","mittlerer Personenkraftwagen-Bestand (insgesamt)"
"Erstzulassungsanteil Personenkraftwagen","insgesamt",2010,"19 Thalkirchen - Obersendling - Forstenried - Fürstenried - Solln",7.7,3114,40363.8,"Personenkraftwagen Erstzulassungen (insgesamt)","mittlerer Personenkraftwagen-Bestand (insgesamt)"
"Erstzulassungsanteil Personenkraftwagen","insgesamt",2010,"20 Hadern",4.4,806,18169.4,"Personenkraftwagen Erstzulassungen (insgesamt)","mittlerer Personenkraftwagen-Bestand (insgesamt)"
"Erstzulassungsanteil Personenkraftwagen","insgesamt",2010,"21 Pasing - Obermenzing",6.6,1930,29088.7,"Personenkraftwagen Erstzulassungen (insgesamt)","mittlerer Personenkraftwagen-Bestand (insgesamt)"
"Erstzulassungsanteil Personenkraftwagen","insgesamt",2010,"22 Aubing - Lochhausen - Langwied",5.2,864,16679.8,"Personenkraftwagen Erstzulassungen (insgesamt)","mittlerer Personenkraftwagen-Bestand (insgesamt)"
"Erstzulassungsanteil Personenkraftwagen","insgesamt",2010,"23 Allach - Untermenzing",7,1066,15289.3,"Personenkraftwagen Erstzulassungen (insgesamt)","mittlerer Personenkraftwagen-Bestand (insgesamt)"
"Erstzulassungsanteil Personenkraftwagen","insgesamt",2010,"24 Feldmoching - Hasenbergl",5.5,1194,21671.5,"Personenkraftwagen Erstzulassungen (insgesamt)","mittlerer Personenkraftwagen-Bestand (insgesamt)"
"Erstzulassungsanteil Personenkraftwagen","insgesamt",2010,"25 Laim",8.2,1648,20169.5,"Personenkraftwagen Erstzulassungen (insgesamt)","mittlerer Personenkraftwagen-Bestand (insgesamt)"
"Erstzulassungsanteil Personenkraftwagen","privat",2024,"Stadt München",2.9,15385,534842.4,"Personenkraftwagen Erstzulassungen (privat)","mittlerer Personenkraftwagen-Bestand (privat)"
"Erstzulassungsanteil Personenkraftwagen","privat",2024,"01 Altstadt - Lehel",5.2,376,7242.9,"Personenkraftwagen Erstzulassungen (privat)","mittlerer Personenkraftwagen-Bestand (privat)"
"Erstzulassungsanteil Personenkraftwagen","privat",2024,"02 Ludwigsvorstadt - Isarvorstadt",3.4,445,13004.9,"Personenkraftwagen Erstzulassungen (privat)","mittlerer Personenkraftwagen-Bestand (privat)"
"Erstzulassungsanteil Personenkraftwagen","privat",2024,"03 Maxvorstadt",3.4,471,13695.1,"Personenkraftwagen Erstzulassungen (privat)","mittlerer Personenkraftwagen-Bestand (privat)"
"Erstzulassungsanteil Personenkraftwagen","privat",2024,"04 Schwabing - West",2.9,572,19984.7,"Personenkraftwagen Erstzulassungen (privat)","mittlerer Personenkraftwagen-Bestand (privat)"
"Erstzulassungsanteil Personenkraftwagen","privat",2024,"05 Au - Haidhausen",2.9,495,17229.7,"Personenkraftwagen Erstzulassungen (privat)","mittlerer Personenkraftwagen-Bestand (privat)"
"Erstzulassungsanteil Personenkraftwagen","privat",2024,"06 Sendling",2.8,335,12029.5,"Personenkraftwagen Erstzulassungen (privat)","mittlerer Personenkraftwagen-Bestand (privat)"
"Erstzulassungsanteil Personenkraftwagen","privat",2024,"07 Sendling - Westpark",2.6,528,20341.3,"Personenkraftwagen Erstzulassungen (privat)","mittlerer Personenkraftwagen-Bestand (privat)"
"Erstzulassungsanteil Personenkraftwagen","privat",2024,"08 Schwanthalerhöhe",2.3,175,7586.3,"Personenkraftwagen Erstzulassungen (privat)","mittlerer Personenkraftwagen-Bestand (privat)"
"Erstzulassungsanteil Personenkraftwagen","privat",2024,"09 Neuhausen - Nymphenburg",2.7,866,31780.2,"Personenkraftwagen Erstzulassungen (privat)","mittlerer Personenkraftwagen-Bestand (privat)"
"Erstzulassungsanteil Personenkraftwagen","privat",2024,"10 Moosach",2.6,491,19220.5,"Personenkraftwagen Erstzulassungen (privat)","mittlerer Personenkraftwagen-Bestand (privat)"
"Erstzulassungsanteil Personenkraftwagen","privat",2024,"11 Milbertshofen - Am Hart",2,431,21647.4,"Personenkraftwagen Erstzulassungen (privat)","mittlerer Personenkraftwagen-Bestand (privat)"
"Erstzulassungsanteil Personenkraftwagen","privat",2024,"12 Schwabing - Freimann",3,760,25039.6,"Personenkraftwagen Erstzulassungen (privat)","mittlerer Personenkraftwagen-Bestand (privat)"
"Erstzulassungsanteil Personenkraftwagen","privat",2024,"13 Bogenhausen",3.5,1261,36366.8,"Personenkraftwagen Erstzulassungen (privat)","mittlerer Personenkraftwagen-Bestand (privat)"
"Erstzulassungsanteil Personenkraftwagen","privat",2024,"14 Berg am Laim",2.5,386,15213,"Personenkraftwagen Erstzulassungen (privat)","mittlerer Personenkraftwagen-Bestand (privat)"
"Erstzulassungsanteil Personenkraftwagen","privat",2024,"15 Trudering - Riem",3.5,1105,31331.1,"Personenkraftwagen Erstzulassungen (privat)","mittlerer Personenkraftwagen-Bestand (privat)"
"Erstzulassungsanteil Personenkraftwagen","privat",2024,"16 Ramersdorf - Perlach",2.6,1056,40572.9,"Personenkraftwagen Erstzulassungen (privat)","mittlerer Personenkraftwagen-Bestand (privat)"
"Erstzulassungsanteil Personenkraftwagen","privat",2024,"17 Obergiesing - Fasangarten",2.6,408,15934.7,"Personenkraftwagen Erstzulassungen (privat)","mittlerer Personenkraftwagen-Bestand (privat)"
"Erstzulassungsanteil Personenkraftwagen","privat",2024,"18 Untergiesing - Harlaching",3,576,19214.3,"Personenkraftwagen Erstzulassungen (privat)","mittlerer Personenkraftwagen-Bestand (privat)"
"Erstzulassungsanteil Personenkraftwagen","privat",2024,"19 Thalkirchen - Obersendling - Forstenried - Fürstenried - Solln",3.1,1201,38654.1,"Personenkraftwagen Erstzulassungen (privat)","mittlerer Personenkraftwagen-Bestand (privat)"
"Erstzulassungsanteil Personenkraftwagen","privat",2024,"20 Hadern",2.8,528,18935.7,"Personenkraftwagen Erstzulassungen (privat)","mittlerer Personenkraftwagen-Bestand (privat)"
"Erstzulassungsanteil Personenkraftwagen","privat",2024,"21 Pasing - Obermenzing",2.9,897,31070.6,"Personenkraftwagen Erstzulassungen (privat)","mittlerer Personenkraftwagen-Bestand (privat)"
"Erstzulassungsanteil Personenkraftwagen","privat",2024,"22 Aubing - Lochhausen - Langwied",2.6,570,21537.2,"Personenkraftwagen Erstzulassungen (privat)","mittlerer Personenkraftwagen-Bestand (privat)"
"Erstzulassungsanteil Personenkraftwagen","privat",2024,"23 Allach - Untermenzing",2.6,412,15845.3,"Personenkraftwagen Erstzulassungen (privat)","mittlerer Personenkraftwagen-Bestand (privat)"
"Erstzulassungsanteil Personenkraftwagen","privat",2024,"24 Feldmoching - Hasenbergl",2.5,572,23311.7,"Personenkraftwagen Erstzulassungen (privat)","mittlerer Personenkraftwagen-Bestand (privat)"
"Erstzulassungsanteil Personenkraftwagen","privat",2024,"25 Laim",2.6,468,18050.8,"Personenkraftwagen Erstzulassungen (privat)","mittlerer Personenkraftwagen-Bestand (privat)"
"Erstzulassungsanteil Personenkraftwagen","privat",2023,"Stadt München",3,15799,534005.4,"Personenkraftwagen Erstzulassungen (privat)","mittlerer Personenkraftwagen-Bestand (privat)"
"Erstzulassungsanteil Personenkraftwagen","privat",2023,"01 Altstadt - Lehel",5.2,380,7294.3,"Personenkraftwagen Erstzulassungen (privat)","mittlerer Personenkraftwagen-Bestand (privat)"
"Erstzulassungsanteil Personenkraftwagen","privat",2023,"02 Ludwigsvorstadt - Isarvorstadt",3.1,410,13126.6,"Personenkraftwagen Erstzulassungen (privat)","mittlerer Personenkraftwagen-Bestand (privat)"
"Erstzulassungsanteil Personenkraftwagen","privat",2023,"03 Maxvorstadt",3.7,508,13817.1,"Personenkraftwagen Erstzulassungen (privat)","mittlerer Personenkraftwagen-Bestand (privat)"
"Erstzulassungsanteil Personenkraftwagen","privat",2023,"04 Schwabing - West",3.2,637,20149.8,"Personenkraftwagen Erstzulassungen (privat)","mittlerer Personenkraftwagen-Bestand (privat)"
"Erstzulassungsanteil Personenkraftwagen","privat",2023,"05 Au - Haidhausen",3,513,17245.2,"Personenkraftwagen Erstzulassungen (privat)","mittlerer Personenkraftwagen-Bestand (privat)"
"Erstzulassungsanteil Personenkraftwagen","privat",2023,"06 Sendling",2.6,313,12152.4,"Personenkraftwagen Erstzulassungen (privat)","mittlerer Personenkraftwagen-Bestand (privat)"
"Erstzulassungsanteil Personenkraftwagen","privat",2023,"07 Sendling - Westpark",2.8,559,20319.8,"Personenkraftwagen Erstzulassungen (privat)","mittlerer Personenkraftwagen-Bestand (privat)"
"Erstzulassungsanteil Personenkraftwagen","privat",2023,"08 Schwanthalerhöhe",2.5,192,7655.5,"Personenkraftwagen Erstzulassungen (privat)","mittlerer Personenkraftwagen-Bestand (privat)"
"Erstzulassungsanteil Personenkraftwagen","privat",2023,"09 Neuhausen - Nymphenburg",2.9,927,31820.2,"Personenkraftwagen Erstzulassungen (privat)","mittlerer Personenkraftwagen-Bestand (privat)"
"Erstzulassungsanteil Personenkraftwagen","privat",2023,"10 Moosach",2.6,502,19328.5,"Personenkraftwagen Erstzulassungen (privat)","mittlerer Personenkraftwagen-Bestand (privat)"
"Erstzulassungsanteil Personenkraftwagen","privat",2023,"11 Milbertshofen - Am Hart",2.1,458,21606,"Personenkraftwagen Erstzulassungen (privat)","mittlerer Personenkraftwagen-Bestand (privat)"
"Erstzulassungsanteil Personenkraftwagen","privat",2023,"12 Schwabing - Freimann",3.2,797,25132.8,"Personenkraftwagen Erstzulassungen (privat)","mittlerer Personenkraftwagen-Bestand (privat)"
"Erstzulassungsanteil Personenkraftwagen","privat",2023,"13 Bogenhausen",3.6,1326,36386.9,"Personenkraftwagen Erstzulassungen (privat)","mittlerer Personenkraftwagen-Bestand (privat)"
"Erstzulassungsanteil Personenkraftwagen","privat",2023,"14 Berg am Laim",2.7,415,15157.3,"Personenkraftwagen Erstzulassungen (privat)","mittlerer Personenkraftwagen-Bestand (privat)"
"Erstzulassungsanteil Personenkraftwagen","privat",2023,"15 Trudering - Riem",3.7,1142,31271.2,"Personenkraftwagen Erstzulassungen (privat)","mittlerer Personenkraftwagen-Bestand (privat)"
"Erstzulassungsanteil Personenkraftwagen","privat",2023,"16 Ramersdorf - Perlach",2.7,1073,40340.8,"Personenkraftwagen Erstzulassungen (privat)","mittlerer Personenkraftwagen-Bestand (privat)"
"Erstzulassungsanteil Personenkraftwagen","privat",2023,"17 Obergiesing - Fasangarten",2.4,386,16072.2,"Personenkraftwagen Erstzulassungen (privat)","mittlerer Personenkraftwagen-Bestand (privat)"
"Erstzulassungsanteil Personenkraftwagen","privat",2023,"18 Untergiesing - Harlaching",2.8,547,19229.9,"Personenkraftwagen Erstzulassungen (privat)","mittlerer Personenkraftwagen-Bestand (privat)"
"Erstzulassungsanteil Personenkraftwagen","privat",2023,"19 Thalkirchen - Obersendling - Forstenried - Fürstenried - Solln",3,1156,38519.8,"Personenkraftwagen Erstzulassungen (privat)","mittlerer Personenkraftwagen-Bestand (privat)"
"Erstzulassungsanteil Personenkraftwagen","privat",2023,"20 Hadern",2.6,483,18773.9,"Personenkraftwagen Erstzulassungen (privat)","mittlerer Personenkraftwagen-Bestand (privat)"
"Erstzulassungsanteil Personenkraftwagen","privat",2023,"21 Pasing - Obermenzing",3.1,966,30909.2,"Personenkraftwagen Erstzulassungen (privat)","mittlerer Personenkraftwagen-Bestand (privat)"
"Erstzulassungsanteil Personenkraftwagen","privat",2023,"22 Aubing - Lochhausen - Langwied",2.6,545,20719.3,"Personenkraftwagen Erstzulassungen (privat)","mittlerer Personenkraftwagen-Bestand (privat)"
"Erstzulassungsanteil Personenkraftwagen","privat",2023,"23 Allach - Untermenzing",3.1,483,15704.2,"Personenkraftwagen Erstzulassungen (privat)","mittlerer Personenkraftwagen-Bestand (privat)"
"Erstzulassungsanteil Personenkraftwagen","privat",2023,"24 Feldmoching - Hasenbergl",2.6,603,23239.3,"Personenkraftwagen Erstzulassungen (privat)","mittlerer Personenkraftwagen-Bestand (privat)"
"Erstzulassungsanteil Personenkraftwagen","privat",2023,"25 Laim",2.7,478,18033.1,"Personenkraftwagen Erstzulassungen (privat)","mittlerer Personenkraftwagen-Bestand (privat)"
"Erstzulassungsanteil Personenkraftwagen","privat",2022,"Stadt München",2.8,14841,537154.8,"Personenkraftwagen Erstzulassungen (privat)","mittlerer Personenkraftwagen-Bestand (privat)"
"Erstzulassungsanteil Personenkraftwagen","privat",2022,"01 Altstadt - Lehel",4.9,360,7316.8,"Personenkraftwagen Erstzulassungen (privat)","mittlerer Personenkraftwagen-Bestand (privat)"
"Erstzulassungsanteil Personenkraftwagen","privat",2022,"02 Ludwigsvorstadt - Isarvorstadt",3.2,425,13433.1,"Personenkraftwagen Erstzulassungen (privat)","mittlerer Personenkraftwagen-Bestand (privat)"
"Erstzulassungsanteil Personenkraftwagen","privat",2022,"03 Maxvorstadt",3.6,497,13989.3,"Personenkraftwagen Erstzulassungen (privat)","mittlerer Personenkraftwagen-Bestand (privat)"
"Erstzulassungsanteil Personenkraftwagen","privat",2022,"04 Schwabing - West",2.9,605,20573,"Personenkraftwagen Erstzulassungen (privat)","mittlerer Personenkraftwagen-Bestand (privat)"
"Erstzulassungsanteil Personenkraftwagen","privat",2022,"05 Au - Haidhausen",2.9,510,17392.3,"Personenkraftwagen Erstzulassungen (privat)","mittlerer Personenkraftwagen-Bestand (privat)"
"Erstzulassungsanteil Personenkraftwagen","privat",2022,"06 Sendling",2.7,331,12367.6,"Personenkraftwagen Erstzulassungen (privat)","mittlerer Personenkraftwagen-Bestand (privat)"
"Erstzulassungsanteil Personenkraftwagen","privat",2022,"07 Sendling - Westpark",2.5,511,20368,"Personenkraftwagen Erstzulassungen (privat)","mittlerer Personenkraftwagen-Bestand (privat)"
"Erstzulassungsanteil Personenkraftwagen","privat",2022,"08 Schwanthalerhöhe",2.4,186,7780.7,"Personenkraftwagen Erstzulassungen (privat)","mittlerer Personenkraftwagen-Bestand (privat)"
"Erstzulassungsanteil Personenkraftwagen","privat",2022,"09 Neuhausen - Nymphenburg",2.6,850,32275.6,"Personenkraftwagen Erstzulassungen (privat)","mittlerer Personenkraftwagen-Bestand (privat)"
"Erstzulassungsanteil Personenkraftwagen","privat",2022,"10 Moosach",2.4,475,19435.1,"Personenkraftwagen Erstzulassungen (privat)","mittlerer Personenkraftwagen-Bestand (privat)"
"Erstzulassungsanteil Personenkraftwagen","privat",2022,"11 Milbertshofen - Am Hart",2,443,21744.7,"Personenkraftwagen Erstzulassungen (privat)","mittlerer Personenkraftwagen-Bestand (privat)"
"Erstzulassungsanteil Personenkraftwagen","privat",2022,"12 Schwabing - Freimann",3.2,800,25386.1,"Personenkraftwagen Erstzulassungen (privat)","mittlerer Personenkraftwagen-Bestand (privat)"
"Erstzulassungsanteil Personenkraftwagen","privat",2022,"13 Bogenhausen",3.2,1175,36685.1,"Personenkraftwagen Erstzulassungen (privat)","mittlerer Personenkraftwagen-Bestand (privat)"
"Erstzulassungsanteil Personenkraftwagen","privat",2022,"14 Berg am Laim",2.3,345,15325.4,"Personenkraftwagen Erstzulassungen (privat)","mittlerer Personenkraftwagen-Bestand (privat)"
"Erstzulassungsanteil Personenkraftwagen","privat",2022,"15 Trudering - Riem",3.5,1080,31287.2,"Personenkraftwagen Erstzulassungen (privat)","mittlerer Personenkraftwagen-Bestand (privat)"
"Erstzulassungsanteil Personenkraftwagen","privat",2022,"16 Ramersdorf - Perlach",2.5,992,40485.8,"Personenkraftwagen Erstzulassungen (privat)","mittlerer Personenkraftwagen-Bestand (privat)"
"Erstzulassungsanteil Personenkraftwagen","privat",2022,"17 Obergiesing - Fasangarten",2.3,377,16321.4,"Personenkraftwagen Erstzulassungen (privat)","mittlerer Personenkraftwagen-Bestand (privat)"
"Erstzulassungsanteil Personenkraftwagen","privat",2022,"18 Untergiesing - Harlaching",2.8,540,19313,"Personenkraftwagen Erstzulassungen (privat)","mittlerer Personenkraftwagen-Bestand (privat)"
"Erstzulassungsanteil Personenkraftwagen","privat",2022,"19 Thalkirchen - Obersendling - Forstenried - Fürstenried - Solln",2.9,1115,38775.1,"Personenkraftwagen Erstzulassungen (privat)","mittlerer Personenkraftwagen-Bestand (privat)"
"Erstzulassungsanteil Personenkraftwagen","privat",2022,"20 Hadern",2.4,453,18873.1,"Personenkraftwagen Erstzulassungen (privat)","mittlerer Personenkraftwagen-Bestand (privat)"
"Erstzulassungsanteil Personenkraftwagen","privat",2022,"21 Pasing - Obermenzing",2.7,839,30784.1,"Personenkraftwagen Erstzulassungen (privat)","mittlerer Personenkraftwagen-Bestand (privat)"
"Erstzulassungsanteil Personenkraftwagen","privat",2022,"22 Aubing - Lochhausen - Langwied",2.6,528,20131.1,"Personenkraftwagen Erstzulassungen (privat)","mittlerer Personenkraftwagen-Bestand (privat)"
"Erstzulassungsanteil Personenkraftwagen","privat",2022,"23 Allach - Untermenzing",2.7,429,15630.1,"Personenkraftwagen Erstzulassungen (privat)","mittlerer Personenkraftwagen-Bestand (privat)"
"Erstzulassungsanteil Personenkraftwagen","privat",2022,"24 Feldmoching - Hasenbergl",2.4,555,23194,"Personenkraftwagen Erstzulassungen (privat)","mittlerer Personenkraftwagen-Bestand (privat)"
"Erstzulassungsanteil Personenkraftwagen","privat",2022,"25 Laim",2.3,419,18285.8,"Personenkraftwagen Erstzulassungen (privat)","mittlerer Personenkraftwagen-Bestand (privat)"
"Erstzulassungsanteil Personenkraftwagen","privat",2021,"Stadt München",2.8,15023,538466.6,"Personenkraftwagen Erstzulassungen (privat)","mittlerer Personenkraftwagen-Bestand (privat)"
"Erstzulassungsanteil Personenkraftwagen","privat",2021,"01 Altstadt - Lehel",4.9,364,7393.4,"Personenkraftwagen Erstzulassungen (privat)","mittlerer Personenkraftwagen-Bestand (privat)"
"Erstzulassungsanteil Personenkraftwagen","privat",2021,"02 Ludwigsvorstadt - Isarvorstadt",3.4,462,13526.3,"Personenkraftwagen Erstzulassungen (privat)","mittlerer Personenkraftwagen-Bestand (privat)"
"Erstzulassungsanteil Personenkraftwagen","privat",2021,"03 Maxvorstadt",3.7,527,14221.8,"Personenkraftwagen Erstzulassungen (privat)","mittlerer Personenkraftwagen-Bestand (privat)"
"Erstzulassungsanteil Personenkraftwagen","privat",2021,"04 Schwabing - West",2.8,587,20780.5,"Personenkraftwagen Erstzulassungen (privat)","mittlerer Personenkraftwagen-Bestand (privat)"
"Erstzulassungsanteil Personenkraftwagen","privat",2021,"05 Au - Haidhausen",3.2,559,17367.3,"Personenkraftwagen Erstzulassungen (privat)","mittlerer Personenkraftwagen-Bestand (privat)"
"Erstzulassungsanteil Personenkraftwagen","privat",2021,"06 Sendling",2.5,316,12432.5,"Personenkraftwagen Erstzulassungen (privat)","mittlerer Personenkraftwagen-Bestand (privat)"
"Erstzulassungsanteil Personenkraftwagen","privat",2021,"07 Sendling - Westpark",2.4,496,20464.9,"Personenkraftwagen Erstzulassungen (privat)","mittlerer Personenkraftwagen-Bestand (privat)"
"Erstzulassungsanteil Personenkraftwagen","privat",2021,"08 Schwanthalerhöhe",2.3,184,7859.2,"Personenkraftwagen Erstzulassungen (privat)","mittlerer Personenkraftwagen-Bestand (privat)"
"Erstzulassungsanteil Personenkraftwagen","privat",2021,"09 Neuhausen - Nymphenburg",2.9,935,32416.1,"Personenkraftwagen Erstzulassungen (privat)","mittlerer Personenkraftwagen-Bestand (privat)"
"Erstzulassungsanteil Personenkraftwagen","privat",2021,"10 Moosach",2.5,481,19531.4,"Personenkraftwagen Erstzulassungen (privat)","mittlerer Personenkraftwagen-Bestand (privat)"
"Erstzulassungsanteil Personenkraftwagen","privat",2021,"11 Milbertshofen - Am Hart",1.7,380,21971.6,"Personenkraftwagen Erstzulassungen (privat)","mittlerer Personenkraftwagen-Bestand (privat)"
"Erstzulassungsanteil Personenkraftwagen","privat",2021,"12 Schwabing - Freimann",3,773,25590.4,"Personenkraftwagen Erstzulassungen (privat)","mittlerer Personenkraftwagen-Bestand (privat)"
"Erstzulassungsanteil Personenkraftwagen","privat",2021,"13 Bogenhausen",3.3,1199,36790.2,"Personenkraftwagen Erstzulassungen (privat)","mittlerer Personenkraftwagen-Bestand (privat)"
"Erstzulassungsanteil Personenkraftwagen","privat",2021,"14 Berg am Laim",2.3,361,15391.3,"Personenkraftwagen Erstzulassungen (privat)","mittlerer Personenkraftwagen-Bestand (privat)"
"Erstzulassungsanteil Personenkraftwagen","privat",2021,"15 Trudering - Riem",3.4,1072,31270.8,"Personenkraftwagen Erstzulassungen (privat)","mittlerer Personenkraftwagen-Bestand (privat)"
"Erstzulassungsanteil Personenkraftwagen","privat",2021,"16 Ramersdorf - Perlach",2.4,977,40652.1,"Personenkraftwagen Erstzulassungen (privat)","mittlerer Personenkraftwagen-Bestand (privat)"
"Erstzulassungsanteil Personenkraftwagen","privat",2021,"17 Obergiesing - Fasangarten",2.4,394,16482.8,"Personenkraftwagen Erstzulassungen (privat)","mittlerer Personenkraftwagen-Bestand (privat)"
"Erstzulassungsanteil Personenkraftwagen","privat",2021,"18 Untergiesing - Harlaching",2.9,553,19235.6,"Personenkraftwagen Erstzulassungen (privat)","mittlerer Personenkraftwagen-Bestand (privat)"
"Erstzulassungsanteil Personenkraftwagen","privat",2021,"19 Thalkirchen - Obersendling - Forstenried - Fürstenried - Solln",2.9,1142,38867.8,"Personenkraftwagen Erstzulassungen (privat)","mittlerer Personenkraftwagen-Bestand (privat)"
"Erstzulassungsanteil Personenkraftwagen","privat",2021,"20 Hadern",2.6,496,18905.1,"Personenkraftwagen Erstzulassungen (privat)","mittlerer Personenkraftwagen-Bestand (privat)"
"Erstzulassungsanteil Personenkraftwagen","privat",2021,"21 Pasing - Obermenzing",3,913,30588.1,"Personenkraftwagen Erstzulassungen (privat)","mittlerer Personenkraftwagen-Bestand (privat)"
"Erstzulassungsanteil Personenkraftwagen","privat",2021,"22 Aubing - Lochhausen - Langwied",2.6,512,19651.5,"Personenkraftwagen Erstzulassungen (privat)","mittlerer Personenkraftwagen-Bestand (privat)"
"Erstzulassungsanteil Personenkraftwagen","privat",2021,"23 Allach - Untermenzing",2.8,424,15400.7,"Personenkraftwagen Erstzulassungen (privat)","mittlerer Personenkraftwagen-Bestand (privat)"
"Erstzulassungsanteil Personenkraftwagen","privat",2021,"24 Feldmoching - Hasenbergl",2.3,523,23217.5,"Personenkraftwagen Erstzulassungen (privat)","mittlerer Personenkraftwagen-Bestand (privat)"
"Erstzulassungsanteil Personenkraftwagen","privat",2021,"25 Laim",2.1,392,18456.9,"Personenkraftwagen Erstzulassungen (privat)","mittlerer Personenkraftwagen-Bestand (privat)"
"Erstzulassungsanteil Personenkraftwagen","privat",2020,"Stadt München",3.3,17548,530001.5,"Personenkraftwagen Erstzulassungen (privat)","mittlerer Personenkraftwagen-Bestand (privat)"
"Erstzulassungsanteil Personenkraftwagen","privat",2020,"01 Altstadt - Lehel",5.7,421,7373.3,"Personenkraftwagen Erstzulassungen (privat)","mittlerer Personenkraftwagen-Bestand (privat)"
"Erstzulassungsanteil Personenkraftwagen","privat",2020,"02 Ludwigsvorstadt - Isarvorstadt",3.8,504,13301.9,"Personenkraftwagen Erstzulassungen (privat)","mittlerer Personenkraftwagen-Bestand (privat)"
"Erstzulassungsanteil Personenkraftwagen","privat",2020,"03 Maxvorstadt",4.1,580,14015,"Personenkraftwagen Erstzulassungen (privat)","mittlerer Personenkraftwagen-Bestand (privat)"
"Erstzulassungsanteil Personenkraftwagen","privat",2020,"04 Schwabing - West",3.5,717,20440.5,"Personenkraftwagen Erstzulassungen (privat)","mittlerer Personenkraftwagen-Bestand (privat)"
"Erstzulassungsanteil Personenkraftwagen","privat",2020,"05 Au - Haidhausen",3.1,526,16884.3,"Personenkraftwagen Erstzulassungen (privat)","mittlerer Personenkraftwagen-Bestand (privat)"
"Erstzulassungsanteil Personenkraftwagen","privat",2020,"06 Sendling",3.2,393,12257.3,"Personenkraftwagen Erstzulassungen (privat)","mittlerer Personenkraftwagen-Bestand (privat)"
"Erstzulassungsanteil Personenkraftwagen","privat",2020,"07 Sendling - Westpark",3,595,20097.1,"Personenkraftwagen Erstzulassungen (privat)","mittlerer Personenkraftwagen-Bestand (privat)"
"Erstzulassungsanteil Personenkraftwagen","privat",2020,"08 Schwanthalerhöhe",2.7,206,7737.7,"Personenkraftwagen Erstzulassungen (privat)","mittlerer Personenkraftwagen-Bestand (privat)"
"Erstzulassungsanteil Personenkraftwagen","privat",2020,"09 Neuhausen - Nymphenburg",3.3,1055,31974.1,"Personenkraftwagen Erstzulassungen (privat)","mittlerer Personenkraftwagen-Bestand (privat)"
"Erstzulassungsanteil Personenkraftwagen","privat",2020,"10 Moosach",3,574,19270,"Personenkraftwagen Erstzulassungen (privat)","mittlerer Personenkraftwagen-Bestand (privat)"
"Erstzulassungsanteil Personenkraftwagen","privat",2020,"11 Milbertshofen - Am Hart",2.4,524,21660.7,"Personenkraftwagen Erstzulassungen (privat)","mittlerer Personenkraftwagen-Bestand (privat)"
"Erstzulassungsanteil Personenkraftwagen","privat",2020,"12 Schwabing - Freimann",3.7,934,25353.9,"Personenkraftwagen Erstzulassungen (privat)","mittlerer Personenkraftwagen-Bestand (privat)"
"Erstzulassungsanteil Personenkraftwagen","privat",2020,"13 Bogenhausen",3.9,1394,36155.8,"Personenkraftwagen Erstzulassungen (privat)","mittlerer Personenkraftwagen-Bestand (privat)"
"Erstzulassungsanteil Personenkraftwagen","privat",2020,"14 Berg am Laim",2.7,412,15228.3,"Personenkraftwagen Erstzulassungen (privat)","mittlerer Personenkraftwagen-Bestand (privat)"
"Erstzulassungsanteil Personenkraftwagen","privat",2020,"15 Trudering - Riem",4,1214,30646.9,"Personenkraftwagen Erstzulassungen (privat)","mittlerer Personenkraftwagen-Bestand (privat)"
"Erstzulassungsanteil Personenkraftwagen","privat",2020,"16 Ramersdorf - Perlach",3,1206,40196.8,"Personenkraftwagen Erstzulassungen (privat)","mittlerer Personenkraftwagen-Bestand (privat)"
"Erstzulassungsanteil Personenkraftwagen","privat",2020,"17 Obergiesing - Fasangarten",3.2,522,16271.5,"Personenkraftwagen Erstzulassungen (privat)","mittlerer Personenkraftwagen-Bestand (privat)"
"Erstzulassungsanteil Personenkraftwagen","privat",2020,"18 Untergiesing - Harlaching",3.6,687,18884.4,"Personenkraftwagen Erstzulassungen (privat)","mittlerer Personenkraftwagen-Bestand (privat)"
"Erstzulassungsanteil Personenkraftwagen","privat",2020,"19 Thalkirchen - Obersendling - Forstenried - Fürstenried - Solln",3.5,1342,38145.2,"Personenkraftwagen Erstzulassungen (privat)","mittlerer Personenkraftwagen-Bestand (privat)"
"Erstzulassungsanteil Personenkraftwagen","privat",2020,"20 Hadern",3.1,585,18698.8,"Personenkraftwagen Erstzulassungen (privat)","mittlerer Personenkraftwagen-Bestand (privat)"
"Erstzulassungsanteil Personenkraftwagen","privat",2020,"21 Pasing - Obermenzing",3.2,952,29888.3,"Personenkraftwagen Erstzulassungen (privat)","mittlerer Personenkraftwagen-Bestand (privat)"
"Erstzulassungsanteil Personenkraftwagen","privat",2020,"22 Aubing - Lochhausen - Langwied",3,574,19060.6,"Personenkraftwagen Erstzulassungen (privat)","mittlerer Personenkraftwagen-Bestand (privat)"
"Erstzulassungsanteil Personenkraftwagen","privat",2020,"23 Allach - Untermenzing",3.2,488,15229.8,"Personenkraftwagen Erstzulassungen (privat)","mittlerer Personenkraftwagen-Bestand (privat)"
"Erstzulassungsanteil Personenkraftwagen","privat",2020,"24 Feldmoching - Hasenbergl",2.7,612,22934.5,"Personenkraftwagen Erstzulassungen (privat)","mittlerer Personenkraftwagen-Bestand (privat)"
"Erstzulassungsanteil Personenkraftwagen","privat",2020,"25 Laim",2.9,523,18293.8,"Personenkraftwagen Erstzulassungen (privat)","mittlerer Personenkraftwagen-Bestand (privat)"
"Erstzulassungsanteil Personenkraftwagen","privat",2019,"Stadt München",3.9,20686,525632,"Personenkraftwagen Erstzulassungen (privat)","mittlerer Personenkraftwagen-Bestand (privat)"
"Erstzulassungsanteil Personenkraftwagen","privat",2019,"01 Altstadt - Lehel",7.3,538,7413.3,"Personenkraftwagen Erstzulassungen (privat)","mittlerer Personenkraftwagen-Bestand (privat)"
"Erstzulassungsanteil Personenkraftwagen","privat",2019,"02 Ludwigsvorstadt - Isarvorstadt",4.9,648,13278,"Personenkraftwagen Erstzulassungen (privat)","mittlerer Personenkraftwagen-Bestand (privat)"
"Erstzulassungsanteil Personenkraftwagen","privat",2019,"03 Maxvorstadt",4.5,625,13938.1,"Personenkraftwagen Erstzulassungen (privat)","mittlerer Personenkraftwagen-Bestand (privat)"
"Erstzulassungsanteil Personenkraftwagen","privat",2019,"04 Schwabing - West",3.4,696,20378,"Personenkraftwagen Erstzulassungen (privat)","mittlerer Personenkraftwagen-Bestand (privat)"
"Erstzulassungsanteil Personenkraftwagen","privat",2019,"05 Au - Haidhausen",4,668,16840.8,"Personenkraftwagen Erstzulassungen (privat)","mittlerer Personenkraftwagen-Bestand (privat)"
"Erstzulassungsanteil Personenkraftwagen","privat",2019,"06 Sendling",3.9,470,12201.1,"Personenkraftwagen Erstzulassungen (privat)","mittlerer Personenkraftwagen-Bestand (privat)"
"Erstzulassungsanteil Personenkraftwagen","privat",2019,"07 Sendling - Westpark",3.7,734,19939.7,"Personenkraftwagen Erstzulassungen (privat)","mittlerer Personenkraftwagen-Bestand (privat)"
"Erstzulassungsanteil Personenkraftwagen","privat",2019,"08 Schwanthalerhöhe",3.1,235,7641.8,"Personenkraftwagen Erstzulassungen (privat)","mittlerer Personenkraftwagen-Bestand (privat)"
"Erstzulassungsanteil Personenkraftwagen","privat",2019,"09 Neuhausen - Nymphenburg",3.8,1203,31862.6,"Personenkraftwagen Erstzulassungen (privat)","mittlerer Personenkraftwagen-Bestand (privat)"
"Erstzulassungsanteil Personenkraftwagen","privat",2019,"10 Moosach",3.4,650,19106.7,"Personenkraftwagen Erstzulassungen (privat)","mittlerer Personenkraftwagen-Bestand (privat)"
"Erstzulassungsanteil Personenkraftwagen","privat",2019,"11 Milbertshofen - Am Hart",2.8,600,21425,"Personenkraftwagen Erstzulassungen (privat)","mittlerer Personenkraftwagen-Bestand (privat)"
"Erstzulassungsanteil Personenkraftwagen","privat",2019,"12 Schwabing - Freimann",4.5,1123,25202.3,"Personenkraftwagen Erstzulassungen (privat)","mittlerer Personenkraftwagen-Bestand (privat)"
"Erstzulassungsanteil Personenkraftwagen","privat",2019,"13 Bogenhausen",4.3,1552,35794.3,"Personenkraftwagen Erstzulassungen (privat)","mittlerer Personenkraftwagen-Bestand (privat)"
"Erstzulassungsanteil Personenkraftwagen","privat",2019,"14 Berg am Laim",3.4,513,15086.7,"Personenkraftwagen Erstzulassungen (privat)","mittlerer Personenkraftwagen-Bestand (privat)"
"Erstzulassungsanteil Personenkraftwagen","privat",2019,"15 Trudering - Riem",4.2,1286,30330.3,"Personenkraftwagen Erstzulassungen (privat)","mittlerer Personenkraftwagen-Bestand (privat)"
"Erstzulassungsanteil Personenkraftwagen","privat",2019,"16 Ramersdorf - Perlach",3.6,1453,39838.8,"Personenkraftwagen Erstzulassungen (privat)","mittlerer Personenkraftwagen-Bestand (privat)"
"Erstzulassungsanteil Personenkraftwagen","privat",2019,"17 Obergiesing - Fasangarten",3.3,538,16107.2,"Personenkraftwagen Erstzulassungen (privat)","mittlerer Personenkraftwagen-Bestand (privat)"
"Erstzulassungsanteil Personenkraftwagen","privat",2019,"18 Untergiesing - Harlaching",4,760,18778.5,"Personenkraftwagen Erstzulassungen (privat)","mittlerer Personenkraftwagen-Bestand (privat)"
"Erstzulassungsanteil Personenkraftwagen","privat",2019,"19 Thalkirchen - Obersendling - Forstenried - Fürstenried - Solln",4.1,1550,37716.1,"Personenkraftwagen Erstzulassungen (privat)","mittlerer Personenkraftwagen-Bestand (privat)"
"Erstzulassungsanteil Personenkraftwagen","privat",2019,"20 Hadern",3.4,630,18549.7,"Personenkraftwagen Erstzulassungen (privat)","mittlerer Personenkraftwagen-Bestand (privat)"
"Erstzulassungsanteil Personenkraftwagen","privat",2019,"21 Pasing - Obermenzing",3.8,1124,29545.5,"Personenkraftwagen Erstzulassungen (privat)","mittlerer Personenkraftwagen-Bestand (privat)"
"Erstzulassungsanteil Personenkraftwagen","privat",2019,"22 Aubing - Lochhausen - Langwied",3.5,651,18630.2,"Personenkraftwagen Erstzulassungen (privat)","mittlerer Personenkraftwagen-Bestand (privat)"
"Erstzulassungsanteil Personenkraftwagen","privat",2019,"23 Allach - Untermenzing",4,608,15107.7,"Personenkraftwagen Erstzulassungen (privat)","mittlerer Personenkraftwagen-Bestand (privat)"
"Erstzulassungsanteil Personenkraftwagen","privat",2019,"24 Feldmoching - Hasenbergl",3.2,718,22691.4,"Personenkraftwagen Erstzulassungen (privat)","mittlerer Personenkraftwagen-Bestand (privat)"
"Erstzulassungsanteil Personenkraftwagen","privat",2019,"25 Laim",3.1,569,18228.8,"Personenkraftwagen Erstzulassungen (privat)","mittlerer Personenkraftwagen-Bestand (privat)"
"Erstzulassungsanteil Personenkraftwagen","privat",2018,"Stadt München",3.9,20589,522971,"Personenkraftwagen Erstzulassungen (privat)","mittlerer Personenkraftwagen-Bestand (privat)"
"Erstzulassungsanteil Personenkraftwagen","privat",2018,"01 Altstadt - Lehel",6.4,478,7417.4,"Personenkraftwagen Erstzulassungen (privat)","mittlerer Personenkraftwagen-Bestand (privat)"
"Erstzulassungsanteil Personenkraftwagen","privat",2018,"02 Ludwigsvorstadt - Isarvorstadt",4.7,626,13318.8,"Personenkraftwagen Erstzulassungen (privat)","mittlerer Personenkraftwagen-Bestand (privat)"
"Erstzulassungsanteil Personenkraftwagen","privat",2018,"03 Maxvorstadt",4.1,587,14147.8,"Personenkraftwagen Erstzulassungen (privat)","mittlerer Personenkraftwagen-Bestand (privat)"
"Erstzulassungsanteil Personenkraftwagen","privat",2018,"04 Schwabing - West",3.7,765,20429.3,"Personenkraftwagen Erstzulassungen (privat)","mittlerer Personenkraftwagen-Bestand (privat)"
"Erstzulassungsanteil Personenkraftwagen","privat",2018,"05 Au - Haidhausen",4,676,16914.7,"Personenkraftwagen Erstzulassungen (privat)","mittlerer Personenkraftwagen-Bestand (privat)"
"Erstzulassungsanteil Personenkraftwagen","privat",2018,"06 Sendling",3.2,392,12308.6,"Personenkraftwagen Erstzulassungen (privat)","mittlerer Personenkraftwagen-Bestand (privat)"
"Erstzulassungsanteil Personenkraftwagen","privat",2018,"07 Sendling - Westpark",3.4,675,19756.6,"Personenkraftwagen Erstzulassungen (privat)","mittlerer Personenkraftwagen-Bestand (privat)"
"Erstzulassungsanteil Personenkraftwagen","privat",2018,"08 Schwanthalerhöhe",3.1,237,7643.2,"Personenkraftwagen Erstzulassungen (privat)","mittlerer Personenkraftwagen-Bestand (privat)"
"Erstzulassungsanteil Personenkraftwagen","privat",2018,"09 Neuhausen - Nymphenburg",3.8,1193,31751.3,"Personenkraftwagen Erstzulassungen (privat)","mittlerer Personenkraftwagen-Bestand (privat)"
"Erstzulassungsanteil Personenkraftwagen","privat",2018,"10 Moosach",3.4,652,18985.6,"Personenkraftwagen Erstzulassungen (privat)","mittlerer Personenkraftwagen-Bestand (privat)"
"Erstzulassungsanteil Personenkraftwagen","privat",2018,"11 Milbertshofen - Am Hart",2.9,619,21321.9,"Personenkraftwagen Erstzulassungen (privat)","mittlerer Personenkraftwagen-Bestand (privat)"
"Erstzulassungsanteil Personenkraftwagen","privat",2018,"12 Schwabing - Freimann",4.4,1096,24989.5,"Personenkraftwagen Erstzulassungen (privat)","mittlerer Personenkraftwagen-Bestand (privat)"
"Erstzulassungsanteil Personenkraftwagen","privat",2018,"13 Bogenhausen",4.3,1539,35552.4,"Personenkraftwagen Erstzulassungen (privat)","mittlerer Personenkraftwagen-Bestand (privat)"
"Erstzulassungsanteil Personenkraftwagen","privat",2018,"14 Berg am Laim",3.3,497,14985,"Personenkraftwagen Erstzulassungen (privat)","mittlerer Personenkraftwagen-Bestand (privat)"
"Erstzulassungsanteil Personenkraftwagen","privat",2018,"15 Trudering - Riem",4.5,1344,30018,"Personenkraftwagen Erstzulassungen (privat)","mittlerer Personenkraftwagen-Bestand (privat)"
"Erstzulassungsanteil Personenkraftwagen","privat",2018,"16 Ramersdorf - Perlach",3.6,1428,39391.9,"Personenkraftwagen Erstzulassungen (privat)","mittlerer Personenkraftwagen-Bestand (privat)"
"Erstzulassungsanteil Personenkraftwagen","privat",2018,"17 Obergiesing - Fasangarten",3.1,506,16143.3,"Personenkraftwagen Erstzulassungen (privat)","mittlerer Personenkraftwagen-Bestand (privat)"
"Erstzulassungsanteil Personenkraftwagen","privat",2018,"18 Untergiesing - Harlaching",3.6,685,18815.6,"Personenkraftwagen Erstzulassungen (privat)","mittlerer Personenkraftwagen-Bestand (privat)"
"Erstzulassungsanteil Personenkraftwagen","privat",2018,"19 Thalkirchen - Obersendling - Forstenried - Fürstenried - Solln",4.2,1565,37447.2,"Personenkraftwagen Erstzulassungen (privat)","mittlerer Personenkraftwagen-Bestand (privat)"
"Erstzulassungsanteil Personenkraftwagen","privat",2018,"20 Hadern",3.6,659,18467.5,"Personenkraftwagen Erstzulassungen (privat)","mittlerer Personenkraftwagen-Bestand (privat)"
"Erstzulassungsanteil Personenkraftwagen","privat",2018,"21 Pasing - Obermenzing",3.8,1101,29341.3,"Personenkraftwagen Erstzulassungen (privat)","mittlerer Personenkraftwagen-Bestand (privat)"
"Erstzulassungsanteil Personenkraftwagen","privat",2018,"22 Aubing - Lochhausen - Langwied",3.3,605,18251.4,"Personenkraftwagen Erstzulassungen (privat)","mittlerer Personenkraftwagen-Bestand (privat)"
"Erstzulassungsanteil Personenkraftwagen","privat",2018,"23 Allach - Untermenzing",3.9,581,14835,"Personenkraftwagen Erstzulassungen (privat)","mittlerer Personenkraftwagen-Bestand (privat)"
"Erstzulassungsanteil Personenkraftwagen","privat",2018,"24 Feldmoching - Hasenbergl",3.3,733,22540.4,"Personenkraftwagen Erstzulassungen (privat)","mittlerer Personenkraftwagen-Bestand (privat)"
"Erstzulassungsanteil Personenkraftwagen","privat",2018,"25 Laim",3.2,582,18197.3,"Personenkraftwagen Erstzulassungen (privat)","mittlerer Personenkraftwagen-Bestand (privat)"
"Erstzulassungsanteil Personenkraftwagen","privat",2017,"Stadt München",4.1,21037,518598.6,"Personenkraftwagen Erstzulassungen (privat)","mittlerer Personenkraftwagen-Bestand (privat)"
"Erstzulassungsanteil Personenkraftwagen","privat",2017,"01 Altstadt - Lehel",6.1,454,7382.8,"Personenkraftwagen Erstzulassungen (privat)","mittlerer Personenkraftwagen-Bestand (privat)"
"Erstzulassungsanteil Personenkraftwagen","privat",2017,"02 Ludwigsvorstadt - Isarvorstadt",4.2,556,13288.2,"Personenkraftwagen Erstzulassungen (privat)","mittlerer Personenkraftwagen-Bestand (privat)"
"Erstzulassungsanteil Personenkraftwagen","privat",2017,"03 Maxvorstadt",4.6,654,14123.6,"Personenkraftwagen Erstzulassungen (privat)","mittlerer Personenkraftwagen-Bestand (privat)"
"Erstzulassungsanteil Personenkraftwagen","privat",2017,"04 Schwabing - West",3.5,718,20413.3,"Personenkraftwagen Erstzulassungen (privat)","mittlerer Personenkraftwagen-Bestand (privat)"
"Erstzulassungsanteil Personenkraftwagen","privat",2017,"05 Au - Haidhausen",4.2,710,16793.1,"Personenkraftwagen Erstzulassungen (privat)","mittlerer Personenkraftwagen-Bestand (privat)"
"Erstzulassungsanteil Personenkraftwagen","privat",2017,"06 Sendling",3.4,419,12347.2,"Personenkraftwagen Erstzulassungen (privat)","mittlerer Personenkraftwagen-Bestand (privat)"
"Erstzulassungsanteil Personenkraftwagen","privat",2017,"07 Sendling - Westpark",3.5,681,19618.1,"Personenkraftwagen Erstzulassungen (privat)","mittlerer Personenkraftwagen-Bestand (privat)"
"Erstzulassungsanteil Personenkraftwagen","privat",2017,"08 Schwanthalerhöhe",3.4,257,7595.4,"Personenkraftwagen Erstzulassungen (privat)","mittlerer Personenkraftwagen-Bestand (privat)"
"Erstzulassungsanteil Personenkraftwagen","privat",2017,"09 Neuhausen - Nymphenburg",3.8,1203,31707.3,"Personenkraftwagen Erstzulassungen (privat)","mittlerer Personenkraftwagen-Bestand (privat)"
"Erstzulassungsanteil Personenkraftwagen","privat",2017,"10 Moosach",3.4,644,18828.8,"Personenkraftwagen Erstzulassungen (privat)","mittlerer Personenkraftwagen-Bestand (privat)"
"Erstzulassungsanteil Personenkraftwagen","privat",2017,"11 Milbertshofen - Am Hart",2.6,556,21180.4,"Personenkraftwagen Erstzulassungen (privat)","mittlerer Personenkraftwagen-Bestand (privat)"
"Erstzulassungsanteil Personenkraftwagen","privat",2017,"12 Schwabing - Freimann",4.3,1053,24619.8,"Personenkraftwagen Erstzulassungen (privat)","mittlerer Personenkraftwagen-Bestand (privat)"
"Erstzulassungsanteil Personenkraftwagen","privat",2017,"13 Bogenhausen",4.4,1539,35320.7,"Personenkraftwagen Erstzulassungen (privat)","mittlerer Personenkraftwagen-Bestand (privat)"
"Erstzulassungsanteil Personenkraftwagen","privat",2017,"14 Berg am Laim",3.7,544,14881.8,"Personenkraftwagen Erstzulassungen (privat)","mittlerer Personenkraftwagen-Bestand (privat)"
"Erstzulassungsanteil Personenkraftwagen","privat",2017,"15 Trudering - Riem",4.7,1378,29526.4,"Personenkraftwagen Erstzulassungen (privat)","mittlerer Personenkraftwagen-Bestand (privat)"
"Erstzulassungsanteil Personenkraftwagen","privat",2017,"16 Ramersdorf - Perlach",3.7,1432,38825.3,"Personenkraftwagen Erstzulassungen (privat)","mittlerer Personenkraftwagen-Bestand (privat)"
"Erstzulassungsanteil Personenkraftwagen","privat",2017,"17 Obergiesing - Fasangarten",3.6,579,15992.3,"Personenkraftwagen Erstzulassungen (privat)","mittlerer Personenkraftwagen-Bestand (privat)"
"Erstzulassungsanteil Personenkraftwagen","privat",2017,"18 Untergiesing - Harlaching",3.8,716,18650.4,"Personenkraftwagen Erstzulassungen (privat)","mittlerer Personenkraftwagen-Bestand (privat)"
"Erstzulassungsanteil Personenkraftwagen","privat",2017,"19 Thalkirchen - Obersendling - Forstenried - Fürstenried - Solln",4.2,1565,37156.9,"Personenkraftwagen Erstzulassungen (privat)","mittlerer Personenkraftwagen-Bestand (privat)"
"Erstzulassungsanteil Personenkraftwagen","privat",2017,"20 Hadern",3.5,647,18413.3,"Personenkraftwagen Erstzulassungen (privat)","mittlerer Personenkraftwagen-Bestand (privat)"
"Erstzulassungsanteil Personenkraftwagen","privat",2017,"21 Pasing - Obermenzing",3.9,1128,29016.7,"Personenkraftwagen Erstzulassungen (privat)","mittlerer Personenkraftwagen-Bestand (privat)"
"Erstzulassungsanteil Personenkraftwagen","privat",2017,"22 Aubing - Lochhausen - Langwied",3.4,604,17819.1,"Personenkraftwagen Erstzulassungen (privat)","mittlerer Personenkraftwagen-Bestand (privat)"
"Erstzulassungsanteil Personenkraftwagen","privat",2017,"23 Allach - Untermenzing",3.9,565,14672.4,"Personenkraftwagen Erstzulassungen (privat)","mittlerer Personenkraftwagen-Bestand (privat)"
"Erstzulassungsanteil Personenkraftwagen","privat",2017,"24 Feldmoching - Hasenbergl",3.5,777,22302.2,"Personenkraftwagen Erstzulassungen (privat)","mittlerer Personenkraftwagen-Bestand (privat)"
"Erstzulassungsanteil Personenkraftwagen","privat",2017,"25 Laim",3.3,592,18123.4,"Personenkraftwagen Erstzulassungen (privat)","mittlerer Personenkraftwagen-Bestand (privat)"
"Erstzulassungsanteil Personenkraftwagen","privat",2016,"Stadt München",4,20718,513048.6,"Personenkraftwagen Erstzulassungen (privat)","mittlerer Personenkraftwagen-Bestand (privat)"
"Erstzulassungsanteil Personenkraftwagen","privat",2016,"01 Altstadt - Lehel",6.4,477,7416.4,"Personenkraftwagen Erstzulassungen (privat)","mittlerer Personenkraftwagen-Bestand (privat)"
"Erstzulassungsanteil Personenkraftwagen","privat",2016,"02 Ludwigsvorstadt - Isarvorstadt",3.9,519,13257,"Personenkraftwagen Erstzulassungen (privat)","mittlerer Personenkraftwagen-Bestand (privat)"
"Erstzulassungsanteil Personenkraftwagen","privat",2016,"03 Maxvorstadt",4.3,609,14095.6,"Personenkraftwagen Erstzulassungen (privat)","mittlerer Personenkraftwagen-Bestand (privat)"
"Erstzulassungsanteil Personenkraftwagen","privat",2016,"04 Schwabing - West",3.7,753,20371.5,"Personenkraftwagen Erstzulassungen (privat)","mittlerer Personenkraftwagen-Bestand (privat)"
"Erstzulassungsanteil Personenkraftwagen","privat",2016,"05 Au - Haidhausen",3.8,634,16690.1,"Personenkraftwagen Erstzulassungen (privat)","mittlerer Personenkraftwagen-Bestand (privat)"
"Erstzulassungsanteil Personenkraftwagen","privat",2016,"06 Sendling",3.5,428,12303.3,"Personenkraftwagen Erstzulassungen (privat)","mittlerer Personenkraftwagen-Bestand (privat)"
"Erstzulassungsanteil Personenkraftwagen","privat",2016,"07 Sendling - Westpark",3.5,671,19306.2,"Personenkraftwagen Erstzulassungen (privat)","mittlerer Personenkraftwagen-Bestand (privat)"
"Erstzulassungsanteil Personenkraftwagen","privat",2016,"08 Schwanthalerhöhe",3.3,250,7555.3,"Personenkraftwagen Erstzulassungen (privat)","mittlerer Personenkraftwagen-Bestand (privat)"
"Erstzulassungsanteil Personenkraftwagen","privat",2016,"09 Neuhausen - Nymphenburg",3.8,1214,31601.5,"Personenkraftwagen Erstzulassungen (privat)","mittlerer Personenkraftwagen-Bestand (privat)"
"Erstzulassungsanteil Personenkraftwagen","privat",2016,"10 Moosach",3.2,593,18681,"Personenkraftwagen Erstzulassungen (privat)","mittlerer Personenkraftwagen-Bestand (privat)"
"Erstzulassungsanteil Personenkraftwagen","privat",2016,"11 Milbertshofen - Am Hart",3.2,661,20982,"Personenkraftwagen Erstzulassungen (privat)","mittlerer Personenkraftwagen-Bestand (privat)"
"Erstzulassungsanteil Personenkraftwagen","privat",2016,"12 Schwabing - Freimann",4.2,1021,24175.5,"Personenkraftwagen Erstzulassungen (privat)","mittlerer Personenkraftwagen-Bestand (privat)"
"Erstzulassungsanteil Personenkraftwagen","privat",2016,"13 Bogenhausen",4.4,1550,35026.2,"Personenkraftwagen Erstzulassungen (privat)","mittlerer Personenkraftwagen-Bestand (privat)"
"Erstzulassungsanteil Personenkraftwagen","privat",2016,"14 Berg am Laim",3.3,479,14589.7,"Personenkraftwagen Erstzulassungen (privat)","mittlerer Personenkraftwagen-Bestand (privat)"
"Erstzulassungsanteil Personenkraftwagen","privat",2016,"15 Trudering - Riem",4.5,1304,29008.3,"Personenkraftwagen Erstzulassungen (privat)","mittlerer Personenkraftwagen-Bestand (privat)"
"Erstzulassungsanteil Personenkraftwagen","privat",2016,"16 Ramersdorf - Perlach",3.4,1287,38252.3,"Personenkraftwagen Erstzulassungen (privat)","mittlerer Personenkraftwagen-Bestand (privat)"
"Erstzulassungsanteil Personenkraftwagen","privat",2016,"17 Obergiesing - Fasangarten",3.4,531,15769.3,"Personenkraftwagen Erstzulassungen (privat)","mittlerer Personenkraftwagen-Bestand (privat)"
"Erstzulassungsanteil Personenkraftwagen","privat",2016,"18 Untergiesing - Harlaching",4.1,756,18468.8,"Personenkraftwagen Erstzulassungen (privat)","mittlerer Personenkraftwagen-Bestand (privat)"
"Erstzulassungsanteil Personenkraftwagen","privat",2016,"19 Thalkirchen - Obersendling - Forstenried - Fürstenried - Solln",4.1,1515,36777.9,"Personenkraftwagen Erstzulassungen (privat)","mittlerer Personenkraftwagen-Bestand (privat)"
"Erstzulassungsanteil Personenkraftwagen","privat",2016,"20 Hadern",3.5,645,18352,"Personenkraftwagen Erstzulassungen (privat)","mittlerer Personenkraftwagen-Bestand (privat)"
"Erstzulassungsanteil Personenkraftwagen","privat",2016,"21 Pasing - Obermenzing",3.8,1079,28538.7,"Personenkraftwagen Erstzulassungen (privat)","mittlerer Personenkraftwagen-Bestand (privat)"
"Erstzulassungsanteil Personenkraftwagen","privat",2016,"22 Aubing - Lochhausen - Langwied",3.5,602,17396.7,"Personenkraftwagen Erstzulassungen (privat)","mittlerer Personenkraftwagen-Bestand (privat)"
"Erstzulassungsanteil Personenkraftwagen","privat",2016,"23 Allach - Untermenzing",3.9,571,14485,"Personenkraftwagen Erstzulassungen (privat)","mittlerer Personenkraftwagen-Bestand (privat)"
"Erstzulassungsanteil Personenkraftwagen","privat",2016,"24 Feldmoching - Hasenbergl",3.3,720,21980.2,"Personenkraftwagen Erstzulassungen (privat)","mittlerer Personenkraftwagen-Bestand (privat)"
"Erstzulassungsanteil Personenkraftwagen","privat",2016,"25 Laim",3.5,627,17968.5,"Personenkraftwagen Erstzulassungen (privat)","mittlerer Personenkraftwagen-Bestand (privat)"
"Erstzulassungsanteil Personenkraftwagen","privat",2015,"Stadt München",4.1,20561,506186.8,"Personenkraftwagen Erstzulassungen (privat)","mittlerer Personenkraftwagen-Bestand (privat)"
"Erstzulassungsanteil Personenkraftwagen","privat",2015,"01 Altstadt - Lehel",6,443,7354.9,"Personenkraftwagen Erstzulassungen (privat)","mittlerer Personenkraftwagen-Bestand (privat)"
"Erstzulassungsanteil Personenkraftwagen","privat",2015,"02 Ludwigsvorstadt - Isarvorstadt",4.3,566,13089.4,"Personenkraftwagen Erstzulassungen (privat)","mittlerer Personenkraftwagen-Bestand (privat)"
"Erstzulassungsanteil Personenkraftwagen","privat",2015,"03 Maxvorstadt",4.3,615,14149.3,"Personenkraftwagen Erstzulassungen (privat)","mittlerer Personenkraftwagen-Bestand (privat)"
"Erstzulassungsanteil Personenkraftwagen","privat",2015,"04 Schwabing - West",3.3,665,20190.6,"Personenkraftwagen Erstzulassungen (privat)","mittlerer Personenkraftwagen-Bestand (privat)"
"Erstzulassungsanteil Personenkraftwagen","privat",2015,"05 Au - Haidhausen",3.7,608,16546.8,"Personenkraftwagen Erstzulassungen (privat)","mittlerer Personenkraftwagen-Bestand (privat)"
"Erstzulassungsanteil Personenkraftwagen","privat",2015,"06 Sendling",3.2,390,12130.3,"Personenkraftwagen Erstzulassungen (privat)","mittlerer Personenkraftwagen-Bestand (privat)"
"Erstzulassungsanteil Personenkraftwagen","privat",2015,"07 Sendling - Westpark",3.4,649,18942,"Personenkraftwagen Erstzulassungen (privat)","mittlerer Personenkraftwagen-Bestand (privat)"
"Erstzulassungsanteil Personenkraftwagen","privat",2015,"08 Schwanthalerhöhe",2.8,209,7517.8,"Personenkraftwagen Erstzulassungen (privat)","mittlerer Personenkraftwagen-Bestand (privat)"
"Erstzulassungsanteil Personenkraftwagen","privat",2015,"09 Neuhausen - Nymphenburg",3.5,1097,31358.8,"Personenkraftwagen Erstzulassungen (privat)","mittlerer Personenkraftwagen-Bestand (privat)"
"Erstzulassungsanteil Personenkraftwagen","privat",2015,"10 Moosach",3.2,589,18460.5,"Personenkraftwagen Erstzulassungen (privat)","mittlerer Personenkraftwagen-Bestand (privat)"
"Erstzulassungsanteil Personenkraftwagen","privat",2015,"11 Milbertshofen - Am Hart",3,612,20741.6,"Personenkraftwagen Erstzulassungen (privat)","mittlerer Personenkraftwagen-Bestand (privat)"
"Erstzulassungsanteil Personenkraftwagen","privat",2015,"12 Schwabing - Freimann",4,946,23628.3,"Personenkraftwagen Erstzulassungen (privat)","mittlerer Personenkraftwagen-Bestand (privat)"
"Erstzulassungsanteil Personenkraftwagen","privat",2015,"13 Bogenhausen",4.4,1520,34627,"Personenkraftwagen Erstzulassungen (privat)","mittlerer Personenkraftwagen-Bestand (privat)"
"Erstzulassungsanteil Personenkraftwagen","privat",2015,"14 Berg am Laim",3.3,478,14378.7,"Personenkraftwagen Erstzulassungen (privat)","mittlerer Personenkraftwagen-Bestand (privat)"
"Erstzulassungsanteil Personenkraftwagen","privat",2015,"15 Trudering - Riem",4.3,1218,28431,"Personenkraftwagen Erstzulassungen (privat)","mittlerer Personenkraftwagen-Bestand (privat)"
"Erstzulassungsanteil Personenkraftwagen","privat",2015,"16 Ramersdorf - Perlach",3.3,1237,37846.1,"Personenkraftwagen Erstzulassungen (privat)","mittlerer Personenkraftwagen-Bestand (privat)"
"Erstzulassungsanteil Personenkraftwagen","privat",2015,"17 Obergiesing - Fasangarten",3.3,507,15450.3,"Personenkraftwagen Erstzulassungen (privat)","mittlerer Personenkraftwagen-Bestand (privat)"
"Erstzulassungsanteil Personenkraftwagen","privat",2015,"18 Untergiesing - Harlaching",3.6,663,18241.7,"Personenkraftwagen Erstzulassungen (privat)","mittlerer Personenkraftwagen-Bestand (privat)"
"Erstzulassungsanteil Personenkraftwagen","privat",2015,"19 Thalkirchen - Obersendling - Forstenried - Fürstenried - Solln",4.1,1488,36171,"Personenkraftwagen Erstzulassungen (privat)","mittlerer Personenkraftwagen-Bestand (privat)"
"Erstzulassungsanteil Personenkraftwagen","privat",2015,"20 Hadern",3.6,650,18197,"Personenkraftwagen Erstzulassungen (privat)","mittlerer Personenkraftwagen-Bestand (privat)"
"Erstzulassungsanteil Personenkraftwagen","privat",2015,"21 Pasing - Obermenzing",3.7,1043,27977.8,"Personenkraftwagen Erstzulassungen (privat)","mittlerer Personenkraftwagen-Bestand (privat)"
"Erstzulassungsanteil Personenkraftwagen","privat",2015,"22 Aubing - Lochhausen - Langwied",3.2,549,16986.3,"Personenkraftwagen Erstzulassungen (privat)","mittlerer Personenkraftwagen-Bestand (privat)"
"Erstzulassungsanteil Personenkraftwagen","privat",2015,"23 Allach - Untermenzing",3.7,534,14327.3,"Personenkraftwagen Erstzulassungen (privat)","mittlerer Personenkraftwagen-Bestand (privat)"
"Erstzulassungsanteil Personenkraftwagen","privat",2015,"24 Feldmoching - Hasenbergl",3.2,698,21661,"Personenkraftwagen Erstzulassungen (privat)","mittlerer Personenkraftwagen-Bestand (privat)"
"Erstzulassungsanteil Personenkraftwagen","privat",2015,"25 Laim",3.2,569,17781.4,"Personenkraftwagen Erstzulassungen (privat)","mittlerer Personenkraftwagen-Bestand (privat)"
"Erstzulassungsanteil Personenkraftwagen","privat",2014,"Stadt München",3.8,20514,540826.8,"Personenkraftwagen Erstzulassungen (privat)","mittlerer Personenkraftwagen-Bestand (privat)"
"Erstzulassungsanteil Personenkraftwagen","privat",2014,"01 Altstadt - Lehel",5.3,420,7879.9,"Personenkraftwagen Erstzulassungen (privat)","mittlerer Personenkraftwagen-Bestand (privat)"
"Erstzulassungsanteil Personenkraftwagen","privat",2014,"02 Ludwigsvorstadt - Isarvorstadt",3.2,452,14076.9,"Personenkraftwagen Erstzulassungen (privat)","mittlerer Personenkraftwagen-Bestand (privat)"
"Erstzulassungsanteil Personenkraftwagen","privat",2014,"03 Maxvorstadt",3.8,581,15175.3,"Personenkraftwagen Erstzulassungen (privat)","mittlerer Personenkraftwagen-Bestand (privat)"
"Erstzulassungsanteil Personenkraftwagen","privat",2014,"04 Schwabing - West",3.2,691,21660.7,"Personenkraftwagen Erstzulassungen (privat)","mittlerer Personenkraftwagen-Bestand (privat)"
"Erstzulassungsanteil Personenkraftwagen","privat",2014,"05 Au - Haidhausen",3.3,579,17722.7,"Personenkraftwagen Erstzulassungen (privat)","mittlerer Personenkraftwagen-Bestand (privat)"
"Erstzulassungsanteil Personenkraftwagen","privat",2014,"06 Sendling",3.1,412,13107.2,"Personenkraftwagen Erstzulassungen (privat)","mittlerer Personenkraftwagen-Bestand (privat)"
"Erstzulassungsanteil Personenkraftwagen","privat",2014,"07 Sendling - Westpark",3.1,631,20223.4,"Personenkraftwagen Erstzulassungen (privat)","mittlerer Personenkraftwagen-Bestand (privat)"
"Erstzulassungsanteil Personenkraftwagen","privat",2014,"08 Schwanthalerhöhe",2.6,213,8089.2,"Personenkraftwagen Erstzulassungen (privat)","mittlerer Personenkraftwagen-Bestand (privat)"
"Erstzulassungsanteil Personenkraftwagen","privat",2014,"09 Neuhausen - Nymphenburg",3.4,1143,33660,"Personenkraftwagen Erstzulassungen (privat)","mittlerer Personenkraftwagen-Bestand (privat)"
"Erstzulassungsanteil Personenkraftwagen","privat",2014,"10 Moosach",2.7,535,19721.6,"Personenkraftwagen Erstzulassungen (privat)","mittlerer Personenkraftwagen-Bestand (privat)"
"Erstzulassungsanteil Personenkraftwagen","privat",2014,"11 Milbertshofen - Am Hart",2.5,559,22151.4,"Personenkraftwagen Erstzulassungen (privat)","mittlerer Personenkraftwagen-Bestand (privat)"
"Erstzulassungsanteil Personenkraftwagen","privat",2014,"12 Schwabing - Freimann",3.9,984,25285.6,"Personenkraftwagen Erstzulassungen (privat)","mittlerer Personenkraftwagen-Bestand (privat)"
"Erstzulassungsanteil Personenkraftwagen","privat",2014,"13 Bogenhausen",4,1477,36952,"Personenkraftwagen Erstzulassungen (privat)","mittlerer Personenkraftwagen-Bestand (privat)"
"Erstzulassungsanteil Personenkraftwagen","privat",2014,"14 Berg am Laim",2.9,448,15348.6,"Personenkraftwagen Erstzulassungen (privat)","mittlerer Personenkraftwagen-Bestand (privat)"
"Erstzulassungsanteil Personenkraftwagen","privat",2014,"15 Trudering - Riem",4.2,1253,30173.1,"Personenkraftwagen Erstzulassungen (privat)","mittlerer Personenkraftwagen-Bestand (privat)"
"Erstzulassungsanteil Personenkraftwagen","privat",2014,"16 Ramersdorf - Perlach",3.2,1301,40591.4,"Personenkraftwagen Erstzulassungen (privat)","mittlerer Personenkraftwagen-Bestand (privat)"
"Erstzulassungsanteil Personenkraftwagen","privat",2014,"17 Obergiesing - Fasangarten",3.1,507,16221.1,"Personenkraftwagen Erstzulassungen (privat)","mittlerer Personenkraftwagen-Bestand (privat)"
"Erstzulassungsanteil Personenkraftwagen","privat",2014,"18 Untergiesing - Harlaching",3.7,723,19573.8,"Personenkraftwagen Erstzulassungen (privat)","mittlerer Personenkraftwagen-Bestand (privat)"
"Erstzulassungsanteil Personenkraftwagen","privat",2014,"19 Thalkirchen - Obersendling - Forstenried - Fürstenried - Solln",3.8,1464,38391.2,"Personenkraftwagen Erstzulassungen (privat)","mittlerer Personenkraftwagen-Bestand (privat)"
"Erstzulassungsanteil Personenkraftwagen","privat",2014,"20 Hadern",3.1,609,19403.6,"Personenkraftwagen Erstzulassungen (privat)","mittlerer Personenkraftwagen-Bestand (privat)"
"Erstzulassungsanteil Personenkraftwagen","privat",2014,"21 Pasing - Obermenzing",3.5,1040,29923.7,"Personenkraftwagen Erstzulassungen (privat)","mittlerer Personenkraftwagen-Bestand (privat)"
"Erstzulassungsanteil Personenkraftwagen","privat",2014,"22 Aubing - Lochhausen - Langwied",3.1,553,18090.7,"Personenkraftwagen Erstzulassungen (privat)","mittlerer Personenkraftwagen-Bestand (privat)"
"Erstzulassungsanteil Personenkraftwagen","privat",2014,"23 Allach - Untermenzing",3.4,518,15189.3,"Personenkraftwagen Erstzulassungen (privat)","mittlerer Personenkraftwagen-Bestand (privat)"
"Erstzulassungsanteil Personenkraftwagen","privat",2014,"24 Feldmoching - Hasenbergl",3,699,23087.4,"Personenkraftwagen Erstzulassungen (privat)","mittlerer Personenkraftwagen-Bestand (privat)"
"Erstzulassungsanteil Personenkraftwagen","privat",2014,"25 Laim",2.9,563,19127,"Personenkraftwagen Erstzulassungen (privat)","mittlerer Personenkraftwagen-Bestand (privat)"
"Erstzulassungsanteil Personenkraftwagen","privat",2013,"Stadt München",4.2,20658,496737.1,"Personenkraftwagen Erstzulassungen (privat)","mittlerer Personenkraftwagen-Bestand (privat)"
"Erstzulassungsanteil Personenkraftwagen","privat",2013,"01 Altstadt - Lehel",5.5,400,7258.5,"Personenkraftwagen Erstzulassungen (privat)","mittlerer Personenkraftwagen-Bestand (privat)"
"Erstzulassungsanteil Personenkraftwagen","privat",2013,"02 Ludwigsvorstadt - Isarvorstadt",3.8,493,13074.3,"Personenkraftwagen Erstzulassungen (privat)","mittlerer Personenkraftwagen-Bestand (privat)"
"Erstzulassungsanteil Personenkraftwagen","privat",2013,"03 Maxvorstadt",4.3,597,13988.5,"Personenkraftwagen Erstzulassungen (privat)","mittlerer Personenkraftwagen-Bestand (privat)"
"Erstzulassungsanteil Personenkraftwagen","privat",2013,"04 Schwabing - West",3.2,650,20024.7,"Personenkraftwagen Erstzulassungen (privat)","mittlerer Personenkraftwagen-Bestand (privat)"
"Erstzulassungsanteil Personenkraftwagen","privat",2013,"05 Au - Haidhausen",3.4,559,16311.5,"Personenkraftwagen Erstzulassungen (privat)","mittlerer Personenkraftwagen-Bestand (privat)"
"Erstzulassungsanteil Personenkraftwagen","privat",2013,"06 Sendling",3.5,420,12121.7,"Personenkraftwagen Erstzulassungen (privat)","mittlerer Personenkraftwagen-Bestand (privat)"
"Erstzulassungsanteil Personenkraftwagen","privat",2013,"07 Sendling - Westpark",3.6,664,18627.6,"Personenkraftwagen Erstzulassungen (privat)","mittlerer Personenkraftwagen-Bestand (privat)"
"Erstzulassungsanteil Personenkraftwagen","privat",2013,"08 Schwanthalerhöhe",2.9,214,7434.2,"Personenkraftwagen Erstzulassungen (privat)","mittlerer Personenkraftwagen-Bestand (privat)"
"Erstzulassungsanteil Personenkraftwagen","privat",2013,"09 Neuhausen - Nymphenburg",3.9,1211,30880.3,"Personenkraftwagen Erstzulassungen (privat)","mittlerer Personenkraftwagen-Bestand (privat)"
"Erstzulassungsanteil Personenkraftwagen","privat",2013,"10 Moosach",3.4,604,18018.8,"Personenkraftwagen Erstzulassungen (privat)","mittlerer Personenkraftwagen-Bestand (privat)"
"Erstzulassungsanteil Personenkraftwagen","privat",2013,"11 Milbertshofen - Am Hart",2.9,587,20340.1,"Personenkraftwagen Erstzulassungen (privat)","mittlerer Personenkraftwagen-Bestand (privat)"
"Erstzulassungsanteil Personenkraftwagen","privat",2013,"12 Schwabing - Freimann",4.4,1027,23236.7,"Personenkraftwagen Erstzulassungen (privat)","mittlerer Personenkraftwagen-Bestand (privat)"
"Erstzulassungsanteil Personenkraftwagen","privat",2013,"13 Bogenhausen",4.4,1481,33869.7,"Personenkraftwagen Erstzulassungen (privat)","mittlerer Personenkraftwagen-Bestand (privat)"
"Erstzulassungsanteil Personenkraftwagen","privat",2013,"14 Berg am Laim",3.7,518,13955.3,"Personenkraftwagen Erstzulassungen (privat)","mittlerer Personenkraftwagen-Bestand (privat)"
"Erstzulassungsanteil Personenkraftwagen","privat",2013,"15 Trudering - Riem",4.6,1280,27614,"Personenkraftwagen Erstzulassungen (privat)","mittlerer Personenkraftwagen-Bestand (privat)"
"Erstzulassungsanteil Personenkraftwagen","privat",2013,"16 Ramersdorf - Perlach",3.6,1357,37441.9,"Personenkraftwagen Erstzulassungen (privat)","mittlerer Personenkraftwagen-Bestand (privat)"
"Erstzulassungsanteil Personenkraftwagen","privat",2013,"17 Obergiesing - Fasangarten",3.1,465,14831.6,"Personenkraftwagen Erstzulassungen (privat)","mittlerer Personenkraftwagen-Bestand (privat)"
"Erstzulassungsanteil Personenkraftwagen","privat",2013,"18 Untergiesing - Harlaching",3.9,701,18172.9,"Personenkraftwagen Erstzulassungen (privat)","mittlerer Personenkraftwagen-Bestand (privat)"
"Erstzulassungsanteil Personenkraftwagen","privat",2013,"19 Thalkirchen - Obersendling - Forstenried - Fürstenried - Solln",4.1,1432,35134,"Personenkraftwagen Erstzulassungen (privat)","mittlerer Personenkraftwagen-Bestand (privat)"
"Erstzulassungsanteil Personenkraftwagen","privat",2013,"20 Hadern",3.6,635,17779.8,"Personenkraftwagen Erstzulassungen (privat)","mittlerer Personenkraftwagen-Bestand (privat)"
"Erstzulassungsanteil Personenkraftwagen","privat",2013,"21 Pasing - Obermenzing",3.6,983,27431.1,"Personenkraftwagen Erstzulassungen (privat)","mittlerer Personenkraftwagen-Bestand (privat)"
"Erstzulassungsanteil Personenkraftwagen","privat",2013,"22 Aubing - Lochhausen - Langwied",3.3,541,16495.5,"Personenkraftwagen Erstzulassungen (privat)","mittlerer Personenkraftwagen-Bestand (privat)"
"Erstzulassungsanteil Personenkraftwagen","privat",2013,"23 Allach - Untermenzing",3.7,511,13925.9,"Personenkraftwagen Erstzulassungen (privat)","mittlerer Personenkraftwagen-Bestand (privat)"
"Erstzulassungsanteil Personenkraftwagen","privat",2013,"24 Feldmoching - Hasenbergl",3.3,695,21103.5,"Personenkraftwagen Erstzulassungen (privat)","mittlerer Personenkraftwagen-Bestand (privat)"
"Erstzulassungsanteil Personenkraftwagen","privat",2013,"25 Laim",3.3,584,17665.3,"Personenkraftwagen Erstzulassungen (privat)","mittlerer Personenkraftwagen-Bestand (privat)"
"Erstzulassungsanteil Personenkraftwagen","privat",2012,"Stadt München",4.5,22287,492113.4,"Personenkraftwagen Erstzulassungen (privat)","mittlerer Personenkraftwagen-Bestand (privat)"
"Erstzulassungsanteil Personenkraftwagen","privat",2012,"01 Altstadt - Lehel",6.3,460,7311.8,"Personenkraftwagen Erstzulassungen (privat)","mittlerer Personenkraftwagen-Bestand (privat)"
"Erstzulassungsanteil Personenkraftwagen","privat",2012,"02 Ludwigsvorstadt - Isarvorstadt",4.3,557,13081.9,"Personenkraftwagen Erstzulassungen (privat)","mittlerer Personenkraftwagen-Bestand (privat)"
"Erstzulassungsanteil Personenkraftwagen","privat",2012,"03 Maxvorstadt",4.6,635,13782.6,"Personenkraftwagen Erstzulassungen (privat)","mittlerer Personenkraftwagen-Bestand (privat)"
"Erstzulassungsanteil Personenkraftwagen","privat",2012,"04 Schwabing - West",3.8,748,19866.2,"Personenkraftwagen Erstzulassungen (privat)","mittlerer Personenkraftwagen-Bestand (privat)"
"Erstzulassungsanteil Personenkraftwagen","privat",2012,"05 Au - Haidhausen",4.3,696,16159.3,"Personenkraftwagen Erstzulassungen (privat)","mittlerer Personenkraftwagen-Bestand (privat)"
"Erstzulassungsanteil Personenkraftwagen","privat",2012,"06 Sendling",3.7,456,12164.7,"Personenkraftwagen Erstzulassungen (privat)","mittlerer Personenkraftwagen-Bestand (privat)"
"Erstzulassungsanteil Personenkraftwagen","privat",2012,"07 Sendling - Westpark",3.7,676,18364.2,"Personenkraftwagen Erstzulassungen (privat)","mittlerer Personenkraftwagen-Bestand (privat)"
"Erstzulassungsanteil Personenkraftwagen","privat",2012,"08 Schwanthalerhöhe",3.5,260,7374.5,"Personenkraftwagen Erstzulassungen (privat)","mittlerer Personenkraftwagen-Bestand (privat)"
"Erstzulassungsanteil Personenkraftwagen","privat",2012,"09 Neuhausen - Nymphenburg",4,1228,30616.1,"Personenkraftwagen Erstzulassungen (privat)","mittlerer Personenkraftwagen-Bestand (privat)"
"Erstzulassungsanteil Personenkraftwagen","privat",2012,"10 Moosach",3.6,639,17805.2,"Personenkraftwagen Erstzulassungen (privat)","mittlerer Personenkraftwagen-Bestand (privat)"
"Erstzulassungsanteil Personenkraftwagen","privat",2012,"11 Milbertshofen - Am Hart",3.5,709,20248.3,"Personenkraftwagen Erstzulassungen (privat)","mittlerer Personenkraftwagen-Bestand (privat)"
"Erstzulassungsanteil Personenkraftwagen","privat",2012,"12 Schwabing - Freimann",4.6,1046,22988.1,"Personenkraftwagen Erstzulassungen (privat)","mittlerer Personenkraftwagen-Bestand (privat)"
"Erstzulassungsanteil Personenkraftwagen","privat",2012,"13 Bogenhausen",4.8,1608,33521.1,"Personenkraftwagen Erstzulassungen (privat)","mittlerer Personenkraftwagen-Bestand (privat)"
"Erstzulassungsanteil Personenkraftwagen","privat",2012,"14 Berg am Laim",3.6,491,13740.8,"Personenkraftwagen Erstzulassungen (privat)","mittlerer Personenkraftwagen-Bestand (privat)"
"Erstzulassungsanteil Personenkraftwagen","privat",2012,"15 Trudering - Riem",5.2,1407,27082.3,"Personenkraftwagen Erstzulassungen (privat)","mittlerer Personenkraftwagen-Bestand (privat)"
"Erstzulassungsanteil Personenkraftwagen","privat",2012,"16 Ramersdorf - Perlach",3.8,1416,37303.4,"Personenkraftwagen Erstzulassungen (privat)","mittlerer Personenkraftwagen-Bestand (privat)"
"Erstzulassungsanteil Personenkraftwagen","privat",2012,"17 Obergiesing - Fasangarten",3.5,516,14794,"Personenkraftwagen Erstzulassungen (privat)","mittlerer Personenkraftwagen-Bestand (privat)"
"Erstzulassungsanteil Personenkraftwagen","privat",2012,"18 Untergiesing - Harlaching",4.4,789,18110.7,"Personenkraftwagen Erstzulassungen (privat)","mittlerer Personenkraftwagen-Bestand (privat)"
"Erstzulassungsanteil Personenkraftwagen","privat",2012,"19 Thalkirchen - Obersendling - Forstenried - Fürstenried - Solln",4.3,1488,34689.8,"Personenkraftwagen Erstzulassungen (privat)","mittlerer Personenkraftwagen-Bestand (privat)"
"Erstzulassungsanteil Personenkraftwagen","privat",2012,"20 Hadern",4,705,17712.9,"Personenkraftwagen Erstzulassungen (privat)","mittlerer Personenkraftwagen-Bestand (privat)"
"Erstzulassungsanteil Personenkraftwagen","privat",2012,"21 Pasing - Obermenzing",4.1,1115,27110.9,"Personenkraftwagen Erstzulassungen (privat)","mittlerer Personenkraftwagen-Bestand (privat)"
"Erstzulassungsanteil Personenkraftwagen","privat",2012,"22 Aubing - Lochhausen - Langwied",3.7,599,16151.3,"Personenkraftwagen Erstzulassungen (privat)","mittlerer Personenkraftwagen-Bestand (privat)"
"Erstzulassungsanteil Personenkraftwagen","privat",2012,"23 Allach - Untermenzing",4.1,564,13662.8,"Personenkraftwagen Erstzulassungen (privat)","mittlerer Personenkraftwagen-Bestand (privat)"
"Erstzulassungsanteil Personenkraftwagen","privat",2012,"24 Feldmoching - Hasenbergl",3.8,790,20839,"Personenkraftwagen Erstzulassungen (privat)","mittlerer Personenkraftwagen-Bestand (privat)"
"Erstzulassungsanteil Personenkraftwagen","privat",2012,"25 Laim",3.9,680,17631.8,"Personenkraftwagen Erstzulassungen (privat)","mittlerer Personenkraftwagen-Bestand (privat)"
"Erstzulassungsanteil Personenkraftwagen","privat",2011,"Stadt München",4.7,22749,486125.3,"Personenkraftwagen Erstzulassungen (privat)","mittlerer Personenkraftwagen-Bestand (privat)"
"Erstzulassungsanteil Personenkraftwagen","privat",2011,"01 Altstadt - Lehel",6.2,448,7253.7,"Personenkraftwagen Erstzulassungen (privat)","mittlerer Personenkraftwagen-Bestand (privat)"
"Erstzulassungsanteil Personenkraftwagen","privat",2011,"02 Ludwigsvorstadt - Isarvorstadt",4.4,572,13000.8,"Personenkraftwagen Erstzulassungen (privat)","mittlerer Personenkraftwagen-Bestand (privat)"
"Erstzulassungsanteil Personenkraftwagen","privat",2011,"03 Maxvorstadt",4.6,627,13635.4,"Personenkraftwagen Erstzulassungen (privat)","mittlerer Personenkraftwagen-Bestand (privat)"
"Erstzulassungsanteil Personenkraftwagen","privat",2011,"04 Schwabing - West",4.3,856,19775.6,"Personenkraftwagen Erstzulassungen (privat)","mittlerer Personenkraftwagen-Bestand (privat)"
"Erstzulassungsanteil Personenkraftwagen","privat",2011,"05 Au - Haidhausen",3.9,626,15976.8,"Personenkraftwagen Erstzulassungen (privat)","mittlerer Personenkraftwagen-Bestand (privat)"
"Erstzulassungsanteil Personenkraftwagen","privat",2011,"06 Sendling",4.1,493,12102,"Personenkraftwagen Erstzulassungen (privat)","mittlerer Personenkraftwagen-Bestand (privat)"
"Erstzulassungsanteil Personenkraftwagen","privat",2011,"07 Sendling - Westpark",3.9,716,18140.9,"Personenkraftwagen Erstzulassungen (privat)","mittlerer Personenkraftwagen-Bestand (privat)"
"Erstzulassungsanteil Personenkraftwagen","privat",2011,"08 Schwanthalerhöhe",3.1,226,7272.7,"Personenkraftwagen Erstzulassungen (privat)","mittlerer Personenkraftwagen-Bestand (privat)"
"Erstzulassungsanteil Personenkraftwagen","privat",2011,"09 Neuhausen - Nymphenburg",4.2,1268,30022.7,"Personenkraftwagen Erstzulassungen (privat)","mittlerer Personenkraftwagen-Bestand (privat)"
"Erstzulassungsanteil Personenkraftwagen","privat",2011,"10 Moosach",3.8,669,17698.6,"Personenkraftwagen Erstzulassungen (privat)","mittlerer Personenkraftwagen-Bestand (privat)"
"Erstzulassungsanteil Personenkraftwagen","privat",2011,"11 Milbertshofen - Am Hart",3.4,684,19946.8,"Personenkraftwagen Erstzulassungen (privat)","mittlerer Personenkraftwagen-Bestand (privat)"
"Erstzulassungsanteil Personenkraftwagen","privat",2011,"12 Schwabing - Freimann",4.4,1004,22645.1,"Personenkraftwagen Erstzulassungen (privat)","mittlerer Personenkraftwagen-Bestand (privat)"
"Erstzulassungsanteil Personenkraftwagen","privat",2011,"13 Bogenhausen",4.9,1618,33223.3,"Personenkraftwagen Erstzulassungen (privat)","mittlerer Personenkraftwagen-Bestand (privat)"
"Erstzulassungsanteil Personenkraftwagen","privat",2011,"14 Berg am Laim",3.8,517,13519.7,"Personenkraftwagen Erstzulassungen (privat)","mittlerer Personenkraftwagen-Bestand (privat)"
"Erstzulassungsanteil Personenkraftwagen","privat",2011,"15 Trudering - Riem",5.4,1434,26496,"Personenkraftwagen Erstzulassungen (privat)","mittlerer Personenkraftwagen-Bestand (privat)"
"Erstzulassungsanteil Personenkraftwagen","privat",2011,"16 Ramersdorf - Perlach",4.1,1517,37022.6,"Personenkraftwagen Erstzulassungen (privat)","mittlerer Personenkraftwagen-Bestand (privat)"
"Erstzulassungsanteil Personenkraftwagen","privat",2011,"17 Obergiesing - Fasangarten",3.7,532,14505.6,"Personenkraftwagen Erstzulassungen (privat)","mittlerer Personenkraftwagen-Bestand (privat)"
"Erstzulassungsanteil Personenkraftwagen","privat",2011,"18 Untergiesing - Harlaching",4.5,807,17912.9,"Personenkraftwagen Erstzulassungen (privat)","mittlerer Personenkraftwagen-Bestand (privat)"
"Erstzulassungsanteil Personenkraftwagen","privat",2011,"19 Thalkirchen - Obersendling - Forstenried - Fürstenried - Solln",4.8,1645,34400.2,"Personenkraftwagen Erstzulassungen (privat)","mittlerer Personenkraftwagen-Bestand (privat)"
"Erstzulassungsanteil Personenkraftwagen","privat",2011,"20 Hadern",4,698,17610.2,"Personenkraftwagen Erstzulassungen (privat)","mittlerer Personenkraftwagen-Bestand (privat)"
"Erstzulassungsanteil Personenkraftwagen","privat",2011,"21 Pasing - Obermenzing",4.3,1156,26658.9,"Personenkraftwagen Erstzulassungen (privat)","mittlerer Personenkraftwagen-Bestand (privat)"
"Erstzulassungsanteil Personenkraftwagen","privat",2011,"22 Aubing - Lochhausen - Langwied",3.7,585,15822.6,"Personenkraftwagen Erstzulassungen (privat)","mittlerer Personenkraftwagen-Bestand (privat)"
"Erstzulassungsanteil Personenkraftwagen","privat",2011,"23 Allach - Untermenzing",4.3,570,13374.6,"Personenkraftwagen Erstzulassungen (privat)","mittlerer Personenkraftwagen-Bestand (privat)"
"Erstzulassungsanteil Personenkraftwagen","privat",2011,"24 Feldmoching - Hasenbergl",3.9,808,20493.5,"Personenkraftwagen Erstzulassungen (privat)","mittlerer Personenkraftwagen-Bestand (privat)"
"Erstzulassungsanteil Personenkraftwagen","privat",2011,"25 Laim",3.5,623,17614.5,"Personenkraftwagen Erstzulassungen (privat)","mittlerer Personenkraftwagen-Bestand (privat)"
"Erstzulassungsanteil Personenkraftwagen","privat",2010,"Stadt München",4.6,21948,479024.7,"Personenkraftwagen Erstzulassungen (privat)","mittlerer Personenkraftwagen-Bestand (privat)"
"Erstzulassungsanteil Personenkraftwagen","privat",2010,"01 Altstadt - Lehel",5.8,420,7226,"Personenkraftwagen Erstzulassungen (privat)","mittlerer Personenkraftwagen-Bestand (privat)"
"Erstzulassungsanteil Personenkraftwagen","privat",2010,"02 Ludwigsvorstadt - Isarvorstadt",4.2,543,12819.1,"Personenkraftwagen Erstzulassungen (privat)","mittlerer Personenkraftwagen-Bestand (privat)"
"Erstzulassungsanteil Personenkraftwagen","privat",2010,"03 Maxvorstadt",4.5,612,13574.6,"Personenkraftwagen Erstzulassungen (privat)","mittlerer Personenkraftwagen-Bestand (privat)"
"Erstzulassungsanteil Personenkraftwagen","privat",2010,"04 Schwabing - West",3.9,762,19539.7,"Personenkraftwagen Erstzulassungen (privat)","mittlerer Personenkraftwagen-Bestand (privat)"
"Erstzulassungsanteil Personenkraftwagen","privat",2010,"05 Au - Haidhausen",4,634,15674.9,"Personenkraftwagen Erstzulassungen (privat)","mittlerer Personenkraftwagen-Bestand (privat)"
"Erstzulassungsanteil Personenkraftwagen","privat",2010,"06 Sendling",3.8,450,11984.6,"Personenkraftwagen Erstzulassungen (privat)","mittlerer Personenkraftwagen-Bestand (privat)"
"Erstzulassungsanteil Personenkraftwagen","privat",2010,"07 Sendling - Westpark",3.7,665,17988.9,"Personenkraftwagen Erstzulassungen (privat)","mittlerer Personenkraftwagen-Bestand (privat)"
"Erstzulassungsanteil Personenkraftwagen","privat",2010,"08 Schwanthalerhöhe",3.4,245,7218.6,"Personenkraftwagen Erstzulassungen (privat)","mittlerer Personenkraftwagen-Bestand (privat)"
"Erstzulassungsanteil Personenkraftwagen","privat",2010,"09 Neuhausen - Nymphenburg",4.1,1198,29345.5,"Personenkraftwagen Erstzulassungen (privat)","mittlerer Personenkraftwagen-Bestand (privat)"
"Erstzulassungsanteil Personenkraftwagen","privat",2010,"10 Moosach",3.6,641,17613.7,"Personenkraftwagen Erstzulassungen (privat)","mittlerer Personenkraftwagen-Bestand (privat)"
"Erstzulassungsanteil Personenkraftwagen","privat",2010,"11 Milbertshofen - Am Hart",3.6,709,19713.3,"Personenkraftwagen Erstzulassungen (privat)","mittlerer Personenkraftwagen-Bestand (privat)"
"Erstzulassungsanteil Personenkraftwagen","privat",2010,"12 Schwabing - Freimann",4.3,954,22087.7,"Personenkraftwagen Erstzulassungen (privat)","mittlerer Personenkraftwagen-Bestand (privat)"
"Erstzulassungsanteil Personenkraftwagen","privat",2010,"13 Bogenhausen",4.8,1572,32816.7,"Personenkraftwagen Erstzulassungen (privat)","mittlerer Personenkraftwagen-Bestand (privat)"
"Erstzulassungsanteil Personenkraftwagen","privat",2010,"14 Berg am Laim",3.4,450,13274.8,"Personenkraftwagen Erstzulassungen (privat)","mittlerer Personenkraftwagen-Bestand (privat)"
"Erstzulassungsanteil Personenkraftwagen","privat",2010,"15 Trudering - Riem",5.1,1311,25750.4,"Personenkraftwagen Erstzulassungen (privat)","mittlerer Personenkraftwagen-Bestand (privat)"
"Erstzulassungsanteil Personenkraftwagen","privat",2010,"16 Ramersdorf - Perlach",4.1,1492,36626.9,"Personenkraftwagen Erstzulassungen (privat)","mittlerer Personenkraftwagen-Bestand (privat)"
"Erstzulassungsanteil Personenkraftwagen","privat",2010,"17 Obergiesing - Fasangarten",3.6,516,14250.8,"Personenkraftwagen Erstzulassungen (privat)","mittlerer Personenkraftwagen-Bestand (privat)"
"Erstzulassungsanteil Personenkraftwagen","privat",2010,"18 Untergiesing - Harlaching",4.4,773,17653.8,"Personenkraftwagen Erstzulassungen (privat)","mittlerer Personenkraftwagen-Bestand (privat)"
"Erstzulassungsanteil Personenkraftwagen","privat",2010,"19 Thalkirchen - Obersendling - Forstenried - Fürstenried - Solln",4.5,1528,33988.3,"Personenkraftwagen Erstzulassungen (privat)","mittlerer Personenkraftwagen-Bestand (privat)"
"Erstzulassungsanteil Personenkraftwagen","privat",2010,"20 Hadern",3.9,669,17359,"Personenkraftwagen Erstzulassungen (privat)","mittlerer Personenkraftwagen-Bestand (privat)"
"Erstzulassungsanteil Personenkraftwagen","privat",2010,"21 Pasing - Obermenzing",4.2,1093,26285.4,"Personenkraftwagen Erstzulassungen (privat)","mittlerer Personenkraftwagen-Bestand (privat)"
"Erstzulassungsanteil Personenkraftwagen","privat",2010,"22 Aubing - Lochhausen - Langwied",3.6,564,15567.2,"Personenkraftwagen Erstzulassungen (privat)","mittlerer Personenkraftwagen-Bestand (privat)"
"Erstzulassungsanteil Personenkraftwagen","privat",2010,"23 Allach - Untermenzing",4,524,13092.8,"Personenkraftwagen Erstzulassungen (privat)","mittlerer Personenkraftwagen-Bestand (privat)"
"Erstzulassungsanteil Personenkraftwagen","privat",2010,"24 Feldmoching - Hasenbergl",3.6,721,20123.4,"Personenkraftwagen Erstzulassungen (privat)","mittlerer Personenkraftwagen-Bestand (privat)"
"Erstzulassungsanteil Personenkraftwagen","privat",2010,"25 Laim",3.8,671,17448.6,"Personenkraftwagen Erstzulassungen (privat)","mittlerer Personenkraftwagen-Bestand (privat)"
"Erstzulassungsanteil Personenkraftwagen","insgesamt",2009,"Stadt München",14.7,87787,596486.9,"Personenkraftwagen Erstzulassungen (insgesamt)","mittlerer Personenkraftwagen-Bestand (insgesamt)"
"Erstzulassungsanteil Personenkraftwagen","insgesamt",2009,"01 Altstadt - Lehel",12.6,2080,16567.2,"Personenkraftwagen Erstzulassungen (insgesamt)","mittlerer Personenkraftwagen-Bestand (insgesamt)"
"Erstzulassungsanteil Personenkraftwagen","insgesamt",2009,"02 Ludwigsvorstadt - Isarvorstadt",9.3,1554,16657.5,"Personenkraftwagen Erstzulassungen (insgesamt)","mittlerer Personenkraftwagen-Bestand (insgesamt)"
"Erstzulassungsanteil Personenkraftwagen","insgesamt",2009,"03 Maxvorstadt",22.6,5964,26371.1,"Personenkraftwagen Erstzulassungen (insgesamt)","mittlerer Personenkraftwagen-Bestand (insgesamt)"
"Erstzulassungsanteil Personenkraftwagen","insgesamt",2009,"04 Schwabing - West",7.6,1588,21000.3,"Personenkraftwagen Erstzulassungen (insgesamt)","mittlerer Personenkraftwagen-Bestand (insgesamt)"
"Erstzulassungsanteil Personenkraftwagen","insgesamt",2009,"05 Au - Haidhausen",9.4,1699,17996.8,"Personenkraftwagen Erstzulassungen (insgesamt)","mittlerer Personenkraftwagen-Bestand (insgesamt)"
"Erstzulassungsanteil Personenkraftwagen","insgesamt",2009,"06 Sendling",8,1074,13403.3,"Personenkraftwagen Erstzulassungen (insgesamt)","mittlerer Personenkraftwagen-Bestand (insgesamt)"
"Erstzulassungsanteil Personenkraftwagen","insgesamt",2009,"07 Sendling - Westpark",9.9,2245,22679.8,"Personenkraftwagen Erstzulassungen (insgesamt)","mittlerer Personenkraftwagen-Bestand (insgesamt)"
"Erstzulassungsanteil Personenkraftwagen","insgesamt",2009,"08 Schwanthalerhöhe",13.8,1444,10432.4,"Personenkraftwagen Erstzulassungen (insgesamt)","mittlerer Personenkraftwagen-Bestand (insgesamt)"
"Erstzulassungsanteil Personenkraftwagen","insgesamt",2009,"09 Neuhausen - Nymphenburg",10.7,3496,32711.4,"Personenkraftwagen Erstzulassungen (insgesamt)","mittlerer Personenkraftwagen-Bestand (insgesamt)"
"Erstzulassungsanteil Personenkraftwagen","insgesamt",2009,"10 Moosach",16.1,3694,22971.6,"Personenkraftwagen Erstzulassungen (insgesamt)","mittlerer Personenkraftwagen-Bestand (insgesamt)"
"Erstzulassungsanteil Personenkraftwagen","insgesamt",2009,"11 Milbertshofen - Am Hart",62.6,24571,39267.6,"Personenkraftwagen Erstzulassungen (insgesamt)","mittlerer Personenkraftwagen-Bestand (insgesamt)"
"Erstzulassungsanteil Personenkraftwagen","insgesamt",2009,"12 Schwabing - Freimann",25.8,9846,38207.2,"Personenkraftwagen Erstzulassungen (insgesamt)","mittlerer Personenkraftwagen-Bestand (insgesamt)"
"Erstzulassungsanteil Personenkraftwagen","insgesamt",2009,"13 Bogenhausen",8.7,3323,38383.8,"Personenkraftwagen Erstzulassungen (insgesamt)","mittlerer Personenkraftwagen-Bestand (insgesamt)"
"Erstzulassungsanteil Personenkraftwagen","insgesamt",2009,"14 Berg am Laim",8.7,1353,15608.2,"Personenkraftwagen Erstzulassungen (insgesamt)","mittlerer Personenkraftwagen-Bestand (insgesamt)"
"Erstzulassungsanteil Personenkraftwagen","insgesamt",2009,"15 Trudering - Riem",11.4,3358,29454.8,"Personenkraftwagen Erstzulassungen (insgesamt)","mittlerer Personenkraftwagen-Bestand (insgesamt)"
"Erstzulassungsanteil Personenkraftwagen","insgesamt",2009,"16 Ramersdorf - Perlach",8.9,3630,40637.7,"Personenkraftwagen Erstzulassungen (insgesamt)","mittlerer Personenkraftwagen-Bestand (insgesamt)"
"Erstzulassungsanteil Personenkraftwagen","insgesamt",2009,"17 Obergiesing - Fasangarten",7.7,1153,15053.9,"Personenkraftwagen Erstzulassungen (insgesamt)","mittlerer Personenkraftwagen-Bestand (insgesamt)"
"Erstzulassungsanteil Personenkraftwagen","insgesamt",2009,"18 Untergiesing - Harlaching",7.9,1476,18770.7,"Personenkraftwagen Erstzulassungen (insgesamt)","mittlerer Personenkraftwagen-Bestand (insgesamt)"
"Erstzulassungsanteil Personenkraftwagen","insgesamt",2009,"19 Thalkirchen - Obersendling - Forstenried - Fürstenried - Solln",10,3959,39669.8,"Personenkraftwagen Erstzulassungen (insgesamt)","mittlerer Personenkraftwagen-Bestand (insgesamt)"
"Erstzulassungsanteil Personenkraftwagen","insgesamt",2009,"20 Hadern",7.4,1322,17955.6,"Personenkraftwagen Erstzulassungen (insgesamt)","mittlerer Personenkraftwagen-Bestand (insgesamt)"
"Erstzulassungsanteil Personenkraftwagen","insgesamt",2009,"21 Pasing - Obermenzing",8.5,2482,29220.9,"Personenkraftwagen Erstzulassungen (insgesamt)","mittlerer Personenkraftwagen-Bestand (insgesamt)"
"Erstzulassungsanteil Personenkraftwagen","insgesamt",2009,"22 Aubing - Lochhausen - Langwied",7.4,1212,16359.4,"Personenkraftwagen Erstzulassungen (insgesamt)","mittlerer Personenkraftwagen-Bestand (insgesamt)"
"Erstzulassungsanteil Personenkraftwagen","insgesamt",2009,"23 Allach - Untermenzing",9.3,1406,15122.1,"Personenkraftwagen Erstzulassungen (insgesamt)","mittlerer Personenkraftwagen-Bestand (insgesamt)"
"Erstzulassungsanteil Personenkraftwagen","insgesamt",2009,"24 Feldmoching - Hasenbergl",7.5,1598,21387.8,"Personenkraftwagen Erstzulassungen (insgesamt)","mittlerer Personenkraftwagen-Bestand (insgesamt)"
"Erstzulassungsanteil Personenkraftwagen","insgesamt",2009,"25 Laim",9.1,1879,20596.2,"Personenkraftwagen Erstzulassungen (insgesamt)","mittlerer Personenkraftwagen-Bestand (insgesamt)"
"Erstzulassungsanteil Personenkraftwagen","insgesamt",2008,"Stadt München",15.5,91905,594738.3,"Personenkraftwagen Erstzulassungen (insgesamt)","mittlerer Personenkraftwagen-Bestand (insgesamt)"
"Erstzulassungsanteil Personenkraftwagen","insgesamt",2008,"01 Altstadt - Lehel",17.8,3023,16969.8,"Personenkraftwagen Erstzulassungen (insgesamt)","mittlerer Personenkraftwagen-Bestand (insgesamt)"
"Erstzulassungsanteil Personenkraftwagen","insgesamt",2008,"02 Ludwigsvorstadt - Isarvorstadt",8.1,1335,16428.3,"Personenkraftwagen Erstzulassungen (insgesamt)","mittlerer Personenkraftwagen-Bestand (insgesamt)"
"Erstzulassungsanteil Personenkraftwagen","insgesamt",2008,"03 Maxvorstadt",32.6,8284,25425.4,"Personenkraftwagen Erstzulassungen (insgesamt)","mittlerer Personenkraftwagen-Bestand (insgesamt)"
"Erstzulassungsanteil Personenkraftwagen","insgesamt",2008,"04 Schwabing - West",5.9,1218,20643.8,"Personenkraftwagen Erstzulassungen (insgesamt)","mittlerer Personenkraftwagen-Bestand (insgesamt)"
"Erstzulassungsanteil Personenkraftwagen","insgesamt",2008,"05 Au - Haidhausen",9.6,1736,18003.8,"Personenkraftwagen Erstzulassungen (insgesamt)","mittlerer Personenkraftwagen-Bestand (insgesamt)"
"Erstzulassungsanteil Personenkraftwagen","insgesamt",2008,"06 Sendling",5.6,743,13296.6,"Personenkraftwagen Erstzulassungen (insgesamt)","mittlerer Personenkraftwagen-Bestand (insgesamt)"
"Erstzulassungsanteil Personenkraftwagen","insgesamt",2008,"07 Sendling - Westpark",9.7,2134,21896.9,"Personenkraftwagen Erstzulassungen (insgesamt)","mittlerer Personenkraftwagen-Bestand (insgesamt)"
"Erstzulassungsanteil Personenkraftwagen","insgesamt",2008,"08 Schwanthalerhöhe",21.8,2275,10446.8,"Personenkraftwagen Erstzulassungen (insgesamt)","mittlerer Personenkraftwagen-Bestand (insgesamt)"
"Erstzulassungsanteil Personenkraftwagen","insgesamt",2008,"09 Neuhausen - Nymphenburg",9.1,2955,32608.3,"Personenkraftwagen Erstzulassungen (insgesamt)","mittlerer Personenkraftwagen-Bestand (insgesamt)"
"Erstzulassungsanteil Personenkraftwagen","insgesamt",2008,"10 Moosach",22.7,5320,23487.8,"Personenkraftwagen Erstzulassungen (insgesamt)","mittlerer Personenkraftwagen-Bestand (insgesamt)"
"Erstzulassungsanteil Personenkraftwagen","insgesamt",2008,"11 Milbertshofen - Am Hart",57.8,23209,40147.9,"Personenkraftwagen Erstzulassungen (insgesamt)","mittlerer Personenkraftwagen-Bestand (insgesamt)"
"Erstzulassungsanteil Personenkraftwagen","insgesamt",2008,"12 Schwabing - Freimann",43.6,15832,36296.6,"Personenkraftwagen Erstzulassungen (insgesamt)","mittlerer Personenkraftwagen-Bestand (insgesamt)"
"Erstzulassungsanteil Personenkraftwagen","insgesamt",2008,"13 Bogenhausen",6.7,2766,41015.8,"Personenkraftwagen Erstzulassungen (insgesamt)","mittlerer Personenkraftwagen-Bestand (insgesamt)"
"Erstzulassungsanteil Personenkraftwagen","insgesamt",2008,"14 Berg am Laim",8.1,1275,15783.6,"Personenkraftwagen Erstzulassungen (insgesamt)","mittlerer Personenkraftwagen-Bestand (insgesamt)"
"Erstzulassungsanteil Personenkraftwagen","insgesamt",2008,"15 Trudering - Riem",9.9,2815,28488.3,"Personenkraftwagen Erstzulassungen (insgesamt)","mittlerer Personenkraftwagen-Bestand (insgesamt)"
"Erstzulassungsanteil Personenkraftwagen","insgesamt",2008,"16 Ramersdorf - Perlach",6.7,2695,40366.8,"Personenkraftwagen Erstzulassungen (insgesamt)","mittlerer Personenkraftwagen-Bestand (insgesamt)"
"Erstzulassungsanteil Personenkraftwagen","insgesamt",2008,"17 Obergiesing - Fasangarten",6.2,924,14975.3,"Personenkraftwagen Erstzulassungen (insgesamt)","mittlerer Personenkraftwagen-Bestand (insgesamt)"
"Erstzulassungsanteil Personenkraftwagen","insgesamt",2008,"18 Untergiesing - Harlaching",6.2,1154,18647.2,"Personenkraftwagen Erstzulassungen (insgesamt)","mittlerer Personenkraftwagen-Bestand (insgesamt)"
"Erstzulassungsanteil Personenkraftwagen","insgesamt",2008,"19 Thalkirchen - Obersendling - Forstenried - Fürstenried - Solln",7.7,2989,39050.8,"Personenkraftwagen Erstzulassungen (insgesamt)","mittlerer Personenkraftwagen-Bestand (insgesamt)"
"Erstzulassungsanteil Personenkraftwagen","insgesamt",2008,"20 Hadern",5,888,17742.3,"Personenkraftwagen Erstzulassungen (insgesamt)","mittlerer Personenkraftwagen-Bestand (insgesamt)"
"Erstzulassungsanteil Personenkraftwagen","insgesamt",2008,"21 Pasing - Obermenzing",9.8,2965,30324.9,"Personenkraftwagen Erstzulassungen (insgesamt)","mittlerer Personenkraftwagen-Bestand (insgesamt)"
"Erstzulassungsanteil Personenkraftwagen","insgesamt",2008,"22 Aubing - Lochhausen - Langwied",5,814,16161.3,"Personenkraftwagen Erstzulassungen (insgesamt)","mittlerer Personenkraftwagen-Bestand (insgesamt)"
"Erstzulassungsanteil Personenkraftwagen","insgesamt",2008,"23 Allach - Untermenzing",9.3,1391,14882.3,"Personenkraftwagen Erstzulassungen (insgesamt)","mittlerer Personenkraftwagen-Bestand (insgesamt)"
"Erstzulassungsanteil Personenkraftwagen","insgesamt",2008,"24 Feldmoching - Hasenbergl",6,1255,21046.3,"Personenkraftwagen Erstzulassungen (insgesamt)","mittlerer Personenkraftwagen-Bestand (insgesamt)"
"Erstzulassungsanteil Personenkraftwagen","insgesamt",2008,"25 Laim",9.2,1893,20601.5,"Personenkraftwagen Erstzulassungen (insgesamt)","mittlerer Personenkraftwagen-Bestand (insgesamt)"
"Erstzulassungsanteil Personenkraftwagen","insgesamt",2007,"Stadt München",16.7,99612,595036.7,"Personenkraftwagen Erstzulassungen (insgesamt)","mittlerer Personenkraftwagen-Bestand (insgesamt)"
"Erstzulassungsanteil Personenkraftwagen","insgesamt",2007,"01 Altstadt - Lehel",18.2,3093,16990.3,"Personenkraftwagen Erstzulassungen (insgesamt)","mittlerer Personenkraftwagen-Bestand (insgesamt)"
"Erstzulassungsanteil Personenkraftwagen","insgesamt",2007,"02 Ludwigsvorstadt - Isarvorstadt",8.3,1350,16315.8,"Personenkraftwagen Erstzulassungen (insgesamt)","mittlerer Personenkraftwagen-Bestand (insgesamt)"
"Erstzulassungsanteil Personenkraftwagen","insgesamt",2007,"03 Maxvorstadt",28.8,5993,20832.2,"Personenkraftwagen Erstzulassungen (insgesamt)","mittlerer Personenkraftwagen-Bestand (insgesamt)"
"Erstzulassungsanteil Personenkraftwagen","insgesamt",2007,"04 Schwabing - West",5.6,1140,20382.3,"Personenkraftwagen Erstzulassungen (insgesamt)","mittlerer Personenkraftwagen-Bestand (insgesamt)"
"Erstzulassungsanteil Personenkraftwagen","insgesamt",2007,"05 Au - Haidhausen",11.3,2025,17965.2,"Personenkraftwagen Erstzulassungen (insgesamt)","mittlerer Personenkraftwagen-Bestand (insgesamt)"
"Erstzulassungsanteil Personenkraftwagen","insgesamt",2007,"06 Sendling",5.5,732,13388.3,"Personenkraftwagen Erstzulassungen (insgesamt)","mittlerer Personenkraftwagen-Bestand (insgesamt)"
"Erstzulassungsanteil Personenkraftwagen","insgesamt",2007,"07 Sendling - Westpark",8.3,1769,21193.3,"Personenkraftwagen Erstzulassungen (insgesamt)","mittlerer Personenkraftwagen-Bestand (insgesamt)"
"Erstzulassungsanteil Personenkraftwagen","insgesamt",2007,"08 Schwanthalerhöhe",22.6,2383,10524.4,"Personenkraftwagen Erstzulassungen (insgesamt)","mittlerer Personenkraftwagen-Bestand (insgesamt)"
"Erstzulassungsanteil Personenkraftwagen","insgesamt",2007,"09 Neuhausen - Nymphenburg",10.5,3404,32497.8,"Personenkraftwagen Erstzulassungen (insgesamt)","mittlerer Personenkraftwagen-Bestand (insgesamt)"
"Erstzulassungsanteil Personenkraftwagen","insgesamt",2007,"10 Moosach",25.5,6037,23711.9,"Personenkraftwagen Erstzulassungen (insgesamt)","mittlerer Personenkraftwagen-Bestand (insgesamt)"
"Erstzulassungsanteil Personenkraftwagen","insgesamt",2007,"11 Milbertshofen - Am Hart",73.8,34213,46381.5,"Personenkraftwagen Erstzulassungen (insgesamt)","mittlerer Personenkraftwagen-Bestand (insgesamt)"
"Erstzulassungsanteil Personenkraftwagen","insgesamt",2007,"12 Schwabing - Freimann",30.4,9035,29744.1,"Personenkraftwagen Erstzulassungen (insgesamt)","mittlerer Personenkraftwagen-Bestand (insgesamt)"
"Erstzulassungsanteil Personenkraftwagen","insgesamt",2007,"13 Bogenhausen",7.7,3640,47372.7,"Personenkraftwagen Erstzulassungen (insgesamt)","mittlerer Personenkraftwagen-Bestand (insgesamt)"
"Erstzulassungsanteil Personenkraftwagen","insgesamt",2007,"14 Berg am Laim",7.6,1205,15882.1,"Personenkraftwagen Erstzulassungen (insgesamt)","mittlerer Personenkraftwagen-Bestand (insgesamt)"
"Erstzulassungsanteil Personenkraftwagen","insgesamt",2007,"15 Trudering - Riem",10.2,2818,27629.8,"Personenkraftwagen Erstzulassungen (insgesamt)","mittlerer Personenkraftwagen-Bestand (insgesamt)"
"Erstzulassungsanteil Personenkraftwagen","insgesamt",2007,"16 Ramersdorf - Perlach",6.3,2565,40853.4,"Personenkraftwagen Erstzulassungen (insgesamt)","mittlerer Personenkraftwagen-Bestand (insgesamt)"
"Erstzulassungsanteil Personenkraftwagen","insgesamt",2007,"17 Obergiesing - Fasangarten",6.7,1021,15149.6,"Personenkraftwagen Erstzulassungen (insgesamt)","mittlerer Personenkraftwagen-Bestand (insgesamt)"
"Erstzulassungsanteil Personenkraftwagen","insgesamt",2007,"18 Untergiesing - Harlaching",5.9,1089,18582.8,"Personenkraftwagen Erstzulassungen (insgesamt)","mittlerer Personenkraftwagen-Bestand (insgesamt)"
"Erstzulassungsanteil Personenkraftwagen","insgesamt",2007,"19 Thalkirchen - Obersendling - Forstenried - Fürstenried - Solln",8.1,3159,38827.8,"Personenkraftwagen Erstzulassungen (insgesamt)","mittlerer Personenkraftwagen-Bestand (insgesamt)"
"Erstzulassungsanteil Personenkraftwagen","insgesamt",2007,"20 Hadern",4.9,862,17678.9,"Personenkraftwagen Erstzulassungen (insgesamt)","mittlerer Personenkraftwagen-Bestand (insgesamt)"
"Erstzulassungsanteil Personenkraftwagen","insgesamt",2007,"21 Pasing - Obermenzing",21.6,6669,30930.4,"Personenkraftwagen Erstzulassungen (insgesamt)","mittlerer Personenkraftwagen-Bestand (insgesamt)"
"Erstzulassungsanteil Personenkraftwagen","insgesamt",2007,"22 Aubing - Lochhausen - Langwied",5.1,820,16132.7,"Personenkraftwagen Erstzulassungen (insgesamt)","mittlerer Personenkraftwagen-Bestand (insgesamt)"
"Erstzulassungsanteil Personenkraftwagen","insgesamt",2007,"23 Allach - Untermenzing",8.6,1248,14540.8,"Personenkraftwagen Erstzulassungen (insgesamt)","mittlerer Personenkraftwagen-Bestand (insgesamt)"
"Erstzulassungsanteil Personenkraftwagen","insgesamt",2007,"24 Feldmoching - Hasenbergl",6.6,1390,20958.8,"Personenkraftwagen Erstzulassungen (insgesamt)","mittlerer Personenkraftwagen-Bestand (insgesamt)"
"Erstzulassungsanteil Personenkraftwagen","insgesamt",2007,"25 Laim",9.4,1941,20568.3,"Personenkraftwagen Erstzulassungen (insgesamt)","mittlerer Personenkraftwagen-Bestand (insgesamt)"
"Erstzulassungsanteil Personenkraftwagen","insgesamt",2006,"Stadt München",17.9,105613,590414.6,"Personenkraftwagen Erstzulassungen (insgesamt)","mittlerer Personenkraftwagen-Bestand (insgesamt)"
"Erstzulassungsanteil Personenkraftwagen","insgesamt",2006,"01 Altstadt - Lehel",19.3,3225,16674.3,"Personenkraftwagen Erstzulassungen (insgesamt)","mittlerer Personenkraftwagen-Bestand (insgesamt)"
"Erstzulassungsanteil Personenkraftwagen","insgesamt",2006,"02 Ludwigsvorstadt - Isarvorstadt",9.1,1509,16613,"Personenkraftwagen Erstzulassungen (insgesamt)","mittlerer Personenkraftwagen-Bestand (insgesamt)"
"Erstzulassungsanteil Personenkraftwagen","insgesamt",2006,"03 Maxvorstadt",12.6,2396,19048,"Personenkraftwagen Erstzulassungen (insgesamt)","mittlerer Personenkraftwagen-Bestand (insgesamt)"
"Erstzulassungsanteil Personenkraftwagen","insgesamt",2006,"04 Schwabing - West",6,1200,20150.9,"Personenkraftwagen Erstzulassungen (insgesamt)","mittlerer Personenkraftwagen-Bestand (insgesamt)"
"Erstzulassungsanteil Personenkraftwagen","insgesamt",2006,"05 Au - Haidhausen",9.9,1779,17984.9,"Personenkraftwagen Erstzulassungen (insgesamt)","mittlerer Personenkraftwagen-Bestand (insgesamt)"
"Erstzulassungsanteil Personenkraftwagen","insgesamt",2006,"06 Sendling",6.8,914,13438.8,"Personenkraftwagen Erstzulassungen (insgesamt)","mittlerer Personenkraftwagen-Bestand (insgesamt)"
"Erstzulassungsanteil Personenkraftwagen","insgesamt",2006,"07 Sendling - Westpark",8.6,1813,20989.6,"Personenkraftwagen Erstzulassungen (insgesamt)","mittlerer Personenkraftwagen-Bestand (insgesamt)"
"Erstzulassungsanteil Personenkraftwagen","insgesamt",2006,"08 Schwanthalerhöhe",25.3,2656,10502.3,"Personenkraftwagen Erstzulassungen (insgesamt)","mittlerer Personenkraftwagen-Bestand (insgesamt)"
"Erstzulassungsanteil Personenkraftwagen","insgesamt",2006,"09 Neuhausen - Nymphenburg",11.5,3724,32349.2,"Personenkraftwagen Erstzulassungen (insgesamt)","mittlerer Personenkraftwagen-Bestand (insgesamt)"
"Erstzulassungsanteil Personenkraftwagen","insgesamt",2006,"10 Moosach",22.5,5248,23346.7,"Personenkraftwagen Erstzulassungen (insgesamt)","mittlerer Personenkraftwagen-Bestand (insgesamt)"
"Erstzulassungsanteil Personenkraftwagen","insgesamt",2006,"11 Milbertshofen - Am Hart",84.7,40151,47406.4,"Personenkraftwagen Erstzulassungen (insgesamt)","mittlerer Personenkraftwagen-Bestand (insgesamt)"
"Erstzulassungsanteil Personenkraftwagen","insgesamt",2006,"12 Schwabing - Freimann",19.3,5409,27985.7,"Personenkraftwagen Erstzulassungen (insgesamt)","mittlerer Personenkraftwagen-Bestand (insgesamt)"
"Erstzulassungsanteil Personenkraftwagen","insgesamt",2006,"13 Bogenhausen",21.2,10116,47713.5,"Personenkraftwagen Erstzulassungen (insgesamt)","mittlerer Personenkraftwagen-Bestand (insgesamt)"
"Erstzulassungsanteil Personenkraftwagen","insgesamt",2006,"14 Berg am Laim",9.1,1444,15885.5,"Personenkraftwagen Erstzulassungen (insgesamt)","mittlerer Personenkraftwagen-Bestand (insgesamt)"
"Erstzulassungsanteil Personenkraftwagen","insgesamt",2006,"15 Trudering - Riem",11.4,3098,27068.1,"Personenkraftwagen Erstzulassungen (insgesamt)","mittlerer Personenkraftwagen-Bestand (insgesamt)"
"Erstzulassungsanteil Personenkraftwagen","insgesamt",2006,"16 Ramersdorf - Perlach",8.5,3503,41403.3,"Personenkraftwagen Erstzulassungen (insgesamt)","mittlerer Personenkraftwagen-Bestand (insgesamt)"
"Erstzulassungsanteil Personenkraftwagen","insgesamt",2006,"17 Obergiesing - Fasangarten",7.8,1184,15171.2,"Personenkraftwagen Erstzulassungen (insgesamt)","mittlerer Personenkraftwagen-Bestand (insgesamt)"
"Erstzulassungsanteil Personenkraftwagen","insgesamt",2006,"18 Untergiesing - Harlaching",6.7,1249,18521.5,"Personenkraftwagen Erstzulassungen (insgesamt)","mittlerer Personenkraftwagen-Bestand (insgesamt)"
"Erstzulassungsanteil Personenkraftwagen","insgesamt",2006,"19 Thalkirchen - Obersendling - Forstenried - Fürstenried - Solln",8.6,3329,38775.4,"Personenkraftwagen Erstzulassungen (insgesamt)","mittlerer Personenkraftwagen-Bestand (insgesamt)"
"Erstzulassungsanteil Personenkraftwagen","insgesamt",2006,"20 Hadern",6,1062,17741.6,"Personenkraftwagen Erstzulassungen (insgesamt)","mittlerer Personenkraftwagen-Bestand (insgesamt)"
"Erstzulassungsanteil Personenkraftwagen","insgesamt",2006,"21 Pasing - Obermenzing",15.3,4569,29886.5,"Personenkraftwagen Erstzulassungen (insgesamt)","mittlerer Personenkraftwagen-Bestand (insgesamt)"
"Erstzulassungsanteil Personenkraftwagen","insgesamt",2006,"22 Aubing - Lochhausen - Langwied",6,964,16140.8,"Personenkraftwagen Erstzulassungen (insgesamt)","mittlerer Personenkraftwagen-Bestand (insgesamt)"
"Erstzulassungsanteil Personenkraftwagen","insgesamt",2006,"23 Allach - Untermenzing",9.3,1339,14393.1,"Personenkraftwagen Erstzulassungen (insgesamt)","mittlerer Personenkraftwagen-Bestand (insgesamt)"
"Erstzulassungsanteil Personenkraftwagen","insgesamt",2006,"24 Feldmoching - Hasenbergl",7.2,1499,20795.5,"Personenkraftwagen Erstzulassungen (insgesamt)","mittlerer Personenkraftwagen-Bestand (insgesamt)"
"Erstzulassungsanteil Personenkraftwagen","insgesamt",2006,"25 Laim",10.9,2220,20429,"Personenkraftwagen Erstzulassungen (insgesamt)","mittlerer Personenkraftwagen-Bestand (insgesamt)"
"Erstzulassungsanteil Personenkraftwagen","privat",2009,"Stadt München",6.9,32635,473276.6,"Personenkraftwagen Erstzulassungen (privat)","mittlerer Personenkraftwagen-Bestand (privat)"
"Erstzulassungsanteil Personenkraftwagen","privat",2009,"01 Altstadt - Lehel",6.9,499,7182.1,"Personenkraftwagen Erstzulassungen (privat)","mittlerer Personenkraftwagen-Bestand (privat)"
"Erstzulassungsanteil Personenkraftwagen","privat",2009,"02 Ludwigsvorstadt - Isarvorstadt",6.5,820,12624.8,"Personenkraftwagen Erstzulassungen (privat)","mittlerer Personenkraftwagen-Bestand (privat)"
"Erstzulassungsanteil Personenkraftwagen","privat",2009,"03 Maxvorstadt",6.6,887,13426.1,"Personenkraftwagen Erstzulassungen (privat)","mittlerer Personenkraftwagen-Bestand (privat)"
"Erstzulassungsanteil Personenkraftwagen","privat",2009,"04 Schwabing - West",6.4,1234,19316.8,"Personenkraftwagen Erstzulassungen (privat)","mittlerer Personenkraftwagen-Bestand (privat)"
"Erstzulassungsanteil Personenkraftwagen","privat",2009,"05 Au - Haidhausen",6.9,1075,15606.7,"Personenkraftwagen Erstzulassungen (privat)","mittlerer Personenkraftwagen-Bestand (privat)"
"Erstzulassungsanteil Personenkraftwagen","privat",2009,"06 Sendling",6.6,784,11809.2,"Personenkraftwagen Erstzulassungen (privat)","mittlerer Personenkraftwagen-Bestand (privat)"
"Erstzulassungsanteil Personenkraftwagen","privat",2009,"07 Sendling - Westpark",6.6,1187,17879.2,"Personenkraftwagen Erstzulassungen (privat)","mittlerer Personenkraftwagen-Bestand (privat)"
"Erstzulassungsanteil Personenkraftwagen","privat",2009,"08 Schwanthalerhöhe",6.1,435,7103.2,"Personenkraftwagen Erstzulassungen (privat)","mittlerer Personenkraftwagen-Bestand (privat)"
"Erstzulassungsanteil Personenkraftwagen","privat",2009,"09 Neuhausen - Nymphenburg",6.7,1932,28868.4,"Personenkraftwagen Erstzulassungen (privat)","mittlerer Personenkraftwagen-Bestand (privat)"
"Erstzulassungsanteil Personenkraftwagen","privat",2009,"10 Moosach",6.4,1118,17479.8,"Personenkraftwagen Erstzulassungen (privat)","mittlerer Personenkraftwagen-Bestand (privat)"
"Erstzulassungsanteil Personenkraftwagen","privat",2009,"11 Milbertshofen - Am Hart",6.5,1277,19658.3,"Personenkraftwagen Erstzulassungen (privat)","mittlerer Personenkraftwagen-Bestand (privat)"
"Erstzulassungsanteil Personenkraftwagen","privat",2009,"12 Schwabing - Freimann",6.8,1488,21751.5,"Personenkraftwagen Erstzulassungen (privat)","mittlerer Personenkraftwagen-Bestand (privat)"
"Erstzulassungsanteil Personenkraftwagen","privat",2009,"13 Bogenhausen",7.4,2393,32465.3,"Personenkraftwagen Erstzulassungen (privat)","mittlerer Personenkraftwagen-Bestand (privat)"
"Erstzulassungsanteil Personenkraftwagen","privat",2009,"14 Berg am Laim",6.7,880,13155,"Personenkraftwagen Erstzulassungen (privat)","mittlerer Personenkraftwagen-Bestand (privat)"
"Erstzulassungsanteil Personenkraftwagen","privat",2009,"15 Trudering - Riem",7.6,1890,24965.3,"Personenkraftwagen Erstzulassungen (privat)","mittlerer Personenkraftwagen-Bestand (privat)"
"Erstzulassungsanteil Personenkraftwagen","privat",2009,"16 Ramersdorf - Perlach",7.2,2613,36286.4,"Personenkraftwagen Erstzulassungen (privat)","mittlerer Personenkraftwagen-Bestand (privat)"
"Erstzulassungsanteil Personenkraftwagen","privat",2009,"17 Obergiesing - Fasangarten",6.5,922,14197.4,"Personenkraftwagen Erstzulassungen (privat)","mittlerer Personenkraftwagen-Bestand (privat)"
"Erstzulassungsanteil Personenkraftwagen","privat",2009,"18 Untergiesing - Harlaching",7,1222,17459.8,"Personenkraftwagen Erstzulassungen (privat)","mittlerer Personenkraftwagen-Bestand (privat)"
"Erstzulassungsanteil Personenkraftwagen","privat",2009,"19 Thalkirchen - Obersendling - Forstenried - Fürstenried - Solln",7.1,2390,33719.6,"Personenkraftwagen Erstzulassungen (privat)","mittlerer Personenkraftwagen-Bestand (privat)"
"Erstzulassungsanteil Personenkraftwagen","privat",2009,"20 Hadern",6.9,1190,17147.3,"Personenkraftwagen Erstzulassungen (privat)","mittlerer Personenkraftwagen-Bestand (privat)"
"Erstzulassungsanteil Personenkraftwagen","privat",2009,"21 Pasing - Obermenzing",6.5,1678,25884,"Personenkraftwagen Erstzulassungen (privat)","mittlerer Personenkraftwagen-Bestand (privat)"
"Erstzulassungsanteil Personenkraftwagen","privat",2009,"22 Aubing - Lochhausen - Langwied",6.6,1015,15346.3,"Personenkraftwagen Erstzulassungen (privat)","mittlerer Personenkraftwagen-Bestand (privat)"
"Erstzulassungsanteil Personenkraftwagen","privat",2009,"23 Allach - Untermenzing",6.9,893,12890,"Personenkraftwagen Erstzulassungen (privat)","mittlerer Personenkraftwagen-Bestand (privat)"
"Erstzulassungsanteil Personenkraftwagen","privat",2009,"24 Feldmoching - Hasenbergl",6.7,1321,19806.9,"Personenkraftwagen Erstzulassungen (privat)","mittlerer Personenkraftwagen-Bestand (privat)"
"Erstzulassungsanteil Personenkraftwagen","privat",2009,"25 Laim",6.6,1135,17247.3,"Personenkraftwagen Erstzulassungen (privat)","mittlerer Personenkraftwagen-Bestand (privat)"
"Erstzulassungsanteil Personenkraftwagen","privat",2008,"Stadt München",4.4,20360,467005.8,"Personenkraftwagen Erstzulassungen (privat)","mittlerer Personenkraftwagen-Bestand (privat)"
"Erstzulassungsanteil Personenkraftwagen","privat",2008,"01 Altstadt - Lehel",6.6,473,7148.2,"Personenkraftwagen Erstzulassungen (privat)","mittlerer Personenkraftwagen-Bestand (privat)"
"Erstzulassungsanteil Personenkraftwagen","privat",2008,"02 Ludwigsvorstadt - Isarvorstadt",4.5,556,12407.8,"Personenkraftwagen Erstzulassungen (privat)","mittlerer Personenkraftwagen-Bestand (privat)"
"Erstzulassungsanteil Personenkraftwagen","privat",2008,"03 Maxvorstadt",5.1,681,13240.3,"Personenkraftwagen Erstzulassungen (privat)","mittlerer Personenkraftwagen-Bestand (privat)"
"Erstzulassungsanteil Personenkraftwagen","privat",2008,"04 Schwabing - West",4.4,838,19008.3,"Personenkraftwagen Erstzulassungen (privat)","mittlerer Personenkraftwagen-Bestand (privat)"
"Erstzulassungsanteil Personenkraftwagen","privat",2008,"05 Au - Haidhausen",4.3,674,15524.2,"Personenkraftwagen Erstzulassungen (privat)","mittlerer Personenkraftwagen-Bestand (privat)"
"Erstzulassungsanteil Personenkraftwagen","privat",2008,"06 Sendling",3.7,433,11703.7,"Personenkraftwagen Erstzulassungen (privat)","mittlerer Personenkraftwagen-Bestand (privat)"
"Erstzulassungsanteil Personenkraftwagen","privat",2008,"07 Sendling - Westpark",3.9,694,17631,"Personenkraftwagen Erstzulassungen (privat)","mittlerer Personenkraftwagen-Bestand (privat)"
"Erstzulassungsanteil Personenkraftwagen","privat",2008,"08 Schwanthalerhöhe",4.2,290,6885,"Personenkraftwagen Erstzulassungen (privat)","mittlerer Personenkraftwagen-Bestand (privat)"
"Erstzulassungsanteil Personenkraftwagen","privat",2008,"09 Neuhausen - Nymphenburg",4.3,1223,28379.8,"Personenkraftwagen Erstzulassungen (privat)","mittlerer Personenkraftwagen-Bestand (privat)"
"Erstzulassungsanteil Personenkraftwagen","privat",2008,"10 Moosach",3.7,640,17344,"Personenkraftwagen Erstzulassungen (privat)","mittlerer Personenkraftwagen-Bestand (privat)"
"Erstzulassungsanteil Personenkraftwagen","privat",2008,"11 Milbertshofen - Am Hart",3.9,765,19528.2,"Personenkraftwagen Erstzulassungen (privat)","mittlerer Personenkraftwagen-Bestand (privat)"
"Erstzulassungsanteil Personenkraftwagen","privat",2008,"12 Schwabing - Freimann",4.7,1014,21464.5,"Personenkraftwagen Erstzulassungen (privat)","mittlerer Personenkraftwagen-Bestand (privat)"
"Erstzulassungsanteil Personenkraftwagen","privat",2008,"13 Bogenhausen",5,1593,32114.3,"Personenkraftwagen Erstzulassungen (privat)","mittlerer Personenkraftwagen-Bestand (privat)"
"Erstzulassungsanteil Personenkraftwagen","privat",2008,"14 Berg am Laim",4.2,549,13123,"Personenkraftwagen Erstzulassungen (privat)","mittlerer Personenkraftwagen-Bestand (privat)"
"Erstzulassungsanteil Personenkraftwagen","privat",2008,"15 Trudering - Riem",5.1,1220,24090.1,"Personenkraftwagen Erstzulassungen (privat)","mittlerer Personenkraftwagen-Bestand (privat)"
"Erstzulassungsanteil Personenkraftwagen","privat",2008,"16 Ramersdorf - Perlach",4.1,1483,35974.8,"Personenkraftwagen Erstzulassungen (privat)","mittlerer Personenkraftwagen-Bestand (privat)"
"Erstzulassungsanteil Personenkraftwagen","privat",2008,"17 Obergiesing - Fasangarten",3.7,525,14051.8,"Personenkraftwagen Erstzulassungen (privat)","mittlerer Personenkraftwagen-Bestand (privat)"
"Erstzulassungsanteil Personenkraftwagen","privat",2008,"18 Untergiesing - Harlaching",4.7,825,17413.4,"Personenkraftwagen Erstzulassungen (privat)","mittlerer Personenkraftwagen-Bestand (privat)"
"Erstzulassungsanteil Personenkraftwagen","privat",2008,"19 Thalkirchen - Obersendling - Forstenried - Fürstenried - Solln",4.4,1485,33381.3,"Personenkraftwagen Erstzulassungen (privat)","mittlerer Personenkraftwagen-Bestand (privat)"
"Erstzulassungsanteil Personenkraftwagen","privat",2008,"20 Hadern",4.4,739,16950.4,"Personenkraftwagen Erstzulassungen (privat)","mittlerer Personenkraftwagen-Bestand (privat)"
"Erstzulassungsanteil Personenkraftwagen","privat",2008,"21 Pasing - Obermenzing",4.3,1106,25433.6,"Personenkraftwagen Erstzulassungen (privat)","mittlerer Personenkraftwagen-Bestand (privat)"
"Erstzulassungsanteil Personenkraftwagen","privat",2008,"22 Aubing - Lochhausen - Langwied",3.8,584,15196.3,"Personenkraftwagen Erstzulassungen (privat)","mittlerer Personenkraftwagen-Bestand (privat)"
"Erstzulassungsanteil Personenkraftwagen","privat",2008,"23 Allach - Untermenzing",4.6,584,12612.8,"Personenkraftwagen Erstzulassungen (privat)","mittlerer Personenkraftwagen-Bestand (privat)"
"Erstzulassungsanteil Personenkraftwagen","privat",2008,"24 Feldmoching - Hasenbergl",4,768,19417.8,"Personenkraftwagen Erstzulassungen (privat)","mittlerer Personenkraftwagen-Bestand (privat)"
"Erstzulassungsanteil Personenkraftwagen","privat",2008,"25 Laim",3.6,618,16981.4,"Personenkraftwagen Erstzulassungen (privat)","mittlerer Personenkraftwagen-Bestand (privat)"
"Erstzulassungsanteil Personenkraftwagen","privat",2007,"Stadt München",4.4,20453,466073.9,"Personenkraftwagen Erstzulassungen (privat)","mittlerer Personenkraftwagen-Bestand (privat)"
"Erstzulassungsanteil Personenkraftwagen","privat",2007,"01 Altstadt - Lehel",6.8,489,7167.3,"Personenkraftwagen Erstzulassungen (privat)","mittlerer Personenkraftwagen-Bestand (privat)"
"Erstzulassungsanteil Personenkraftwagen","privat",2007,"02 Ludwigsvorstadt - Isarvorstadt",4.4,546,12339,"Personenkraftwagen Erstzulassungen (privat)","mittlerer Personenkraftwagen-Bestand (privat)"
"Erstzulassungsanteil Personenkraftwagen","privat",2007,"03 Maxvorstadt",4.7,623,13119,"Personenkraftwagen Erstzulassungen (privat)","mittlerer Personenkraftwagen-Bestand (privat)"
"Erstzulassungsanteil Personenkraftwagen","privat",2007,"04 Schwabing - West",4.2,785,18858.8,"Personenkraftwagen Erstzulassungen (privat)","mittlerer Personenkraftwagen-Bestand (privat)"
"Erstzulassungsanteil Personenkraftwagen","privat",2007,"05 Au - Haidhausen",4.5,696,15500.3,"Personenkraftwagen Erstzulassungen (privat)","mittlerer Personenkraftwagen-Bestand (privat)"
"Erstzulassungsanteil Personenkraftwagen","privat",2007,"06 Sendling",4,470,11758.1,"Personenkraftwagen Erstzulassungen (privat)","mittlerer Personenkraftwagen-Bestand (privat)"
"Erstzulassungsanteil Personenkraftwagen","privat",2007,"07 Sendling - Westpark",4,708,17705.5,"Personenkraftwagen Erstzulassungen (privat)","mittlerer Personenkraftwagen-Bestand (privat)"
"Erstzulassungsanteil Personenkraftwagen","privat",2007,"08 Schwanthalerhöhe",3.9,265,6855.5,"Personenkraftwagen Erstzulassungen (privat)","mittlerer Personenkraftwagen-Bestand (privat)"
"Erstzulassungsanteil Personenkraftwagen","privat",2007,"09 Neuhausen - Nymphenburg",4.5,1273,28350.2,"Personenkraftwagen Erstzulassungen (privat)","mittlerer Personenkraftwagen-Bestand (privat)"
"Erstzulassungsanteil Personenkraftwagen","privat",2007,"10 Moosach",3.8,669,17448.6,"Personenkraftwagen Erstzulassungen (privat)","mittlerer Personenkraftwagen-Bestand (privat)"
"Erstzulassungsanteil Personenkraftwagen","privat",2007,"11 Milbertshofen - Am Hart",4,785,19578.7,"Personenkraftwagen Erstzulassungen (privat)","mittlerer Personenkraftwagen-Bestand (privat)"
"Erstzulassungsanteil Personenkraftwagen","privat",2007,"12 Schwabing - Freimann",4.7,997,21433,"Personenkraftwagen Erstzulassungen (privat)","mittlerer Personenkraftwagen-Bestand (privat)"
"Erstzulassungsanteil Personenkraftwagen","privat",2007,"13 Bogenhausen",4.9,1571,32006.6,"Personenkraftwagen Erstzulassungen (privat)","mittlerer Personenkraftwagen-Bestand (privat)"
"Erstzulassungsanteil Personenkraftwagen","privat",2007,"14 Berg am Laim",4,526,13243.9,"Personenkraftwagen Erstzulassungen (privat)","mittlerer Personenkraftwagen-Bestand (privat)"
"Erstzulassungsanteil Personenkraftwagen","privat",2007,"15 Trudering - Riem",5.4,1262,23468.3,"Personenkraftwagen Erstzulassungen (privat)","mittlerer Personenkraftwagen-Bestand (privat)"
"Erstzulassungsanteil Personenkraftwagen","privat",2007,"16 Ramersdorf - Perlach",3.9,1426,36149.9,"Personenkraftwagen Erstzulassungen (privat)","mittlerer Personenkraftwagen-Bestand (privat)"
"Erstzulassungsanteil Personenkraftwagen","privat",2007,"17 Obergiesing - Fasangarten",4,560,14171.4,"Personenkraftwagen Erstzulassungen (privat)","mittlerer Personenkraftwagen-Bestand (privat)"
"Erstzulassungsanteil Personenkraftwagen","privat",2007,"18 Untergiesing - Harlaching",4.6,807,17454.3,"Personenkraftwagen Erstzulassungen (privat)","mittlerer Personenkraftwagen-Bestand (privat)"
"Erstzulassungsanteil Personenkraftwagen","privat",2007,"19 Thalkirchen - Obersendling - Forstenried - Fürstenried - Solln",4.7,1571,33284.5,"Personenkraftwagen Erstzulassungen (privat)","mittlerer Personenkraftwagen-Bestand (privat)"
"Erstzulassungsanteil Personenkraftwagen","privat",2007,"20 Hadern",4.1,701,16948.8,"Personenkraftwagen Erstzulassungen (privat)","mittlerer Personenkraftwagen-Bestand (privat)"
"Erstzulassungsanteil Personenkraftwagen","privat",2007,"21 Pasing - Obermenzing",4.3,1094,25248,"Personenkraftwagen Erstzulassungen (privat)","mittlerer Personenkraftwagen-Bestand (privat)"
"Erstzulassungsanteil Personenkraftwagen","privat",2007,"22 Aubing - Lochhausen - Langwied",3.9,595,15196.9,"Personenkraftwagen Erstzulassungen (privat)","mittlerer Personenkraftwagen-Bestand (privat)"
"Erstzulassungsanteil Personenkraftwagen","privat",2007,"23 Allach - Untermenzing",4.5,560,12392.7,"Personenkraftwagen Erstzulassungen (privat)","mittlerer Personenkraftwagen-Bestand (privat)"
"Erstzulassungsanteil Personenkraftwagen","privat",2007,"24 Feldmoching - Hasenbergl",4.3,825,19325.7,"Personenkraftwagen Erstzulassungen (privat)","mittlerer Personenkraftwagen-Bestand (privat)"
"Erstzulassungsanteil Personenkraftwagen","privat",2007,"25 Laim",3.8,649,17067.6,"Personenkraftwagen Erstzulassungen (privat)","mittlerer Personenkraftwagen-Bestand (privat)"
"Erstzulassungsanteil Personenkraftwagen","privat",2006,"Stadt München",5.3,24887,466658.9,"Personenkraftwagen Erstzulassungen (privat)","mittlerer Personenkraftwagen-Bestand (privat)"
"Erstzulassungsanteil Personenkraftwagen","privat",2006,"01 Altstadt - Lehel",6.9,493,7174.6,"Personenkraftwagen Erstzulassungen (privat)","mittlerer Personenkraftwagen-Bestand (privat)"
"Erstzulassungsanteil Personenkraftwagen","privat",2006,"02 Ludwigsvorstadt - Isarvorstadt",5.3,665,12519.3,"Personenkraftwagen Erstzulassungen (privat)","mittlerer Personenkraftwagen-Bestand (privat)"
"Erstzulassungsanteil Personenkraftwagen","privat",2006,"03 Maxvorstadt",5.5,716,13109.1,"Personenkraftwagen Erstzulassungen (privat)","mittlerer Personenkraftwagen-Bestand (privat)"
"Erstzulassungsanteil Personenkraftwagen","privat",2006,"04 Schwabing - West",5,938,18675.1,"Personenkraftwagen Erstzulassungen (privat)","mittlerer Personenkraftwagen-Bestand (privat)"
"Erstzulassungsanteil Personenkraftwagen","privat",2006,"05 Au - Haidhausen",4.8,749,15659.3,"Personenkraftwagen Erstzulassungen (privat)","mittlerer Personenkraftwagen-Bestand (privat)"
"Erstzulassungsanteil Personenkraftwagen","privat",2006,"06 Sendling",4.8,566,11776.2,"Personenkraftwagen Erstzulassungen (privat)","mittlerer Personenkraftwagen-Bestand (privat)"
"Erstzulassungsanteil Personenkraftwagen","privat",2006,"07 Sendling - Westpark",4.9,869,17744.6,"Personenkraftwagen Erstzulassungen (privat)","mittlerer Personenkraftwagen-Bestand (privat)"
"Erstzulassungsanteil Personenkraftwagen","privat",2006,"08 Schwanthalerhöhe",4.3,294,6906.8,"Personenkraftwagen Erstzulassungen (privat)","mittlerer Personenkraftwagen-Bestand (privat)"
"Erstzulassungsanteil Personenkraftwagen","privat",2006,"09 Neuhausen - Nymphenburg",5.1,1449,28420,"Personenkraftwagen Erstzulassungen (privat)","mittlerer Personenkraftwagen-Bestand (privat)"
"Erstzulassungsanteil Personenkraftwagen","privat",2006,"10 Moosach",4.9,869,17572.8,"Personenkraftwagen Erstzulassungen (privat)","mittlerer Personenkraftwagen-Bestand (privat)"
"Erstzulassungsanteil Personenkraftwagen","privat",2006,"11 Milbertshofen - Am Hart",4.6,903,19631.1,"Personenkraftwagen Erstzulassungen (privat)","mittlerer Personenkraftwagen-Bestand (privat)"
"Erstzulassungsanteil Personenkraftwagen","privat",2006,"12 Schwabing - Freimann",5.6,1191,21418.1,"Personenkraftwagen Erstzulassungen (privat)","mittlerer Personenkraftwagen-Bestand (privat)"
"Erstzulassungsanteil Personenkraftwagen","privat",2006,"13 Bogenhausen",6.3,2005,32003.2,"Personenkraftwagen Erstzulassungen (privat)","mittlerer Personenkraftwagen-Bestand (privat)"
"Erstzulassungsanteil Personenkraftwagen","privat",2006,"14 Berg am Laim",4.9,656,13326,"Personenkraftwagen Erstzulassungen (privat)","mittlerer Personenkraftwagen-Bestand (privat)"
"Erstzulassungsanteil Personenkraftwagen","privat",2006,"15 Trudering - Riem",6.3,1454,22911.2,"Personenkraftwagen Erstzulassungen (privat)","mittlerer Personenkraftwagen-Bestand (privat)"
"Erstzulassungsanteil Personenkraftwagen","privat",2006,"16 Ramersdorf - Perlach",5.3,1941,36468.1,"Personenkraftwagen Erstzulassungen (privat)","mittlerer Personenkraftwagen-Bestand (privat)"
"Erstzulassungsanteil Personenkraftwagen","privat",2006,"17 Obergiesing - Fasangarten",4.8,683,14224.9,"Personenkraftwagen Erstzulassungen (privat)","mittlerer Personenkraftwagen-Bestand (privat)"
"Erstzulassungsanteil Personenkraftwagen","privat",2006,"18 Untergiesing - Harlaching",5.7,992,17545.7,"Personenkraftwagen Erstzulassungen (privat)","mittlerer Personenkraftwagen-Bestand (privat)"
"Erstzulassungsanteil Personenkraftwagen","privat",2006,"19 Thalkirchen - Obersendling - Forstenried - Fürstenried - Solln",5.7,1875,33162.3,"Personenkraftwagen Erstzulassungen (privat)","mittlerer Personenkraftwagen-Bestand (privat)"
"Erstzulassungsanteil Personenkraftwagen","privat",2006,"20 Hadern",5.3,902,17023.8,"Personenkraftwagen Erstzulassungen (privat)","mittlerer Personenkraftwagen-Bestand (privat)"
"Erstzulassungsanteil Personenkraftwagen","privat",2006,"21 Pasing - Obermenzing",5.6,1405,25304.4,"Personenkraftwagen Erstzulassungen (privat)","mittlerer Personenkraftwagen-Bestand (privat)"
"Erstzulassungsanteil Personenkraftwagen","privat",2006,"22 Aubing - Lochhausen - Langwied",5,758,15198.6,"Personenkraftwagen Erstzulassungen (privat)","mittlerer Personenkraftwagen-Bestand (privat)"
"Erstzulassungsanteil Personenkraftwagen","privat",2006,"23 Allach - Untermenzing",5.7,699,12343.9,"Personenkraftwagen Erstzulassungen (privat)","mittlerer Personenkraftwagen-Bestand (privat)"
"Erstzulassungsanteil Personenkraftwagen","privat",2006,"24 Feldmoching - Hasenbergl",5.1,997,19376.8,"Personenkraftwagen Erstzulassungen (privat)","mittlerer Personenkraftwagen-Bestand (privat)"
"Erstzulassungsanteil Personenkraftwagen","privat",2006,"25 Laim",4.8,816,17163.3,"Personenkraftwagen Erstzulassungen (privat)","mittlerer Personenkraftwagen-Bestand (privat)"
