"Indikator","Ausprägung","Jahr","Raumbezug","Indikatorwert","Basiswert.1","Basiswert.2","Basiswert.3","Basiswert.4","Basiswert.5","Name.Basiswert.1","Name.Basiswert.2","Name.Basiswert.3","Name.Basiswert.4","Name.Basiswert.5"
"Flächennutzung","Gebäude- und zugehörige Freifläche",2024,"Stadt München",44.7,138743523.6,310728188.4,NA,NA,NA,"Gebäude- und zugehörige Freifläche","Fläche (insgesamt)",NA,NA,NA
"Flächennutzung","Gebäude- und zugehörige Freifläche",2024,"01 Altstadt - Lehel",47.4,1491452.3,3145888.1,NA,NA,NA,"Gebäude- und zugehörige Freifläche","Fläche (insgesamt)",NA,NA,NA
"Flächennutzung","Gebäude- und zugehörige Freifläche",2024,"02 Ludwigsvorstadt - Isarvorstadt",54.5,2399831.9,4401650.7,NA,NA,NA,"Gebäude- und zugehörige Freifläche","Fläche (insgesamt)",NA,NA,NA
"Flächennutzung","Gebäude- und zugehörige Freifläche",2024,"03 Maxvorstadt",69,2963746,4298192.3,NA,NA,NA,"Gebäude- und zugehörige Freifläche","Fläche (insgesamt)",NA,NA,NA
"Flächennutzung","Gebäude- und zugehörige Freifläche",2024,"04 Schwabing - West",62.9,2742489.8,4363287.5,NA,NA,NA,"Gebäude- und zugehörige Freifläche","Fläche (insgesamt)",NA,NA,NA
"Flächennutzung","Gebäude- und zugehörige Freifläche",2024,"05 Au - Haidhausen",56.1,2365506.9,4219982.8,NA,NA,NA,"Gebäude- und zugehörige Freifläche","Fläche (insgesamt)",NA,NA,NA
"Flächennutzung","Gebäude- und zugehörige Freifläche",2024,"06 Sendling",40,1575639.2,3938931.9,NA,NA,NA,"Gebäude- und zugehörige Freifläche","Fläche (insgesamt)",NA,NA,NA
"Flächennutzung","Gebäude- und zugehörige Freifläche",2024,"07 Sendling - Westpark",53,4139056.6,7814853.1,NA,NA,NA,"Gebäude- und zugehörige Freifläche","Fläche (insgesamt)",NA,NA,NA
"Flächennutzung","Gebäude- und zugehörige Freifläche",2024,"08 Schwanthalerhöhe",56.6,1171085,2070313.2,NA,NA,NA,"Gebäude- und zugehörige Freifläche","Fläche (insgesamt)",NA,NA,NA
"Flächennutzung","Gebäude- und zugehörige Freifläche",2024,"09 Neuhausen - Nymphenburg",47.8,6167275.8,12914863.8,NA,NA,NA,"Gebäude- und zugehörige Freifläche","Fläche (insgesamt)",NA,NA,NA
"Flächennutzung","Gebäude- und zugehörige Freifläche",2024,"10 Moosach",47.3,5244281.3,11093673.1,NA,NA,NA,"Gebäude- und zugehörige Freifläche","Fläche (insgesamt)",NA,NA,NA
"Flächennutzung","Gebäude- und zugehörige Freifläche",2024,"11 Milbertshofen - Am Hart",50.1,6718797.2,13417210.9,NA,NA,NA,"Gebäude- und zugehörige Freifläche","Fläche (insgesamt)",NA,NA,NA
"Flächennutzung","Gebäude- und zugehörige Freifläche",2024,"12 Schwabing - Freimann",36.8,9448208.4,25674488.6,NA,NA,NA,"Gebäude- und zugehörige Freifläche","Fläche (insgesamt)",NA,NA,NA
"Flächennutzung","Gebäude- und zugehörige Freifläche",2024,"13 Bogenhausen",41.4,9824143.7,23712918.2,NA,NA,NA,"Gebäude- und zugehörige Freifläche","Fläche (insgesamt)",NA,NA,NA
"Flächennutzung","Gebäude- und zugehörige Freifläche",2024,"14 Berg am Laim",59.2,3741374.8,6315330.6,NA,NA,NA,"Gebäude- und zugehörige Freifläche","Fläche (insgesamt)",NA,NA,NA
"Flächennutzung","Gebäude- und zugehörige Freifläche",2024,"15 Trudering - Riem",48.5,10886611.8,22453898.2,NA,NA,NA,"Gebäude- und zugehörige Freifläche","Fläche (insgesamt)",NA,NA,NA
"Flächennutzung","Gebäude- und zugehörige Freifläche",2024,"16 Ramersdorf - Perlach",51,10149284.4,19897106.1,NA,NA,NA,"Gebäude- und zugehörige Freifläche","Fläche (insgesamt)",NA,NA,NA
"Flächennutzung","Gebäude- und zugehörige Freifläche",2024,"17 Obergiesing - Fasangarten",60.1,3437923.9,5720858.9,NA,NA,NA,"Gebäude- und zugehörige Freifläche","Fläche (insgesamt)",NA,NA,NA
"Flächennutzung","Gebäude- und zugehörige Freifläche",2024,"18 Untergiesing - Harlaching",52.8,4253933.1,8057175.1,NA,NA,NA,"Gebäude- und zugehörige Freifläche","Fläche (insgesamt)",NA,NA,NA
"Flächennutzung","Gebäude- und zugehörige Freifläche",2024,"19 Thalkirchen - Obersendling - Forstenried - Fürstenried - Solln",56.6,10057347,17763477.9,NA,NA,NA,"Gebäude- und zugehörige Freifläche","Fläche (insgesamt)",NA,NA,NA
"Flächennutzung","Gebäude- und zugehörige Freifläche",2024,"20 Hadern",54.1,4985880.2,9223739.6,NA,NA,NA,"Gebäude- und zugehörige Freifläche","Fläche (insgesamt)",NA,NA,NA
"Flächennutzung","Gebäude- und zugehörige Freifläche",2024,"21 Pasing - Obermenzing",52.2,8616276,16497495.3,NA,NA,NA,"Gebäude- und zugehörige Freifläche","Fläche (insgesamt)",NA,NA,NA
"Flächennutzung","Gebäude- und zugehörige Freifläche",2024,"22 Aubing - Lochhausen - Langwied",23.7,8072799.6,34057241.8,NA,NA,NA,"Gebäude- und zugehörige Freifläche","Fläche (insgesamt)",NA,NA,NA
"Flächennutzung","Gebäude- und zugehörige Freifläche",2024,"23 Allach - Untermenzing",45.2,6989053.6,15451175.7,NA,NA,NA,"Gebäude- und zugehörige Freifläche","Fläche (insgesamt)",NA,NA,NA
"Flächennutzung","Gebäude- und zugehörige Freifläche",2024,"24 Feldmoching - Hasenbergl",26.8,7758350.1,28938420.3,NA,NA,NA,"Gebäude- und zugehörige Freifläche","Fläche (insgesamt)",NA,NA,NA
"Flächennutzung","Gebäude- und zugehörige Freifläche",2024,"25 Laim",67,3543175.1,5286014.8,NA,NA,NA,"Gebäude- und zugehörige Freifläche","Fläche (insgesamt)",NA,NA,NA
"Flächennutzung","Gebäude- und zugehörige Freifläche",2023,"Stadt München",44.6,138624634.6,310728188.4,NA,NA,NA,"Gebäude- und zugehörige Freifläche","Fläche (insgesamt)",NA,NA,NA
"Flächennutzung","Gebäude- und zugehörige Freifläche",2023,"01 Altstadt - Lehel",47.4,1491510.3,3145888.1,NA,NA,NA,"Gebäude- und zugehörige Freifläche","Fläche (insgesamt)",NA,NA,NA
"Flächennutzung","Gebäude- und zugehörige Freifläche",2023,"02 Ludwigsvorstadt - Isarvorstadt",54.5,2399523.6,4401650.7,NA,NA,NA,"Gebäude- und zugehörige Freifläche","Fläche (insgesamt)",NA,NA,NA
"Flächennutzung","Gebäude- und zugehörige Freifläche",2023,"03 Maxvorstadt",68.9,2961387,4298192.3,NA,NA,NA,"Gebäude- und zugehörige Freifläche","Fläche (insgesamt)",NA,NA,NA
"Flächennutzung","Gebäude- und zugehörige Freifläche",2023,"04 Schwabing - West",62.9,2742441,4363287.5,NA,NA,NA,"Gebäude- und zugehörige Freifläche","Fläche (insgesamt)",NA,NA,NA
"Flächennutzung","Gebäude- und zugehörige Freifläche",2023,"05 Au - Haidhausen",56.2,2370633.7,4219982.8,NA,NA,NA,"Gebäude- und zugehörige Freifläche","Fläche (insgesamt)",NA,NA,NA
"Flächennutzung","Gebäude- und zugehörige Freifläche",2023,"06 Sendling",40,1575652,3938931.9,NA,NA,NA,"Gebäude- und zugehörige Freifläche","Fläche (insgesamt)",NA,NA,NA
"Flächennutzung","Gebäude- und zugehörige Freifläche",2023,"07 Sendling - Westpark",53,4141838.6,7814853.1,NA,NA,NA,"Gebäude- und zugehörige Freifläche","Fläche (insgesamt)",NA,NA,NA
"Flächennutzung","Gebäude- und zugehörige Freifläche",2023,"08 Schwanthalerhöhe",56.3,1165202.2,2070313.2,NA,NA,NA,"Gebäude- und zugehörige Freifläche","Fläche (insgesamt)",NA,NA,NA
"Flächennutzung","Gebäude- und zugehörige Freifläche",2023,"09 Neuhausen - Nymphenburg",47.8,6169109.1,12914863.8,NA,NA,NA,"Gebäude- und zugehörige Freifläche","Fläche (insgesamt)",NA,NA,NA
"Flächennutzung","Gebäude- und zugehörige Freifläche",2023,"10 Moosach",47.3,5250594.4,11093673.1,NA,NA,NA,"Gebäude- und zugehörige Freifläche","Fläche (insgesamt)",NA,NA,NA
"Flächennutzung","Gebäude- und zugehörige Freifläche",2023,"11 Milbertshofen - Am Hart",50.1,6724734.9,13417210.9,NA,NA,NA,"Gebäude- und zugehörige Freifläche","Fläche (insgesamt)",NA,NA,NA
"Flächennutzung","Gebäude- und zugehörige Freifläche",2023,"12 Schwabing - Freimann",36.8,9457852.2,25674488.6,NA,NA,NA,"Gebäude- und zugehörige Freifläche","Fläche (insgesamt)",NA,NA,NA
"Flächennutzung","Gebäude- und zugehörige Freifläche",2023,"13 Bogenhausen",41.4,9824232.7,23712918.2,NA,NA,NA,"Gebäude- und zugehörige Freifläche","Fläche (insgesamt)",NA,NA,NA
"Flächennutzung","Gebäude- und zugehörige Freifläche",2023,"14 Berg am Laim",59,3727458.7,6315330.6,NA,NA,NA,"Gebäude- und zugehörige Freifläche","Fläche (insgesamt)",NA,NA,NA
"Flächennutzung","Gebäude- und zugehörige Freifläche",2023,"15 Trudering - Riem",47.6,10694463.8,22453898.2,NA,NA,NA,"Gebäude- und zugehörige Freifläche","Fläche (insgesamt)",NA,NA,NA
"Flächennutzung","Gebäude- und zugehörige Freifläche",2023,"16 Ramersdorf - Perlach",51.3,10209362,19897106.1,NA,NA,NA,"Gebäude- und zugehörige Freifläche","Fläche (insgesamt)",NA,NA,NA
"Flächennutzung","Gebäude- und zugehörige Freifläche",2023,"17 Obergiesing - Fasangarten",60.1,3438151.2,5720858.9,NA,NA,NA,"Gebäude- und zugehörige Freifläche","Fläche (insgesamt)",NA,NA,NA
"Flächennutzung","Gebäude- und zugehörige Freifläche",2023,"18 Untergiesing - Harlaching",52.9,4266103.6,8057175.1,NA,NA,NA,"Gebäude- und zugehörige Freifläche","Fläche (insgesamt)",NA,NA,NA
"Flächennutzung","Gebäude- und zugehörige Freifläche",2023,"19 Thalkirchen - Obersendling - Forstenried - Fürstenried - Solln",56.7,10073299.4,17763477.9,NA,NA,NA,"Gebäude- und zugehörige Freifläche","Fläche (insgesamt)",NA,NA,NA
"Flächennutzung","Gebäude- und zugehörige Freifläche",2023,"20 Hadern",54.1,4985659.2,9223739.6,NA,NA,NA,"Gebäude- und zugehörige Freifläche","Fläche (insgesamt)",NA,NA,NA
"Flächennutzung","Gebäude- und zugehörige Freifläche",2023,"21 Pasing - Obermenzing",52.2,8612427.5,16497495.3,NA,NA,NA,"Gebäude- und zugehörige Freifläche","Fläche (insgesamt)",NA,NA,NA
"Flächennutzung","Gebäude- und zugehörige Freifläche",2023,"22 Aubing - Lochhausen - Langwied",23.6,8040798.7,34057241.9,NA,NA,NA,"Gebäude- und zugehörige Freifläche","Fläche (insgesamt)",NA,NA,NA
"Flächennutzung","Gebäude- und zugehörige Freifläche",2023,"23 Allach - Untermenzing",45.2,6986870.8,15451175.7,NA,NA,NA,"Gebäude- und zugehörige Freifläche","Fläche (insgesamt)",NA,NA,NA
"Flächennutzung","Gebäude- und zugehörige Freifläche",2023,"24 Feldmoching - Hasenbergl",26.9,7772215.9,28938420.3,NA,NA,NA,"Gebäude- und zugehörige Freifläche","Fläche (insgesamt)",NA,NA,NA
"Flächennutzung","Gebäude- und zugehörige Freifläche",2023,"25 Laim",67,3543112.2,5286014.8,NA,NA,NA,"Gebäude- und zugehörige Freifläche","Fläche (insgesamt)",NA,NA,NA
"Flächennutzung","Gebäude- und zugehörige Freifläche",2022,"Stadt München",44.6,138703909,310728188.5,NA,NA,NA,"Gebäude- und zugehörige Freifläche","Fläche (insgesamt)",NA,NA,NA
"Flächennutzung","Gebäude- und zugehörige Freifläche",2022,"01 Altstadt - Lehel",47.4,1491506.5,3145888.1,NA,NA,NA,"Gebäude- und zugehörige Freifläche","Fläche (insgesamt)",NA,NA,NA
"Flächennutzung","Gebäude- und zugehörige Freifläche",2022,"02 Ludwigsvorstadt - Isarvorstadt",54.5,2399492.8,4401650.7,NA,NA,NA,"Gebäude- und zugehörige Freifläche","Fläche (insgesamt)",NA,NA,NA
"Flächennutzung","Gebäude- und zugehörige Freifläche",2022,"03 Maxvorstadt",69,2963668.6,4298192.3,NA,NA,NA,"Gebäude- und zugehörige Freifläche","Fläche (insgesamt)",NA,NA,NA
"Flächennutzung","Gebäude- und zugehörige Freifläche",2022,"04 Schwabing - West",62.8,2741945.9,4363287.5,NA,NA,NA,"Gebäude- und zugehörige Freifläche","Fläche (insgesamt)",NA,NA,NA
"Flächennutzung","Gebäude- und zugehörige Freifläche",2022,"05 Au - Haidhausen",56.1,2368643.5,4219982.8,NA,NA,NA,"Gebäude- und zugehörige Freifläche","Fläche (insgesamt)",NA,NA,NA
"Flächennutzung","Gebäude- und zugehörige Freifläche",2022,"06 Sendling",40,1575421.9,3938931.9,NA,NA,NA,"Gebäude- und zugehörige Freifläche","Fläche (insgesamt)",NA,NA,NA
"Flächennutzung","Gebäude- und zugehörige Freifläche",2022,"07 Sendling - Westpark",53,4142585,7814853.1,NA,NA,NA,"Gebäude- und zugehörige Freifläche","Fläche (insgesamt)",NA,NA,NA
"Flächennutzung","Gebäude- und zugehörige Freifläche",2022,"08 Schwanthalerhöhe",56.5,1170219.8,2070313.2,NA,NA,NA,"Gebäude- und zugehörige Freifläche","Fläche (insgesamt)",NA,NA,NA
"Flächennutzung","Gebäude- und zugehörige Freifläche",2022,"09 Neuhausen - Nymphenburg",47.7,6164924.6,12914863.8,NA,NA,NA,"Gebäude- und zugehörige Freifläche","Fläche (insgesamt)",NA,NA,NA
"Flächennutzung","Gebäude- und zugehörige Freifläche",2022,"10 Moosach",47.3,5250137.7,11093673.1,NA,NA,NA,"Gebäude- und zugehörige Freifläche","Fläche (insgesamt)",NA,NA,NA
"Flächennutzung","Gebäude- und zugehörige Freifläche",2022,"11 Milbertshofen - Am Hart",50.1,6724881.5,13417210.9,NA,NA,NA,"Gebäude- und zugehörige Freifläche","Fläche (insgesamt)",NA,NA,NA
"Flächennutzung","Gebäude- und zugehörige Freifläche",2022,"12 Schwabing - Freimann",37,9496645.1,25674488.6,NA,NA,NA,"Gebäude- und zugehörige Freifläche","Fläche (insgesamt)",NA,NA,NA
"Flächennutzung","Gebäude- und zugehörige Freifläche",2022,"13 Bogenhausen",41.4,9823727.4,23712918.2,NA,NA,NA,"Gebäude- und zugehörige Freifläche","Fläche (insgesamt)",NA,NA,NA
"Flächennutzung","Gebäude- und zugehörige Freifläche",2022,"14 Berg am Laim",59,3728698,6315330.6,NA,NA,NA,"Gebäude- und zugehörige Freifläche","Fläche (insgesamt)",NA,NA,NA
"Flächennutzung","Gebäude- und zugehörige Freifläche",2022,"15 Trudering - Riem",47.6,10694226.8,22453898.2,NA,NA,NA,"Gebäude- und zugehörige Freifläche","Fläche (insgesamt)",NA,NA,NA
"Flächennutzung","Gebäude- und zugehörige Freifläche",2022,"16 Ramersdorf - Perlach",51.3,10205021.4,19897105.9,NA,NA,NA,"Gebäude- und zugehörige Freifläche","Fläche (insgesamt)",NA,NA,NA
"Flächennutzung","Gebäude- und zugehörige Freifläche",2022,"17 Obergiesing - Fasangarten",60,3432332.7,5720859.1,NA,NA,NA,"Gebäude- und zugehörige Freifläche","Fläche (insgesamt)",NA,NA,NA
"Flächennutzung","Gebäude- und zugehörige Freifläche",2022,"18 Untergiesing - Harlaching",52.9,4266184.9,8057175.1,NA,NA,NA,"Gebäude- und zugehörige Freifläche","Fläche (insgesamt)",NA,NA,NA
"Flächennutzung","Gebäude- und zugehörige Freifläche",2022,"19 Thalkirchen - Obersendling - Forstenried - Fürstenried - Solln",56.7,10070649.7,17763477.9,NA,NA,NA,"Gebäude- und zugehörige Freifläche","Fläche (insgesamt)",NA,NA,NA
"Flächennutzung","Gebäude- und zugehörige Freifläche",2022,"20 Hadern",54.1,4985908.2,9223739.6,NA,NA,NA,"Gebäude- und zugehörige Freifläche","Fläche (insgesamt)",NA,NA,NA
"Flächennutzung","Gebäude- und zugehörige Freifläche",2022,"21 Pasing - Obermenzing",52.1,8594424.9,16497495.3,NA,NA,NA,"Gebäude- und zugehörige Freifläche","Fläche (insgesamt)",NA,NA,NA
"Flächennutzung","Gebäude- und zugehörige Freifläche",2022,"22 Aubing - Lochhausen - Langwied",23.5,8001108.1,34057242,NA,NA,NA,"Gebäude- und zugehörige Freifläche","Fläche (insgesamt)",NA,NA,NA
"Flächennutzung","Gebäude- und zugehörige Freifläche",2022,"23 Allach - Untermenzing",45.8,7080592.3,15451175.7,NA,NA,NA,"Gebäude- und zugehörige Freifläche","Fläche (insgesamt)",NA,NA,NA
"Flächennutzung","Gebäude- und zugehörige Freifläche",2022,"24 Feldmoching - Hasenbergl",26.9,7786722.5,28938420.3,NA,NA,NA,"Gebäude- und zugehörige Freifläche","Fläche (insgesamt)",NA,NA,NA
"Flächennutzung","Gebäude- und zugehörige Freifläche",2022,"25 Laim",67,3544239.1,5286014.8,NA,NA,NA,"Gebäude- und zugehörige Freifläche","Fläche (insgesamt)",NA,NA,NA
"Flächennutzung","Gebäude- und zugehörige Freifläche",2021,"Stadt München",44.7,138789014.3,310728188.5,NA,NA,NA,"Gebäude- und zugehörige Freifläche","Fläche (insgesamt)",NA,NA,NA
"Flächennutzung","Gebäude- und zugehörige Freifläche",2021,"01 Altstadt - Lehel",47.4,1491465.6,3145888.1,NA,NA,NA,"Gebäude- und zugehörige Freifläche","Fläche (insgesamt)",NA,NA,NA
"Flächennutzung","Gebäude- und zugehörige Freifläche",2021,"02 Ludwigsvorstadt - Isarvorstadt",54.5,2399832.8,4401650.7,NA,NA,NA,"Gebäude- und zugehörige Freifläche","Fläche (insgesamt)",NA,NA,NA
"Flächennutzung","Gebäude- und zugehörige Freifläche",2021,"03 Maxvorstadt",69,2963687.2,4298192.3,NA,NA,NA,"Gebäude- und zugehörige Freifläche","Fläche (insgesamt)",NA,NA,NA
"Flächennutzung","Gebäude- und zugehörige Freifläche",2021,"04 Schwabing - West",62.8,2741952.5,4363287.5,NA,NA,NA,"Gebäude- und zugehörige Freifläche","Fläche (insgesamt)",NA,NA,NA
"Flächennutzung","Gebäude- und zugehörige Freifläche",2021,"05 Au - Haidhausen",56.1,2368282.7,4219982.8,NA,NA,NA,"Gebäude- und zugehörige Freifläche","Fläche (insgesamt)",NA,NA,NA
"Flächennutzung","Gebäude- und zugehörige Freifläche",2021,"06 Sendling",40,1575719.2,3938931.9,NA,NA,NA,"Gebäude- und zugehörige Freifläche","Fläche (insgesamt)",NA,NA,NA
"Flächennutzung","Gebäude- und zugehörige Freifläche",2021,"07 Sendling - Westpark",53,4141784.4,7814853.1,NA,NA,NA,"Gebäude- und zugehörige Freifläche","Fläche (insgesamt)",NA,NA,NA
"Flächennutzung","Gebäude- und zugehörige Freifläche",2021,"08 Schwanthalerhöhe",56.5,1170217.4,2070313.2,NA,NA,NA,"Gebäude- und zugehörige Freifläche","Fläche (insgesamt)",NA,NA,NA
"Flächennutzung","Gebäude- und zugehörige Freifläche",2021,"09 Neuhausen - Nymphenburg",48,6202899.7,12914863.8,NA,NA,NA,"Gebäude- und zugehörige Freifläche","Fläche (insgesamt)",NA,NA,NA
"Flächennutzung","Gebäude- und zugehörige Freifläche",2021,"10 Moosach",47.4,5258220.7,11093673.1,NA,NA,NA,"Gebäude- und zugehörige Freifläche","Fläche (insgesamt)",NA,NA,NA
"Flächennutzung","Gebäude- und zugehörige Freifläche",2021,"11 Milbertshofen - Am Hart",50,6713221.3,13417210.9,NA,NA,NA,"Gebäude- und zugehörige Freifläche","Fläche (insgesamt)",NA,NA,NA
"Flächennutzung","Gebäude- und zugehörige Freifläche",2021,"12 Schwabing - Freimann",37,9496463.3,25674488.6,NA,NA,NA,"Gebäude- und zugehörige Freifläche","Fläche (insgesamt)",NA,NA,NA
"Flächennutzung","Gebäude- und zugehörige Freifläche",2021,"13 Bogenhausen",41.4,9820112.8,23712918.2,NA,NA,NA,"Gebäude- und zugehörige Freifläche","Fläche (insgesamt)",NA,NA,NA
"Flächennutzung","Gebäude- und zugehörige Freifläche",2021,"14 Berg am Laim",59,3728728.9,6315330.6,NA,NA,NA,"Gebäude- und zugehörige Freifläche","Fläche (insgesamt)",NA,NA,NA
"Flächennutzung","Gebäude- und zugehörige Freifläche",2021,"15 Trudering - Riem",47.6,10696182.6,22453898.2,NA,NA,NA,"Gebäude- und zugehörige Freifläche","Fläche (insgesamt)",NA,NA,NA
"Flächennutzung","Gebäude- und zugehörige Freifläche",2021,"16 Ramersdorf - Perlach",51.3,10213227.1,19897105.8,NA,NA,NA,"Gebäude- und zugehörige Freifläche","Fläche (insgesamt)",NA,NA,NA
"Flächennutzung","Gebäude- und zugehörige Freifläche",2021,"17 Obergiesing - Fasangarten",60,3432646,5720859.1,NA,NA,NA,"Gebäude- und zugehörige Freifläche","Fläche (insgesamt)",NA,NA,NA
"Flächennutzung","Gebäude- und zugehörige Freifläche",2021,"18 Untergiesing - Harlaching",52.9,4265818.8,8057175.1,NA,NA,NA,"Gebäude- und zugehörige Freifläche","Fläche (insgesamt)",NA,NA,NA
"Flächennutzung","Gebäude- und zugehörige Freifläche",2021,"19 Thalkirchen - Obersendling - Forstenried - Fürstenried - Solln",56.6,10062083.1,17763477.9,NA,NA,NA,"Gebäude- und zugehörige Freifläche","Fläche (insgesamt)",NA,NA,NA
"Flächennutzung","Gebäude- und zugehörige Freifläche",2021,"20 Hadern",54.1,4985986.1,9223739.6,NA,NA,NA,"Gebäude- und zugehörige Freifläche","Fläche (insgesamt)",NA,NA,NA
"Flächennutzung","Gebäude- und zugehörige Freifläche",2021,"21 Pasing - Obermenzing",52.5,8668578.4,16497495.3,NA,NA,NA,"Gebäude- und zugehörige Freifläche","Fläche (insgesamt)",NA,NA,NA
"Flächennutzung","Gebäude- und zugehörige Freifläche",2021,"22 Aubing - Lochhausen - Langwied",23.4,7979151.6,34057242,NA,NA,NA,"Gebäude- und zugehörige Freifläche","Fläche (insgesamt)",NA,NA,NA
"Flächennutzung","Gebäude- und zugehörige Freifläche",2021,"23 Allach - Untermenzing",45.8,7082625.1,15451175.7,NA,NA,NA,"Gebäude- und zugehörige Freifläche","Fläche (insgesamt)",NA,NA,NA
"Flächennutzung","Gebäude- und zugehörige Freifläche",2021,"24 Feldmoching - Hasenbergl",26.9,7786543.2,28938420.3,NA,NA,NA,"Gebäude- und zugehörige Freifläche","Fläche (insgesamt)",NA,NA,NA
"Flächennutzung","Gebäude- und zugehörige Freifläche",2021,"25 Laim",67,3543583.9,5286014.8,NA,NA,NA,"Gebäude- und zugehörige Freifläche","Fläche (insgesamt)",NA,NA,NA
"Flächennutzung","Gebäude- und zugehörige Freifläche",2020,"Stadt München",44.6,138592701.6,310728448.8,NA,NA,NA,"Gebäude- und zugehörige Freifläche","Fläche (insgesamt)",NA,NA,NA
"Flächennutzung","Gebäude- und zugehörige Freifläche",2020,"01 Altstadt - Lehel",47.4,1491085.9,3145888.1,NA,NA,NA,"Gebäude- und zugehörige Freifläche","Fläche (insgesamt)",NA,NA,NA
"Flächennutzung","Gebäude- und zugehörige Freifläche",2020,"02 Ludwigsvorstadt - Isarvorstadt",54.5,2400663.6,4401650.7,NA,NA,NA,"Gebäude- und zugehörige Freifläche","Fläche (insgesamt)",NA,NA,NA
"Flächennutzung","Gebäude- und zugehörige Freifläche",2020,"03 Maxvorstadt",68.9,2962942,4298192.3,NA,NA,NA,"Gebäude- und zugehörige Freifläche","Fläche (insgesamt)",NA,NA,NA
"Flächennutzung","Gebäude- und zugehörige Freifläche",2020,"04 Schwabing - West",63,2747284.7,4363287.5,NA,NA,NA,"Gebäude- und zugehörige Freifläche","Fläche (insgesamt)",NA,NA,NA
"Flächennutzung","Gebäude- und zugehörige Freifläche",2020,"05 Au - Haidhausen",56.1,2366181,4219982.8,NA,NA,NA,"Gebäude- und zugehörige Freifläche","Fläche (insgesamt)",NA,NA,NA
"Flächennutzung","Gebäude- und zugehörige Freifläche",2020,"06 Sendling",39.9,1572865.4,3938931.9,NA,NA,NA,"Gebäude- und zugehörige Freifläche","Fläche (insgesamt)",NA,NA,NA
"Flächennutzung","Gebäude- und zugehörige Freifläche",2020,"07 Sendling - Westpark",53,4139391,7814853.1,NA,NA,NA,"Gebäude- und zugehörige Freifläche","Fläche (insgesamt)",NA,NA,NA
"Flächennutzung","Gebäude- und zugehörige Freifläche",2020,"08 Schwanthalerhöhe",56.5,1170211.1,2070313.2,NA,NA,NA,"Gebäude- und zugehörige Freifläche","Fläche (insgesamt)",NA,NA,NA
"Flächennutzung","Gebäude- und zugehörige Freifläche",2020,"09 Neuhausen - Nymphenburg",48.1,6207442.6,12914863.8,NA,NA,NA,"Gebäude- und zugehörige Freifläche","Fläche (insgesamt)",NA,NA,NA
"Flächennutzung","Gebäude- und zugehörige Freifläche",2020,"10 Moosach",47.5,5267937.6,11093673.1,NA,NA,NA,"Gebäude- und zugehörige Freifläche","Fläche (insgesamt)",NA,NA,NA
"Flächennutzung","Gebäude- und zugehörige Freifläche",2020,"11 Milbertshofen - Am Hart",50,6713172.2,13417210.9,NA,NA,NA,"Gebäude- und zugehörige Freifläche","Fläche (insgesamt)",NA,NA,NA
"Flächennutzung","Gebäude- und zugehörige Freifläche",2020,"12 Schwabing - Freimann",37.1,9521613,25674746.5,NA,NA,NA,"Gebäude- und zugehörige Freifläche","Fläche (insgesamt)",NA,NA,NA
"Flächennutzung","Gebäude- und zugehörige Freifläche",2020,"13 Bogenhausen",41.4,9819680.1,23712920.7,NA,NA,NA,"Gebäude- und zugehörige Freifläche","Fläche (insgesamt)",NA,NA,NA
"Flächennutzung","Gebäude- und zugehörige Freifläche",2020,"14 Berg am Laim",59,3726033.8,6315330.6,NA,NA,NA,"Gebäude- und zugehörige Freifläche","Fläche (insgesamt)",NA,NA,NA
"Flächennutzung","Gebäude- und zugehörige Freifläche",2020,"15 Trudering - Riem",47.6,10687670.3,22453898.2,NA,NA,NA,"Gebäude- und zugehörige Freifläche","Fläche (insgesamt)",NA,NA,NA
"Flächennutzung","Gebäude- und zugehörige Freifläche",2020,"16 Ramersdorf - Perlach",51.3,10206673,19897105.8,NA,NA,NA,"Gebäude- und zugehörige Freifläche","Fläche (insgesamt)",NA,NA,NA
"Flächennutzung","Gebäude- und zugehörige Freifläche",2020,"17 Obergiesing - Fasangarten",60.1,3437498.3,5720859.1,NA,NA,NA,"Gebäude- und zugehörige Freifläche","Fläche (insgesamt)",NA,NA,NA
"Flächennutzung","Gebäude- und zugehörige Freifläche",2020,"18 Untergiesing - Harlaching",52.9,4265554.9,8057175.1,NA,NA,NA,"Gebäude- und zugehörige Freifläche","Fläche (insgesamt)",NA,NA,NA
"Flächennutzung","Gebäude- und zugehörige Freifläche",2020,"19 Thalkirchen - Obersendling - Forstenried - Fürstenried - Solln",56.6,10047905.5,17763477.9,NA,NA,NA,"Gebäude- und zugehörige Freifläche","Fläche (insgesamt)",NA,NA,NA
"Flächennutzung","Gebäude- und zugehörige Freifläche",2020,"20 Hadern",53.9,4969984.8,9223739.6,NA,NA,NA,"Gebäude- und zugehörige Freifläche","Fläche (insgesamt)",NA,NA,NA
"Flächennutzung","Gebäude- und zugehörige Freifläche",2020,"21 Pasing - Obermenzing",52.5,8665295.4,16497495.3,NA,NA,NA,"Gebäude- und zugehörige Freifläche","Fläche (insgesamt)",NA,NA,NA
"Flächennutzung","Gebäude- und zugehörige Freifläche",2020,"22 Aubing - Lochhausen - Langwied",23.2,7887023.9,34057242,NA,NA,NA,"Gebäude- und zugehörige Freifläche","Fläche (insgesamt)",NA,NA,NA
"Flächennutzung","Gebäude- und zugehörige Freifläche",2020,"23 Allach - Untermenzing",45.7,7062434.9,15451175.7,NA,NA,NA,"Gebäude- und zugehörige Freifläche","Fläche (insgesamt)",NA,NA,NA
"Flächennutzung","Gebäude- und zugehörige Freifläche",2020,"24 Feldmoching - Hasenbergl",26.7,7714401.6,28938420.3,NA,NA,NA,"Gebäude- und zugehörige Freifläche","Fläche (insgesamt)",NA,NA,NA
"Flächennutzung","Gebäude- und zugehörige Freifläche",2020,"25 Laim",67,3541754.9,5286014.8,NA,NA,NA,"Gebäude- und zugehörige Freifläche","Fläche (insgesamt)",NA,NA,NA
"Flächennutzung","Gebäude- und zugehörige Freifläche",2019,"Stadt München",44.6,138476172.8,310714467.3,NA,NA,NA,"Gebäude- und zugehörige Freifläche","Fläche (insgesamt)",NA,NA,NA
"Flächennutzung","Gebäude- und zugehörige Freifläche",2019,"01 Altstadt - Lehel",47.4,1489996.1,3145668.2,NA,NA,NA,"Gebäude- und zugehörige Freifläche","Fläche (insgesamt)",NA,NA,NA
"Flächennutzung","Gebäude- und zugehörige Freifläche",2019,"02 Ludwigsvorstadt - Isarvorstadt",54.5,2400182.5,4401386.5,NA,NA,NA,"Gebäude- und zugehörige Freifläche","Fläche (insgesamt)",NA,NA,NA
"Flächennutzung","Gebäude- und zugehörige Freifläche",2019,"03 Maxvorstadt",69,2963577.7,4297903.8,NA,NA,NA,"Gebäude- und zugehörige Freifläche","Fläche (insgesamt)",NA,NA,NA
"Flächennutzung","Gebäude- und zugehörige Freifläche",2019,"04 Schwabing - West",63,2747121.9,4363035.1,NA,NA,NA,"Gebäude- und zugehörige Freifläche","Fläche (insgesamt)",NA,NA,NA
"Flächennutzung","Gebäude- und zugehörige Freifläche",2019,"05 Au - Haidhausen",56.1,2365385,4219638.2,NA,NA,NA,"Gebäude- und zugehörige Freifläche","Fläche (insgesamt)",NA,NA,NA
"Flächennutzung","Gebäude- und zugehörige Freifläche",2019,"06 Sendling",40,1574179.9,3938707.8,NA,NA,NA,"Gebäude- und zugehörige Freifläche","Fläche (insgesamt)",NA,NA,NA
"Flächennutzung","Gebäude- und zugehörige Freifläche",2019,"07 Sendling - Westpark",53,4141670.3,7814519,NA,NA,NA,"Gebäude- und zugehörige Freifläche","Fläche (insgesamt)",NA,NA,NA
"Flächennutzung","Gebäude- und zugehörige Freifläche",2019,"08 Schwanthalerhöhe",56.6,1170989.9,2070209.9,NA,NA,NA,"Gebäude- und zugehörige Freifläche","Fläche (insgesamt)",NA,NA,NA
"Flächennutzung","Gebäude- und zugehörige Freifläche",2019,"09 Neuhausen - Nymphenburg",48,6203264.2,12914467.1,NA,NA,NA,"Gebäude- und zugehörige Freifläche","Fläche (insgesamt)",NA,NA,NA
"Flächennutzung","Gebäude- und zugehörige Freifläche",2019,"10 Moosach",47.4,5262895.7,11093612.4,NA,NA,NA,"Gebäude- und zugehörige Freifläche","Fläche (insgesamt)",NA,NA,NA
"Flächennutzung","Gebäude- und zugehörige Freifläche",2019,"11 Milbertshofen - Am Hart",50,6710077.1,13416361.4,NA,NA,NA,"Gebäude- und zugehörige Freifläche","Fläche (insgesamt)",NA,NA,NA
"Flächennutzung","Gebäude- und zugehörige Freifläche",2019,"12 Schwabing - Freimann",37.1,9522376.6,25672203.8,NA,NA,NA,"Gebäude- und zugehörige Freifläche","Fläche (insgesamt)",NA,NA,NA
"Flächennutzung","Gebäude- und zugehörige Freifläche",2019,"13 Bogenhausen",41.4,9818997.9,23709797.7,NA,NA,NA,"Gebäude- und zugehörige Freifläche","Fläche (insgesamt)",NA,NA,NA
"Flächennutzung","Gebäude- und zugehörige Freifläche",2019,"14 Berg am Laim",59.4,3749611.9,6314554.2,NA,NA,NA,"Gebäude- und zugehörige Freifläche","Fläche (insgesamt)",NA,NA,NA
"Flächennutzung","Gebäude- und zugehörige Freifläche",2019,"15 Trudering - Riem",47.6,10695215.3,22450431.3,NA,NA,NA,"Gebäude- und zugehörige Freifläche","Fläche (insgesamt)",NA,NA,NA
"Flächennutzung","Gebäude- und zugehörige Freifläche",2019,"16 Ramersdorf - Perlach",51.3,10200658.7,19894934.4,NA,NA,NA,"Gebäude- und zugehörige Freifläche","Fläche (insgesamt)",NA,NA,NA
"Flächennutzung","Gebäude- und zugehörige Freifläche",2019,"17 Obergiesing - Fasangarten",60.1,3438286.2,5720352.7,NA,NA,NA,"Gebäude- und zugehörige Freifläche","Fläche (insgesamt)",NA,NA,NA
"Flächennutzung","Gebäude- und zugehörige Freifläche",2019,"18 Untergiesing - Harlaching",52.6,4238666.8,8056680.7,NA,NA,NA,"Gebäude- und zugehörige Freifläche","Fläche (insgesamt)",NA,NA,NA
"Flächennutzung","Gebäude- und zugehörige Freifläche",2019,"19 Thalkirchen - Obersendling - Forstenried - Fürstenried - Solln",56.5,10038288.6,17763102.6,NA,NA,NA,"Gebäude- und zugehörige Freifläche","Fläche (insgesamt)",NA,NA,NA
"Flächennutzung","Gebäude- und zugehörige Freifläche",2019,"20 Hadern",53.9,4971538.4,9223679.6,NA,NA,NA,"Gebäude- und zugehörige Freifläche","Fläche (insgesamt)",NA,NA,NA
"Flächennutzung","Gebäude- und zugehörige Freifläche",2019,"21 Pasing - Obermenzing",52.1,8589282.1,16497757.1,NA,NA,NA,"Gebäude- und zugehörige Freifläche","Fläche (insgesamt)",NA,NA,NA
"Flächennutzung","Gebäude- und zugehörige Freifläche",2019,"22 Aubing - Lochhausen - Langwied",23.1,7871274.5,34060109.2,NA,NA,NA,"Gebäude- und zugehörige Freifläche","Fläche (insgesamt)",NA,NA,NA
"Flächennutzung","Gebäude- und zugehörige Freifläche",2019,"23 Allach - Untermenzing",45.7,7056337.1,15451672.7,NA,NA,NA,"Gebäude- und zugehörige Freifläche","Fläche (insgesamt)",NA,NA,NA
"Flächennutzung","Gebäude- und zugehörige Freifläche",2019,"24 Feldmoching - Hasenbergl",26.7,7713979.9,28937822.6,NA,NA,NA,"Gebäude- und zugehörige Freifläche","Fläche (insgesamt)",NA,NA,NA
"Flächennutzung","Gebäude- und zugehörige Freifläche",2019,"25 Laim",67,3542318.6,5285859.4,NA,NA,NA,"Gebäude- und zugehörige Freifläche","Fläche (insgesamt)",NA,NA,NA
"Flächennutzung","Gebäude- und zugehörige Freifläche",2018,"Stadt München",44.5,138278464.5,310714581.1,NA,NA,NA,"Gebäude- und zugehörige Freifläche","Fläche (insgesamt)",NA,NA,NA
"Flächennutzung","Gebäude- und zugehörige Freifläche",2018,"01 Altstadt - Lehel",47.4,1490006,3145668.2,NA,NA,NA,"Gebäude- und zugehörige Freifläche","Fläche (insgesamt)",NA,NA,NA
"Flächennutzung","Gebäude- und zugehörige Freifläche",2018,"02 Ludwigsvorstadt - Isarvorstadt",54.5,2399050.8,4401386.4,NA,NA,NA,"Gebäude- und zugehörige Freifläche","Fläche (insgesamt)",NA,NA,NA
"Flächennutzung","Gebäude- und zugehörige Freifläche",2018,"03 Maxvorstadt",69,2963582.2,4297903.7,NA,NA,NA,"Gebäude- und zugehörige Freifläche","Fläche (insgesamt)",NA,NA,NA
"Flächennutzung","Gebäude- und zugehörige Freifläche",2018,"04 Schwabing - West",63,2747125.5,4363035.1,NA,NA,NA,"Gebäude- und zugehörige Freifläche","Fläche (insgesamt)",NA,NA,NA
"Flächennutzung","Gebäude- und zugehörige Freifläche",2018,"05 Au - Haidhausen",56.1,2366381.4,4219638.2,NA,NA,NA,"Gebäude- und zugehörige Freifläche","Fläche (insgesamt)",NA,NA,NA
"Flächennutzung","Gebäude- und zugehörige Freifläche",2018,"06 Sendling",39.9,1571428.5,3938707.8,NA,NA,NA,"Gebäude- und zugehörige Freifläche","Fläche (insgesamt)",NA,NA,NA
"Flächennutzung","Gebäude- und zugehörige Freifläche",2018,"07 Sendling - Westpark",53,4142161.9,7814518.9,NA,NA,NA,"Gebäude- und zugehörige Freifläche","Fläche (insgesamt)",NA,NA,NA
"Flächennutzung","Gebäude- und zugehörige Freifläche",2018,"08 Schwanthalerhöhe",56.6,1172096.5,2070209.9,NA,NA,NA,"Gebäude- und zugehörige Freifläche","Fläche (insgesamt)",NA,NA,NA
"Flächennutzung","Gebäude- und zugehörige Freifläche",2018,"09 Neuhausen - Nymphenburg",48,6196372.3,12914467.1,NA,NA,NA,"Gebäude- und zugehörige Freifläche","Fläche (insgesamt)",NA,NA,NA
"Flächennutzung","Gebäude- und zugehörige Freifläche",2018,"10 Moosach",47.2,5241352.7,11093612.4,NA,NA,NA,"Gebäude- und zugehörige Freifläche","Fläche (insgesamt)",NA,NA,NA
"Flächennutzung","Gebäude- und zugehörige Freifläche",2018,"11 Milbertshofen - Am Hart",50,6709341.4,13416362.6,NA,NA,NA,"Gebäude- und zugehörige Freifläche","Fläche (insgesamt)",NA,NA,NA
"Flächennutzung","Gebäude- und zugehörige Freifläche",2018,"12 Schwabing - Freimann",37.2,9558469.7,25672214.4,NA,NA,NA,"Gebäude- und zugehörige Freifläche","Fläche (insgesamt)",NA,NA,NA
"Flächennutzung","Gebäude- und zugehörige Freifläche",2018,"13 Bogenhausen",41.4,9806858.6,23709809.1,NA,NA,NA,"Gebäude- und zugehörige Freifläche","Fläche (insgesamt)",NA,NA,NA
"Flächennutzung","Gebäude- und zugehörige Freifläche",2018,"14 Berg am Laim",59.2,3735517.4,6314554.2,NA,NA,NA,"Gebäude- und zugehörige Freifläche","Fläche (insgesamt)",NA,NA,NA
"Flächennutzung","Gebäude- und zugehörige Freifläche",2018,"15 Trudering - Riem",47.8,10732552.8,22450449.4,NA,NA,NA,"Gebäude- und zugehörige Freifläche","Fläche (insgesamt)",NA,NA,NA
"Flächennutzung","Gebäude- und zugehörige Freifläche",2018,"16 Ramersdorf - Perlach",51.3,10199573.9,19894941.8,NA,NA,NA,"Gebäude- und zugehörige Freifläche","Fläche (insgesamt)",NA,NA,NA
"Flächennutzung","Gebäude- und zugehörige Freifläche",2018,"17 Obergiesing - Fasangarten",58.8,3365530.5,5720355.7,NA,NA,NA,"Gebäude- und zugehörige Freifläche","Fläche (insgesamt)",NA,NA,NA
"Flächennutzung","Gebäude- und zugehörige Freifläche",2018,"18 Untergiesing - Harlaching",52.9,4265103.5,8056685.2,NA,NA,NA,"Gebäude- und zugehörige Freifläche","Fläche (insgesamt)",NA,NA,NA
"Flächennutzung","Gebäude- und zugehörige Freifläche",2018,"19 Thalkirchen - Obersendling - Forstenried - Fürstenried - Solln",56.4,10012099.7,17763113.7,NA,NA,NA,"Gebäude- und zugehörige Freifläche","Fläche (insgesamt)",NA,NA,NA
"Flächennutzung","Gebäude- und zugehörige Freifläche",2018,"20 Hadern",53.9,4971628.6,9223683.6,NA,NA,NA,"Gebäude- und zugehörige Freifläche","Fläche (insgesamt)",NA,NA,NA
"Flächennutzung","Gebäude- und zugehörige Freifläche",2018,"21 Pasing - Obermenzing",51.9,8566430.6,16497760.6,NA,NA,NA,"Gebäude- und zugehörige Freifläche","Fläche (insgesamt)",NA,NA,NA
"Flächennutzung","Gebäude- und zugehörige Freifläche",2018,"22 Aubing - Lochhausen - Langwied",22.8,7762442.4,34060135.2,NA,NA,NA,"Gebäude- und zugehörige Freifläche","Fläche (insgesamt)",NA,NA,NA
"Flächennutzung","Gebäude- und zugehörige Freifläche",2018,"23 Allach - Untermenzing",45.7,7056204.3,15451677.6,NA,NA,NA,"Gebäude- und zugehörige Freifläche","Fläche (insgesamt)",NA,NA,NA
"Flächennutzung","Gebäude- und zugehörige Freifläche",2018,"24 Feldmoching - Hasenbergl",26.6,7702951.5,28937830.9,NA,NA,NA,"Gebäude- und zugehörige Freifläche","Fläche (insgesamt)",NA,NA,NA
"Flächennutzung","Gebäude- und zugehörige Freifläche",2018,"25 Laim",67.1,3544201.5,5285859.5,NA,NA,NA,"Gebäude- und zugehörige Freifläche","Fläche (insgesamt)",NA,NA,NA
"Flächennutzung","Gebäude- und zugehörige Freifläche",2017,"Stadt München",44.2,137471943.9,310714582,NA,NA,NA,"Gebäude- und zugehörige Freifläche","Fläche (insgesamt)",NA,NA,NA
"Flächennutzung","Gebäude- und zugehörige Freifläche",2017,"01 Altstadt - Lehel",47.4,1489951.6,3145668.2,NA,NA,NA,"Gebäude- und zugehörige Freifläche","Fläche (insgesamt)",NA,NA,NA
"Flächennutzung","Gebäude- und zugehörige Freifläche",2017,"02 Ludwigsvorstadt - Isarvorstadt",54.5,2399484.8,4401386.4,NA,NA,NA,"Gebäude- und zugehörige Freifläche","Fläche (insgesamt)",NA,NA,NA
"Flächennutzung","Gebäude- und zugehörige Freifläche",2017,"03 Maxvorstadt",68.8,2954941.7,4297903.7,NA,NA,NA,"Gebäude- und zugehörige Freifläche","Fläche (insgesamt)",NA,NA,NA
"Flächennutzung","Gebäude- und zugehörige Freifläche",2017,"04 Schwabing - West",63,2747121.5,4363035.1,NA,NA,NA,"Gebäude- und zugehörige Freifläche","Fläche (insgesamt)",NA,NA,NA
"Flächennutzung","Gebäude- und zugehörige Freifläche",2017,"05 Au - Haidhausen",56.1,2367378,4219638.2,NA,NA,NA,"Gebäude- und zugehörige Freifläche","Fläche (insgesamt)",NA,NA,NA
"Flächennutzung","Gebäude- und zugehörige Freifläche",2017,"06 Sendling",39.9,1572519.7,3938707.8,NA,NA,NA,"Gebäude- und zugehörige Freifläche","Fläche (insgesamt)",NA,NA,NA
"Flächennutzung","Gebäude- und zugehörige Freifläche",2017,"07 Sendling - Westpark",53.2,4159494.2,7814518.9,NA,NA,NA,"Gebäude- und zugehörige Freifläche","Fläche (insgesamt)",NA,NA,NA
"Flächennutzung","Gebäude- und zugehörige Freifläche",2017,"08 Schwanthalerhöhe",56.6,1172599.8,2070209.9,NA,NA,NA,"Gebäude- und zugehörige Freifläche","Fläche (insgesamt)",NA,NA,NA
"Flächennutzung","Gebäude- und zugehörige Freifläche",2017,"09 Neuhausen - Nymphenburg",48,6196744.7,12914467.1,NA,NA,NA,"Gebäude- und zugehörige Freifläche","Fläche (insgesamt)",NA,NA,NA
"Flächennutzung","Gebäude- und zugehörige Freifläche",2017,"10 Moosach",47.2,5239089.7,11093612.4,NA,NA,NA,"Gebäude- und zugehörige Freifläche","Fläche (insgesamt)",NA,NA,NA
"Flächennutzung","Gebäude- und zugehörige Freifläche",2017,"11 Milbertshofen - Am Hart",46.1,6178781.3,13416362.6,NA,NA,NA,"Gebäude- und zugehörige Freifläche","Fläche (insgesamt)",NA,NA,NA
"Flächennutzung","Gebäude- und zugehörige Freifläche",2017,"12 Schwabing - Freimann",38.1,9769093.6,25672214.4,NA,NA,NA,"Gebäude- und zugehörige Freifläche","Fläche (insgesamt)",NA,NA,NA
"Flächennutzung","Gebäude- und zugehörige Freifläche",2017,"13 Bogenhausen",41.4,9808144.5,23709809.2,NA,NA,NA,"Gebäude- und zugehörige Freifläche","Fläche (insgesamt)",NA,NA,NA
"Flächennutzung","Gebäude- und zugehörige Freifläche",2017,"14 Berg am Laim",58.9,3718252.5,6314554.2,NA,NA,NA,"Gebäude- und zugehörige Freifläche","Fläche (insgesamt)",NA,NA,NA
"Flächennutzung","Gebäude- und zugehörige Freifläche",2017,"15 Trudering - Riem",47.7,10710636.6,22450449.4,NA,NA,NA,"Gebäude- und zugehörige Freifläche","Fläche (insgesamt)",NA,NA,NA
"Flächennutzung","Gebäude- und zugehörige Freifläche",2017,"16 Ramersdorf - Perlach",51.3,10203733.4,19894941.8,NA,NA,NA,"Gebäude- und zugehörige Freifläche","Fläche (insgesamt)",NA,NA,NA
"Flächennutzung","Gebäude- und zugehörige Freifläche",2017,"17 Obergiesing - Fasangarten",59.9,3427474.1,5720355.7,NA,NA,NA,"Gebäude- und zugehörige Freifläche","Fläche (insgesamt)",NA,NA,NA
"Flächennutzung","Gebäude- und zugehörige Freifläche",2017,"18 Untergiesing - Harlaching",52.9,4265232.9,8056685.2,NA,NA,NA,"Gebäude- und zugehörige Freifläche","Fläche (insgesamt)",NA,NA,NA
"Flächennutzung","Gebäude- und zugehörige Freifläche",2017,"19 Thalkirchen - Obersendling - Forstenried - Fürstenried - Solln",56.5,10034847.5,17763113.7,NA,NA,NA,"Gebäude- und zugehörige Freifläche","Fläche (insgesamt)",NA,NA,NA
"Flächennutzung","Gebäude- und zugehörige Freifläche",2017,"20 Hadern",53.9,4966989.5,9223683.6,NA,NA,NA,"Gebäude- und zugehörige Freifläche","Fläche (insgesamt)",NA,NA,NA
"Flächennutzung","Gebäude- und zugehörige Freifläche",2017,"21 Pasing - Obermenzing",52,8571146.5,16497760.6,NA,NA,NA,"Gebäude- und zugehörige Freifläche","Fläche (insgesamt)",NA,NA,NA
"Flächennutzung","Gebäude- und zugehörige Freifläche",2017,"22 Aubing - Lochhausen - Langwied",21.4,7294469.6,34060136,NA,NA,NA,"Gebäude- und zugehörige Freifläche","Fläche (insgesamt)",NA,NA,NA
"Flächennutzung","Gebäude- und zugehörige Freifläche",2017,"23 Allach - Untermenzing",45.7,7063977.4,15451677.6,NA,NA,NA,"Gebäude- und zugehörige Freifläche","Fläche (insgesamt)",NA,NA,NA
"Flächennutzung","Gebäude- und zugehörige Freifläche",2017,"24 Feldmoching - Hasenbergl",26.3,7615629.6,28937830.9,NA,NA,NA,"Gebäude- und zugehörige Freifläche","Fläche (insgesamt)",NA,NA,NA
"Flächennutzung","Gebäude- und zugehörige Freifläche",2017,"25 Laim",67.1,3544209.3,5285859.5,NA,NA,NA,"Gebäude- und zugehörige Freifläche","Fläche (insgesamt)",NA,NA,NA
"Flächennutzung","Landwirtschaftsfläche",2024,"Stadt München",14.6,45382155.7,310728188.4,NA,NA,NA,"Landwirtschaftsfläche","Fläche (insgesamt)",NA,NA,NA
"Flächennutzung","Landwirtschaftsfläche",2024,"01 Altstadt - Lehel",0,0,3145888.1,NA,NA,NA,"Landwirtschaftsfläche","Fläche (insgesamt)",NA,NA,NA
"Flächennutzung","Landwirtschaftsfläche",2024,"02 Ludwigsvorstadt - Isarvorstadt",0,0,4401650.7,NA,NA,NA,"Landwirtschaftsfläche","Fläche (insgesamt)",NA,NA,NA
"Flächennutzung","Landwirtschaftsfläche",2024,"03 Maxvorstadt",0,0,4298192.3,NA,NA,NA,"Landwirtschaftsfläche","Fläche (insgesamt)",NA,NA,NA
"Flächennutzung","Landwirtschaftsfläche",2024,"04 Schwabing - West",0,0,4363287.5,NA,NA,NA,"Landwirtschaftsfläche","Fläche (insgesamt)",NA,NA,NA
"Flächennutzung","Landwirtschaftsfläche",2024,"05 Au - Haidhausen",0,0,4219982.8,NA,NA,NA,"Landwirtschaftsfläche","Fläche (insgesamt)",NA,NA,NA
"Flächennutzung","Landwirtschaftsfläche",2024,"06 Sendling",0.8,33319.2,3938931.9,NA,NA,NA,"Landwirtschaftsfläche","Fläche (insgesamt)",NA,NA,NA
"Flächennutzung","Landwirtschaftsfläche",2024,"07 Sendling - Westpark",0,0,7814853.1,NA,NA,NA,"Landwirtschaftsfläche","Fläche (insgesamt)",NA,NA,NA
"Flächennutzung","Landwirtschaftsfläche",2024,"08 Schwanthalerhöhe",0,0,2070313.2,NA,NA,NA,"Landwirtschaftsfläche","Fläche (insgesamt)",NA,NA,NA
"Flächennutzung","Landwirtschaftsfläche",2024,"09 Neuhausen - Nymphenburg",0.2,20381.4,12914863.8,NA,NA,NA,"Landwirtschaftsfläche","Fläche (insgesamt)",NA,NA,NA
"Flächennutzung","Landwirtschaftsfläche",2024,"10 Moosach",3.8,421444.8,11093673.1,NA,NA,NA,"Landwirtschaftsfläche","Fläche (insgesamt)",NA,NA,NA
"Flächennutzung","Landwirtschaftsfläche",2024,"11 Milbertshofen - Am Hart",0,0,13417210.9,NA,NA,NA,"Landwirtschaftsfläche","Fläche (insgesamt)",NA,NA,NA
"Flächennutzung","Landwirtschaftsfläche",2024,"12 Schwabing - Freimann",2.2,558122,25674488.6,NA,NA,NA,"Landwirtschaftsfläche","Fläche (insgesamt)",NA,NA,NA
"Flächennutzung","Landwirtschaftsfläche",2024,"13 Bogenhausen",26.8,6347645,23712918.2,NA,NA,NA,"Landwirtschaftsfläche","Fläche (insgesamt)",NA,NA,NA
"Flächennutzung","Landwirtschaftsfläche",2024,"14 Berg am Laim",1,64510.3,6315330.6,NA,NA,NA,"Landwirtschaftsfläche","Fläche (insgesamt)",NA,NA,NA
"Flächennutzung","Landwirtschaftsfläche",2024,"15 Trudering - Riem",8.3,1866181.4,22453898.2,NA,NA,NA,"Landwirtschaftsfläche","Fläche (insgesamt)",NA,NA,NA
"Flächennutzung","Landwirtschaftsfläche",2024,"16 Ramersdorf - Perlach",5.4,1065278.9,19897106.1,NA,NA,NA,"Landwirtschaftsfläche","Fläche (insgesamt)",NA,NA,NA
"Flächennutzung","Landwirtschaftsfläche",2024,"17 Obergiesing - Fasangarten",1.2,70029.3,5720858.9,NA,NA,NA,"Landwirtschaftsfläche","Fläche (insgesamt)",NA,NA,NA
"Flächennutzung","Landwirtschaftsfläche",2024,"18 Untergiesing - Harlaching",0.9,70371.7,8057175.1,NA,NA,NA,"Landwirtschaftsfläche","Fläche (insgesamt)",NA,NA,NA
"Flächennutzung","Landwirtschaftsfläche",2024,"19 Thalkirchen - Obersendling - Forstenried - Fürstenried - Solln",8,1428498.8,17763477.9,NA,NA,NA,"Landwirtschaftsfläche","Fläche (insgesamt)",NA,NA,NA
"Flächennutzung","Landwirtschaftsfläche",2024,"20 Hadern",3,275803.4,9223739.6,NA,NA,NA,"Landwirtschaftsfläche","Fläche (insgesamt)",NA,NA,NA
"Flächennutzung","Landwirtschaftsfläche",2024,"21 Pasing - Obermenzing",14.9,2457033,16497495.3,NA,NA,NA,"Landwirtschaftsfläche","Fläche (insgesamt)",NA,NA,NA
"Flächennutzung","Landwirtschaftsfläche",2024,"22 Aubing - Lochhausen - Langwied",44.1,15025120.3,34057241.8,NA,NA,NA,"Landwirtschaftsfläche","Fläche (insgesamt)",NA,NA,NA
"Flächennutzung","Landwirtschaftsfläche",2024,"23 Allach - Untermenzing",22.6,3487088.9,15451175.7,NA,NA,NA,"Landwirtschaftsfläche","Fläche (insgesamt)",NA,NA,NA
"Flächennutzung","Landwirtschaftsfläche",2024,"24 Feldmoching - Hasenbergl",42.1,12191327.1,28938420.3,NA,NA,NA,"Landwirtschaftsfläche","Fläche (insgesamt)",NA,NA,NA
"Flächennutzung","Landwirtschaftsfläche",2024,"25 Laim",0,0,5286014.8,NA,NA,NA,"Landwirtschaftsfläche","Fläche (insgesamt)",NA,NA,NA
"Flächennutzung","Landwirtschaftsfläche",2023,"Stadt München",14.6,45482584.9,310728188.4,NA,NA,NA,"Landwirtschaftsfläche","Fläche (insgesamt)",NA,NA,NA
"Flächennutzung","Landwirtschaftsfläche",2023,"01 Altstadt - Lehel",0,0,3145888.1,NA,NA,NA,"Landwirtschaftsfläche","Fläche (insgesamt)",NA,NA,NA
"Flächennutzung","Landwirtschaftsfläche",2023,"02 Ludwigsvorstadt - Isarvorstadt",0,0,4401650.7,NA,NA,NA,"Landwirtschaftsfläche","Fläche (insgesamt)",NA,NA,NA
"Flächennutzung","Landwirtschaftsfläche",2023,"03 Maxvorstadt",0,0,4298192.3,NA,NA,NA,"Landwirtschaftsfläche","Fläche (insgesamt)",NA,NA,NA
"Flächennutzung","Landwirtschaftsfläche",2023,"04 Schwabing - West",0,0,4363287.5,NA,NA,NA,"Landwirtschaftsfläche","Fläche (insgesamt)",NA,NA,NA
"Flächennutzung","Landwirtschaftsfläche",2023,"05 Au - Haidhausen",0,0,4219982.8,NA,NA,NA,"Landwirtschaftsfläche","Fläche (insgesamt)",NA,NA,NA
"Flächennutzung","Landwirtschaftsfläche",2023,"06 Sendling",0.8,33319.2,3938931.9,NA,NA,NA,"Landwirtschaftsfläche","Fläche (insgesamt)",NA,NA,NA
"Flächennutzung","Landwirtschaftsfläche",2023,"07 Sendling - Westpark",0,0,7814853.1,NA,NA,NA,"Landwirtschaftsfläche","Fläche (insgesamt)",NA,NA,NA
"Flächennutzung","Landwirtschaftsfläche",2023,"08 Schwanthalerhöhe",0,0,2070313.2,NA,NA,NA,"Landwirtschaftsfläche","Fläche (insgesamt)",NA,NA,NA
"Flächennutzung","Landwirtschaftsfläche",2023,"09 Neuhausen - Nymphenburg",0.2,20381.4,12914863.8,NA,NA,NA,"Landwirtschaftsfläche","Fläche (insgesamt)",NA,NA,NA
"Flächennutzung","Landwirtschaftsfläche",2023,"10 Moosach",3.8,424359.7,11093673.1,NA,NA,NA,"Landwirtschaftsfläche","Fläche (insgesamt)",NA,NA,NA
"Flächennutzung","Landwirtschaftsfläche",2023,"11 Milbertshofen - Am Hart",0,0,13417210.9,NA,NA,NA,"Landwirtschaftsfläche","Fläche (insgesamt)",NA,NA,NA
"Flächennutzung","Landwirtschaftsfläche",2023,"12 Schwabing - Freimann",2.2,558122,25674488.6,NA,NA,NA,"Landwirtschaftsfläche","Fläche (insgesamt)",NA,NA,NA
"Flächennutzung","Landwirtschaftsfläche",2023,"13 Bogenhausen",26.8,6347645.2,23712918.2,NA,NA,NA,"Landwirtschaftsfläche","Fläche (insgesamt)",NA,NA,NA
"Flächennutzung","Landwirtschaftsfläche",2023,"14 Berg am Laim",1.3,81034.5,6315330.6,NA,NA,NA,"Landwirtschaftsfläche","Fläche (insgesamt)",NA,NA,NA
"Flächennutzung","Landwirtschaftsfläche",2023,"15 Trudering - Riem",8.3,1866181.4,22453898.2,NA,NA,NA,"Landwirtschaftsfläche","Fläche (insgesamt)",NA,NA,NA
"Flächennutzung","Landwirtschaftsfläche",2023,"16 Ramersdorf - Perlach",5.4,1065741.8,19897106.1,NA,NA,NA,"Landwirtschaftsfläche","Fläche (insgesamt)",NA,NA,NA
"Flächennutzung","Landwirtschaftsfläche",2023,"17 Obergiesing - Fasangarten",1.2,70029.3,5720858.9,NA,NA,NA,"Landwirtschaftsfläche","Fläche (insgesamt)",NA,NA,NA
"Flächennutzung","Landwirtschaftsfläche",2023,"18 Untergiesing - Harlaching",0.9,70371.7,8057175.1,NA,NA,NA,"Landwirtschaftsfläche","Fläche (insgesamt)",NA,NA,NA
"Flächennutzung","Landwirtschaftsfläche",2023,"19 Thalkirchen - Obersendling - Forstenried - Fürstenried - Solln",8,1428498.8,17763477.9,NA,NA,NA,"Landwirtschaftsfläche","Fläche (insgesamt)",NA,NA,NA
"Flächennutzung","Landwirtschaftsfläche",2023,"20 Hadern",3,275803.4,9223739.6,NA,NA,NA,"Landwirtschaftsfläche","Fläche (insgesamt)",NA,NA,NA
"Flächennutzung","Landwirtschaftsfläche",2023,"21 Pasing - Obermenzing",14.9,2457033,16497495.3,NA,NA,NA,"Landwirtschaftsfläche","Fläche (insgesamt)",NA,NA,NA
"Flächennutzung","Landwirtschaftsfläche",2023,"22 Aubing - Lochhausen - Langwied",44.4,15121445.3,34057241.9,NA,NA,NA,"Landwirtschaftsfläche","Fläche (insgesamt)",NA,NA,NA
"Flächennutzung","Landwirtschaftsfläche",2023,"23 Allach - Untermenzing",22.6,3487669.1,15451175.7,NA,NA,NA,"Landwirtschaftsfläche","Fläche (insgesamt)",NA,NA,NA
"Flächennutzung","Landwirtschaftsfläche",2023,"24 Feldmoching - Hasenbergl",42.1,12174949,28938420.3,NA,NA,NA,"Landwirtschaftsfläche","Fläche (insgesamt)",NA,NA,NA
"Flächennutzung","Landwirtschaftsfläche",2023,"25 Laim",0,0,5286014.8,NA,NA,NA,"Landwirtschaftsfläche","Fläche (insgesamt)",NA,NA,NA
"Flächennutzung","Landwirtschaftsfläche",2022,"Stadt München",14.6,45510138.1,310728188.5,NA,NA,NA,"Landwirtschaftsfläche","Fläche (insgesamt)",NA,NA,NA
"Flächennutzung","Landwirtschaftsfläche",2022,"01 Altstadt - Lehel",0,0,3145888.1,NA,NA,NA,"Landwirtschaftsfläche","Fläche (insgesamt)",NA,NA,NA
"Flächennutzung","Landwirtschaftsfläche",2022,"02 Ludwigsvorstadt - Isarvorstadt",0,0,4401650.7,NA,NA,NA,"Landwirtschaftsfläche","Fläche (insgesamt)",NA,NA,NA
"Flächennutzung","Landwirtschaftsfläche",2022,"03 Maxvorstadt",0,0,4298192.3,NA,NA,NA,"Landwirtschaftsfläche","Fläche (insgesamt)",NA,NA,NA
"Flächennutzung","Landwirtschaftsfläche",2022,"04 Schwabing - West",0,0,4363287.5,NA,NA,NA,"Landwirtschaftsfläche","Fläche (insgesamt)",NA,NA,NA
"Flächennutzung","Landwirtschaftsfläche",2022,"05 Au - Haidhausen",0,0,4219982.8,NA,NA,NA,"Landwirtschaftsfläche","Fläche (insgesamt)",NA,NA,NA
"Flächennutzung","Landwirtschaftsfläche",2022,"06 Sendling",0.8,33319.2,3938931.9,NA,NA,NA,"Landwirtschaftsfläche","Fläche (insgesamt)",NA,NA,NA
"Flächennutzung","Landwirtschaftsfläche",2022,"07 Sendling - Westpark",0,0,7814853.1,NA,NA,NA,"Landwirtschaftsfläche","Fläche (insgesamt)",NA,NA,NA
"Flächennutzung","Landwirtschaftsfläche",2022,"08 Schwanthalerhöhe",0,0,2070313.2,NA,NA,NA,"Landwirtschaftsfläche","Fläche (insgesamt)",NA,NA,NA
"Flächennutzung","Landwirtschaftsfläche",2022,"09 Neuhausen - Nymphenburg",0.2,20381.4,12914863.8,NA,NA,NA,"Landwirtschaftsfläche","Fläche (insgesamt)",NA,NA,NA
"Flächennutzung","Landwirtschaftsfläche",2022,"10 Moosach",3.8,424359.7,11093673.1,NA,NA,NA,"Landwirtschaftsfläche","Fläche (insgesamt)",NA,NA,NA
"Flächennutzung","Landwirtschaftsfläche",2022,"11 Milbertshofen - Am Hart",0,0,13417210.9,NA,NA,NA,"Landwirtschaftsfläche","Fläche (insgesamt)",NA,NA,NA
"Flächennutzung","Landwirtschaftsfläche",2022,"12 Schwabing - Freimann",2.2,558122,25674488.6,NA,NA,NA,"Landwirtschaftsfläche","Fläche (insgesamt)",NA,NA,NA
"Flächennutzung","Landwirtschaftsfläche",2022,"13 Bogenhausen",26.8,6347643.6,23712918.2,NA,NA,NA,"Landwirtschaftsfläche","Fläche (insgesamt)",NA,NA,NA
"Flächennutzung","Landwirtschaftsfläche",2022,"14 Berg am Laim",1.3,79701,6315330.6,NA,NA,NA,"Landwirtschaftsfläche","Fläche (insgesamt)",NA,NA,NA
"Flächennutzung","Landwirtschaftsfläche",2022,"15 Trudering - Riem",8.3,1866181.4,22453898.2,NA,NA,NA,"Landwirtschaftsfläche","Fläche (insgesamt)",NA,NA,NA
"Flächennutzung","Landwirtschaftsfläche",2022,"16 Ramersdorf - Perlach",5.4,1071894.3,19897105.9,NA,NA,NA,"Landwirtschaftsfläche","Fläche (insgesamt)",NA,NA,NA
"Flächennutzung","Landwirtschaftsfläche",2022,"17 Obergiesing - Fasangarten",1.2,70030.2,5720859.1,NA,NA,NA,"Landwirtschaftsfläche","Fläche (insgesamt)",NA,NA,NA
"Flächennutzung","Landwirtschaftsfläche",2022,"18 Untergiesing - Harlaching",0.9,70371.7,8057175.1,NA,NA,NA,"Landwirtschaftsfläche","Fläche (insgesamt)",NA,NA,NA
"Flächennutzung","Landwirtschaftsfläche",2022,"19 Thalkirchen - Obersendling - Forstenried - Fürstenried - Solln",8,1427073.8,17763477.9,NA,NA,NA,"Landwirtschaftsfläche","Fläche (insgesamt)",NA,NA,NA
"Flächennutzung","Landwirtschaftsfläche",2022,"20 Hadern",3,275803.4,9223739.6,NA,NA,NA,"Landwirtschaftsfläche","Fläche (insgesamt)",NA,NA,NA
"Flächennutzung","Landwirtschaftsfläche",2022,"21 Pasing - Obermenzing",14.9,2457033,16497495.3,NA,NA,NA,"Landwirtschaftsfläche","Fläche (insgesamt)",NA,NA,NA
"Flächennutzung","Landwirtschaftsfläche",2022,"22 Aubing - Lochhausen - Langwied",44.5,15153278.3,34057242,NA,NA,NA,"Landwirtschaftsfläche","Fläche (insgesamt)",NA,NA,NA
"Flächennutzung","Landwirtschaftsfläche",2022,"23 Allach - Untermenzing",22.6,3487578,15451175.7,NA,NA,NA,"Landwirtschaftsfläche","Fläche (insgesamt)",NA,NA,NA
"Flächennutzung","Landwirtschaftsfläche",2022,"24 Feldmoching - Hasenbergl",42,12167367,28938420.3,NA,NA,NA,"Landwirtschaftsfläche","Fläche (insgesamt)",NA,NA,NA
"Flächennutzung","Landwirtschaftsfläche",2022,"25 Laim",0,0,5286014.8,NA,NA,NA,"Landwirtschaftsfläche","Fläche (insgesamt)",NA,NA,NA
"Flächennutzung","Landwirtschaftsfläche",2021,"Stadt München",14.6,45501888,310728188.5,NA,NA,NA,"Landwirtschaftsfläche","Fläche (insgesamt)",NA,NA,NA
"Flächennutzung","Landwirtschaftsfläche",2021,"01 Altstadt - Lehel",0,0,3145888.1,NA,NA,NA,"Landwirtschaftsfläche","Fläche (insgesamt)",NA,NA,NA
"Flächennutzung","Landwirtschaftsfläche",2021,"02 Ludwigsvorstadt - Isarvorstadt",0,0,4401650.7,NA,NA,NA,"Landwirtschaftsfläche","Fläche (insgesamt)",NA,NA,NA
"Flächennutzung","Landwirtschaftsfläche",2021,"03 Maxvorstadt",0,0,4298192.3,NA,NA,NA,"Landwirtschaftsfläche","Fläche (insgesamt)",NA,NA,NA
"Flächennutzung","Landwirtschaftsfläche",2021,"04 Schwabing - West",0,0,4363287.5,NA,NA,NA,"Landwirtschaftsfläche","Fläche (insgesamt)",NA,NA,NA
"Flächennutzung","Landwirtschaftsfläche",2021,"05 Au - Haidhausen",0,0,4219982.8,NA,NA,NA,"Landwirtschaftsfläche","Fläche (insgesamt)",NA,NA,NA
"Flächennutzung","Landwirtschaftsfläche",2021,"06 Sendling",0.8,33319.2,3938931.9,NA,NA,NA,"Landwirtschaftsfläche","Fläche (insgesamt)",NA,NA,NA
"Flächennutzung","Landwirtschaftsfläche",2021,"07 Sendling - Westpark",0,0,7814853.1,NA,NA,NA,"Landwirtschaftsfläche","Fläche (insgesamt)",NA,NA,NA
"Flächennutzung","Landwirtschaftsfläche",2021,"08 Schwanthalerhöhe",0,0,2070313.2,NA,NA,NA,"Landwirtschaftsfläche","Fläche (insgesamt)",NA,NA,NA
"Flächennutzung","Landwirtschaftsfläche",2021,"09 Neuhausen - Nymphenburg",0.2,20381.4,12914863.8,NA,NA,NA,"Landwirtschaftsfläche","Fläche (insgesamt)",NA,NA,NA
"Flächennutzung","Landwirtschaftsfläche",2021,"10 Moosach",3.8,424359.7,11093673.1,NA,NA,NA,"Landwirtschaftsfläche","Fläche (insgesamt)",NA,NA,NA
"Flächennutzung","Landwirtschaftsfläche",2021,"11 Milbertshofen - Am Hart",0,0,13417210.9,NA,NA,NA,"Landwirtschaftsfläche","Fläche (insgesamt)",NA,NA,NA
"Flächennutzung","Landwirtschaftsfläche",2021,"12 Schwabing - Freimann",2.2,558122,25674488.6,NA,NA,NA,"Landwirtschaftsfläche","Fläche (insgesamt)",NA,NA,NA
"Flächennutzung","Landwirtschaftsfläche",2021,"13 Bogenhausen",26.8,6347351.4,23712918.2,NA,NA,NA,"Landwirtschaftsfläche","Fläche (insgesamt)",NA,NA,NA
"Flächennutzung","Landwirtschaftsfläche",2021,"14 Berg am Laim",1.3,79701,6315330.6,NA,NA,NA,"Landwirtschaftsfläche","Fläche (insgesamt)",NA,NA,NA
"Flächennutzung","Landwirtschaftsfläche",2021,"15 Trudering - Riem",8.3,1865317.5,22453898.2,NA,NA,NA,"Landwirtschaftsfläche","Fläche (insgesamt)",NA,NA,NA
"Flächennutzung","Landwirtschaftsfläche",2021,"16 Ramersdorf - Perlach",5.4,1080320.2,19897105.8,NA,NA,NA,"Landwirtschaftsfläche","Fläche (insgesamt)",NA,NA,NA
"Flächennutzung","Landwirtschaftsfläche",2021,"17 Obergiesing - Fasangarten",1.2,70030.2,5720859.1,NA,NA,NA,"Landwirtschaftsfläche","Fläche (insgesamt)",NA,NA,NA
"Flächennutzung","Landwirtschaftsfläche",2021,"18 Untergiesing - Harlaching",0.9,70371.7,8057175.1,NA,NA,NA,"Landwirtschaftsfläche","Fläche (insgesamt)",NA,NA,NA
"Flächennutzung","Landwirtschaftsfläche",2021,"19 Thalkirchen - Obersendling - Forstenried - Fürstenried - Solln",8,1427174.7,17763477.9,NA,NA,NA,"Landwirtschaftsfläche","Fläche (insgesamt)",NA,NA,NA
"Flächennutzung","Landwirtschaftsfläche",2021,"20 Hadern",3,275803.4,9223739.6,NA,NA,NA,"Landwirtschaftsfläche","Fläche (insgesamt)",NA,NA,NA
"Flächennutzung","Landwirtschaftsfläche",2021,"21 Pasing - Obermenzing",14.9,2457032.9,16497495.3,NA,NA,NA,"Landwirtschaftsfläche","Fläche (insgesamt)",NA,NA,NA
"Flächennutzung","Landwirtschaftsfläche",2021,"22 Aubing - Lochhausen - Langwied",44.4,15131834.2,34057242,NA,NA,NA,"Landwirtschaftsfläche","Fläche (insgesamt)",NA,NA,NA
"Flächennutzung","Landwirtschaftsfläche",2021,"23 Allach - Untermenzing",22.6,3496772.7,15451175.7,NA,NA,NA,"Landwirtschaftsfläche","Fläche (insgesamt)",NA,NA,NA
"Flächennutzung","Landwirtschaftsfläche",2021,"24 Feldmoching - Hasenbergl",42,12163995.8,28938420.3,NA,NA,NA,"Landwirtschaftsfläche","Fläche (insgesamt)",NA,NA,NA
"Flächennutzung","Landwirtschaftsfläche",2021,"25 Laim",0,0,5286014.8,NA,NA,NA,"Landwirtschaftsfläche","Fläche (insgesamt)",NA,NA,NA
"Flächennutzung","Landwirtschaftsfläche",2020,"Stadt München",14.6,45519040.3,310728448.8,NA,NA,NA,"Landwirtschaftsfläche","Fläche (insgesamt)",NA,NA,NA
"Flächennutzung","Landwirtschaftsfläche",2020,"01 Altstadt - Lehel",0,0,3145888.1,NA,NA,NA,"Landwirtschaftsfläche","Fläche (insgesamt)",NA,NA,NA
"Flächennutzung","Landwirtschaftsfläche",2020,"02 Ludwigsvorstadt - Isarvorstadt",0,0,4401650.7,NA,NA,NA,"Landwirtschaftsfläche","Fläche (insgesamt)",NA,NA,NA
"Flächennutzung","Landwirtschaftsfläche",2020,"03 Maxvorstadt",0,0,4298192.3,NA,NA,NA,"Landwirtschaftsfläche","Fläche (insgesamt)",NA,NA,NA
"Flächennutzung","Landwirtschaftsfläche",2020,"04 Schwabing - West",0,0,4363287.5,NA,NA,NA,"Landwirtschaftsfläche","Fläche (insgesamt)",NA,NA,NA
"Flächennutzung","Landwirtschaftsfläche",2020,"05 Au - Haidhausen",0,0,4219982.8,NA,NA,NA,"Landwirtschaftsfläche","Fläche (insgesamt)",NA,NA,NA
"Flächennutzung","Landwirtschaftsfläche",2020,"06 Sendling",0.8,33319.2,3938931.9,NA,NA,NA,"Landwirtschaftsfläche","Fläche (insgesamt)",NA,NA,NA
"Flächennutzung","Landwirtschaftsfläche",2020,"07 Sendling - Westpark",0,1752,7814853.1,NA,NA,NA,"Landwirtschaftsfläche","Fläche (insgesamt)",NA,NA,NA
"Flächennutzung","Landwirtschaftsfläche",2020,"08 Schwanthalerhöhe",0,0,2070313.2,NA,NA,NA,"Landwirtschaftsfläche","Fläche (insgesamt)",NA,NA,NA
"Flächennutzung","Landwirtschaftsfläche",2020,"09 Neuhausen - Nymphenburg",0.2,20381.4,12914863.8,NA,NA,NA,"Landwirtschaftsfläche","Fläche (insgesamt)",NA,NA,NA
"Flächennutzung","Landwirtschaftsfläche",2020,"10 Moosach",3.8,423449.8,11093673.1,NA,NA,NA,"Landwirtschaftsfläche","Fläche (insgesamt)",NA,NA,NA
"Flächennutzung","Landwirtschaftsfläche",2020,"11 Milbertshofen - Am Hart",0,0,13417210.9,NA,NA,NA,"Landwirtschaftsfläche","Fläche (insgesamt)",NA,NA,NA
"Flächennutzung","Landwirtschaftsfläche",2020,"12 Schwabing - Freimann",2.2,558122,25674746.5,NA,NA,NA,"Landwirtschaftsfläche","Fläche (insgesamt)",NA,NA,NA
"Flächennutzung","Landwirtschaftsfläche",2020,"13 Bogenhausen",26.6,6311342.4,23712920.7,NA,NA,NA,"Landwirtschaftsfläche","Fläche (insgesamt)",NA,NA,NA
"Flächennutzung","Landwirtschaftsfläche",2020,"14 Berg am Laim",1.4,90993.9,6315330.6,NA,NA,NA,"Landwirtschaftsfläche","Fläche (insgesamt)",NA,NA,NA
"Flächennutzung","Landwirtschaftsfläche",2020,"15 Trudering - Riem",8.3,1865317.5,22453898.2,NA,NA,NA,"Landwirtschaftsfläche","Fläche (insgesamt)",NA,NA,NA
"Flächennutzung","Landwirtschaftsfläche",2020,"16 Ramersdorf - Perlach",5.4,1080320.2,19897105.8,NA,NA,NA,"Landwirtschaftsfläche","Fläche (insgesamt)",NA,NA,NA
"Flächennutzung","Landwirtschaftsfläche",2020,"17 Obergiesing - Fasangarten",1.2,68618.3,5720859.1,NA,NA,NA,"Landwirtschaftsfläche","Fläche (insgesamt)",NA,NA,NA
"Flächennutzung","Landwirtschaftsfläche",2020,"18 Untergiesing - Harlaching",0.9,70371.7,8057175.1,NA,NA,NA,"Landwirtschaftsfläche","Fläche (insgesamt)",NA,NA,NA
"Flächennutzung","Landwirtschaftsfläche",2020,"19 Thalkirchen - Obersendling - Forstenried - Fürstenried - Solln",8.4,1493509.2,17763477.9,NA,NA,NA,"Landwirtschaftsfläche","Fläche (insgesamt)",NA,NA,NA
"Flächennutzung","Landwirtschaftsfläche",2020,"20 Hadern",3,275803.4,9223739.6,NA,NA,NA,"Landwirtschaftsfläche","Fläche (insgesamt)",NA,NA,NA
"Flächennutzung","Landwirtschaftsfläche",2020,"21 Pasing - Obermenzing",14.9,2456968,16497495.3,NA,NA,NA,"Landwirtschaftsfläche","Fläche (insgesamt)",NA,NA,NA
"Flächennutzung","Landwirtschaftsfläche",2020,"22 Aubing - Lochhausen - Langwied",44,14995384.2,34057242,NA,NA,NA,"Landwirtschaftsfläche","Fläche (insgesamt)",NA,NA,NA
"Flächennutzung","Landwirtschaftsfläche",2020,"23 Allach - Untermenzing",22.8,3515880,15451175.7,NA,NA,NA,"Landwirtschaftsfläche","Fläche (insgesamt)",NA,NA,NA
"Flächennutzung","Landwirtschaftsfläche",2020,"24 Feldmoching - Hasenbergl",42.4,12257507.2,28938420.3,NA,NA,NA,"Landwirtschaftsfläche","Fläche (insgesamt)",NA,NA,NA
"Flächennutzung","Landwirtschaftsfläche",2020,"25 Laim",0,0,5286014.8,NA,NA,NA,"Landwirtschaftsfläche","Fläche (insgesamt)",NA,NA,NA
"Flächennutzung","Landwirtschaftsfläche",2019,"Stadt München",14.7,45735089.1,310714467.3,NA,NA,NA,"Landwirtschaftsfläche","Fläche (insgesamt)",NA,NA,NA
"Flächennutzung","Landwirtschaftsfläche",2019,"01 Altstadt - Lehel",0,0,3145668.2,NA,NA,NA,"Landwirtschaftsfläche","Fläche (insgesamt)",NA,NA,NA
"Flächennutzung","Landwirtschaftsfläche",2019,"02 Ludwigsvorstadt - Isarvorstadt",0,0,4401386.5,NA,NA,NA,"Landwirtschaftsfläche","Fläche (insgesamt)",NA,NA,NA
"Flächennutzung","Landwirtschaftsfläche",2019,"03 Maxvorstadt",0,0,4297903.8,NA,NA,NA,"Landwirtschaftsfläche","Fläche (insgesamt)",NA,NA,NA
"Flächennutzung","Landwirtschaftsfläche",2019,"04 Schwabing - West",0,0,4363035.1,NA,NA,NA,"Landwirtschaftsfläche","Fläche (insgesamt)",NA,NA,NA
"Flächennutzung","Landwirtschaftsfläche",2019,"05 Au - Haidhausen",0,0,4219638.2,NA,NA,NA,"Landwirtschaftsfläche","Fläche (insgesamt)",NA,NA,NA
"Flächennutzung","Landwirtschaftsfläche",2019,"06 Sendling",0.8,33316.7,3938707.8,NA,NA,NA,"Landwirtschaftsfläche","Fläche (insgesamt)",NA,NA,NA
"Flächennutzung","Landwirtschaftsfläche",2019,"07 Sendling - Westpark",0,0,7814519,NA,NA,NA,"Landwirtschaftsfläche","Fläche (insgesamt)",NA,NA,NA
"Flächennutzung","Landwirtschaftsfläche",2019,"08 Schwanthalerhöhe",0,0,2070209.9,NA,NA,NA,"Landwirtschaftsfläche","Fläche (insgesamt)",NA,NA,NA
"Flächennutzung","Landwirtschaftsfläche",2019,"09 Neuhausen - Nymphenburg",0.2,20382.4,12914467.1,NA,NA,NA,"Landwirtschaftsfläche","Fläche (insgesamt)",NA,NA,NA
"Flächennutzung","Landwirtschaftsfläche",2019,"10 Moosach",3.8,426565,11093612.4,NA,NA,NA,"Landwirtschaftsfläche","Fläche (insgesamt)",NA,NA,NA
"Flächennutzung","Landwirtschaftsfläche",2019,"11 Milbertshofen - Am Hart",0,0,13416361.4,NA,NA,NA,"Landwirtschaftsfläche","Fläche (insgesamt)",NA,NA,NA
"Flächennutzung","Landwirtschaftsfläche",2019,"12 Schwabing - Freimann",2.2,558066.5,25672203.8,NA,NA,NA,"Landwirtschaftsfläche","Fläche (insgesamt)",NA,NA,NA
"Flächennutzung","Landwirtschaftsfläche",2019,"13 Bogenhausen",26.6,6311788.5,23709797.7,NA,NA,NA,"Landwirtschaftsfläche","Fläche (insgesamt)",NA,NA,NA
"Flächennutzung","Landwirtschaftsfläche",2019,"14 Berg am Laim",1.4,90976.9,6314554.2,NA,NA,NA,"Landwirtschaftsfläche","Fläche (insgesamt)",NA,NA,NA
"Flächennutzung","Landwirtschaftsfläche",2019,"15 Trudering - Riem",8.3,1865024.9,22450431.3,NA,NA,NA,"Landwirtschaftsfläche","Fläche (insgesamt)",NA,NA,NA
"Flächennutzung","Landwirtschaftsfläche",2019,"16 Ramersdorf - Perlach",5.5,1097795.8,19894934.4,NA,NA,NA,"Landwirtschaftsfläche","Fläche (insgesamt)",NA,NA,NA
"Flächennutzung","Landwirtschaftsfläche",2019,"17 Obergiesing - Fasangarten",1.2,68614.4,5720352.7,NA,NA,NA,"Landwirtschaftsfläche","Fläche (insgesamt)",NA,NA,NA
"Flächennutzung","Landwirtschaftsfläche",2019,"18 Untergiesing - Harlaching",0.9,70366.1,8056680.7,NA,NA,NA,"Landwirtschaftsfläche","Fläche (insgesamt)",NA,NA,NA
"Flächennutzung","Landwirtschaftsfläche",2019,"19 Thalkirchen - Obersendling - Forstenried - Fürstenried - Solln",8.4,1493450.1,17763102.6,NA,NA,NA,"Landwirtschaftsfläche","Fläche (insgesamt)",NA,NA,NA
"Flächennutzung","Landwirtschaftsfläche",2019,"20 Hadern",3,275805.7,9223679.6,NA,NA,NA,"Landwirtschaftsfläche","Fläche (insgesamt)",NA,NA,NA
"Flächennutzung","Landwirtschaftsfläche",2019,"21 Pasing - Obermenzing",15,2477531.5,16497757.1,NA,NA,NA,"Landwirtschaftsfläche","Fläche (insgesamt)",NA,NA,NA
"Flächennutzung","Landwirtschaftsfläche",2019,"22 Aubing - Lochhausen - Langwied",44.6,15177576.2,34060109.2,NA,NA,NA,"Landwirtschaftsfläche","Fläche (insgesamt)",NA,NA,NA
"Flächennutzung","Landwirtschaftsfläche",2019,"23 Allach - Untermenzing",22.8,3522522.1,15451672.7,NA,NA,NA,"Landwirtschaftsfläche","Fläche (insgesamt)",NA,NA,NA
"Flächennutzung","Landwirtschaftsfläche",2019,"24 Feldmoching - Hasenbergl",42.3,12245306.7,28937822.6,NA,NA,NA,"Landwirtschaftsfläche","Fläche (insgesamt)",NA,NA,NA
"Flächennutzung","Landwirtschaftsfläche",2019,"25 Laim",0,0,5285859.4,NA,NA,NA,"Landwirtschaftsfläche","Fläche (insgesamt)",NA,NA,NA
"Flächennutzung","Landwirtschaftsfläche",2018,"Stadt München",14.8,46051234.9,310714581.1,NA,NA,NA,"Landwirtschaftsfläche","Fläche (insgesamt)",NA,NA,NA
"Flächennutzung","Landwirtschaftsfläche",2018,"01 Altstadt - Lehel",0,0,3145668.2,NA,NA,NA,"Landwirtschaftsfläche","Fläche (insgesamt)",NA,NA,NA
"Flächennutzung","Landwirtschaftsfläche",2018,"02 Ludwigsvorstadt - Isarvorstadt",0,0,4401386.4,NA,NA,NA,"Landwirtschaftsfläche","Fläche (insgesamt)",NA,NA,NA
"Flächennutzung","Landwirtschaftsfläche",2018,"03 Maxvorstadt",0,0,4297903.7,NA,NA,NA,"Landwirtschaftsfläche","Fläche (insgesamt)",NA,NA,NA
"Flächennutzung","Landwirtschaftsfläche",2018,"04 Schwabing - West",0,0,4363035.1,NA,NA,NA,"Landwirtschaftsfläche","Fläche (insgesamt)",NA,NA,NA
"Flächennutzung","Landwirtschaftsfläche",2018,"05 Au - Haidhausen",0,0,4219638.2,NA,NA,NA,"Landwirtschaftsfläche","Fläche (insgesamt)",NA,NA,NA
"Flächennutzung","Landwirtschaftsfläche",2018,"06 Sendling",0.8,33316.2,3938707.8,NA,NA,NA,"Landwirtschaftsfläche","Fläche (insgesamt)",NA,NA,NA
"Flächennutzung","Landwirtschaftsfläche",2018,"07 Sendling - Westpark",0,0,7814518.9,NA,NA,NA,"Landwirtschaftsfläche","Fläche (insgesamt)",NA,NA,NA
"Flächennutzung","Landwirtschaftsfläche",2018,"08 Schwanthalerhöhe",0,0,2070209.9,NA,NA,NA,"Landwirtschaftsfläche","Fläche (insgesamt)",NA,NA,NA
"Flächennutzung","Landwirtschaftsfläche",2018,"09 Neuhausen - Nymphenburg",0.2,20382.2,12914467.1,NA,NA,NA,"Landwirtschaftsfläche","Fläche (insgesamt)",NA,NA,NA
"Flächennutzung","Landwirtschaftsfläche",2018,"10 Moosach",3.8,426564.9,11093612.4,NA,NA,NA,"Landwirtschaftsfläche","Fläche (insgesamt)",NA,NA,NA
"Flächennutzung","Landwirtschaftsfläche",2018,"11 Milbertshofen - Am Hart",0,0,13416362.6,NA,NA,NA,"Landwirtschaftsfläche","Fläche (insgesamt)",NA,NA,NA
"Flächennutzung","Landwirtschaftsfläche",2018,"12 Schwabing - Freimann",2.5,641155.8,25672214.4,NA,NA,NA,"Landwirtschaftsfläche","Fläche (insgesamt)",NA,NA,NA
"Flächennutzung","Landwirtschaftsfläche",2018,"13 Bogenhausen",26.7,6326256.8,23709809.1,NA,NA,NA,"Landwirtschaftsfläche","Fläche (insgesamt)",NA,NA,NA
"Flächennutzung","Landwirtschaftsfläche",2018,"14 Berg am Laim",1.4,90976.3,6314554.2,NA,NA,NA,"Landwirtschaftsfläche","Fläche (insgesamt)",NA,NA,NA
"Flächennutzung","Landwirtschaftsfläche",2018,"15 Trudering - Riem",8.3,1862670.4,22450449.4,NA,NA,NA,"Landwirtschaftsfläche","Fläche (insgesamt)",NA,NA,NA
"Flächennutzung","Landwirtschaftsfläche",2018,"16 Ramersdorf - Perlach",5.5,1099579.1,19894941.8,NA,NA,NA,"Landwirtschaftsfläche","Fläche (insgesamt)",NA,NA,NA
"Flächennutzung","Landwirtschaftsfläche",2018,"17 Obergiesing - Fasangarten",1.2,68614.6,5720355.7,NA,NA,NA,"Landwirtschaftsfläche","Fläche (insgesamt)",NA,NA,NA
"Flächennutzung","Landwirtschaftsfläche",2018,"18 Untergiesing - Harlaching",0.9,70365.2,8056685.2,NA,NA,NA,"Landwirtschaftsfläche","Fläche (insgesamt)",NA,NA,NA
"Flächennutzung","Landwirtschaftsfläche",2018,"19 Thalkirchen - Obersendling - Forstenried - Fürstenried - Solln",8.4,1494379.2,17763113.7,NA,NA,NA,"Landwirtschaftsfläche","Fläche (insgesamt)",NA,NA,NA
"Flächennutzung","Landwirtschaftsfläche",2018,"20 Hadern",3,275805.8,9223683.6,NA,NA,NA,"Landwirtschaftsfläche","Fläche (insgesamt)",NA,NA,NA
"Flächennutzung","Landwirtschaftsfläche",2018,"21 Pasing - Obermenzing",15.2,2504385.3,16497760.6,NA,NA,NA,"Landwirtschaftsfläche","Fläche (insgesamt)",NA,NA,NA
"Flächennutzung","Landwirtschaftsfläche",2018,"22 Aubing - Lochhausen - Langwied",45.1,15346484,34060135.2,NA,NA,NA,"Landwirtschaftsfläche","Fläche (insgesamt)",NA,NA,NA
"Flächennutzung","Landwirtschaftsfläche",2018,"23 Allach - Untermenzing",22.9,3533065.6,15451677.6,NA,NA,NA,"Landwirtschaftsfläche","Fläche (insgesamt)",NA,NA,NA
"Flächennutzung","Landwirtschaftsfläche",2018,"24 Feldmoching - Hasenbergl",42.4,12257233.7,28937830.9,NA,NA,NA,"Landwirtschaftsfläche","Fläche (insgesamt)",NA,NA,NA
"Flächennutzung","Landwirtschaftsfläche",2018,"25 Laim",0,0,5285859.5,NA,NA,NA,"Landwirtschaftsfläche","Fläche (insgesamt)",NA,NA,NA
"Flächennutzung","Landwirtschaftsfläche",2017,"Stadt München",14.9,46278054.1,310714582,NA,NA,NA,"Landwirtschaftsfläche","Fläche (insgesamt)",NA,NA,NA
"Flächennutzung","Landwirtschaftsfläche",2017,"01 Altstadt - Lehel",0,0,3145668.2,NA,NA,NA,"Landwirtschaftsfläche","Fläche (insgesamt)",NA,NA,NA
"Flächennutzung","Landwirtschaftsfläche",2017,"02 Ludwigsvorstadt - Isarvorstadt",0,0,4401386.4,NA,NA,NA,"Landwirtschaftsfläche","Fläche (insgesamt)",NA,NA,NA
"Flächennutzung","Landwirtschaftsfläche",2017,"03 Maxvorstadt",0,0,4297903.7,NA,NA,NA,"Landwirtschaftsfläche","Fläche (insgesamt)",NA,NA,NA
"Flächennutzung","Landwirtschaftsfläche",2017,"04 Schwabing - West",0,0,4363035.1,NA,NA,NA,"Landwirtschaftsfläche","Fläche (insgesamt)",NA,NA,NA
"Flächennutzung","Landwirtschaftsfläche",2017,"05 Au - Haidhausen",0,0,4219638.2,NA,NA,NA,"Landwirtschaftsfläche","Fläche (insgesamt)",NA,NA,NA
"Flächennutzung","Landwirtschaftsfläche",2017,"06 Sendling",0.8,33316.2,3938707.8,NA,NA,NA,"Landwirtschaftsfläche","Fläche (insgesamt)",NA,NA,NA
"Flächennutzung","Landwirtschaftsfläche",2017,"07 Sendling - Westpark",0,0,7814518.9,NA,NA,NA,"Landwirtschaftsfläche","Fläche (insgesamt)",NA,NA,NA
"Flächennutzung","Landwirtschaftsfläche",2017,"08 Schwanthalerhöhe",0,0,2070209.9,NA,NA,NA,"Landwirtschaftsfläche","Fläche (insgesamt)",NA,NA,NA
"Flächennutzung","Landwirtschaftsfläche",2017,"09 Neuhausen - Nymphenburg",0.2,20105.3,12914467.1,NA,NA,NA,"Landwirtschaftsfläche","Fläche (insgesamt)",NA,NA,NA
"Flächennutzung","Landwirtschaftsfläche",2017,"10 Moosach",3.9,429298.8,11093612.4,NA,NA,NA,"Landwirtschaftsfläche","Fläche (insgesamt)",NA,NA,NA
"Flächennutzung","Landwirtschaftsfläche",2017,"11 Milbertshofen - Am Hart",0,0,13416362.6,NA,NA,NA,"Landwirtschaftsfläche","Fläche (insgesamt)",NA,NA,NA
"Flächennutzung","Landwirtschaftsfläche",2017,"12 Schwabing - Freimann",2.5,650028.7,25672214.4,NA,NA,NA,"Landwirtschaftsfläche","Fläche (insgesamt)",NA,NA,NA
"Flächennutzung","Landwirtschaftsfläche",2017,"13 Bogenhausen",26.7,6326267.4,23709809.2,NA,NA,NA,"Landwirtschaftsfläche","Fläche (insgesamt)",NA,NA,NA
"Flächennutzung","Landwirtschaftsfläche",2017,"14 Berg am Laim",1.4,90976.3,6314554.2,NA,NA,NA,"Landwirtschaftsfläche","Fläche (insgesamt)",NA,NA,NA
"Flächennutzung","Landwirtschaftsfläche",2017,"15 Trudering - Riem",8.3,1867105.1,22450449.4,NA,NA,NA,"Landwirtschaftsfläche","Fläche (insgesamt)",NA,NA,NA
"Flächennutzung","Landwirtschaftsfläche",2017,"16 Ramersdorf - Perlach",5.6,1107423.1,19894941.8,NA,NA,NA,"Landwirtschaftsfläche","Fläche (insgesamt)",NA,NA,NA
"Flächennutzung","Landwirtschaftsfläche",2017,"17 Obergiesing - Fasangarten",1.2,71306,5720355.7,NA,NA,NA,"Landwirtschaftsfläche","Fläche (insgesamt)",NA,NA,NA
"Flächennutzung","Landwirtschaftsfläche",2017,"18 Untergiesing - Harlaching",0.9,70365.2,8056685.2,NA,NA,NA,"Landwirtschaftsfläche","Fläche (insgesamt)",NA,NA,NA
"Flächennutzung","Landwirtschaftsfläche",2017,"19 Thalkirchen - Obersendling - Forstenried - Fürstenried - Solln",8.4,1494379.2,17763113.7,NA,NA,NA,"Landwirtschaftsfläche","Fläche (insgesamt)",NA,NA,NA
"Flächennutzung","Landwirtschaftsfläche",2017,"20 Hadern",3,275805.8,9223683.6,NA,NA,NA,"Landwirtschaftsfläche","Fläche (insgesamt)",NA,NA,NA
"Flächennutzung","Landwirtschaftsfläche",2017,"21 Pasing - Obermenzing",15.2,2508939.7,16497760.6,NA,NA,NA,"Landwirtschaftsfläche","Fläche (insgesamt)",NA,NA,NA
"Flächennutzung","Landwirtschaftsfläche",2017,"22 Aubing - Lochhausen - Langwied",45.4,15459942.9,34060136,NA,NA,NA,"Landwirtschaftsfläche","Fläche (insgesamt)",NA,NA,NA
"Flächennutzung","Landwirtschaftsfläche",2017,"23 Allach - Untermenzing",22.9,3534633.7,15451677.6,NA,NA,NA,"Landwirtschaftsfläche","Fläche (insgesamt)",NA,NA,NA
"Flächennutzung","Landwirtschaftsfläche",2017,"24 Feldmoching - Hasenbergl",42.6,12338160.7,28937830.9,NA,NA,NA,"Landwirtschaftsfläche","Fläche (insgesamt)",NA,NA,NA
"Flächennutzung","Landwirtschaftsfläche",2017,"25 Laim",0,0,5285859.5,NA,NA,NA,"Landwirtschaftsfläche","Fläche (insgesamt)",NA,NA,NA
"Flächennutzung","Siedlungs- und Verkehrsfläche",2024,"Stadt München",79.1,245929017.4,310728188.4,NA,NA,NA,"Siedlungs- und Verkehrsfläche","Fläche (insgesamt)",NA,NA,NA
"Flächennutzung","Siedlungs- und Verkehrsfläche",2024,"01 Altstadt - Lehel",97.8,3077478.5,3145888.1,NA,NA,NA,"Siedlungs- und Verkehrsfläche","Fläche (insgesamt)",NA,NA,NA
"Flächennutzung","Siedlungs- und Verkehrsfläche",2024,"02 Ludwigsvorstadt - Isarvorstadt",92.4,4065166.3,4401650.7,NA,NA,NA,"Siedlungs- und Verkehrsfläche","Fläche (insgesamt)",NA,NA,NA
"Flächennutzung","Siedlungs- und Verkehrsfläche",2024,"03 Maxvorstadt",100,4296714.7,4298192.3,NA,NA,NA,"Siedlungs- und Verkehrsfläche","Fläche (insgesamt)",NA,NA,NA
"Flächennutzung","Siedlungs- und Verkehrsfläche",2024,"04 Schwabing - West",99.8,4356571.2,4363287.5,NA,NA,NA,"Siedlungs- und Verkehrsfläche","Fläche (insgesamt)",NA,NA,NA
"Flächennutzung","Siedlungs- und Verkehrsfläche",2024,"05 Au - Haidhausen",97.5,4113286.5,4219982.8,NA,NA,NA,"Siedlungs- und Verkehrsfläche","Fläche (insgesamt)",NA,NA,NA
"Flächennutzung","Siedlungs- und Verkehrsfläche",2024,"06 Sendling",90.7,3570778.4,3938931.9,NA,NA,NA,"Siedlungs- und Verkehrsfläche","Fläche (insgesamt)",NA,NA,NA
"Flächennutzung","Siedlungs- und Verkehrsfläche",2024,"07 Sendling - Westpark",100,7813131.5,7814853.1,NA,NA,NA,"Siedlungs- und Verkehrsfläche","Fläche (insgesamt)",NA,NA,NA
"Flächennutzung","Siedlungs- und Verkehrsfläche",2024,"08 Schwanthalerhöhe",100,2070313.2,2070313.2,NA,NA,NA,"Siedlungs- und Verkehrsfläche","Fläche (insgesamt)",NA,NA,NA
"Flächennutzung","Siedlungs- und Verkehrsfläche",2024,"09 Neuhausen - Nymphenburg",96.7,12486766.9,12914863.8,NA,NA,NA,"Siedlungs- und Verkehrsfläche","Fläche (insgesamt)",NA,NA,NA
"Flächennutzung","Siedlungs- und Verkehrsfläche",2024,"10 Moosach",94.3,10460207.2,11093673.1,NA,NA,NA,"Siedlungs- und Verkehrsfläche","Fläche (insgesamt)",NA,NA,NA
"Flächennutzung","Siedlungs- und Verkehrsfläche",2024,"11 Milbertshofen - Am Hart",91.6,12291175.6,13417210.9,NA,NA,NA,"Siedlungs- und Verkehrsfläche","Fläche (insgesamt)",NA,NA,NA
"Flächennutzung","Siedlungs- und Verkehrsfläche",2024,"12 Schwabing - Freimann",88.4,22708240.6,25674488.6,NA,NA,NA,"Siedlungs- und Verkehrsfläche","Fläche (insgesamt)",NA,NA,NA
"Flächennutzung","Siedlungs- und Verkehrsfläche",2024,"13 Bogenhausen",69.8,16542141.4,23712918.2,NA,NA,NA,"Siedlungs- und Verkehrsfläche","Fläche (insgesamt)",NA,NA,NA
"Flächennutzung","Siedlungs- und Verkehrsfläche",2024,"14 Berg am Laim",98.8,6238782.7,6315330.6,NA,NA,NA,"Siedlungs- und Verkehrsfläche","Fläche (insgesamt)",NA,NA,NA
"Flächennutzung","Siedlungs- und Verkehrsfläche",2024,"15 Trudering - Riem",82,18408346.7,22453898.2,NA,NA,NA,"Siedlungs- und Verkehrsfläche","Fläche (insgesamt)",NA,NA,NA
"Flächennutzung","Siedlungs- und Verkehrsfläche",2024,"16 Ramersdorf - Perlach",84.7,16856509.2,19897106.1,NA,NA,NA,"Siedlungs- und Verkehrsfläche","Fläche (insgesamt)",NA,NA,NA
"Flächennutzung","Siedlungs- und Verkehrsfläche",2024,"17 Obergiesing - Fasangarten",97.6,5581178.6,5720858.9,NA,NA,NA,"Siedlungs- und Verkehrsfläche","Fläche (insgesamt)",NA,NA,NA
"Flächennutzung","Siedlungs- und Verkehrsfläche",2024,"18 Untergiesing - Harlaching",97.3,7840457.4,8057175.1,NA,NA,NA,"Siedlungs- und Verkehrsfläche","Fläche (insgesamt)",NA,NA,NA
"Flächennutzung","Siedlungs- und Verkehrsfläche",2024,"19 Thalkirchen - Obersendling - Forstenried - Fürstenried - Solln",87.7,15584233.8,17763477.9,NA,NA,NA,"Siedlungs- und Verkehrsfläche","Fläche (insgesamt)",NA,NA,NA
"Flächennutzung","Siedlungs- und Verkehrsfläche",2024,"20 Hadern",90.7,8369083.1,9223739.6,NA,NA,NA,"Siedlungs- und Verkehrsfläche","Fläche (insgesamt)",NA,NA,NA
"Flächennutzung","Siedlungs- und Verkehrsfläche",2024,"21 Pasing - Obermenzing",82.4,13599110.1,16497495.3,NA,NA,NA,"Siedlungs- und Verkehrsfläche","Fläche (insgesamt)",NA,NA,NA
"Flächennutzung","Siedlungs- und Verkehrsfläche",2024,"22 Aubing - Lochhausen - Langwied",46.5,15835435.6,34057241.8,NA,NA,NA,"Siedlungs- und Verkehrsfläche","Fläche (insgesamt)",NA,NA,NA
"Flächennutzung","Siedlungs- und Verkehrsfläche",2024,"23 Allach - Untermenzing",66.7,10301324.4,15451175.7,NA,NA,NA,"Siedlungs- und Verkehrsfläche","Fläche (insgesamt)",NA,NA,NA
"Flächennutzung","Siedlungs- und Verkehrsfläche",2024,"24 Feldmoching - Hasenbergl",49,14180605,28938420.3,NA,NA,NA,"Siedlungs- und Verkehrsfläche","Fläche (insgesamt)",NA,NA,NA
"Flächennutzung","Siedlungs- und Verkehrsfläche",2024,"25 Laim",99.9,5281979,5286014.8,NA,NA,NA,"Siedlungs- und Verkehrsfläche","Fläche (insgesamt)",NA,NA,NA
"Flächennutzung","Siedlungs- und Verkehrsfläche",2023,"Stadt München",79.1,245904363.9,310728188.4,NA,NA,NA,"Siedlungs- und Verkehrsfläche","Fläche (insgesamt)",NA,NA,NA
"Flächennutzung","Siedlungs- und Verkehrsfläche",2023,"01 Altstadt - Lehel",97.8,3077483.4,3145888.1,NA,NA,NA,"Siedlungs- und Verkehrsfläche","Fläche (insgesamt)",NA,NA,NA
"Flächennutzung","Siedlungs- und Verkehrsfläche",2023,"02 Ludwigsvorstadt - Isarvorstadt",92.4,4065153.9,4401650.7,NA,NA,NA,"Siedlungs- und Verkehrsfläche","Fläche (insgesamt)",NA,NA,NA
"Flächennutzung","Siedlungs- und Verkehrsfläche",2023,"03 Maxvorstadt",99.9,4294362.5,4298192.3,NA,NA,NA,"Siedlungs- und Verkehrsfläche","Fläche (insgesamt)",NA,NA,NA
"Flächennutzung","Siedlungs- und Verkehrsfläche",2023,"04 Schwabing - West",99.8,4356571.2,4363287.5,NA,NA,NA,"Siedlungs- und Verkehrsfläche","Fläche (insgesamt)",NA,NA,NA
"Flächennutzung","Siedlungs- und Verkehrsfläche",2023,"05 Au - Haidhausen",97.4,4110769,4219982.8,NA,NA,NA,"Siedlungs- und Verkehrsfläche","Fläche (insgesamt)",NA,NA,NA
"Flächennutzung","Siedlungs- und Verkehrsfläche",2023,"06 Sendling",90.7,3570778.4,3938931.9,NA,NA,NA,"Siedlungs- und Verkehrsfläche","Fläche (insgesamt)",NA,NA,NA
"Flächennutzung","Siedlungs- und Verkehrsfläche",2023,"07 Sendling - Westpark",99.7,7793147.1,7814853.1,NA,NA,NA,"Siedlungs- und Verkehrsfläche","Fläche (insgesamt)",NA,NA,NA
"Flächennutzung","Siedlungs- und Verkehrsfläche",2023,"08 Schwanthalerhöhe",99.8,2065303.7,2070313.2,NA,NA,NA,"Siedlungs- und Verkehrsfläche","Fläche (insgesamt)",NA,NA,NA
"Flächennutzung","Siedlungs- und Verkehrsfläche",2023,"09 Neuhausen - Nymphenburg",96.7,12487165.6,12914863.8,NA,NA,NA,"Siedlungs- und Verkehrsfläche","Fläche (insgesamt)",NA,NA,NA
"Flächennutzung","Siedlungs- und Verkehrsfläche",2023,"10 Moosach",94.3,10466544.5,11093673.1,NA,NA,NA,"Siedlungs- und Verkehrsfläche","Fläche (insgesamt)",NA,NA,NA
"Flächennutzung","Siedlungs- und Verkehrsfläche",2023,"11 Milbertshofen - Am Hart",91.6,12291175.6,13417210.9,NA,NA,NA,"Siedlungs- und Verkehrsfläche","Fläche (insgesamt)",NA,NA,NA
"Flächennutzung","Siedlungs- und Verkehrsfläche",2023,"12 Schwabing - Freimann",88.4,22708605.9,25674488.6,NA,NA,NA,"Siedlungs- und Verkehrsfläche","Fläche (insgesamt)",NA,NA,NA
"Flächennutzung","Siedlungs- und Verkehrsfläche",2023,"13 Bogenhausen",69.8,16542141.2,23712918.2,NA,NA,NA,"Siedlungs- und Verkehrsfläche","Fläche (insgesamt)",NA,NA,NA
"Flächennutzung","Siedlungs- und Verkehrsfläche",2023,"14 Berg am Laim",98.5,6222258.5,6315330.6,NA,NA,NA,"Siedlungs- und Verkehrsfläche","Fläche (insgesamt)",NA,NA,NA
"Flächennutzung","Siedlungs- und Verkehrsfläche",2023,"15 Trudering - Riem",81.9,18392644.8,22453898.2,NA,NA,NA,"Siedlungs- und Verkehrsfläche","Fläche (insgesamt)",NA,NA,NA
"Flächennutzung","Siedlungs- und Verkehrsfläche",2023,"16 Ramersdorf - Perlach",84.8,16867896.9,19897106.1,NA,NA,NA,"Siedlungs- und Verkehrsfläche","Fläche (insgesamt)",NA,NA,NA
"Flächennutzung","Siedlungs- und Verkehrsfläche",2023,"17 Obergiesing - Fasangarten",97.9,5599332.3,5720858.9,NA,NA,NA,"Siedlungs- und Verkehrsfläche","Fläche (insgesamt)",NA,NA,NA
"Flächennutzung","Siedlungs- und Verkehrsfläche",2023,"18 Untergiesing - Harlaching",97.4,7847464.2,8057175.1,NA,NA,NA,"Siedlungs- und Verkehrsfläche","Fläche (insgesamt)",NA,NA,NA
"Flächennutzung","Siedlungs- und Verkehrsfläche",2023,"19 Thalkirchen - Obersendling - Forstenried - Fürstenried - Solln",87.8,15598424.9,17763477.9,NA,NA,NA,"Siedlungs- und Verkehrsfläche","Fläche (insgesamt)",NA,NA,NA
"Flächennutzung","Siedlungs- und Verkehrsfläche",2023,"20 Hadern",90.7,8368865.3,9223739.6,NA,NA,NA,"Siedlungs- und Verkehrsfläche","Fläche (insgesamt)",NA,NA,NA
"Flächennutzung","Siedlungs- und Verkehrsfläche",2023,"21 Pasing - Obermenzing",82.4,13598329.8,16497495.3,NA,NA,NA,"Siedlungs- und Verkehrsfläche","Fläche (insgesamt)",NA,NA,NA
"Flächennutzung","Siedlungs- und Verkehrsfläche",2023,"22 Aubing - Lochhausen - Langwied",46.4,15798785.4,34057241.9,NA,NA,NA,"Siedlungs- und Verkehrsfläche","Fläche (insgesamt)",NA,NA,NA
"Flächennutzung","Siedlungs- und Verkehrsfläche",2023,"23 Allach - Untermenzing",66.7,10302458.3,15451175.7,NA,NA,NA,"Siedlungs- und Verkehrsfläche","Fläche (insgesamt)",NA,NA,NA
"Flächennutzung","Siedlungs- und Verkehrsfläche",2023,"24 Feldmoching - Hasenbergl",49.1,14196565.8,28938420.3,NA,NA,NA,"Siedlungs- und Verkehrsfläche","Fläche (insgesamt)",NA,NA,NA
"Flächennutzung","Siedlungs- und Verkehrsfläche",2023,"25 Laim",99.9,5282135.8,5286014.8,NA,NA,NA,"Siedlungs- und Verkehrsfläche","Fläche (insgesamt)",NA,NA,NA
"Flächennutzung","Siedlungs- und Verkehrsfläche",2022,"Stadt München",79.1,245906911,310728188.5,NA,NA,NA,"Siedlungs- und Verkehrsfläche","Fläche (insgesamt)",NA,NA,NA
"Flächennutzung","Siedlungs- und Verkehrsfläche",2022,"01 Altstadt - Lehel",97.8,3077483.4,3145888.1,NA,NA,NA,"Siedlungs- und Verkehrsfläche","Fläche (insgesamt)",NA,NA,NA
"Flächennutzung","Siedlungs- und Verkehrsfläche",2022,"02 Ludwigsvorstadt - Isarvorstadt",92.4,4065153.9,4401650.7,NA,NA,NA,"Siedlungs- und Verkehrsfläche","Fläche (insgesamt)",NA,NA,NA
"Flächennutzung","Siedlungs- und Verkehrsfläche",2022,"03 Maxvorstadt",100,4296714.7,4298192.3,NA,NA,NA,"Siedlungs- und Verkehrsfläche","Fläche (insgesamt)",NA,NA,NA
"Flächennutzung","Siedlungs- und Verkehrsfläche",2022,"04 Schwabing - West",99.8,4356565.6,4363287.5,NA,NA,NA,"Siedlungs- und Verkehrsfläche","Fläche (insgesamt)",NA,NA,NA
"Flächennutzung","Siedlungs- und Verkehrsfläche",2022,"05 Au - Haidhausen",97.5,4113287.9,4219982.8,NA,NA,NA,"Siedlungs- und Verkehrsfläche","Fläche (insgesamt)",NA,NA,NA
"Flächennutzung","Siedlungs- und Verkehrsfläche",2022,"06 Sendling",90.7,3570778.4,3938931.9,NA,NA,NA,"Siedlungs- und Verkehrsfläche","Fläche (insgesamt)",NA,NA,NA
"Flächennutzung","Siedlungs- und Verkehrsfläche",2022,"07 Sendling - Westpark",99.9,7805830.3,7814853.1,NA,NA,NA,"Siedlungs- und Verkehrsfläche","Fläche (insgesamt)",NA,NA,NA
"Flächennutzung","Siedlungs- und Verkehrsfläche",2022,"08 Schwanthalerhöhe",100,2070313.2,2070313.2,NA,NA,NA,"Siedlungs- und Verkehrsfläche","Fläche (insgesamt)",NA,NA,NA
"Flächennutzung","Siedlungs- und Verkehrsfläche",2022,"09 Neuhausen - Nymphenburg",96.7,12486807.7,12914863.8,NA,NA,NA,"Siedlungs- und Verkehrsfläche","Fläche (insgesamt)",NA,NA,NA
"Flächennutzung","Siedlungs- und Verkehrsfläche",2022,"10 Moosach",94.4,10467345.9,11093673.1,NA,NA,NA,"Siedlungs- und Verkehrsfläche","Fläche (insgesamt)",NA,NA,NA
"Flächennutzung","Siedlungs- und Verkehrsfläche",2022,"11 Milbertshofen - Am Hart",91.6,12291175.6,13417210.9,NA,NA,NA,"Siedlungs- und Verkehrsfläche","Fläche (insgesamt)",NA,NA,NA
"Flächennutzung","Siedlungs- und Verkehrsfläche",2022,"12 Schwabing - Freimann",88.4,22704715.4,25674488.6,NA,NA,NA,"Siedlungs- und Verkehrsfläche","Fläche (insgesamt)",NA,NA,NA
"Flächennutzung","Siedlungs- und Verkehrsfläche",2022,"13 Bogenhausen",69.8,16541783.2,23712918.2,NA,NA,NA,"Siedlungs- und Verkehrsfläche","Fläche (insgesamt)",NA,NA,NA
"Flächennutzung","Siedlungs- und Verkehrsfläche",2022,"14 Berg am Laim",98.5,6223592,6315330.6,NA,NA,NA,"Siedlungs- und Verkehrsfläche","Fläche (insgesamt)",NA,NA,NA
"Flächennutzung","Siedlungs- und Verkehrsfläche",2022,"15 Trudering - Riem",81.9,18391503.8,22453898.2,NA,NA,NA,"Siedlungs- und Verkehrsfläche","Fläche (insgesamt)",NA,NA,NA
"Flächennutzung","Siedlungs- und Verkehrsfläche",2022,"16 Ramersdorf - Perlach",84.7,16861617.3,19897105.9,NA,NA,NA,"Siedlungs- und Verkehrsfläche","Fläche (insgesamt)",NA,NA,NA
"Flächennutzung","Siedlungs- und Verkehrsfläche",2022,"17 Obergiesing - Fasangarten",97.9,5600951,5720859.1,NA,NA,NA,"Siedlungs- und Verkehrsfläche","Fläche (insgesamt)",NA,NA,NA
"Flächennutzung","Siedlungs- und Verkehrsfläche",2022,"18 Untergiesing - Harlaching",97.4,7847464.2,8057175.1,NA,NA,NA,"Siedlungs- und Verkehrsfläche","Fläche (insgesamt)",NA,NA,NA
"Flächennutzung","Siedlungs- und Verkehrsfläche",2022,"19 Thalkirchen - Obersendling - Forstenried - Fürstenried - Solln",87.8,15601134.4,17763477.9,NA,NA,NA,"Siedlungs- und Verkehrsfläche","Fläche (insgesamt)",NA,NA,NA
"Flächennutzung","Siedlungs- und Verkehrsfläche",2022,"20 Hadern",90.7,8369083.1,9223739.6,NA,NA,NA,"Siedlungs- und Verkehrsfläche","Fläche (insgesamt)",NA,NA,NA
"Flächennutzung","Siedlungs- und Verkehrsfläche",2022,"21 Pasing - Obermenzing",82.4,13599110.1,16497495.3,NA,NA,NA,"Siedlungs- und Verkehrsfläche","Fläche (insgesamt)",NA,NA,NA
"Flächennutzung","Siedlungs- und Verkehrsfläche",2022,"22 Aubing - Lochhausen - Langwied",46.3,15766638.4,34057242,NA,NA,NA,"Siedlungs- und Verkehrsfläche","Fläche (insgesamt)",NA,NA,NA
"Flächennutzung","Siedlungs- und Verkehrsfläche",2022,"23 Allach - Untermenzing",66.7,10306982.4,15451175.7,NA,NA,NA,"Siedlungs- und Verkehrsfläche","Fläche (insgesamt)",NA,NA,NA
"Flächennutzung","Siedlungs- und Verkehrsfläche",2022,"24 Feldmoching - Hasenbergl",49.1,14208743.4,28938420.3,NA,NA,NA,"Siedlungs- und Verkehrsfläche","Fläche (insgesamt)",NA,NA,NA
"Flächennutzung","Siedlungs- und Verkehrsfläche",2022,"25 Laim",99.9,5282135.8,5286014.8,NA,NA,NA,"Siedlungs- und Verkehrsfläche","Fläche (insgesamt)",NA,NA,NA
"Flächennutzung","Siedlungs- und Verkehrsfläche",2021,"Stadt München",79.2,245943359.5,310728188.5,NA,NA,NA,"Siedlungs- und Verkehrsfläche","Fläche (insgesamt)",NA,NA,NA
"Flächennutzung","Siedlungs- und Verkehrsfläche",2021,"01 Altstadt - Lehel",97.8,3077483.4,3145888.1,NA,NA,NA,"Siedlungs- und Verkehrsfläche","Fläche (insgesamt)",NA,NA,NA
"Flächennutzung","Siedlungs- und Verkehrsfläche",2021,"02 Ludwigsvorstadt - Isarvorstadt",92.4,4065426.2,4401650.7,NA,NA,NA,"Siedlungs- und Verkehrsfläche","Fläche (insgesamt)",NA,NA,NA
"Flächennutzung","Siedlungs- und Verkehrsfläche",2021,"03 Maxvorstadt",100,4296714.7,4298192.3,NA,NA,NA,"Siedlungs- und Verkehrsfläche","Fläche (insgesamt)",NA,NA,NA
"Flächennutzung","Siedlungs- und Verkehrsfläche",2021,"04 Schwabing - West",99.8,4356565.6,4363287.5,NA,NA,NA,"Siedlungs- und Verkehrsfläche","Fläche (insgesamt)",NA,NA,NA
"Flächennutzung","Siedlungs- und Verkehrsfläche",2021,"05 Au - Haidhausen",97.5,4113284.3,4219982.8,NA,NA,NA,"Siedlungs- und Verkehrsfläche","Fläche (insgesamt)",NA,NA,NA
"Flächennutzung","Siedlungs- und Verkehrsfläche",2021,"06 Sendling",90.7,3570778.4,3938931.9,NA,NA,NA,"Siedlungs- und Verkehrsfläche","Fläche (insgesamt)",NA,NA,NA
"Flächennutzung","Siedlungs- und Verkehrsfläche",2021,"07 Sendling - Westpark",100,7814043.2,7814853.1,NA,NA,NA,"Siedlungs- und Verkehrsfläche","Fläche (insgesamt)",NA,NA,NA
"Flächennutzung","Siedlungs- und Verkehrsfläche",2021,"08 Schwanthalerhöhe",100,2070313.2,2070313.2,NA,NA,NA,"Siedlungs- und Verkehrsfläche","Fläche (insgesamt)",NA,NA,NA
"Flächennutzung","Siedlungs- und Verkehrsfläche",2021,"09 Neuhausen - Nymphenburg",96.7,12486808,12914863.8,NA,NA,NA,"Siedlungs- und Verkehrsfläche","Fläche (insgesamt)",NA,NA,NA
"Flächennutzung","Siedlungs- und Verkehrsfläche",2021,"10 Moosach",94.4,10475449.6,11093673.1,NA,NA,NA,"Siedlungs- und Verkehrsfläche","Fläche (insgesamt)",NA,NA,NA
"Flächennutzung","Siedlungs- und Verkehrsfläche",2021,"11 Milbertshofen - Am Hart",91.6,12291175.6,13417210.9,NA,NA,NA,"Siedlungs- und Verkehrsfläche","Fläche (insgesamt)",NA,NA,NA
"Flächennutzung","Siedlungs- und Verkehrsfläche",2021,"12 Schwabing - Freimann",88.5,22716728,25674488.6,NA,NA,NA,"Siedlungs- und Verkehrsfläche","Fläche (insgesamt)",NA,NA,NA
"Flächennutzung","Siedlungs- und Verkehrsfläche",2021,"13 Bogenhausen",69.8,16542559.6,23712918.2,NA,NA,NA,"Siedlungs- und Verkehrsfläche","Fläche (insgesamt)",NA,NA,NA
"Flächennutzung","Siedlungs- und Verkehrsfläche",2021,"14 Berg am Laim",98.5,6223592,6315330.6,NA,NA,NA,"Siedlungs- und Verkehrsfläche","Fläche (insgesamt)",NA,NA,NA
"Flächennutzung","Siedlungs- und Verkehrsfläche",2021,"15 Trudering - Riem",81.9,18394558.4,22453898.2,NA,NA,NA,"Siedlungs- und Verkehrsfläche","Fläche (insgesamt)",NA,NA,NA
"Flächennutzung","Siedlungs- und Verkehrsfläche",2021,"16 Ramersdorf - Perlach",84.7,16853316.6,19897105.8,NA,NA,NA,"Siedlungs- und Verkehrsfläche","Fläche (insgesamt)",NA,NA,NA
"Flächennutzung","Siedlungs- und Verkehrsfläche",2021,"17 Obergiesing - Fasangarten",97.9,5601270.8,5720859.1,NA,NA,NA,"Siedlungs- und Verkehrsfläche","Fläche (insgesamt)",NA,NA,NA
"Flächennutzung","Siedlungs- und Verkehrsfläche",2021,"18 Untergiesing - Harlaching",97.4,7848176,8057175.1,NA,NA,NA,"Siedlungs- und Verkehrsfläche","Fläche (insgesamt)",NA,NA,NA
"Flächennutzung","Siedlungs- und Verkehrsfläche",2021,"19 Thalkirchen - Obersendling - Forstenried - Fürstenried - Solln",87.8,15601033.5,17763477.9,NA,NA,NA,"Siedlungs- und Verkehrsfläche","Fläche (insgesamt)",NA,NA,NA
"Flächennutzung","Siedlungs- und Verkehrsfläche",2021,"20 Hadern",90.7,8369083.1,9223739.6,NA,NA,NA,"Siedlungs- und Verkehrsfläche","Fläche (insgesamt)",NA,NA,NA
"Flächennutzung","Siedlungs- und Verkehrsfläche",2021,"21 Pasing - Obermenzing",82.4,13599110.2,16497495.3,NA,NA,NA,"Siedlungs- und Verkehrsfläche","Fläche (insgesamt)",NA,NA,NA
"Flächennutzung","Siedlungs- und Verkehrsfläche",2021,"22 Aubing - Lochhausen - Langwied",46.3,15769272.6,34057242,NA,NA,NA,"Siedlungs- und Verkehrsfläche","Fläche (insgesamt)",NA,NA,NA
"Flächennutzung","Siedlungs- und Verkehrsfläche",2021,"23 Allach - Untermenzing",66.7,10311135.8,15451175.7,NA,NA,NA,"Siedlungs- und Verkehrsfläche","Fläche (insgesamt)",NA,NA,NA
"Flächennutzung","Siedlungs- und Verkehrsfläche",2021,"24 Feldmoching - Hasenbergl",49.1,14213345,28938420.3,NA,NA,NA,"Siedlungs- und Verkehrsfläche","Fläche (insgesamt)",NA,NA,NA
"Flächennutzung","Siedlungs- und Verkehrsfläche",2021,"25 Laim",99.9,5282135.8,5286014.8,NA,NA,NA,"Siedlungs- und Verkehrsfläche","Fläche (insgesamt)",NA,NA,NA
"Flächennutzung","Siedlungs- und Verkehrsfläche",2020,"Stadt München",79.1,245739295,310728448.8,NA,NA,NA,"Siedlungs- und Verkehrsfläche","Fläche (insgesamt)",NA,NA,NA
"Flächennutzung","Siedlungs- und Verkehrsfläche",2020,"01 Altstadt - Lehel",97.8,3076895.1,3145888.1,NA,NA,NA,"Siedlungs- und Verkehrsfläche","Fläche (insgesamt)",NA,NA,NA
"Flächennutzung","Siedlungs- und Verkehrsfläche",2020,"02 Ludwigsvorstadt - Isarvorstadt",92.3,4064825.7,4401650.7,NA,NA,NA,"Siedlungs- und Verkehrsfläche","Fläche (insgesamt)",NA,NA,NA
"Flächennutzung","Siedlungs- und Verkehrsfläche",2020,"03 Maxvorstadt",99.9,4295877.7,4298192.3,NA,NA,NA,"Siedlungs- und Verkehrsfläche","Fläche (insgesamt)",NA,NA,NA
"Flächennutzung","Siedlungs- und Verkehrsfläche",2020,"04 Schwabing - West",99.8,4356571.2,4363287.5,NA,NA,NA,"Siedlungs- und Verkehrsfläche","Fläche (insgesamt)",NA,NA,NA
"Flächennutzung","Siedlungs- und Verkehrsfläche",2020,"05 Au - Haidhausen",97.5,4113289,4219982.8,NA,NA,NA,"Siedlungs- und Verkehrsfläche","Fläche (insgesamt)",NA,NA,NA
"Flächennutzung","Siedlungs- und Verkehrsfläche",2020,"06 Sendling",90.6,3569352.2,3938931.9,NA,NA,NA,"Siedlungs- und Verkehrsfläche","Fläche (insgesamt)",NA,NA,NA
"Flächennutzung","Siedlungs- und Verkehrsfläche",2020,"07 Sendling - Westpark",100,7812032.8,7814853.1,NA,NA,NA,"Siedlungs- und Verkehrsfläche","Fläche (insgesamt)",NA,NA,NA
"Flächennutzung","Siedlungs- und Verkehrsfläche",2020,"08 Schwanthalerhöhe",100,2070313.2,2070313.2,NA,NA,NA,"Siedlungs- und Verkehrsfläche","Fläche (insgesamt)",NA,NA,NA
"Flächennutzung","Siedlungs- und Verkehrsfläche",2020,"09 Neuhausen - Nymphenburg",96.7,12491473,12914863.8,NA,NA,NA,"Siedlungs- und Verkehrsfläche","Fläche (insgesamt)",NA,NA,NA
"Flächennutzung","Siedlungs- und Verkehrsfläche",2020,"10 Moosach",94.4,10476359.6,11093673.1,NA,NA,NA,"Siedlungs- und Verkehrsfläche","Fläche (insgesamt)",NA,NA,NA
"Flächennutzung","Siedlungs- und Verkehrsfläche",2020,"11 Milbertshofen - Am Hart",91.6,12290946.3,13417210.9,NA,NA,NA,"Siedlungs- und Verkehrsfläche","Fläche (insgesamt)",NA,NA,NA
"Flächennutzung","Siedlungs- und Verkehrsfläche",2020,"12 Schwabing - Freimann",88.5,22717064.5,25674746.5,NA,NA,NA,"Siedlungs- und Verkehrsfläche","Fläche (insgesamt)",NA,NA,NA
"Flächennutzung","Siedlungs- und Verkehrsfläche",2020,"13 Bogenhausen",69.9,16577231.6,23712920.7,NA,NA,NA,"Siedlungs- und Verkehrsfläche","Fläche (insgesamt)",NA,NA,NA
"Flächennutzung","Siedlungs- und Verkehrsfläche",2020,"14 Berg am Laim",98.4,6212299.1,6315330.6,NA,NA,NA,"Siedlungs- und Verkehrsfläche","Fläche (insgesamt)",NA,NA,NA
"Flächennutzung","Siedlungs- und Verkehrsfläche",2020,"15 Trudering - Riem",81.7,18354415.6,22453898.2,NA,NA,NA,"Siedlungs- und Verkehrsfläche","Fläche (insgesamt)",NA,NA,NA
"Flächennutzung","Siedlungs- und Verkehrsfläche",2020,"16 Ramersdorf - Perlach",84.7,16856007.1,19897105.8,NA,NA,NA,"Siedlungs- und Verkehrsfläche","Fläche (insgesamt)",NA,NA,NA
"Flächennutzung","Siedlungs- und Verkehrsfläche",2020,"17 Obergiesing - Fasangarten",97.9,5601953,5720859.1,NA,NA,NA,"Siedlungs- und Verkehrsfläche","Fläche (insgesamt)",NA,NA,NA
"Flächennutzung","Siedlungs- und Verkehrsfläche",2020,"18 Untergiesing - Harlaching",97.4,7847804.1,8057175.1,NA,NA,NA,"Siedlungs- und Verkehrsfläche","Fläche (insgesamt)",NA,NA,NA
"Flächennutzung","Siedlungs- und Verkehrsfläche",2020,"19 Thalkirchen - Obersendling - Forstenried - Fürstenried - Solln",87.5,15534674.1,17763477.9,NA,NA,NA,"Siedlungs- und Verkehrsfläche","Fläche (insgesamt)",NA,NA,NA
"Flächennutzung","Siedlungs- und Verkehrsfläche",2020,"20 Hadern",90.7,8366976,9223739.6,NA,NA,NA,"Siedlungs- und Verkehrsfläche","Fläche (insgesamt)",NA,NA,NA
"Flächennutzung","Siedlungs- und Verkehrsfläche",2020,"21 Pasing - Obermenzing",82.4,13596109.1,16497495.3,NA,NA,NA,"Siedlungs- und Verkehrsfläche","Fläche (insgesamt)",NA,NA,NA
"Flächennutzung","Siedlungs- und Verkehrsfläche",2020,"22 Aubing - Lochhausen - Langwied",46.2,15747600,34057242,NA,NA,NA,"Siedlungs- und Verkehrsfläche","Fläche (insgesamt)",NA,NA,NA
"Flächennutzung","Siedlungs- und Verkehrsfläche",2020,"23 Allach - Untermenzing",66.6,10293572.7,15451175.7,NA,NA,NA,"Siedlungs- und Verkehrsfläche","Fläche (insgesamt)",NA,NA,NA
"Flächennutzung","Siedlungs- und Verkehrsfläche",2020,"24 Feldmoching - Hasenbergl",48.8,14133380.7,28938420.3,NA,NA,NA,"Siedlungs- und Verkehrsfläche","Fläche (insgesamt)",NA,NA,NA
"Flächennutzung","Siedlungs- und Verkehrsfläche",2020,"25 Laim",99.9,5282271.8,5286014.8,NA,NA,NA,"Siedlungs- und Verkehrsfläche","Fläche (insgesamt)",NA,NA,NA
"Flächennutzung","Siedlungs- und Verkehrsfläche",2019,"Stadt München",79.1,245712717.9,310714467.3,NA,NA,NA,"Siedlungs- und Verkehrsfläche","Fläche (insgesamt)",NA,NA,NA
"Flächennutzung","Siedlungs- und Verkehrsfläche",2019,"01 Altstadt - Lehel",97.8,3077268.5,3145668.2,NA,NA,NA,"Siedlungs- und Verkehrsfläche","Fläche (insgesamt)",NA,NA,NA
"Flächennutzung","Siedlungs- und Verkehrsfläche",2019,"02 Ludwigsvorstadt - Isarvorstadt",92.4,4064913.8,4401386.5,NA,NA,NA,"Siedlungs- und Verkehrsfläche","Fläche (insgesamt)",NA,NA,NA
"Flächennutzung","Siedlungs- und Verkehrsfläche",2019,"03 Maxvorstadt",100,4296426,4297903.8,NA,NA,NA,"Siedlungs- und Verkehrsfläche","Fläche (insgesamt)",NA,NA,NA
"Flächennutzung","Siedlungs- und Verkehrsfläche",2019,"04 Schwabing - West",99.8,4356318.4,4363035.1,NA,NA,NA,"Siedlungs- und Verkehrsfläche","Fläche (insgesamt)",NA,NA,NA
"Flächennutzung","Siedlungs- und Verkehrsfläche",2019,"05 Au - Haidhausen",97.5,4112434.8,4219638.2,NA,NA,NA,"Siedlungs- und Verkehrsfläche","Fläche (insgesamt)",NA,NA,NA
"Flächennutzung","Siedlungs- und Verkehrsfläche",2019,"06 Sendling",90.7,3570582,3938707.8,NA,NA,NA,"Siedlungs- und Verkehrsfläche","Fläche (insgesamt)",NA,NA,NA
"Flächennutzung","Siedlungs- und Verkehrsfläche",2019,"07 Sendling - Westpark",100,7813709.3,7814519,NA,NA,NA,"Siedlungs- und Verkehrsfläche","Fläche (insgesamt)",NA,NA,NA
"Flächennutzung","Siedlungs- und Verkehrsfläche",2019,"08 Schwanthalerhöhe",100,2070209.9,2070209.9,NA,NA,NA,"Siedlungs- und Verkehrsfläche","Fläche (insgesamt)",NA,NA,NA
"Flächennutzung","Siedlungs- und Verkehrsfläche",2019,"09 Neuhausen - Nymphenburg",96.7,12491567.4,12914467.1,NA,NA,NA,"Siedlungs- und Verkehrsfläche","Fläche (insgesamt)",NA,NA,NA
"Flächennutzung","Siedlungs- und Verkehrsfläche",2019,"10 Moosach",94.4,10472851.6,11093612.4,NA,NA,NA,"Siedlungs- und Verkehrsfläche","Fläche (insgesamt)",NA,NA,NA
"Flächennutzung","Siedlungs- und Verkehrsfläche",2019,"11 Milbertshofen - Am Hart",91.6,12290384.6,13416361.4,NA,NA,NA,"Siedlungs- und Verkehrsfläche","Fläche (insgesamt)",NA,NA,NA
"Flächennutzung","Siedlungs- und Verkehrsfläche",2019,"12 Schwabing - Freimann",88.5,22727368.4,25672203.8,NA,NA,NA,"Siedlungs- und Verkehrsfläche","Fläche (insgesamt)",NA,NA,NA
"Flächennutzung","Siedlungs- und Verkehrsfläche",2019,"13 Bogenhausen",69.9,16575122.5,23709797.7,NA,NA,NA,"Siedlungs- und Verkehrsfläche","Fläche (insgesamt)",NA,NA,NA
"Flächennutzung","Siedlungs- und Verkehrsfläche",2019,"14 Berg am Laim",98.4,6211204.1,6314554.2,NA,NA,NA,"Siedlungs- und Verkehrsfläche","Fläche (insgesamt)",NA,NA,NA
"Flächennutzung","Siedlungs- und Verkehrsfläche",2019,"15 Trudering - Riem",81.9,18390676.5,22450431.3,NA,NA,NA,"Siedlungs- und Verkehrsfläche","Fläche (insgesamt)",NA,NA,NA
"Flächennutzung","Siedlungs- und Verkehrsfläche",2019,"16 Ramersdorf - Perlach",84.6,16838056.5,19894934.4,NA,NA,NA,"Siedlungs- und Verkehrsfläche","Fläche (insgesamt)",NA,NA,NA
"Flächennutzung","Siedlungs- und Verkehrsfläche",2019,"17 Obergiesing - Fasangarten",97.9,5602566.4,5720352.7,NA,NA,NA,"Siedlungs- und Verkehrsfläche","Fläche (insgesamt)",NA,NA,NA
"Flächennutzung","Siedlungs- und Verkehrsfläche",2019,"18 Untergiesing - Harlaching",97.2,7827281.4,8056680.7,NA,NA,NA,"Siedlungs- und Verkehrsfläche","Fläche (insgesamt)",NA,NA,NA
"Flächennutzung","Siedlungs- und Verkehrsfläche",2019,"19 Thalkirchen - Obersendling - Forstenried - Fürstenried - Solln",87.5,15535572.9,17763102.6,NA,NA,NA,"Siedlungs- und Verkehrsfläche","Fläche (insgesamt)",NA,NA,NA
"Flächennutzung","Siedlungs- und Verkehrsfläche",2019,"20 Hadern",90.7,8368976.5,9223679.6,NA,NA,NA,"Siedlungs- und Verkehrsfläche","Fläche (insgesamt)",NA,NA,NA
"Flächennutzung","Siedlungs- und Verkehrsfläche",2019,"21 Pasing - Obermenzing",82.3,13578003.9,16497757.1,NA,NA,NA,"Siedlungs- und Verkehrsfläche","Fläche (insgesamt)",NA,NA,NA
"Flächennutzung","Siedlungs- und Verkehrsfläche",2019,"22 Aubing - Lochhausen - Langwied",46.2,15743928,34060109.2,NA,NA,NA,"Siedlungs- und Verkehrsfläche","Fläche (insgesamt)",NA,NA,NA
"Flächennutzung","Siedlungs- und Verkehrsfläche",2019,"23 Allach - Untermenzing",66.6,10283601.6,15451672.7,NA,NA,NA,"Siedlungs- und Verkehrsfläche","Fläche (insgesamt)",NA,NA,NA
"Flächennutzung","Siedlungs- und Verkehrsfläche",2019,"24 Feldmoching - Hasenbergl",48.8,14131575.9,28937822.6,NA,NA,NA,"Siedlungs- und Verkehrsfläche","Fläche (insgesamt)",NA,NA,NA
"Flächennutzung","Siedlungs- und Verkehrsfläche",2019,"25 Laim",99.9,5282116.8,5285859.4,NA,NA,NA,"Siedlungs- und Verkehrsfläche","Fläche (insgesamt)",NA,NA,NA
"Flächennutzung","Siedlungs- und Verkehrsfläche",2018,"Stadt München",78.9,245292001.9,310714581.1,NA,NA,NA,"Siedlungs- und Verkehrsfläche","Fläche (insgesamt)",NA,NA,NA
"Flächennutzung","Siedlungs- und Verkehrsfläche",2018,"01 Altstadt - Lehel",97.8,3077273,3145668.2,NA,NA,NA,"Siedlungs- und Verkehrsfläche","Fläche (insgesamt)",NA,NA,NA
"Flächennutzung","Siedlungs- und Verkehrsfläche",2018,"02 Ludwigsvorstadt - Isarvorstadt",92.3,4064423.4,4401386.4,NA,NA,NA,"Siedlungs- und Verkehrsfläche","Fläche (insgesamt)",NA,NA,NA
"Flächennutzung","Siedlungs- und Verkehrsfläche",2018,"03 Maxvorstadt",100,4296426.1,4297903.7,NA,NA,NA,"Siedlungs- und Verkehrsfläche","Fläche (insgesamt)",NA,NA,NA
"Flächennutzung","Siedlungs- und Verkehrsfläche",2018,"04 Schwabing - West",99.8,4356319.5,4363035.1,NA,NA,NA,"Siedlungs- und Verkehrsfläche","Fläche (insgesamt)",NA,NA,NA
"Flächennutzung","Siedlungs- und Verkehrsfläche",2018,"05 Au - Haidhausen",97.5,4112947.7,4219638.2,NA,NA,NA,"Siedlungs- und Verkehrsfläche","Fläche (insgesamt)",NA,NA,NA
"Flächennutzung","Siedlungs- und Verkehrsfläche",2018,"06 Sendling",90.6,3567957.2,3938707.8,NA,NA,NA,"Siedlungs- und Verkehrsfläche","Fläche (insgesamt)",NA,NA,NA
"Flächennutzung","Siedlungs- und Verkehrsfläche",2018,"07 Sendling - Westpark",100,7812712.1,7814518.9,NA,NA,NA,"Siedlungs- und Verkehrsfläche","Fläche (insgesamt)",NA,NA,NA
"Flächennutzung","Siedlungs- und Verkehrsfläche",2018,"08 Schwanthalerhöhe",100,2070209.9,2070209.9,NA,NA,NA,"Siedlungs- und Verkehrsfläche","Fläche (insgesamt)",NA,NA,NA
"Flächennutzung","Siedlungs- und Verkehrsfläche",2018,"09 Neuhausen - Nymphenburg",96.7,12493566.3,12914467.1,NA,NA,NA,"Siedlungs- und Verkehrsfläche","Fläche (insgesamt)",NA,NA,NA
"Flächennutzung","Siedlungs- und Verkehrsfläche",2018,"10 Moosach",94.4,10473164.5,11093612.4,NA,NA,NA,"Siedlungs- und Verkehrsfläche","Fläche (insgesamt)",NA,NA,NA
"Flächennutzung","Siedlungs- und Verkehrsfläche",2018,"11 Milbertshofen - Am Hart",91.6,12290384.2,13416362.6,NA,NA,NA,"Siedlungs- und Verkehrsfläche","Fläche (insgesamt)",NA,NA,NA
"Flächennutzung","Siedlungs- und Verkehrsfläche",2018,"12 Schwabing - Freimann",88.2,22643734.1,25672214.4,NA,NA,NA,"Siedlungs- und Verkehrsfläche","Fläche (insgesamt)",NA,NA,NA
"Flächennutzung","Siedlungs- und Verkehrsfläche",2018,"13 Bogenhausen",69.8,16560665.6,23709809.1,NA,NA,NA,"Siedlungs- und Verkehrsfläche","Fläche (insgesamt)",NA,NA,NA
"Flächennutzung","Siedlungs- und Verkehrsfläche",2018,"14 Berg am Laim",98.4,6211205,6314554.2,NA,NA,NA,"Siedlungs- und Verkehrsfläche","Fläche (insgesamt)",NA,NA,NA
"Flächennutzung","Siedlungs- und Verkehrsfläche",2018,"15 Trudering - Riem",81.9,18394766,22450449.4,NA,NA,NA,"Siedlungs- und Verkehrsfläche","Fläche (insgesamt)",NA,NA,NA
"Flächennutzung","Siedlungs- und Verkehrsfläche",2018,"16 Ramersdorf - Perlach",84.6,16836863.2,19894941.8,NA,NA,NA,"Siedlungs- und Verkehrsfläche","Fläche (insgesamt)",NA,NA,NA
"Flächennutzung","Siedlungs- und Verkehrsfläche",2018,"17 Obergiesing - Fasangarten",97.9,5602153.9,5720355.7,NA,NA,NA,"Siedlungs- und Verkehrsfläche","Fläche (insgesamt)",NA,NA,NA
"Flächennutzung","Siedlungs- und Verkehrsfläche",2018,"18 Untergiesing - Harlaching",97.5,7853994.5,8056685.2,NA,NA,NA,"Siedlungs- und Verkehrsfläche","Fläche (insgesamt)",NA,NA,NA
"Flächennutzung","Siedlungs- und Verkehrsfläche",2018,"19 Thalkirchen - Obersendling - Forstenried - Fürstenried - Solln",87.4,15533386.4,17763113.7,NA,NA,NA,"Siedlungs- und Verkehrsfläche","Fläche (insgesamt)",NA,NA,NA
"Flächennutzung","Siedlungs- und Verkehrsfläche",2018,"20 Hadern",90.7,8368990.5,9223683.6,NA,NA,NA,"Siedlungs- und Verkehrsfläche","Fläche (insgesamt)",NA,NA,NA
"Flächennutzung","Siedlungs- und Verkehrsfläche",2018,"21 Pasing - Obermenzing",82.1,13552014.6,16497760.6,NA,NA,NA,"Siedlungs- und Verkehrsfläche","Fläche (insgesamt)",NA,NA,NA
"Flächennutzung","Siedlungs- und Verkehrsfläche",2018,"22 Aubing - Lochhausen - Langwied",45.3,15426819.4,34060135.2,NA,NA,NA,"Siedlungs- und Verkehrsfläche","Fläche (insgesamt)",NA,NA,NA
"Flächennutzung","Siedlungs- und Verkehrsfläche",2018,"23 Allach - Untermenzing",66.5,10279311.5,15451677.6,NA,NA,NA,"Siedlungs- und Verkehrsfläche","Fläche (insgesamt)",NA,NA,NA
"Flächennutzung","Siedlungs- und Verkehrsfläche",2018,"24 Feldmoching - Hasenbergl",48.8,14130596.3,28937830.9,NA,NA,NA,"Siedlungs- und Verkehrsfläche","Fläche (insgesamt)",NA,NA,NA
"Flächennutzung","Siedlungs- und Verkehrsfläche",2018,"25 Laim",99.9,5282117,5285859.5,NA,NA,NA,"Siedlungs- und Verkehrsfläche","Fläche (insgesamt)",NA,NA,NA
"Flächennutzung","Siedlungs- und Verkehrsfläche",2017,"Stadt München",78.8,244802579.4,310714582,NA,NA,NA,"Siedlungs- und Verkehrsfläche","Fläche (insgesamt)",NA,NA,NA
"Flächennutzung","Siedlungs- und Verkehrsfläche",2017,"01 Altstadt - Lehel",97.8,3077273,3145668.2,NA,NA,NA,"Siedlungs- und Verkehrsfläche","Fläche (insgesamt)",NA,NA,NA
"Flächennutzung","Siedlungs- und Verkehrsfläche",2017,"02 Ludwigsvorstadt - Isarvorstadt",92.4,4065167,4401386.4,NA,NA,NA,"Siedlungs- und Verkehrsfläche","Fläche (insgesamt)",NA,NA,NA
"Flächennutzung","Siedlungs- und Verkehrsfläche",2017,"03 Maxvorstadt",99.8,4287789.2,4297903.7,NA,NA,NA,"Siedlungs- und Verkehrsfläche","Fläche (insgesamt)",NA,NA,NA
"Flächennutzung","Siedlungs- und Verkehrsfläche",2017,"04 Schwabing - West",99.8,4356319.5,4363035.1,NA,NA,NA,"Siedlungs- und Verkehrsfläche","Fläche (insgesamt)",NA,NA,NA
"Flächennutzung","Siedlungs- und Verkehrsfläche",2017,"05 Au - Haidhausen",97.5,4112947.7,4219638.2,NA,NA,NA,"Siedlungs- und Verkehrsfläche","Fläche (insgesamt)",NA,NA,NA
"Flächennutzung","Siedlungs- und Verkehrsfläche",2017,"06 Sendling",90.7,3570579.8,3938707.8,NA,NA,NA,"Siedlungs- und Verkehrsfläche","Fläche (insgesamt)",NA,NA,NA
"Flächennutzung","Siedlungs- und Verkehrsfläche",2017,"07 Sendling - Westpark",100,7812399.1,7814518.9,NA,NA,NA,"Siedlungs- und Verkehrsfläche","Fläche (insgesamt)",NA,NA,NA
"Flächennutzung","Siedlungs- und Verkehrsfläche",2017,"08 Schwanthalerhöhe",100,2070209.9,2070209.9,NA,NA,NA,"Siedlungs- und Verkehrsfläche","Fläche (insgesamt)",NA,NA,NA
"Flächennutzung","Siedlungs- und Verkehrsfläche",2017,"09 Neuhausen - Nymphenburg",96.7,12494203.6,12914467.1,NA,NA,NA,"Siedlungs- und Verkehrsfläche","Fläche (insgesamt)",NA,NA,NA
"Flächennutzung","Siedlungs- und Verkehrsfläche",2017,"10 Moosach",94.3,10463542.2,11093612.4,NA,NA,NA,"Siedlungs- und Verkehrsfläche","Fläche (insgesamt)",NA,NA,NA
"Flächennutzung","Siedlungs- und Verkehrsfläche",2017,"11 Milbertshofen - Am Hart",91.6,12288803.8,13416362.6,NA,NA,NA,"Siedlungs- und Verkehrsfläche","Fläche (insgesamt)",NA,NA,NA
"Flächennutzung","Siedlungs- und Verkehrsfläche",2017,"12 Schwabing - Freimann",88.3,22658022.5,25672214.4,NA,NA,NA,"Siedlungs- und Verkehrsfläche","Fläche (insgesamt)",NA,NA,NA
"Flächennutzung","Siedlungs- und Verkehrsfläche",2017,"13 Bogenhausen",69.8,16549227.5,23709809.2,NA,NA,NA,"Siedlungs- und Verkehrsfläche","Fläche (insgesamt)",NA,NA,NA
"Flächennutzung","Siedlungs- und Verkehrsfläche",2017,"14 Berg am Laim",98.4,6211205,6314554.2,NA,NA,NA,"Siedlungs- und Verkehrsfläche","Fläche (insgesamt)",NA,NA,NA
"Flächennutzung","Siedlungs- und Verkehrsfläche",2017,"15 Trudering - Riem",81.9,18390904.8,22450449.4,NA,NA,NA,"Siedlungs- und Verkehrsfläche","Fläche (insgesamt)",NA,NA,NA
"Flächennutzung","Siedlungs- und Verkehrsfläche",2017,"16 Ramersdorf - Perlach",84.6,16828251.7,19894941.8,NA,NA,NA,"Siedlungs- und Verkehrsfläche","Fläche (insgesamt)",NA,NA,NA
"Flächennutzung","Siedlungs- und Verkehrsfläche",2017,"17 Obergiesing - Fasangarten",97.6,5583426.4,5720355.7,NA,NA,NA,"Siedlungs- und Verkehrsfläche","Fläche (insgesamt)",NA,NA,NA
"Flächennutzung","Siedlungs- und Verkehrsfläche",2017,"18 Untergiesing - Harlaching",97.5,7853630.2,8056685.2,NA,NA,NA,"Siedlungs- und Verkehrsfläche","Fläche (insgesamt)",NA,NA,NA
"Flächennutzung","Siedlungs- und Verkehrsfläche",2017,"19 Thalkirchen - Obersendling - Forstenried - Fürstenried - Solln",87.5,15535039.6,17763113.7,NA,NA,NA,"Siedlungs- und Verkehrsfläche","Fläche (insgesamt)",NA,NA,NA
"Flächennutzung","Siedlungs- und Verkehrsfläche",2017,"20 Hadern",90.7,8368634.9,9223683.6,NA,NA,NA,"Siedlungs- und Verkehrsfläche","Fläche (insgesamt)",NA,NA,NA
"Flächennutzung","Siedlungs- und Verkehrsfläche",2017,"21 Pasing - Obermenzing",82.1,13546828,16497760.6,NA,NA,NA,"Siedlungs- und Verkehrsfläche","Fläche (insgesamt)",NA,NA,NA
"Flächennutzung","Siedlungs- und Verkehrsfläche",2017,"22 Aubing - Lochhausen - Langwied",44.3,15076350.5,34060136,NA,NA,NA,"Siedlungs- und Verkehrsfläche","Fläche (insgesamt)",NA,NA,NA
"Flächennutzung","Siedlungs- und Verkehrsfläche",2017,"23 Allach - Untermenzing",66.5,10278080.1,15451677.6,NA,NA,NA,"Siedlungs- und Verkehrsfläche","Fläche (insgesamt)",NA,NA,NA
"Flächennutzung","Siedlungs- und Verkehrsfläche",2017,"24 Feldmoching - Hasenbergl",48.5,14041626.3,28937830.9,NA,NA,NA,"Siedlungs- und Verkehrsfläche","Fläche (insgesamt)",NA,NA,NA
"Flächennutzung","Siedlungs- und Verkehrsfläche",2017,"25 Laim",99.9,5282117,5285859.5,NA,NA,NA,"Siedlungs- und Verkehrsfläche","Fläche (insgesamt)",NA,NA,NA
"Flächennutzung","Wald-, Wasser- und Erholungsfläche",2024,"Stadt München",21.5,66664033.7,310728188.4,NA,NA,NA,"Wald-, Wasser- und Erholungsfläche","Fläche (insgesamt)",NA,NA,NA
"Flächennutzung","Wald-, Wasser- und Erholungsfläche",2024,"01 Altstadt - Lehel",23.6,741125.4,3145888.1,NA,NA,NA,"Wald-, Wasser- und Erholungsfläche","Fläche (insgesamt)",NA,NA,NA
"Flächennutzung","Wald-, Wasser- und Erholungsfläche",2024,"02 Ludwigsvorstadt - Isarvorstadt",20.9,921702.5,4401650.7,NA,NA,NA,"Wald-, Wasser- und Erholungsfläche","Fläche (insgesamt)",NA,NA,NA
"Flächennutzung","Wald-, Wasser- und Erholungsfläche",2024,"03 Maxvorstadt",7,302888.9,4298192.3,NA,NA,NA,"Wald-, Wasser- und Erholungsfläche","Fläche (insgesamt)",NA,NA,NA
"Flächennutzung","Wald-, Wasser- und Erholungsfläche",2024,"04 Schwabing - West",12.2,530386.1,4363287.5,NA,NA,NA,"Wald-, Wasser- und Erholungsfläche","Fläche (insgesamt)",NA,NA,NA
"Flächennutzung","Wald-, Wasser- und Erholungsfläche",2024,"05 Au - Haidhausen",12.8,538766.5,4219982.8,NA,NA,NA,"Wald-, Wasser- und Erholungsfläche","Fläche (insgesamt)",NA,NA,NA
"Flächennutzung","Wald-, Wasser- und Erholungsfläche",2024,"06 Sendling",30.3,1192942.4,3938931.9,NA,NA,NA,"Wald-, Wasser- und Erholungsfläche","Fläche (insgesamt)",NA,NA,NA
"Flächennutzung","Wald-, Wasser- und Erholungsfläche",2024,"07 Sendling - Westpark",25.2,1969305.9,7814853.1,NA,NA,NA,"Wald-, Wasser- und Erholungsfläche","Fläche (insgesamt)",NA,NA,NA
"Flächennutzung","Wald-, Wasser- und Erholungsfläche",2024,"08 Schwanthalerhöhe",6.4,131930.9,2070313.2,NA,NA,NA,"Wald-, Wasser- und Erholungsfläche","Fläche (insgesamt)",NA,NA,NA
"Flächennutzung","Wald-, Wasser- und Erholungsfläche",2024,"09 Neuhausen - Nymphenburg",30.5,3942628.7,12914863.8,NA,NA,NA,"Wald-, Wasser- und Erholungsfläche","Fläche (insgesamt)",NA,NA,NA
"Flächennutzung","Wald-, Wasser- und Erholungsfläche",2024,"10 Moosach",18.2,2016471.1,11093673.1,NA,NA,NA,"Wald-, Wasser- und Erholungsfläche","Fläche (insgesamt)",NA,NA,NA
"Flächennutzung","Wald-, Wasser- und Erholungsfläche",2024,"11 Milbertshofen - Am Hart",32,4290346.7,13417210.9,NA,NA,NA,"Wald-, Wasser- und Erholungsfläche","Fläche (insgesamt)",NA,NA,NA
"Flächennutzung","Wald-, Wasser- und Erholungsfläche",2024,"12 Schwabing - Freimann",40.3,10349290.1,25674488.6,NA,NA,NA,"Wald-, Wasser- und Erholungsfläche","Fläche (insgesamt)",NA,NA,NA
"Flächennutzung","Wald-, Wasser- und Erholungsfläche",2024,"13 Bogenhausen",17.3,4101566.1,23712918.2,NA,NA,NA,"Wald-, Wasser- und Erholungsfläche","Fläche (insgesamt)",NA,NA,NA
"Flächennutzung","Wald-, Wasser- und Erholungsfläche",2024,"14 Berg am Laim",12,760009.5,6315330.6,NA,NA,NA,"Wald-, Wasser- und Erholungsfläche","Fläche (insgesamt)",NA,NA,NA
"Flächennutzung","Wald-, Wasser- und Erholungsfläche",2024,"15 Trudering - Riem",25.9,5820078.5,22453898.2,NA,NA,NA,"Wald-, Wasser- und Erholungsfläche","Fläche (insgesamt)",NA,NA,NA
"Flächennutzung","Wald-, Wasser- und Erholungsfläche",2024,"16 Ramersdorf - Perlach",22.1,4398162.7,19897106.1,NA,NA,NA,"Wald-, Wasser- und Erholungsfläche","Fläche (insgesamt)",NA,NA,NA
"Flächennutzung","Wald-, Wasser- und Erholungsfläche",2024,"17 Obergiesing - Fasangarten",5.9,336948.8,5720858.9,NA,NA,NA,"Wald-, Wasser- und Erholungsfläche","Fläche (insgesamt)",NA,NA,NA
"Flächennutzung","Wald-, Wasser- und Erholungsfläche",2024,"18 Untergiesing - Harlaching",27.5,2214032.8,8057175.1,NA,NA,NA,"Wald-, Wasser- und Erholungsfläche","Fläche (insgesamt)",NA,NA,NA
"Flächennutzung","Wald-, Wasser- und Erholungsfläche",2024,"19 Thalkirchen - Obersendling - Forstenried - Fürstenried - Solln",18.6,3308754.4,17763477.9,NA,NA,NA,"Wald-, Wasser- und Erholungsfläche","Fläche (insgesamt)",NA,NA,NA
"Flächennutzung","Wald-, Wasser- und Erholungsfläche",2024,"20 Hadern",10.8,992386.3,9223739.6,NA,NA,NA,"Wald-, Wasser- und Erholungsfläche","Fläche (insgesamt)",NA,NA,NA
"Flächennutzung","Wald-, Wasser- und Erholungsfläche",2024,"21 Pasing - Obermenzing",15.6,2571833.7,16497495.3,NA,NA,NA,"Wald-, Wasser- und Erholungsfläche","Fläche (insgesamt)",NA,NA,NA
"Flächennutzung","Wald-, Wasser- und Erholungsfläche",2024,"22 Aubing - Lochhausen - Langwied",18.7,6368465.1,34057241.8,NA,NA,NA,"Wald-, Wasser- und Erholungsfläche","Fläche (insgesamt)",NA,NA,NA
"Flächennutzung","Wald-, Wasser- und Erholungsfläche",2024,"23 Allach - Untermenzing",18.7,2882624.8,15451175.7,NA,NA,NA,"Wald-, Wasser- und Erholungsfläche","Fläche (insgesamt)",NA,NA,NA
"Flächennutzung","Wald-, Wasser- und Erholungsfläche",2024,"24 Feldmoching - Hasenbergl",19.8,5721614,28938420.3,NA,NA,NA,"Wald-, Wasser- und Erholungsfläche","Fläche (insgesamt)",NA,NA,NA
"Flächennutzung","Wald-, Wasser- und Erholungsfläche",2024,"25 Laim",4.9,259771.6,5286014.8,NA,NA,NA,"Wald-, Wasser- und Erholungsfläche","Fläche (insgesamt)",NA,NA,NA
"Flächennutzung","Wald-, Wasser- und Erholungsfläche",2023,"Stadt München",21.5,66658596.8,310728188.4,NA,NA,NA,"Wald-, Wasser- und Erholungsfläche","Fläche (insgesamt)",NA,NA,NA
"Flächennutzung","Wald-, Wasser- und Erholungsfläche",2023,"01 Altstadt - Lehel",23.6,741125.4,3145888.1,NA,NA,NA,"Wald-, Wasser- und Erholungsfläche","Fläche (insgesamt)",NA,NA,NA
"Flächennutzung","Wald-, Wasser- und Erholungsfläche",2023,"02 Ludwigsvorstadt - Isarvorstadt",20.9,921728.1,4401650.7,NA,NA,NA,"Wald-, Wasser- und Erholungsfläche","Fläche (insgesamt)",NA,NA,NA
"Flächennutzung","Wald-, Wasser- und Erholungsfläche",2023,"03 Maxvorstadt",7,302888.9,4298192.3,NA,NA,NA,"Wald-, Wasser- und Erholungsfläche","Fläche (insgesamt)",NA,NA,NA
"Flächennutzung","Wald-, Wasser- und Erholungsfläche",2023,"04 Schwabing - West",12.2,530322.3,4363287.5,NA,NA,NA,"Wald-, Wasser- und Erholungsfläche","Fläche (insgesamt)",NA,NA,NA
"Flächennutzung","Wald-, Wasser- und Erholungsfläche",2023,"05 Au - Haidhausen",12.7,535667.8,4219982.8,NA,NA,NA,"Wald-, Wasser- und Erholungsfläche","Fläche (insgesamt)",NA,NA,NA
"Flächennutzung","Wald-, Wasser- und Erholungsfläche",2023,"06 Sendling",30.3,1192942.4,3938931.9,NA,NA,NA,"Wald-, Wasser- und Erholungsfläche","Fläche (insgesamt)",NA,NA,NA
"Flächennutzung","Wald-, Wasser- und Erholungsfläche",2023,"07 Sendling - Westpark",25.2,1966883.7,7814853.1,NA,NA,NA,"Wald-, Wasser- und Erholungsfläche","Fläche (insgesamt)",NA,NA,NA
"Flächennutzung","Wald-, Wasser- und Erholungsfläche",2023,"08 Schwanthalerhöhe",6.4,132826.8,2070313.2,NA,NA,NA,"Wald-, Wasser- und Erholungsfläche","Fläche (insgesamt)",NA,NA,NA
"Flächennutzung","Wald-, Wasser- und Erholungsfläche",2023,"09 Neuhausen - Nymphenburg",30.5,3942738.6,12914863.8,NA,NA,NA,"Wald-, Wasser- und Erholungsfläche","Fläche (insgesamt)",NA,NA,NA
"Flächennutzung","Wald-, Wasser- und Erholungsfläche",2023,"10 Moosach",18.2,2016471.1,11093673.1,NA,NA,NA,"Wald-, Wasser- und Erholungsfläche","Fläche (insgesamt)",NA,NA,NA
"Flächennutzung","Wald-, Wasser- und Erholungsfläche",2023,"11 Milbertshofen - Am Hart",32,4286864.5,13417210.9,NA,NA,NA,"Wald-, Wasser- und Erholungsfläche","Fläche (insgesamt)",NA,NA,NA
"Flächennutzung","Wald-, Wasser- und Erholungsfläche",2023,"12 Schwabing - Freimann",40.4,10361810,25674488.6,NA,NA,NA,"Wald-, Wasser- und Erholungsfläche","Fläche (insgesamt)",NA,NA,NA
"Flächennutzung","Wald-, Wasser- und Erholungsfläche",2023,"13 Bogenhausen",17.3,4101566.6,23712918.2,NA,NA,NA,"Wald-, Wasser- und Erholungsfläche","Fläche (insgesamt)",NA,NA,NA
"Flächennutzung","Wald-, Wasser- und Erholungsfläche",2023,"14 Berg am Laim",12,760009.5,6315330.6,NA,NA,NA,"Wald-, Wasser- und Erholungsfläche","Fläche (insgesamt)",NA,NA,NA
"Flächennutzung","Wald-, Wasser- und Erholungsfläche",2023,"15 Trudering - Riem",26,5836471.8,22453898.2,NA,NA,NA,"Wald-, Wasser- und Erholungsfläche","Fläche (insgesamt)",NA,NA,NA
"Flächennutzung","Wald-, Wasser- und Erholungsfläche",2023,"16 Ramersdorf - Perlach",22,4386312.5,19897106.1,NA,NA,NA,"Wald-, Wasser- und Erholungsfläche","Fläche (insgesamt)",NA,NA,NA
"Flächennutzung","Wald-, Wasser- und Erholungsfläche",2023,"17 Obergiesing - Fasangarten",5.9,336911.5,5720858.9,NA,NA,NA,"Wald-, Wasser- und Erholungsfläche","Fläche (insgesamt)",NA,NA,NA
"Flächennutzung","Wald-, Wasser- und Erholungsfläche",2023,"18 Untergiesing - Harlaching",27.3,2201639.5,8057175.1,NA,NA,NA,"Wald-, Wasser- und Erholungsfläche","Fläche (insgesamt)",NA,NA,NA
"Flächennutzung","Wald-, Wasser- und Erholungsfläche",2023,"19 Thalkirchen - Obersendling - Forstenried - Fürstenried - Solln",18.6,3301741.4,17763477.9,NA,NA,NA,"Wald-, Wasser- und Erholungsfläche","Fläche (insgesamt)",NA,NA,NA
"Flächennutzung","Wald-, Wasser- und Erholungsfläche",2023,"20 Hadern",10.8,992386.1,9223739.6,NA,NA,NA,"Wald-, Wasser- und Erholungsfläche","Fläche (insgesamt)",NA,NA,NA
"Flächennutzung","Wald-, Wasser- und Erholungsfläche",2023,"21 Pasing - Obermenzing",15.6,2573917.2,16497495.3,NA,NA,NA,"Wald-, Wasser- und Erholungsfläche","Fläche (insgesamt)",NA,NA,NA
"Flächennutzung","Wald-, Wasser- und Erholungsfläche",2023,"22 Aubing - Lochhausen - Langwied",18.7,6366677.6,34057241.9,NA,NA,NA,"Wald-, Wasser- und Erholungsfläche","Fläche (insgesamt)",NA,NA,NA
"Flächennutzung","Wald-, Wasser- und Erholungsfläche",2023,"23 Allach - Untermenzing",18.7,2885706.2,15451175.7,NA,NA,NA,"Wald-, Wasser- und Erholungsfläche","Fläche (insgesamt)",NA,NA,NA
"Flächennutzung","Wald-, Wasser- und Erholungsfläche",2023,"24 Feldmoching - Hasenbergl",19.8,5722866.6,28938420.3,NA,NA,NA,"Wald-, Wasser- und Erholungsfläche","Fläche (insgesamt)",NA,NA,NA
"Flächennutzung","Wald-, Wasser- und Erholungsfläche",2023,"25 Laim",4.9,260120.8,5286014.8,NA,NA,NA,"Wald-, Wasser- und Erholungsfläche","Fläche (insgesamt)",NA,NA,NA
"Flächennutzung","Wald-, Wasser- und Erholungsfläche",2022,"Stadt München",21.5,66655725.1,310728188.5,NA,NA,NA,"Wald-, Wasser- und Erholungsfläche","Fläche (insgesamt)",NA,NA,NA
"Flächennutzung","Wald-, Wasser- und Erholungsfläche",2022,"01 Altstadt - Lehel",23.6,741125.4,3145888.1,NA,NA,NA,"Wald-, Wasser- und Erholungsfläche","Fläche (insgesamt)",NA,NA,NA
"Flächennutzung","Wald-, Wasser- und Erholungsfläche",2022,"02 Ludwigsvorstadt - Isarvorstadt",20.9,921728.1,4401650.7,NA,NA,NA,"Wald-, Wasser- und Erholungsfläche","Fläche (insgesamt)",NA,NA,NA
"Flächennutzung","Wald-, Wasser- und Erholungsfläche",2022,"03 Maxvorstadt",7,302888.6,4298192.3,NA,NA,NA,"Wald-, Wasser- und Erholungsfläche","Fläche (insgesamt)",NA,NA,NA
"Flächennutzung","Wald-, Wasser- und Erholungsfläche",2022,"04 Schwabing - West",12.2,530764,4363287.5,NA,NA,NA,"Wald-, Wasser- und Erholungsfläche","Fläche (insgesamt)",NA,NA,NA
"Flächennutzung","Wald-, Wasser- und Erholungsfläche",2022,"05 Au - Haidhausen",12.8,539772.2,4219982.8,NA,NA,NA,"Wald-, Wasser- und Erholungsfläche","Fläche (insgesamt)",NA,NA,NA
"Flächennutzung","Wald-, Wasser- und Erholungsfläche",2022,"06 Sendling",30.3,1192942.4,3938931.9,NA,NA,NA,"Wald-, Wasser- und Erholungsfläche","Fläche (insgesamt)",NA,NA,NA
"Flächennutzung","Wald-, Wasser- und Erholungsfläche",2022,"07 Sendling - Westpark",25,1951650.7,7814853.1,NA,NA,NA,"Wald-, Wasser- und Erholungsfläche","Fläche (insgesamt)",NA,NA,NA
"Flächennutzung","Wald-, Wasser- und Erholungsfläche",2022,"08 Schwanthalerhöhe",6.4,132817.5,2070313.2,NA,NA,NA,"Wald-, Wasser- und Erholungsfläche","Fläche (insgesamt)",NA,NA,NA
"Flächennutzung","Wald-, Wasser- und Erholungsfläche",2022,"09 Neuhausen - Nymphenburg",30.5,3942740.7,12914863.8,NA,NA,NA,"Wald-, Wasser- und Erholungsfläche","Fläche (insgesamt)",NA,NA,NA
"Flächennutzung","Wald-, Wasser- und Erholungsfläche",2022,"10 Moosach",18.2,2016471.1,11093673.1,NA,NA,NA,"Wald-, Wasser- und Erholungsfläche","Fläche (insgesamt)",NA,NA,NA
"Flächennutzung","Wald-, Wasser- und Erholungsfläche",2022,"11 Milbertshofen - Am Hart",32,4286864.6,13417210.9,NA,NA,NA,"Wald-, Wasser- und Erholungsfläche","Fläche (insgesamt)",NA,NA,NA
"Flächennutzung","Wald-, Wasser- und Erholungsfläche",2022,"12 Schwabing - Freimann",40.4,10360842.6,25674488.6,NA,NA,NA,"Wald-, Wasser- und Erholungsfläche","Fläche (insgesamt)",NA,NA,NA
"Flächennutzung","Wald-, Wasser- und Erholungsfläche",2022,"13 Bogenhausen",17.3,4101579.4,23712918.2,NA,NA,NA,"Wald-, Wasser- und Erholungsfläche","Fläche (insgesamt)",NA,NA,NA
"Flächennutzung","Wald-, Wasser- und Erholungsfläche",2022,"14 Berg am Laim",12,760020.1,6315330.6,NA,NA,NA,"Wald-, Wasser- und Erholungsfläche","Fläche (insgesamt)",NA,NA,NA
"Flächennutzung","Wald-, Wasser- und Erholungsfläche",2022,"15 Trudering - Riem",26,5835918.3,22453898.2,NA,NA,NA,"Wald-, Wasser- und Erholungsfläche","Fläche (insgesamt)",NA,NA,NA
"Flächennutzung","Wald-, Wasser- und Erholungsfläche",2022,"16 Ramersdorf - Perlach",22,4386313.2,19897105.9,NA,NA,NA,"Wald-, Wasser- und Erholungsfläche","Fläche (insgesamt)",NA,NA,NA
"Flächennutzung","Wald-, Wasser- und Erholungsfläche",2022,"17 Obergiesing - Fasangarten",5.9,334979.8,5720859.1,NA,NA,NA,"Wald-, Wasser- und Erholungsfläche","Fläche (insgesamt)",NA,NA,NA
"Flächennutzung","Wald-, Wasser- und Erholungsfläche",2022,"18 Untergiesing - Harlaching",27.3,2201639.6,8057175.1,NA,NA,NA,"Wald-, Wasser- und Erholungsfläche","Fläche (insgesamt)",NA,NA,NA
"Flächennutzung","Wald-, Wasser- und Erholungsfläche",2022,"19 Thalkirchen - Obersendling - Forstenried - Fürstenried - Solln",18.6,3301875.7,17763477.9,NA,NA,NA,"Wald-, Wasser- und Erholungsfläche","Fläche (insgesamt)",NA,NA,NA
"Flächennutzung","Wald-, Wasser- und Erholungsfläche",2022,"20 Hadern",10.7,990333.2,9223739.6,NA,NA,NA,"Wald-, Wasser- und Erholungsfläche","Fläche (insgesamt)",NA,NA,NA
"Flächennutzung","Wald-, Wasser- und Erholungsfläche",2022,"21 Pasing - Obermenzing",15.8,2599137.5,16497495.3,NA,NA,NA,"Wald-, Wasser- und Erholungsfläche","Fläche (insgesamt)",NA,NA,NA
"Flächennutzung","Wald-, Wasser- und Erholungsfläche",2022,"22 Aubing - Lochhausen - Langwied",18.7,6381735,34057242,NA,NA,NA,"Wald-, Wasser- und Erholungsfläche","Fläche (insgesamt)",NA,NA,NA
"Flächennutzung","Wald-, Wasser- und Erholungsfläche",2022,"23 Allach - Untermenzing",18.5,2858958.8,15451175.7,NA,NA,NA,"Wald-, Wasser- und Erholungsfläche","Fläche (insgesamt)",NA,NA,NA
"Flächennutzung","Wald-, Wasser- und Erholungsfläche",2022,"24 Feldmoching - Hasenbergl",19.8,5722505.8,28938420.3,NA,NA,NA,"Wald-, Wasser- und Erholungsfläche","Fläche (insgesamt)",NA,NA,NA
"Flächennutzung","Wald-, Wasser- und Erholungsfläche",2022,"25 Laim",4.9,260120.8,5286014.8,NA,NA,NA,"Wald-, Wasser- und Erholungsfläche","Fläche (insgesamt)",NA,NA,NA
"Flächennutzung","Wald-, Wasser- und Erholungsfläche",2021,"Stadt München",21.4,66509932.4,310728188.5,NA,NA,NA,"Wald-, Wasser- und Erholungsfläche","Fläche (insgesamt)",NA,NA,NA
"Flächennutzung","Wald-, Wasser- und Erholungsfläche",2021,"01 Altstadt - Lehel",23.6,741125.4,3145888.1,NA,NA,NA,"Wald-, Wasser- und Erholungsfläche","Fläche (insgesamt)",NA,NA,NA
"Flächennutzung","Wald-, Wasser- und Erholungsfläche",2021,"02 Ludwigsvorstadt - Isarvorstadt",20.9,921725.5,4401650.7,NA,NA,NA,"Wald-, Wasser- und Erholungsfläche","Fläche (insgesamt)",NA,NA,NA
"Flächennutzung","Wald-, Wasser- und Erholungsfläche",2021,"03 Maxvorstadt",7,302938.6,4298192.3,NA,NA,NA,"Wald-, Wasser- und Erholungsfläche","Fläche (insgesamt)",NA,NA,NA
"Flächennutzung","Wald-, Wasser- und Erholungsfläche",2021,"04 Schwabing - West",12.1,528309.4,4363287.5,NA,NA,NA,"Wald-, Wasser- und Erholungsfläche","Fläche (insgesamt)",NA,NA,NA
"Flächennutzung","Wald-, Wasser- und Erholungsfläche",2021,"05 Au - Haidhausen",12.8,539782,4219982.8,NA,NA,NA,"Wald-, Wasser- und Erholungsfläche","Fläche (insgesamt)",NA,NA,NA
"Flächennutzung","Wald-, Wasser- und Erholungsfläche",2021,"06 Sendling",30.3,1192754.3,3938931.9,NA,NA,NA,"Wald-, Wasser- und Erholungsfläche","Fläche (insgesamt)",NA,NA,NA
"Flächennutzung","Wald-, Wasser- und Erholungsfläche",2021,"07 Sendling - Westpark",24.8,1940611.8,7814853.1,NA,NA,NA,"Wald-, Wasser- und Erholungsfläche","Fläche (insgesamt)",NA,NA,NA
"Flächennutzung","Wald-, Wasser- und Erholungsfläche",2021,"08 Schwanthalerhöhe",6.4,132817.5,2070313.2,NA,NA,NA,"Wald-, Wasser- und Erholungsfläche","Fläche (insgesamt)",NA,NA,NA
"Flächennutzung","Wald-, Wasser- und Erholungsfläche",2021,"09 Neuhausen - Nymphenburg",30.3,3908686.8,12914863.8,NA,NA,NA,"Wald-, Wasser- und Erholungsfläche","Fläche (insgesamt)",NA,NA,NA
"Flächennutzung","Wald-, Wasser- und Erholungsfläche",2021,"10 Moosach",18.1,2008551.6,11093673.1,NA,NA,NA,"Wald-, Wasser- und Erholungsfläche","Fläche (insgesamt)",NA,NA,NA
"Flächennutzung","Wald-, Wasser- und Erholungsfläche",2021,"11 Milbertshofen - Am Hart",31.8,4272660.9,13417210.9,NA,NA,NA,"Wald-, Wasser- und Erholungsfläche","Fläche (insgesamt)",NA,NA,NA
"Flächennutzung","Wald-, Wasser- und Erholungsfläche",2021,"12 Schwabing - Freimann",40.3,10358993.5,25674488.6,NA,NA,NA,"Wald-, Wasser- und Erholungsfläche","Fläche (insgesamt)",NA,NA,NA
"Flächennutzung","Wald-, Wasser- und Erholungsfläche",2021,"13 Bogenhausen",17.3,4105679.3,23712918.2,NA,NA,NA,"Wald-, Wasser- und Erholungsfläche","Fläche (insgesamt)",NA,NA,NA
"Flächennutzung","Wald-, Wasser- und Erholungsfläche",2021,"14 Berg am Laim",12,759789.5,6315330.6,NA,NA,NA,"Wald-, Wasser- und Erholungsfläche","Fläche (insgesamt)",NA,NA,NA
"Flächennutzung","Wald-, Wasser- und Erholungsfläche",2021,"15 Trudering - Riem",26.1,5852127.8,22453898.2,NA,NA,NA,"Wald-, Wasser- und Erholungsfläche","Fläche (insgesamt)",NA,NA,NA
"Flächennutzung","Wald-, Wasser- und Erholungsfläche",2021,"16 Ramersdorf - Perlach",22,4377332.3,19897105.8,NA,NA,NA,"Wald-, Wasser- und Erholungsfläche","Fläche (insgesamt)",NA,NA,NA
"Flächennutzung","Wald-, Wasser- und Erholungsfläche",2021,"17 Obergiesing - Fasangarten",5.9,334979.8,5720859.1,NA,NA,NA,"Wald-, Wasser- und Erholungsfläche","Fläche (insgesamt)",NA,NA,NA
"Flächennutzung","Wald-, Wasser- und Erholungsfläche",2021,"18 Untergiesing - Harlaching",27.3,2201302.6,8057175.1,NA,NA,NA,"Wald-, Wasser- und Erholungsfläche","Fläche (insgesamt)",NA,NA,NA
"Flächennutzung","Wald-, Wasser- und Erholungsfläche",2021,"19 Thalkirchen - Obersendling - Forstenried - Fürstenried - Solln",18.6,3309738.1,17763477.9,NA,NA,NA,"Wald-, Wasser- und Erholungsfläche","Fläche (insgesamt)",NA,NA,NA
"Flächennutzung","Wald-, Wasser- und Erholungsfläche",2021,"20 Hadern",10.7,990333.2,9223739.6,NA,NA,NA,"Wald-, Wasser- und Erholungsfläche","Fläche (insgesamt)",NA,NA,NA
"Flächennutzung","Wald-, Wasser- und Erholungsfläche",2021,"21 Pasing - Obermenzing",15.2,2514780.9,16497495.3,NA,NA,NA,"Wald-, Wasser- und Erholungsfläche","Fläche (insgesamt)",NA,NA,NA
"Flächennutzung","Wald-, Wasser- und Erholungsfläche",2021,"22 Aubing - Lochhausen - Langwied",18.9,6446589.2,34057242,NA,NA,NA,"Wald-, Wasser- und Erholungsfläche","Fläche (insgesamt)",NA,NA,NA
"Flächennutzung","Wald-, Wasser- und Erholungsfläche",2021,"23 Allach - Untermenzing",18,2780679.8,15451175.7,NA,NA,NA,"Wald-, Wasser- und Erholungsfläche","Fläche (insgesamt)",NA,NA,NA
"Flächennutzung","Wald-, Wasser- und Erholungsfläche",2021,"24 Feldmoching - Hasenbergl",19.8,5727520.9,28938420.3,NA,NA,NA,"Wald-, Wasser- und Erholungsfläche","Fläche (insgesamt)",NA,NA,NA
"Flächennutzung","Wald-, Wasser- und Erholungsfläche",2021,"25 Laim",4.9,260121.9,5286014.8,NA,NA,NA,"Wald-, Wasser- und Erholungsfläche","Fläche (insgesamt)",NA,NA,NA
"Flächennutzung","Wald-, Wasser- und Erholungsfläche",2020,"Stadt München",21.3,66254791.4,310728448.8,NA,NA,NA,"Wald-, Wasser- und Erholungsfläche","Fläche (insgesamt)",NA,NA,NA
"Flächennutzung","Wald-, Wasser- und Erholungsfläche",2020,"01 Altstadt - Lehel",23.6,741125.4,3145888.1,NA,NA,NA,"Wald-, Wasser- und Erholungsfläche","Fläche (insgesamt)",NA,NA,NA
"Flächennutzung","Wald-, Wasser- und Erholungsfläche",2020,"02 Ludwigsvorstadt - Isarvorstadt",20.9,921414.4,4401650.7,NA,NA,NA,"Wald-, Wasser- und Erholungsfläche","Fläche (insgesamt)",NA,NA,NA
"Flächennutzung","Wald-, Wasser- und Erholungsfläche",2020,"03 Maxvorstadt",7,302938.6,4298192.3,NA,NA,NA,"Wald-, Wasser- und Erholungsfläche","Fläche (insgesamt)",NA,NA,NA
"Flächennutzung","Wald-, Wasser- und Erholungsfläche",2020,"04 Schwabing - West",12.1,528106,4363287.5,NA,NA,NA,"Wald-, Wasser- und Erholungsfläche","Fläche (insgesamt)",NA,NA,NA
"Flächennutzung","Wald-, Wasser- und Erholungsfläche",2020,"05 Au - Haidhausen",12.8,540349.3,4219982.8,NA,NA,NA,"Wald-, Wasser- und Erholungsfläche","Fläche (insgesamt)",NA,NA,NA
"Flächennutzung","Wald-, Wasser- und Erholungsfläche",2020,"06 Sendling",30.3,1194210.7,3938931.9,NA,NA,NA,"Wald-, Wasser- und Erholungsfläche","Fläche (insgesamt)",NA,NA,NA
"Flächennutzung","Wald-, Wasser- und Erholungsfläche",2020,"07 Sendling - Westpark",24.8,1940611.8,7814853.1,NA,NA,NA,"Wald-, Wasser- und Erholungsfläche","Fläche (insgesamt)",NA,NA,NA
"Flächennutzung","Wald-, Wasser- und Erholungsfläche",2020,"08 Schwanthalerhöhe",6.4,132817.5,2070313.2,NA,NA,NA,"Wald-, Wasser- und Erholungsfläche","Fläche (insgesamt)",NA,NA,NA
"Flächennutzung","Wald-, Wasser- und Erholungsfläche",2020,"09 Neuhausen - Nymphenburg",30.2,3896231,12914863.8,NA,NA,NA,"Wald-, Wasser- und Erholungsfläche","Fläche (insgesamt)",NA,NA,NA
"Flächennutzung","Wald-, Wasser- und Erholungsfläche",2020,"10 Moosach",18,2000079.1,11093673.1,NA,NA,NA,"Wald-, Wasser- und Erholungsfläche","Fläche (insgesamt)",NA,NA,NA
"Flächennutzung","Wald-, Wasser- und Erholungsfläche",2020,"11 Milbertshofen - Am Hart",31.8,4272660.9,13417210.9,NA,NA,NA,"Wald-, Wasser- und Erholungsfläche","Fläche (insgesamt)",NA,NA,NA
"Flächennutzung","Wald-, Wasser- und Erholungsfläche",2020,"12 Schwabing - Freimann",39.4,10114501.7,25674746.5,NA,NA,NA,"Wald-, Wasser- und Erholungsfläche","Fläche (insgesamt)",NA,NA,NA
"Flächennutzung","Wald-, Wasser- und Erholungsfläche",2020,"13 Bogenhausen",17.5,4140784.3,23712920.7,NA,NA,NA,"Wald-, Wasser- und Erholungsfläche","Fläche (insgesamt)",NA,NA,NA
"Flächennutzung","Wald-, Wasser- und Erholungsfläche",2020,"14 Berg am Laim",11.9,751110.9,6315330.6,NA,NA,NA,"Wald-, Wasser- und Erholungsfläche","Fläche (insgesamt)",NA,NA,NA
"Flächennutzung","Wald-, Wasser- und Erholungsfläche",2020,"15 Trudering - Riem",26,5842900.1,22453898.2,NA,NA,NA,"Wald-, Wasser- und Erholungsfläche","Fläche (insgesamt)",NA,NA,NA
"Flächennutzung","Wald-, Wasser- und Erholungsfläche",2020,"16 Ramersdorf - Perlach",22,4382033.7,19897105.8,NA,NA,NA,"Wald-, Wasser- und Erholungsfläche","Fläche (insgesamt)",NA,NA,NA
"Flächennutzung","Wald-, Wasser- und Erholungsfläche",2020,"17 Obergiesing - Fasangarten",5.8,329530.3,5720859.1,NA,NA,NA,"Wald-, Wasser- und Erholungsfläche","Fläche (insgesamt)",NA,NA,NA
"Flächennutzung","Wald-, Wasser- und Erholungsfläche",2020,"18 Untergiesing - Harlaching",27.3,2201302.6,8057175.1,NA,NA,NA,"Wald-, Wasser- und Erholungsfläche","Fläche (insgesamt)",NA,NA,NA
"Flächennutzung","Wald-, Wasser- und Erholungsfläche",2020,"19 Thalkirchen - Obersendling - Forstenried - Fürstenried - Solln",18.3,3244818.8,17763477.9,NA,NA,NA,"Wald-, Wasser- und Erholungsfläche","Fläche (insgesamt)",NA,NA,NA
"Flächennutzung","Wald-, Wasser- und Erholungsfläche",2020,"20 Hadern",10.9,1005353.7,9223739.6,NA,NA,NA,"Wald-, Wasser- und Erholungsfläche","Fläche (insgesamt)",NA,NA,NA
"Flächennutzung","Wald-, Wasser- und Erholungsfläche",2020,"21 Pasing - Obermenzing",15.2,2515245.9,16497495.3,NA,NA,NA,"Wald-, Wasser- und Erholungsfläche","Fläche (insgesamt)",NA,NA,NA
"Flächennutzung","Wald-, Wasser- und Erholungsfläche",2020,"22 Aubing - Lochhausen - Langwied",19.1,6488957.7,34057242,NA,NA,NA,"Wald-, Wasser- und Erholungsfläche","Fläche (insgesamt)",NA,NA,NA
"Flächennutzung","Wald-, Wasser- und Erholungsfläche",2020,"23 Allach - Untermenzing",18,2780009.4,15451175.7,NA,NA,NA,"Wald-, Wasser- und Erholungsfläche","Fläche (insgesamt)",NA,NA,NA
"Flächennutzung","Wald-, Wasser- und Erholungsfläche",2020,"24 Feldmoching - Hasenbergl",19.8,5725745.2,28938420.3,NA,NA,NA,"Wald-, Wasser- und Erholungsfläche","Fläche (insgesamt)",NA,NA,NA
"Flächennutzung","Wald-, Wasser- und Erholungsfläche",2020,"25 Laim",5,261952.5,5286014.8,NA,NA,NA,"Wald-, Wasser- und Erholungsfläche","Fläche (insgesamt)",NA,NA,NA
"Flächennutzung","Wald-, Wasser- und Erholungsfläche",2019,"Stadt München",21.6,67153379.2,310714467.3,NA,NA,NA,"Wald-, Wasser- und Erholungsfläche","Fläche (insgesamt)",NA,NA,NA
"Flächennutzung","Wald-, Wasser- und Erholungsfläche",2019,"01 Altstadt - Lehel",23.6,741065.8,3145668.2,NA,NA,NA,"Wald-, Wasser- und Erholungsfläche","Fläche (insgesamt)",NA,NA,NA
"Flächennutzung","Wald-, Wasser- und Erholungsfläche",2019,"02 Ludwigsvorstadt - Isarvorstadt",20.9,921673.6,4401386.5,NA,NA,NA,"Wald-, Wasser- und Erholungsfläche","Fläche (insgesamt)",NA,NA,NA
"Flächennutzung","Wald-, Wasser- und Erholungsfläche",2019,"03 Maxvorstadt",7,302916.7,4297903.8,NA,NA,NA,"Wald-, Wasser- und Erholungsfläche","Fläche (insgesamt)",NA,NA,NA
"Flächennutzung","Wald-, Wasser- und Erholungsfläche",2019,"04 Schwabing - West",12.1,528079.5,4363035.1,NA,NA,NA,"Wald-, Wasser- und Erholungsfläche","Fläche (insgesamt)",NA,NA,NA
"Flächennutzung","Wald-, Wasser- und Erholungsfläche",2019,"05 Au - Haidhausen",12.8,540320.6,4219638.2,NA,NA,NA,"Wald-, Wasser- und Erholungsfläche","Fläche (insgesamt)",NA,NA,NA
"Flächennutzung","Wald-, Wasser- und Erholungsfläche",2019,"06 Sendling",30.3,1194130.1,3938707.8,NA,NA,NA,"Wald-, Wasser- und Erholungsfläche","Fläche (insgesamt)",NA,NA,NA
"Flächennutzung","Wald-, Wasser- und Erholungsfläche",2019,"07 Sendling - Westpark",24.8,1940073,7814519,NA,NA,NA,"Wald-, Wasser- und Erholungsfläche","Fläche (insgesamt)",NA,NA,NA
"Flächennutzung","Wald-, Wasser- und Erholungsfläche",2019,"08 Schwanthalerhöhe",6.4,131855.7,2070209.9,NA,NA,NA,"Wald-, Wasser- und Erholungsfläche","Fläche (insgesamt)",NA,NA,NA
"Flächennutzung","Wald-, Wasser- und Erholungsfläche",2019,"09 Neuhausen - Nymphenburg",30.2,3896140.5,12914467.1,NA,NA,NA,"Wald-, Wasser- und Erholungsfläche","Fläche (insgesamt)",NA,NA,NA
"Flächennutzung","Wald-, Wasser- und Erholungsfläche",2019,"10 Moosach",18,2000120.6,11093612.4,NA,NA,NA,"Wald-, Wasser- und Erholungsfläche","Fläche (insgesamt)",NA,NA,NA
"Flächennutzung","Wald-, Wasser- und Erholungsfläche",2019,"11 Milbertshofen - Am Hart",36,4825726.7,13416361.4,NA,NA,NA,"Wald-, Wasser- und Erholungsfläche","Fläche (insgesamt)",NA,NA,NA
"Flächennutzung","Wald-, Wasser- und Erholungsfläche",2019,"12 Schwabing - Freimann",40.4,10358897.7,25672203.8,NA,NA,NA,"Wald-, Wasser- und Erholungsfläche","Fläche (insgesamt)",NA,NA,NA
"Flächennutzung","Wald-, Wasser- und Erholungsfläche",2019,"13 Bogenhausen",17.5,4138288.5,23709797.7,NA,NA,NA,"Wald-, Wasser- und Erholungsfläche","Fläche (insgesamt)",NA,NA,NA
"Flächennutzung","Wald-, Wasser- und Erholungsfläche",2019,"14 Berg am Laim",11.9,753154.7,6314554.2,NA,NA,NA,"Wald-, Wasser- und Erholungsfläche","Fläche (insgesamt)",NA,NA,NA
"Flächennutzung","Wald-, Wasser- und Erholungsfläche",2019,"15 Trudering - Riem",26.1,5858828.3,22450431.3,NA,NA,NA,"Wald-, Wasser- und Erholungsfläche","Fläche (insgesamt)",NA,NA,NA
"Flächennutzung","Wald-, Wasser- und Erholungsfläche",2019,"16 Ramersdorf - Perlach",22,4380651.1,19894934.4,NA,NA,NA,"Wald-, Wasser- und Erholungsfläche","Fläche (insgesamt)",NA,NA,NA
"Flächennutzung","Wald-, Wasser- und Erholungsfläche",2019,"17 Obergiesing - Fasangarten",5.8,329508.7,5720352.7,NA,NA,NA,"Wald-, Wasser- und Erholungsfläche","Fläche (insgesamt)",NA,NA,NA
"Flächennutzung","Wald-, Wasser- und Erholungsfläche",2019,"18 Untergiesing - Harlaching",27.3,2201242.5,8056680.7,NA,NA,NA,"Wald-, Wasser- und Erholungsfläche","Fläche (insgesamt)",NA,NA,NA
"Flächennutzung","Wald-, Wasser- und Erholungsfläche",2019,"19 Thalkirchen - Obersendling - Forstenried - Fürstenried - Solln",18.3,3253636.5,17763102.6,NA,NA,NA,"Wald-, Wasser- und Erholungsfläche","Fläche (insgesamt)",NA,NA,NA
"Flächennutzung","Wald-, Wasser- und Erholungsfläche",2019,"20 Hadern",10.9,1006042.8,9223679.6,NA,NA,NA,"Wald-, Wasser- und Erholungsfläche","Fläche (insgesamt)",NA,NA,NA
"Flächennutzung","Wald-, Wasser- und Erholungsfläche",2019,"21 Pasing - Obermenzing",15.6,2568143.8,16497757.1,NA,NA,NA,"Wald-, Wasser- und Erholungsfläche","Fläche (insgesamt)",NA,NA,NA
"Flächennutzung","Wald-, Wasser- und Erholungsfläche",2019,"22 Aubing - Lochhausen - Langwied",19.1,6505562.3,34060109.2,NA,NA,NA,"Wald-, Wasser- und Erholungsfläche","Fläche (insgesamt)",NA,NA,NA
"Flächennutzung","Wald-, Wasser- und Erholungsfläche",2019,"23 Allach - Untermenzing",18,2776088.1,15451672.7,NA,NA,NA,"Wald-, Wasser- und Erholungsfläche","Fläche (insgesamt)",NA,NA,NA
"Flächennutzung","Wald-, Wasser- und Erholungsfläche",2019,"24 Feldmoching - Hasenbergl",19.8,5738921.6,28937822.6,NA,NA,NA,"Wald-, Wasser- und Erholungsfläche","Fläche (insgesamt)",NA,NA,NA
"Flächennutzung","Wald-, Wasser- und Erholungsfläche",2019,"25 Laim",5,262309.8,5285859.4,NA,NA,NA,"Wald-, Wasser- und Erholungsfläche","Fläche (insgesamt)",NA,NA,NA
"Flächennutzung","Wald-, Wasser- und Erholungsfläche",2018,"Stadt München",21.6,67015106.4,310714581.1,NA,NA,NA,"Wald-, Wasser- und Erholungsfläche","Fläche (insgesamt)",NA,NA,NA
"Flächennutzung","Wald-, Wasser- und Erholungsfläche",2018,"01 Altstadt - Lehel",23.6,741063,3145668.2,NA,NA,NA,"Wald-, Wasser- und Erholungsfläche","Fläche (insgesamt)",NA,NA,NA
"Flächennutzung","Wald-, Wasser- und Erholungsfläche",2018,"02 Ludwigsvorstadt - Isarvorstadt",21,922268.2,4401386.4,NA,NA,NA,"Wald-, Wasser- und Erholungsfläche","Fläche (insgesamt)",NA,NA,NA
"Flächennutzung","Wald-, Wasser- und Erholungsfläche",2018,"03 Maxvorstadt",7,302919.8,4297903.7,NA,NA,NA,"Wald-, Wasser- und Erholungsfläche","Fläche (insgesamt)",NA,NA,NA
"Flächennutzung","Wald-, Wasser- und Erholungsfläche",2018,"04 Schwabing - West",12.2,531534.4,4363035.1,NA,NA,NA,"Wald-, Wasser- und Erholungsfläche","Fläche (insgesamt)",NA,NA,NA
"Flächennutzung","Wald-, Wasser- und Erholungsfläche",2018,"05 Au - Haidhausen",12.8,540400,4219638.2,NA,NA,NA,"Wald-, Wasser- und Erholungsfläche","Fläche (insgesamt)",NA,NA,NA
"Flächennutzung","Wald-, Wasser- und Erholungsfläche",2018,"06 Sendling",30.3,1194186.8,3938707.8,NA,NA,NA,"Wald-, Wasser- und Erholungsfläche","Fläche (insgesamt)",NA,NA,NA
"Flächennutzung","Wald-, Wasser- und Erholungsfläche",2018,"07 Sendling - Westpark",24.8,1937499.1,7814518.9,NA,NA,NA,"Wald-, Wasser- und Erholungsfläche","Fläche (insgesamt)",NA,NA,NA
"Flächennutzung","Wald-, Wasser- und Erholungsfläche",2018,"08 Schwanthalerhöhe",6.4,131834.1,2070209.9,NA,NA,NA,"Wald-, Wasser- und Erholungsfläche","Fläche (insgesamt)",NA,NA,NA
"Flächennutzung","Wald-, Wasser- und Erholungsfläche",2018,"09 Neuhausen - Nymphenburg",30.2,3898750.5,12914467.1,NA,NA,NA,"Wald-, Wasser- und Erholungsfläche","Fläche (insgesamt)",NA,NA,NA
"Flächennutzung","Wald-, Wasser- und Erholungsfläche",2018,"10 Moosach",18.2,2020712.5,11093612.4,NA,NA,NA,"Wald-, Wasser- und Erholungsfläche","Fläche (insgesamt)",NA,NA,NA
"Flächennutzung","Wald-, Wasser- und Erholungsfläche",2018,"11 Milbertshofen - Am Hart",36,4827681.6,13416362.6,NA,NA,NA,"Wald-, Wasser- und Erholungsfläche","Fläche (insgesamt)",NA,NA,NA
"Flächennutzung","Wald-, Wasser- und Erholungsfläche",2018,"12 Schwabing - Freimann",40,10280820.1,25672214.4,NA,NA,NA,"Wald-, Wasser- und Erholungsfläche","Fläche (insgesamt)",NA,NA,NA
"Flächennutzung","Wald-, Wasser- und Erholungsfläche",2018,"13 Bogenhausen",17.5,4138586.2,23709809.1,NA,NA,NA,"Wald-, Wasser- und Erholungsfläche","Fläche (insgesamt)",NA,NA,NA
"Flächennutzung","Wald-, Wasser- und Erholungsfläche",2018,"14 Berg am Laim",11.9,753157.5,6314554.2,NA,NA,NA,"Wald-, Wasser- und Erholungsfläche","Fläche (insgesamt)",NA,NA,NA
"Flächennutzung","Wald-, Wasser- und Erholungsfläche",2018,"15 Trudering - Riem",26,5843509,22450449.4,NA,NA,NA,"Wald-, Wasser- und Erholungsfläche","Fläche (insgesamt)",NA,NA,NA
"Flächennutzung","Wald-, Wasser- und Erholungsfläche",2018,"16 Ramersdorf - Perlach",22,4380662.8,19894941.8,NA,NA,NA,"Wald-, Wasser- und Erholungsfläche","Fläche (insgesamt)",NA,NA,NA
"Flächennutzung","Wald-, Wasser- und Erholungsfläche",2018,"17 Obergiesing - Fasangarten",7,400336.2,5720355.7,NA,NA,NA,"Wald-, Wasser- und Erholungsfläche","Fläche (insgesamt)",NA,NA,NA
"Flächennutzung","Wald-, Wasser- und Erholungsfläche",2018,"18 Untergiesing - Harlaching",27.3,2201213.8,8056685.2,NA,NA,NA,"Wald-, Wasser- und Erholungsfläche","Fläche (insgesamt)",NA,NA,NA
"Flächennutzung","Wald-, Wasser- und Erholungsfläche",2018,"19 Thalkirchen - Obersendling - Forstenried - Fürstenried - Solln",18.5,3278055.4,17763113.7,NA,NA,NA,"Wald-, Wasser- und Erholungsfläche","Fläche (insgesamt)",NA,NA,NA
"Flächennutzung","Wald-, Wasser- und Erholungsfläche",2018,"20 Hadern",10.9,1006047.8,9223683.6,NA,NA,NA,"Wald-, Wasser- und Erholungsfläche","Fläche (insgesamt)",NA,NA,NA
"Flächennutzung","Wald-, Wasser- und Erholungsfläche",2018,"21 Pasing - Obermenzing",15.6,2566683.3,16497760.6,NA,NA,NA,"Wald-, Wasser- und Erholungsfläche","Fläche (insgesamt)",NA,NA,NA
"Flächennutzung","Wald-, Wasser- und Erholungsfläche",2018,"22 Aubing - Lochhausen - Langwied",18.5,6297045.8,34060135.2,NA,NA,NA,"Wald-, Wasser- und Erholungsfläche","Fläche (insgesamt)",NA,NA,NA
"Flächennutzung","Wald-, Wasser- und Erholungsfläche",2018,"23 Allach - Untermenzing",17.9,2770369.3,15451677.6,NA,NA,NA,"Wald-, Wasser- und Erholungsfläche","Fläche (insgesamt)",NA,NA,NA
"Flächennutzung","Wald-, Wasser- und Erholungsfläche",2018,"24 Feldmoching - Hasenbergl",20,5787834.5,28937830.9,NA,NA,NA,"Wald-, Wasser- und Erholungsfläche","Fläche (insgesamt)",NA,NA,NA
"Flächennutzung","Wald-, Wasser- und Erholungsfläche",2018,"25 Laim",5,261934.7,5285859.5,NA,NA,NA,"Wald-, Wasser- und Erholungsfläche","Fläche (insgesamt)",NA,NA,NA
"Flächennutzung","Wald-, Wasser- und Erholungsfläche",2017,"Stadt München",21.7,67338561.5,310714582,NA,NA,NA,"Wald-, Wasser- und Erholungsfläche","Fläche (insgesamt)",NA,NA,NA
"Flächennutzung","Wald-, Wasser- und Erholungsfläche",2017,"01 Altstadt - Lehel",23.6,741084.9,3145668.2,NA,NA,NA,"Wald-, Wasser- und Erholungsfläche","Fläche (insgesamt)",NA,NA,NA
"Flächennutzung","Wald-, Wasser- und Erholungsfläche",2017,"02 Ludwigsvorstadt - Isarvorstadt",21,922268.2,4401386.4,NA,NA,NA,"Wald-, Wasser- und Erholungsfläche","Fläche (insgesamt)",NA,NA,NA
"Flächennutzung","Wald-, Wasser- und Erholungsfläche",2017,"03 Maxvorstadt",7,302919.8,4297903.7,NA,NA,NA,"Wald-, Wasser- und Erholungsfläche","Fläche (insgesamt)",NA,NA,NA
"Flächennutzung","Wald-, Wasser- und Erholungsfläche",2017,"04 Schwabing - West",12.2,531534.4,4363035.1,NA,NA,NA,"Wald-, Wasser- und Erholungsfläche","Fläche (insgesamt)",NA,NA,NA
"Flächennutzung","Wald-, Wasser- und Erholungsfläche",2017,"05 Au - Haidhausen",12.8,539836.5,4219638.2,NA,NA,NA,"Wald-, Wasser- und Erholungsfläche","Fläche (insgesamt)",NA,NA,NA
"Flächennutzung","Wald-, Wasser- und Erholungsfläche",2017,"06 Sendling",30.4,1196241.7,3938707.8,NA,NA,NA,"Wald-, Wasser- und Erholungsfläche","Fläche (insgesamt)",NA,NA,NA
"Flächennutzung","Wald-, Wasser- und Erholungsfläche",2017,"07 Sendling - Westpark",24.8,1935545.8,7814518.9,NA,NA,NA,"Wald-, Wasser- und Erholungsfläche","Fläche (insgesamt)",NA,NA,NA
"Flächennutzung","Wald-, Wasser- und Erholungsfläche",2017,"08 Schwanthalerhöhe",6.4,131834.1,2070209.9,NA,NA,NA,"Wald-, Wasser- und Erholungsfläche","Fläche (insgesamt)",NA,NA,NA
"Flächennutzung","Wald-, Wasser- und Erholungsfläche",2017,"09 Neuhausen - Nymphenburg",30.2,3899160.6,12914467.1,NA,NA,NA,"Wald-, Wasser- und Erholungsfläche","Fläche (insgesamt)",NA,NA,NA
"Flächennutzung","Wald-, Wasser- und Erholungsfläche",2017,"10 Moosach",18.2,2020182.8,11093612.4,NA,NA,NA,"Wald-, Wasser- und Erholungsfläche","Fläche (insgesamt)",NA,NA,NA
"Flächennutzung","Wald-, Wasser- und Erholungsfläche",2017,"11 Milbertshofen - Am Hart",39.9,5349599.2,13416362.6,NA,NA,NA,"Wald-, Wasser- und Erholungsfläche","Fläche (insgesamt)",NA,NA,NA
"Flächennutzung","Wald-, Wasser- und Erholungsfläche",2017,"12 Schwabing - Freimann",39.2,10061231.7,25672214.4,NA,NA,NA,"Wald-, Wasser- und Erholungsfläche","Fläche (insgesamt)",NA,NA,NA
"Flächennutzung","Wald-, Wasser- und Erholungsfläche",2017,"13 Bogenhausen",17.4,4124454.8,23709809.2,NA,NA,NA,"Wald-, Wasser- und Erholungsfläche","Fläche (insgesamt)",NA,NA,NA
"Flächennutzung","Wald-, Wasser- und Erholungsfläche",2017,"14 Berg am Laim",11.9,752582.1,6314554.2,NA,NA,NA,"Wald-, Wasser- und Erholungsfläche","Fläche (insgesamt)",NA,NA,NA
"Flächennutzung","Wald-, Wasser- und Erholungsfläche",2017,"15 Trudering - Riem",26.1,5860741.5,22450449.4,NA,NA,NA,"Wald-, Wasser- und Erholungsfläche","Fläche (insgesamt)",NA,NA,NA
"Flächennutzung","Wald-, Wasser- und Erholungsfläche",2017,"16 Ramersdorf - Perlach",22,4380838.7,19894941.8,NA,NA,NA,"Wald-, Wasser- und Erholungsfläche","Fläche (insgesamt)",NA,NA,NA
"Flächennutzung","Wald-, Wasser- und Erholungsfläche",2017,"17 Obergiesing - Fasangarten",5.7,324482,5720355.7,NA,NA,NA,"Wald-, Wasser- und Erholungsfläche","Fläche (insgesamt)",NA,NA,NA
"Flächennutzung","Wald-, Wasser- und Erholungsfläche",2017,"18 Untergiesing - Harlaching",27.3,2201185.9,8056685.2,NA,NA,NA,"Wald-, Wasser- und Erholungsfläche","Fläche (insgesamt)",NA,NA,NA
"Flächennutzung","Wald-, Wasser- und Erholungsfläche",2017,"19 Thalkirchen - Obersendling - Forstenried - Fürstenried - Solln",18.4,3272858,17763113.7,NA,NA,NA,"Wald-, Wasser- und Erholungsfläche","Fläche (insgesamt)",NA,NA,NA
"Flächennutzung","Wald-, Wasser- und Erholungsfläche",2017,"20 Hadern",11,1010327.4,9223683.6,NA,NA,NA,"Wald-, Wasser- und Erholungsfläche","Fläche (insgesamt)",NA,NA,NA
"Flächennutzung","Wald-, Wasser- und Erholungsfläche",2017,"21 Pasing - Obermenzing",15.6,2566681.7,16497760.6,NA,NA,NA,"Wald-, Wasser- und Erholungsfläche","Fläche (insgesamt)",NA,NA,NA
"Flächennutzung","Wald-, Wasser- und Erholungsfläche",2017,"22 Aubing - Lochhausen - Langwied",18.8,6404920.8,34060136,NA,NA,NA,"Wald-, Wasser- und Erholungsfläche","Fläche (insgesamt)",NA,NA,NA
"Flächennutzung","Wald-, Wasser- und Erholungsfläche",2017,"23 Allach - Untermenzing",17.9,2759483.7,15451677.6,NA,NA,NA,"Wald-, Wasser- und Erholungsfläche","Fläche (insgesamt)",NA,NA,NA
"Flächennutzung","Wald-, Wasser- und Erholungsfläche",2017,"24 Feldmoching - Hasenbergl",20,5786630.3,28937830.9,NA,NA,NA,"Wald-, Wasser- und Erholungsfläche","Fläche (insgesamt)",NA,NA,NA
"Flächennutzung","Wald-, Wasser- und Erholungsfläche",2017,"25 Laim",5,261934.7,5285859.5,NA,NA,NA,"Wald-, Wasser- und Erholungsfläche","Fläche (insgesamt)",NA,NA,NA
"Flächennutzung","Wohnfläche",2024,"Stadt München",29.4,91412144.1,310728188.4,NA,NA,NA,"Wohnfläche","Fläche (insgesamt)",NA,NA,NA
"Flächennutzung","Wohnfläche",2024,"01 Altstadt - Lehel",16.8,527648.5,3145888.1,NA,NA,NA,"Wohnfläche","Fläche (insgesamt)",NA,NA,NA
"Flächennutzung","Wohnfläche",2024,"02 Ludwigsvorstadt - Isarvorstadt",29.8,1312272.1,4401650.7,NA,NA,NA,"Wohnfläche","Fläche (insgesamt)",NA,NA,NA
"Flächennutzung","Wohnfläche",2024,"03 Maxvorstadt",34,1462983.9,4298192.3,NA,NA,NA,"Wohnfläche","Fläche (insgesamt)",NA,NA,NA
"Flächennutzung","Wohnfläche",2024,"04 Schwabing - West",43.9,1915104,4363287.5,NA,NA,NA,"Wohnfläche","Fläche (insgesamt)",NA,NA,NA
"Flächennutzung","Wohnfläche",2024,"05 Au - Haidhausen",35.2,1484027.2,4219982.8,NA,NA,NA,"Wohnfläche","Fläche (insgesamt)",NA,NA,NA
"Flächennutzung","Wohnfläche",2024,"06 Sendling",25.9,1020407.3,3938931.9,NA,NA,NA,"Wohnfläche","Fläche (insgesamt)",NA,NA,NA
"Flächennutzung","Wohnfläche",2024,"07 Sendling - Westpark",41.7,3258036.2,7814853.1,NA,NA,NA,"Wohnfläche","Fläche (insgesamt)",NA,NA,NA
"Flächennutzung","Wohnfläche",2024,"08 Schwanthalerhöhe",32.5,672396.7,2070313.2,NA,NA,NA,"Wohnfläche","Fläche (insgesamt)",NA,NA,NA
"Flächennutzung","Wohnfläche",2024,"09 Neuhausen - Nymphenburg",31.3,4042648.8,12914863.8,NA,NA,NA,"Wohnfläche","Fläche (insgesamt)",NA,NA,NA
"Flächennutzung","Wohnfläche",2024,"10 Moosach",29,3217430.6,11093673.1,NA,NA,NA,"Wohnfläche","Fläche (insgesamt)",NA,NA,NA
"Flächennutzung","Wohnfläche",2024,"11 Milbertshofen - Am Hart",23.4,3145681.6,13417210.9,NA,NA,NA,"Wohnfläche","Fläche (insgesamt)",NA,NA,NA
"Flächennutzung","Wohnfläche",2024,"12 Schwabing - Freimann",15.3,3926080.3,25674488.6,NA,NA,NA,"Wohnfläche","Fläche (insgesamt)",NA,NA,NA
"Flächennutzung","Wohnfläche",2024,"13 Bogenhausen",29.7,7052477.6,23712918.2,NA,NA,NA,"Wohnfläche","Fläche (insgesamt)",NA,NA,NA
"Flächennutzung","Wohnfläche",2024,"14 Berg am Laim",38.6,2436353.8,6315330.6,NA,NA,NA,"Wohnfläche","Fläche (insgesamt)",NA,NA,NA
"Flächennutzung","Wohnfläche",2024,"15 Trudering - Riem",31.7,7115905.8,22453898.2,NA,NA,NA,"Wohnfläche","Fläche (insgesamt)",NA,NA,NA
"Flächennutzung","Wohnfläche",2024,"16 Ramersdorf - Perlach",35.5,7065027.6,19897106.1,NA,NA,NA,"Wohnfläche","Fläche (insgesamt)",NA,NA,NA
"Flächennutzung","Wohnfläche",2024,"17 Obergiesing - Fasangarten",43.2,2474075,5720858.9,NA,NA,NA,"Wohnfläche","Fläche (insgesamt)",NA,NA,NA
"Flächennutzung","Wohnfläche",2024,"18 Untergiesing - Harlaching",44.9,3613937.5,8057175.1,NA,NA,NA,"Wohnfläche","Fläche (insgesamt)",NA,NA,NA
"Flächennutzung","Wohnfläche",2024,"19 Thalkirchen - Obersendling - Forstenried - Fürstenried - Solln",41.8,7419478.4,17763477.9,NA,NA,NA,"Wohnfläche","Fläche (insgesamt)",NA,NA,NA
"Flächennutzung","Wohnfläche",2024,"20 Hadern",42,3870252.5,9223739.6,NA,NA,NA,"Wohnfläche","Fläche (insgesamt)",NA,NA,NA
"Flächennutzung","Wohnfläche",2024,"21 Pasing - Obermenzing",42.4,7002662.2,16497495.3,NA,NA,NA,"Wohnfläche","Fläche (insgesamt)",NA,NA,NA
"Flächennutzung","Wohnfläche",2024,"22 Aubing - Lochhausen - Langwied",14.8,5035999.9,34057241.8,NA,NA,NA,"Wohnfläche","Fläche (insgesamt)",NA,NA,NA
"Flächennutzung","Wohnfläche",2024,"23 Allach - Untermenzing",28,4331002.4,15451175.7,NA,NA,NA,"Wohnfläche","Fläche (insgesamt)",NA,NA,NA
"Flächennutzung","Wohnfläche",2024,"24 Feldmoching - Hasenbergl",18.1,5245679.4,28938420.3,NA,NA,NA,"Wohnfläche","Fläche (insgesamt)",NA,NA,NA
"Flächennutzung","Wohnfläche",2024,"25 Laim",52.3,2764574.7,5286014.8,NA,NA,NA,"Wohnfläche","Fläche (insgesamt)",NA,NA,NA
"Flächennutzung","Wohnfläche",2023,"Stadt München",29.4,91344513.6,310728188.4,NA,NA,NA,"Wohnfläche","Fläche (insgesamt)",NA,NA,NA
"Flächennutzung","Wohnfläche",2023,"01 Altstadt - Lehel",16.8,529528.7,3145888.1,NA,NA,NA,"Wohnfläche","Fläche (insgesamt)",NA,NA,NA
"Flächennutzung","Wohnfläche",2023,"02 Ludwigsvorstadt - Isarvorstadt",29.9,1318127.4,4401650.7,NA,NA,NA,"Wohnfläche","Fläche (insgesamt)",NA,NA,NA
"Flächennutzung","Wohnfläche",2023,"03 Maxvorstadt",34,1459376.1,4298192.3,NA,NA,NA,"Wohnfläche","Fläche (insgesamt)",NA,NA,NA
"Flächennutzung","Wohnfläche",2023,"04 Schwabing - West",43.9,1915056.3,4363287.5,NA,NA,NA,"Wohnfläche","Fläche (insgesamt)",NA,NA,NA
"Flächennutzung","Wohnfläche",2023,"05 Au - Haidhausen",35.2,1484041,4219982.8,NA,NA,NA,"Wohnfläche","Fläche (insgesamt)",NA,NA,NA
"Flächennutzung","Wohnfläche",2023,"06 Sendling",25.9,1020409.6,3938931.9,NA,NA,NA,"Wohnfläche","Fläche (insgesamt)",NA,NA,NA
"Flächennutzung","Wohnfläche",2023,"07 Sendling - Westpark",41.7,3257516.6,7814853.1,NA,NA,NA,"Wohnfläche","Fläche (insgesamt)",NA,NA,NA
"Flächennutzung","Wohnfläche",2023,"08 Schwanthalerhöhe",32.5,672397.5,2070313.2,NA,NA,NA,"Wohnfläche","Fläche (insgesamt)",NA,NA,NA
"Flächennutzung","Wohnfläche",2023,"09 Neuhausen - Nymphenburg",31.3,4038249.7,12914863.8,NA,NA,NA,"Wohnfläche","Fläche (insgesamt)",NA,NA,NA
"Flächennutzung","Wohnfläche",2023,"10 Moosach",28.9,3205402.5,11093673.1,NA,NA,NA,"Wohnfläche","Fläche (insgesamt)",NA,NA,NA
"Flächennutzung","Wohnfläche",2023,"11 Milbertshofen - Am Hart",23.6,3160204.4,13417210.9,NA,NA,NA,"Wohnfläche","Fläche (insgesamt)",NA,NA,NA
"Flächennutzung","Wohnfläche",2023,"12 Schwabing - Freimann",15.2,3909293.4,25674488.6,NA,NA,NA,"Wohnfläche","Fläche (insgesamt)",NA,NA,NA
"Flächennutzung","Wohnfläche",2023,"13 Bogenhausen",29.7,7050638.2,23712918.2,NA,NA,NA,"Wohnfläche","Fläche (insgesamt)",NA,NA,NA
"Flächennutzung","Wohnfläche",2023,"14 Berg am Laim",38.6,2435788.5,6315330.6,NA,NA,NA,"Wohnfläche","Fläche (insgesamt)",NA,NA,NA
"Flächennutzung","Wohnfläche",2023,"15 Trudering - Riem",31.7,7109010.6,22453898.2,NA,NA,NA,"Wohnfläche","Fläche (insgesamt)",NA,NA,NA
"Flächennutzung","Wohnfläche",2023,"16 Ramersdorf - Perlach",35.4,7049551.4,19897106.1,NA,NA,NA,"Wohnfläche","Fläche (insgesamt)",NA,NA,NA
"Flächennutzung","Wohnfläche",2023,"17 Obergiesing - Fasangarten",43.3,2474286.6,5720858.9,NA,NA,NA,"Wohnfläche","Fläche (insgesamt)",NA,NA,NA
"Flächennutzung","Wohnfläche",2023,"18 Untergiesing - Harlaching",44.8,3613419.9,8057175.1,NA,NA,NA,"Wohnfläche","Fläche (insgesamt)",NA,NA,NA
"Flächennutzung","Wohnfläche",2023,"19 Thalkirchen - Obersendling - Forstenried - Fürstenried - Solln",41.8,7418886.7,17763477.9,NA,NA,NA,"Wohnfläche","Fläche (insgesamt)",NA,NA,NA
"Flächennutzung","Wohnfläche",2023,"20 Hadern",42,3870112.6,9223739.6,NA,NA,NA,"Wohnfläche","Fläche (insgesamt)",NA,NA,NA
"Flächennutzung","Wohnfläche",2023,"21 Pasing - Obermenzing",42.3,6976789.4,16497495.3,NA,NA,NA,"Wohnfläche","Fläche (insgesamt)",NA,NA,NA
"Flächennutzung","Wohnfläche",2023,"22 Aubing - Lochhausen - Langwied",14.8,5038577.2,34057241.9,NA,NA,NA,"Wohnfläche","Fläche (insgesamt)",NA,NA,NA
"Flächennutzung","Wohnfläche",2023,"23 Allach - Untermenzing",28,4321696.5,15451175.7,NA,NA,NA,"Wohnfläche","Fläche (insgesamt)",NA,NA,NA
"Flächennutzung","Wohnfläche",2023,"24 Feldmoching - Hasenbergl",18.2,5253896,28938420.3,NA,NA,NA,"Wohnfläche","Fläche (insgesamt)",NA,NA,NA
"Flächennutzung","Wohnfläche",2023,"25 Laim",52.3,2762257,5286014.8,NA,NA,NA,"Wohnfläche","Fläche (insgesamt)",NA,NA,NA
"Flächennutzung","Wohnfläche",2022,"Stadt München",29.3,91071756.5,310728188.5,NA,NA,NA,"Wohnfläche","Fläche (insgesamt)",NA,NA,NA
"Flächennutzung","Wohnfläche",2022,"01 Altstadt - Lehel",16.8,529544,3145888.1,NA,NA,NA,"Wohnfläche","Fläche (insgesamt)",NA,NA,NA
"Flächennutzung","Wohnfläche",2022,"02 Ludwigsvorstadt - Isarvorstadt",29.9,1315761.2,4401650.7,NA,NA,NA,"Wohnfläche","Fläche (insgesamt)",NA,NA,NA
"Flächennutzung","Wohnfläche",2022,"03 Maxvorstadt",34,1462071.4,4298192.3,NA,NA,NA,"Wohnfläche","Fläche (insgesamt)",NA,NA,NA
"Flächennutzung","Wohnfläche",2022,"04 Schwabing - West",43.8,1912398.1,4363287.5,NA,NA,NA,"Wohnfläche","Fläche (insgesamt)",NA,NA,NA
"Flächennutzung","Wohnfläche",2022,"05 Au - Haidhausen",35.1,1481451.7,4219982.8,NA,NA,NA,"Wohnfläche","Fläche (insgesamt)",NA,NA,NA
"Flächennutzung","Wohnfläche",2022,"06 Sendling",25.8,1017406.1,3938931.9,NA,NA,NA,"Wohnfläche","Fläche (insgesamt)",NA,NA,NA
"Flächennutzung","Wohnfläche",2022,"07 Sendling - Westpark",41.7,3255464.2,7814853.1,NA,NA,NA,"Wohnfläche","Fläche (insgesamt)",NA,NA,NA
"Flächennutzung","Wohnfläche",2022,"08 Schwanthalerhöhe",32.5,672564.3,2070313.2,NA,NA,NA,"Wohnfläche","Fläche (insgesamt)",NA,NA,NA
"Flächennutzung","Wohnfläche",2022,"09 Neuhausen - Nymphenburg",31.3,4036046.2,12914863.8,NA,NA,NA,"Wohnfläche","Fläche (insgesamt)",NA,NA,NA
"Flächennutzung","Wohnfläche",2022,"10 Moosach",28.9,3204613.4,11093673.1,NA,NA,NA,"Wohnfläche","Fläche (insgesamt)",NA,NA,NA
"Flächennutzung","Wohnfläche",2022,"11 Milbertshofen - Am Hart",23.6,3159965.5,13417210.9,NA,NA,NA,"Wohnfläche","Fläche (insgesamt)",NA,NA,NA
"Flächennutzung","Wohnfläche",2022,"12 Schwabing - Freimann",15.1,3870500.1,25674488.6,NA,NA,NA,"Wohnfläche","Fläche (insgesamt)",NA,NA,NA
"Flächennutzung","Wohnfläche",2022,"13 Bogenhausen",29.7,7051178.6,23712918.2,NA,NA,NA,"Wohnfläche","Fläche (insgesamt)",NA,NA,NA
"Flächennutzung","Wohnfläche",2022,"14 Berg am Laim",38.4,2427189.8,6315330.6,NA,NA,NA,"Wohnfläche","Fläche (insgesamt)",NA,NA,NA
"Flächennutzung","Wohnfläche",2022,"15 Trudering - Riem",31.6,7101409.3,22453898.2,NA,NA,NA,"Wohnfläche","Fläche (insgesamt)",NA,NA,NA
"Flächennutzung","Wohnfläche",2022,"16 Ramersdorf - Perlach",35.3,7029409.8,19897105.9,NA,NA,NA,"Wohnfläche","Fläche (insgesamt)",NA,NA,NA
"Flächennutzung","Wohnfläche",2022,"17 Obergiesing - Fasangarten",43.2,2473003.8,5720859.1,NA,NA,NA,"Wohnfläche","Fläche (insgesamt)",NA,NA,NA
"Flächennutzung","Wohnfläche",2022,"18 Untergiesing - Harlaching",44.9,3614318.6,8057175.1,NA,NA,NA,"Wohnfläche","Fläche (insgesamt)",NA,NA,NA
"Flächennutzung","Wohnfläche",2022,"19 Thalkirchen - Obersendling - Forstenried - Fürstenried - Solln",41.7,7412148.9,17763477.9,NA,NA,NA,"Wohnfläche","Fläche (insgesamt)",NA,NA,NA
"Flächennutzung","Wohnfläche",2022,"20 Hadern",42,3870476.6,9223739.6,NA,NA,NA,"Wohnfläche","Fläche (insgesamt)",NA,NA,NA
"Flächennutzung","Wohnfläche",2022,"21 Pasing - Obermenzing",42.2,6962373.1,16497495.3,NA,NA,NA,"Wohnfläche","Fläche (insgesamt)",NA,NA,NA
"Flächennutzung","Wohnfläche",2022,"22 Aubing - Lochhausen - Langwied",14.5,4924070.3,34057242,NA,NA,NA,"Wohnfläche","Fläche (insgesamt)",NA,NA,NA
"Flächennutzung","Wohnfläche",2022,"23 Allach - Untermenzing",27.9,4315572,15451175.7,NA,NA,NA,"Wohnfläche","Fläche (insgesamt)",NA,NA,NA
"Flächennutzung","Wohnfläche",2022,"24 Feldmoching - Hasenbergl",18.1,5224998.5,28938420.3,NA,NA,NA,"Wohnfläche","Fläche (insgesamt)",NA,NA,NA
"Flächennutzung","Wohnfläche",2022,"25 Laim",52,2747820.8,5286014.8,NA,NA,NA,"Wohnfläche","Fläche (insgesamt)",NA,NA,NA
"Flächennutzung","Wohnfläche",2021,"Stadt München",29.2,90839426.3,310728188.5,NA,NA,NA,"Wohnfläche","Fläche (insgesamt)",NA,NA,NA
"Flächennutzung","Wohnfläche",2021,"01 Altstadt - Lehel",16.8,527924.2,3145888.1,NA,NA,NA,"Wohnfläche","Fläche (insgesamt)",NA,NA,NA
"Flächennutzung","Wohnfläche",2021,"02 Ludwigsvorstadt - Isarvorstadt",29.9,1317198.1,4401650.7,NA,NA,NA,"Wohnfläche","Fläche (insgesamt)",NA,NA,NA
"Flächennutzung","Wohnfläche",2021,"03 Maxvorstadt",33.9,1455898,4298192.3,NA,NA,NA,"Wohnfläche","Fläche (insgesamt)",NA,NA,NA
"Flächennutzung","Wohnfläche",2021,"04 Schwabing - West",43.8,1909975.5,4363287.5,NA,NA,NA,"Wohnfläche","Fläche (insgesamt)",NA,NA,NA
"Flächennutzung","Wohnfläche",2021,"05 Au - Haidhausen",35,1475705.7,4219982.8,NA,NA,NA,"Wohnfläche","Fläche (insgesamt)",NA,NA,NA
"Flächennutzung","Wohnfläche",2021,"06 Sendling",25.8,1017381.4,3938931.9,NA,NA,NA,"Wohnfläche","Fläche (insgesamt)",NA,NA,NA
"Flächennutzung","Wohnfläche",2021,"07 Sendling - Westpark",41.6,3253880.7,7814853.1,NA,NA,NA,"Wohnfläche","Fläche (insgesamt)",NA,NA,NA
"Flächennutzung","Wohnfläche",2021,"08 Schwanthalerhöhe",32.5,672561.8,2070313.2,NA,NA,NA,"Wohnfläche","Fläche (insgesamt)",NA,NA,NA
"Flächennutzung","Wohnfläche",2021,"09 Neuhausen - Nymphenburg",31,4009869,12914863.8,NA,NA,NA,"Wohnfläche","Fläche (insgesamt)",NA,NA,NA
"Flächennutzung","Wohnfläche",2021,"10 Moosach",28.8,3198574.7,11093673.1,NA,NA,NA,"Wohnfläche","Fläche (insgesamt)",NA,NA,NA
"Flächennutzung","Wohnfläche",2021,"11 Milbertshofen - Am Hart",23.5,3150857.1,13417210.9,NA,NA,NA,"Wohnfläche","Fläche (insgesamt)",NA,NA,NA
"Flächennutzung","Wohnfläche",2021,"12 Schwabing - Freimann",15.1,3866412.6,25674488.6,NA,NA,NA,"Wohnfläche","Fläche (insgesamt)",NA,NA,NA
"Flächennutzung","Wohnfläche",2021,"13 Bogenhausen",29.7,7047970.1,23712918.2,NA,NA,NA,"Wohnfläche","Fläche (insgesamt)",NA,NA,NA
"Flächennutzung","Wohnfläche",2021,"14 Berg am Laim",38.3,2421080.5,6315330.6,NA,NA,NA,"Wohnfläche","Fläche (insgesamt)",NA,NA,NA
"Flächennutzung","Wohnfläche",2021,"15 Trudering - Riem",31.6,7094414.7,22453898.2,NA,NA,NA,"Wohnfläche","Fläche (insgesamt)",NA,NA,NA
"Flächennutzung","Wohnfläche",2021,"16 Ramersdorf - Perlach",35.3,7020995,19897105.8,NA,NA,NA,"Wohnfläche","Fläche (insgesamt)",NA,NA,NA
"Flächennutzung","Wohnfläche",2021,"17 Obergiesing - Fasangarten",43.1,2466799.7,5720859.1,NA,NA,NA,"Wohnfläche","Fläche (insgesamt)",NA,NA,NA
"Flächennutzung","Wohnfläche",2021,"18 Untergiesing - Harlaching",44.9,3614368.6,8057175.1,NA,NA,NA,"Wohnfläche","Fläche (insgesamt)",NA,NA,NA
"Flächennutzung","Wohnfläche",2021,"19 Thalkirchen - Obersendling - Forstenried - Fürstenried - Solln",41.6,7397685.5,17763477.9,NA,NA,NA,"Wohnfläche","Fläche (insgesamt)",NA,NA,NA
"Flächennutzung","Wohnfläche",2021,"20 Hadern",42,3870097.8,9223739.6,NA,NA,NA,"Wohnfläche","Fläche (insgesamt)",NA,NA,NA
"Flächennutzung","Wohnfläche",2021,"21 Pasing - Obermenzing",42.2,6962458.8,16497495.3,NA,NA,NA,"Wohnfläche","Fläche (insgesamt)",NA,NA,NA
"Flächennutzung","Wohnfläche",2021,"22 Aubing - Lochhausen - Langwied",14.1,4818239.3,34057242,NA,NA,NA,"Wohnfläche","Fläche (insgesamt)",NA,NA,NA
"Flächennutzung","Wohnfläche",2021,"23 Allach - Untermenzing",27.8,4298868.5,15451175.7,NA,NA,NA,"Wohnfläche","Fläche (insgesamt)",NA,NA,NA
"Flächennutzung","Wohnfläche",2021,"24 Feldmoching - Hasenbergl",18.1,5226553,28938420.3,NA,NA,NA,"Wohnfläche","Fläche (insgesamt)",NA,NA,NA
"Flächennutzung","Wohnfläche",2021,"25 Laim",51.9,2743656,5286014.8,NA,NA,NA,"Wohnfläche","Fläche (insgesamt)",NA,NA,NA
"Flächennutzung","Wohnfläche",2020,"Stadt München",29.2,90610828.7,310728448.8,NA,NA,NA,"Wohnfläche","Fläche (insgesamt)",NA,NA,NA
"Flächennutzung","Wohnfläche",2020,"01 Altstadt - Lehel",16.7,526587.1,3145888.1,NA,NA,NA,"Wohnfläche","Fläche (insgesamt)",NA,NA,NA
"Flächennutzung","Wohnfläche",2020,"02 Ludwigsvorstadt - Isarvorstadt",29.9,1317008,4401650.7,NA,NA,NA,"Wohnfläche","Fläche (insgesamt)",NA,NA,NA
"Flächennutzung","Wohnfläche",2020,"03 Maxvorstadt",33.9,1455936.2,4298192.3,NA,NA,NA,"Wohnfläche","Fläche (insgesamt)",NA,NA,NA
"Flächennutzung","Wohnfläche",2020,"04 Schwabing - West",43.6,1902166.2,4363287.5,NA,NA,NA,"Wohnfläche","Fläche (insgesamt)",NA,NA,NA
"Flächennutzung","Wohnfläche",2020,"05 Au - Haidhausen",34.7,1462545.4,4219982.8,NA,NA,NA,"Wohnfläche","Fläche (insgesamt)",NA,NA,NA
"Flächennutzung","Wohnfläche",2020,"06 Sendling",25.6,1009569.4,3938931.9,NA,NA,NA,"Wohnfläche","Fläche (insgesamt)",NA,NA,NA
"Flächennutzung","Wohnfläche",2020,"07 Sendling - Westpark",41.5,3239773.2,7814853.1,NA,NA,NA,"Wohnfläche","Fläche (insgesamt)",NA,NA,NA
"Flächennutzung","Wohnfläche",2020,"08 Schwanthalerhöhe",32.5,672442.5,2070313.2,NA,NA,NA,"Wohnfläche","Fläche (insgesamt)",NA,NA,NA
"Flächennutzung","Wohnfläche",2020,"09 Neuhausen - Nymphenburg",31,4001965.7,12914863.8,NA,NA,NA,"Wohnfläche","Fläche (insgesamt)",NA,NA,NA
"Flächennutzung","Wohnfläche",2020,"10 Moosach",28.8,3195779.5,11093673.1,NA,NA,NA,"Wohnfläche","Fläche (insgesamt)",NA,NA,NA
"Flächennutzung","Wohnfläche",2020,"11 Milbertshofen - Am Hart",23.5,3147643.2,13417210.9,NA,NA,NA,"Wohnfläche","Fläche (insgesamt)",NA,NA,NA
"Flächennutzung","Wohnfläche",2020,"12 Schwabing - Freimann",15,3860166.8,25674746.5,NA,NA,NA,"Wohnfläche","Fläche (insgesamt)",NA,NA,NA
"Flächennutzung","Wohnfläche",2020,"13 Bogenhausen",29.7,7044363.6,23712920.7,NA,NA,NA,"Wohnfläche","Fläche (insgesamt)",NA,NA,NA
"Flächennutzung","Wohnfläche",2020,"14 Berg am Laim",38.2,2415426.2,6315330.6,NA,NA,NA,"Wohnfläche","Fläche (insgesamt)",NA,NA,NA
"Flächennutzung","Wohnfläche",2020,"15 Trudering - Riem",31.6,7091398.1,22453898.2,NA,NA,NA,"Wohnfläche","Fläche (insgesamt)",NA,NA,NA
"Flächennutzung","Wohnfläche",2020,"16 Ramersdorf - Perlach",35.2,7003530.3,19897105.8,NA,NA,NA,"Wohnfläche","Fläche (insgesamt)",NA,NA,NA
"Flächennutzung","Wohnfläche",2020,"17 Obergiesing - Fasangarten",43.1,2465901.5,5720859.1,NA,NA,NA,"Wohnfläche","Fläche (insgesamt)",NA,NA,NA
"Flächennutzung","Wohnfläche",2020,"18 Untergiesing - Harlaching",44.9,3615080.1,8057175.1,NA,NA,NA,"Wohnfläche","Fläche (insgesamt)",NA,NA,NA
"Flächennutzung","Wohnfläche",2020,"19 Thalkirchen - Obersendling - Forstenried - Fürstenried - Solln",41.5,7371965.5,17763477.9,NA,NA,NA,"Wohnfläche","Fläche (insgesamt)",NA,NA,NA
"Flächennutzung","Wohnfläche",2020,"20 Hadern",41.9,3866164.1,9223739.6,NA,NA,NA,"Wohnfläche","Fläche (insgesamt)",NA,NA,NA
"Flächennutzung","Wohnfläche",2020,"21 Pasing - Obermenzing",42,6926824.6,16497495.3,NA,NA,NA,"Wohnfläche","Fläche (insgesamt)",NA,NA,NA
"Flächennutzung","Wohnfläche",2020,"22 Aubing - Lochhausen - Langwied",14,4768459,34057242,NA,NA,NA,"Wohnfläche","Fläche (insgesamt)",NA,NA,NA
"Flächennutzung","Wohnfläche",2020,"23 Allach - Untermenzing",27.7,4284783.6,15451175.7,NA,NA,NA,"Wohnfläche","Fläche (insgesamt)",NA,NA,NA
"Flächennutzung","Wohnfläche",2020,"24 Feldmoching - Hasenbergl",18,5220558.6,28938420.3,NA,NA,NA,"Wohnfläche","Fläche (insgesamt)",NA,NA,NA
"Flächennutzung","Wohnfläche",2020,"25 Laim",51.9,2744790.2,5286014.8,NA,NA,NA,"Wohnfläche","Fläche (insgesamt)",NA,NA,NA
"Flächennutzung","Wohnfläche",2019,"Stadt München",29.1,90373348.6,310714467.3,NA,NA,NA,"Wohnfläche","Fläche (insgesamt)",NA,NA,NA
"Flächennutzung","Wohnfläche",2019,"01 Altstadt - Lehel",16.8,526950.7,3145668.2,NA,NA,NA,"Wohnfläche","Fläche (insgesamt)",NA,NA,NA
"Flächennutzung","Wohnfläche",2019,"02 Ludwigsvorstadt - Isarvorstadt",29.9,1316869.2,4401386.5,NA,NA,NA,"Wohnfläche","Fläche (insgesamt)",NA,NA,NA
"Flächennutzung","Wohnfläche",2019,"03 Maxvorstadt",33.9,1456741.4,4297903.8,NA,NA,NA,"Wohnfläche","Fläche (insgesamt)",NA,NA,NA
"Flächennutzung","Wohnfläche",2019,"04 Schwabing - West",43.6,1902058.5,4363035.1,NA,NA,NA,"Wohnfläche","Fläche (insgesamt)",NA,NA,NA
"Flächennutzung","Wohnfläche",2019,"05 Au - Haidhausen",34.3,1448537.6,4219638.2,NA,NA,NA,"Wohnfläche","Fläche (insgesamt)",NA,NA,NA
"Flächennutzung","Wohnfläche",2019,"06 Sendling",25.9,1019350.7,3938707.8,NA,NA,NA,"Wohnfläche","Fläche (insgesamt)",NA,NA,NA
"Flächennutzung","Wohnfläche",2019,"07 Sendling - Westpark",41.3,3230619.7,7814519,NA,NA,NA,"Wohnfläche","Fläche (insgesamt)",NA,NA,NA
"Flächennutzung","Wohnfläche",2019,"08 Schwanthalerhöhe",32.6,674252.5,2070209.9,NA,NA,NA,"Wohnfläche","Fläche (insgesamt)",NA,NA,NA
"Flächennutzung","Wohnfläche",2019,"09 Neuhausen - Nymphenburg",31,4006027.2,12914467.1,NA,NA,NA,"Wohnfläche","Fläche (insgesamt)",NA,NA,NA
"Flächennutzung","Wohnfläche",2019,"10 Moosach",28.7,3183692.2,11093612.4,NA,NA,NA,"Wohnfläche","Fläche (insgesamt)",NA,NA,NA
"Flächennutzung","Wohnfläche",2019,"11 Milbertshofen - Am Hart",23.5,3148515.9,13416361.4,NA,NA,NA,"Wohnfläche","Fläche (insgesamt)",NA,NA,NA
"Flächennutzung","Wohnfläche",2019,"12 Schwabing - Freimann",15,3861565,25672203.8,NA,NA,NA,"Wohnfläche","Fläche (insgesamt)",NA,NA,NA
"Flächennutzung","Wohnfläche",2019,"13 Bogenhausen",29.7,7030827.8,23709797.7,NA,NA,NA,"Wohnfläche","Fläche (insgesamt)",NA,NA,NA
"Flächennutzung","Wohnfläche",2019,"14 Berg am Laim",38.2,2413518.6,6314554.2,NA,NA,NA,"Wohnfläche","Fläche (insgesamt)",NA,NA,NA
"Flächennutzung","Wohnfläche",2019,"15 Trudering - Riem",31.5,7080898.2,22450431.3,NA,NA,NA,"Wohnfläche","Fläche (insgesamt)",NA,NA,NA
"Flächennutzung","Wohnfläche",2019,"16 Ramersdorf - Perlach",35.1,6989259.3,19894934.4,NA,NA,NA,"Wohnfläche","Fläche (insgesamt)",NA,NA,NA
"Flächennutzung","Wohnfläche",2019,"17 Obergiesing - Fasangarten",43.4,2482625.2,5720352.7,NA,NA,NA,"Wohnfläche","Fläche (insgesamt)",NA,NA,NA
"Flächennutzung","Wohnfläche",2019,"18 Untergiesing - Harlaching",44.5,3583655.8,8056680.7,NA,NA,NA,"Wohnfläche","Fläche (insgesamt)",NA,NA,NA
"Flächennutzung","Wohnfläche",2019,"19 Thalkirchen - Obersendling - Forstenried - Fürstenried - Solln",41.5,7367016.8,17763102.6,NA,NA,NA,"Wohnfläche","Fläche (insgesamt)",NA,NA,NA
"Flächennutzung","Wohnfläche",2019,"20 Hadern",41.9,3864913.7,9223679.6,NA,NA,NA,"Wohnfläche","Fläche (insgesamt)",NA,NA,NA
"Flächennutzung","Wohnfläche",2019,"21 Pasing - Obermenzing",41.7,6874978.6,16497757.1,NA,NA,NA,"Wohnfläche","Fläche (insgesamt)",NA,NA,NA
"Flächennutzung","Wohnfläche",2019,"22 Aubing - Lochhausen - Langwied",13.8,4705831.5,34060109.2,NA,NA,NA,"Wohnfläche","Fläche (insgesamt)",NA,NA,NA
"Flächennutzung","Wohnfläche",2019,"23 Allach - Untermenzing",27.5,4244974.6,15451672.7,NA,NA,NA,"Wohnfläche","Fläche (insgesamt)",NA,NA,NA
"Flächennutzung","Wohnfläche",2019,"24 Feldmoching - Hasenbergl",18,5220760.7,28937822.6,NA,NA,NA,"Wohnfläche","Fläche (insgesamt)",NA,NA,NA
"Flächennutzung","Wohnfläche",2019,"25 Laim",51.8,2738907.4,5285859.4,NA,NA,NA,"Wohnfläche","Fläche (insgesamt)",NA,NA,NA
"Flächennutzung","Wohnfläche",2018,"Stadt München",29,90048911.9,310714581.1,NA,NA,NA,"Wohnfläche","Fläche (insgesamt)",NA,NA,NA
"Flächennutzung","Wohnfläche",2018,"01 Altstadt - Lehel",16.8,526955.9,3145668.2,NA,NA,NA,"Wohnfläche","Fläche (insgesamt)",NA,NA,NA
"Flächennutzung","Wohnfläche",2018,"02 Ludwigsvorstadt - Isarvorstadt",30,1318838.3,4401386.4,NA,NA,NA,"Wohnfläche","Fläche (insgesamt)",NA,NA,NA
"Flächennutzung","Wohnfläche",2018,"03 Maxvorstadt",33.9,1456925.5,4297903.7,NA,NA,NA,"Wohnfläche","Fläche (insgesamt)",NA,NA,NA
"Flächennutzung","Wohnfläche",2018,"04 Schwabing - West",43.5,1899607.2,4363035.1,NA,NA,NA,"Wohnfläche","Fläche (insgesamt)",NA,NA,NA
"Flächennutzung","Wohnfläche",2018,"05 Au - Haidhausen",34.1,1439720.7,4219638.2,NA,NA,NA,"Wohnfläche","Fläche (insgesamt)",NA,NA,NA
"Flächennutzung","Wohnfläche",2018,"06 Sendling",25.8,1015928.4,3938707.8,NA,NA,NA,"Wohnfläche","Fläche (insgesamt)",NA,NA,NA
"Flächennutzung","Wohnfläche",2018,"07 Sendling - Westpark",41.2,3221823.3,7814518.9,NA,NA,NA,"Wohnfläche","Fläche (insgesamt)",NA,NA,NA
"Flächennutzung","Wohnfläche",2018,"08 Schwanthalerhöhe",32.6,674290.1,2070209.9,NA,NA,NA,"Wohnfläche","Fläche (insgesamt)",NA,NA,NA
"Flächennutzung","Wohnfläche",2018,"09 Neuhausen - Nymphenburg",31,3997189.1,12914467.1,NA,NA,NA,"Wohnfläche","Fläche (insgesamt)",NA,NA,NA
"Flächennutzung","Wohnfläche",2018,"10 Moosach",28.4,3148970,11093612.4,NA,NA,NA,"Wohnfläche","Fläche (insgesamt)",NA,NA,NA
"Flächennutzung","Wohnfläche",2018,"11 Milbertshofen - Am Hart",23.5,3149515.8,13416362.6,NA,NA,NA,"Wohnfläche","Fläche (insgesamt)",NA,NA,NA
"Flächennutzung","Wohnfläche",2018,"12 Schwabing - Freimann",14.9,3828650,25672214.4,NA,NA,NA,"Wohnfläche","Fläche (insgesamt)",NA,NA,NA
"Flächennutzung","Wohnfläche",2018,"13 Bogenhausen",29.4,6978800.9,23709809.1,NA,NA,NA,"Wohnfläche","Fläche (insgesamt)",NA,NA,NA
"Flächennutzung","Wohnfläche",2018,"14 Berg am Laim",38.2,2412803.1,6314554.2,NA,NA,NA,"Wohnfläche","Fläche (insgesamt)",NA,NA,NA
"Flächennutzung","Wohnfläche",2018,"15 Trudering - Riem",31.4,7051785.2,22450449.4,NA,NA,NA,"Wohnfläche","Fläche (insgesamt)",NA,NA,NA
"Flächennutzung","Wohnfläche",2018,"16 Ramersdorf - Perlach",35.1,6977213.6,19894941.8,NA,NA,NA,"Wohnfläche","Fläche (insgesamt)",NA,NA,NA
"Flächennutzung","Wohnfläche",2018,"17 Obergiesing - Fasangarten",43.4,2485385.1,5720355.7,NA,NA,NA,"Wohnfläche","Fläche (insgesamt)",NA,NA,NA
"Flächennutzung","Wohnfläche",2018,"18 Untergiesing - Harlaching",44.4,3576657.2,8056685.2,NA,NA,NA,"Wohnfläche","Fläche (insgesamt)",NA,NA,NA
"Flächennutzung","Wohnfläche",2018,"19 Thalkirchen - Obersendling - Forstenried - Fürstenried - Solln",41.4,7346720.4,17763113.7,NA,NA,NA,"Wohnfläche","Fläche (insgesamt)",NA,NA,NA
"Flächennutzung","Wohnfläche",2018,"20 Hadern",41.9,3865501.7,9223683.6,NA,NA,NA,"Wohnfläche","Fläche (insgesamt)",NA,NA,NA
"Flächennutzung","Wohnfläche",2018,"21 Pasing - Obermenzing",41.4,6821932,16497760.6,NA,NA,NA,"Wohnfläche","Fläche (insgesamt)",NA,NA,NA
"Flächennutzung","Wohnfläche",2018,"22 Aubing - Lochhausen - Langwied",13.7,4654340.5,34060135.2,NA,NA,NA,"Wohnfläche","Fläche (insgesamt)",NA,NA,NA
"Flächennutzung","Wohnfläche",2018,"23 Allach - Untermenzing",27.4,4241352.3,15451677.6,NA,NA,NA,"Wohnfläche","Fläche (insgesamt)",NA,NA,NA
"Flächennutzung","Wohnfläche",2018,"24 Feldmoching - Hasenbergl",18,5220996,28937830.9,NA,NA,NA,"Wohnfläche","Fläche (insgesamt)",NA,NA,NA
"Flächennutzung","Wohnfläche",2018,"25 Laim",51.8,2737009.7,5285859.5,NA,NA,NA,"Wohnfläche","Fläche (insgesamt)",NA,NA,NA
"Flächennutzung","Wohnfläche",2017,"Stadt München",28.9,89760734.7,310714582,NA,NA,NA,"Wohnfläche","Fläche (insgesamt)",NA,NA,NA
"Flächennutzung","Wohnfläche",2017,"01 Altstadt - Lehel",16.8,526981.4,3145668.2,NA,NA,NA,"Wohnfläche","Fläche (insgesamt)",NA,NA,NA
"Flächennutzung","Wohnfläche",2017,"02 Ludwigsvorstadt - Isarvorstadt",30,1319003.2,4401386.4,NA,NA,NA,"Wohnfläche","Fläche (insgesamt)",NA,NA,NA
"Flächennutzung","Wohnfläche",2017,"03 Maxvorstadt",33.9,1456263,4297903.7,NA,NA,NA,"Wohnfläche","Fläche (insgesamt)",NA,NA,NA
"Flächennutzung","Wohnfläche",2017,"04 Schwabing - West",43.5,1899602.4,4363035.1,NA,NA,NA,"Wohnfläche","Fläche (insgesamt)",NA,NA,NA
"Flächennutzung","Wohnfläche",2017,"05 Au - Haidhausen",33.7,1421176.5,4219638.2,NA,NA,NA,"Wohnfläche","Fläche (insgesamt)",NA,NA,NA
"Flächennutzung","Wohnfläche",2017,"06 Sendling",25.8,1014244,3938707.8,NA,NA,NA,"Wohnfläche","Fläche (insgesamt)",NA,NA,NA
"Flächennutzung","Wohnfläche",2017,"07 Sendling - Westpark",41.1,3209007.3,7814518.9,NA,NA,NA,"Wohnfläche","Fläche (insgesamt)",NA,NA,NA
"Flächennutzung","Wohnfläche",2017,"08 Schwanthalerhöhe",32.6,675430,2070209.9,NA,NA,NA,"Wohnfläche","Fläche (insgesamt)",NA,NA,NA
"Flächennutzung","Wohnfläche",2017,"09 Neuhausen - Nymphenburg",30.9,3994528.7,12914467.1,NA,NA,NA,"Wohnfläche","Fläche (insgesamt)",NA,NA,NA
"Flächennutzung","Wohnfläche",2017,"10 Moosach",28.3,3135131.1,11093612.4,NA,NA,NA,"Wohnfläche","Fläche (insgesamt)",NA,NA,NA
"Flächennutzung","Wohnfläche",2017,"11 Milbertshofen - Am Hart",23.5,3153230.6,13416362.6,NA,NA,NA,"Wohnfläche","Fläche (insgesamt)",NA,NA,NA
"Flächennutzung","Wohnfläche",2017,"12 Schwabing - Freimann",14.9,3812437,25672214.4,NA,NA,NA,"Wohnfläche","Fläche (insgesamt)",NA,NA,NA
"Flächennutzung","Wohnfläche",2017,"13 Bogenhausen",29.1,6908074.4,23709809.2,NA,NA,NA,"Wohnfläche","Fläche (insgesamt)",NA,NA,NA
"Flächennutzung","Wohnfläche",2017,"14 Berg am Laim",38.1,2403330.6,6314554.2,NA,NA,NA,"Wohnfläche","Fläche (insgesamt)",NA,NA,NA
"Flächennutzung","Wohnfläche",2017,"15 Trudering - Riem",31.4,7041179.7,22450449.4,NA,NA,NA,"Wohnfläche","Fläche (insgesamt)",NA,NA,NA
"Flächennutzung","Wohnfläche",2017,"16 Ramersdorf - Perlach",35,6972492.1,19894941.8,NA,NA,NA,"Wohnfläche","Fläche (insgesamt)",NA,NA,NA
"Flächennutzung","Wohnfläche",2017,"17 Obergiesing - Fasangarten",43.2,2472920.5,5720355.7,NA,NA,NA,"Wohnfläche","Fläche (insgesamt)",NA,NA,NA
"Flächennutzung","Wohnfläche",2017,"18 Untergiesing - Harlaching",44.4,3576000.2,8056685.2,NA,NA,NA,"Wohnfläche","Fläche (insgesamt)",NA,NA,NA
"Flächennutzung","Wohnfläche",2017,"19 Thalkirchen - Obersendling - Forstenried - Fürstenried - Solln",41.2,7317176.3,17763113.7,NA,NA,NA,"Wohnfläche","Fläche (insgesamt)",NA,NA,NA
"Flächennutzung","Wohnfläche",2017,"20 Hadern",41.9,3864812.9,9223683.6,NA,NA,NA,"Wohnfläche","Fläche (insgesamt)",NA,NA,NA
"Flächennutzung","Wohnfläche",2017,"21 Pasing - Obermenzing",41.2,6792384.5,16497760.6,NA,NA,NA,"Wohnfläche","Fläche (insgesamt)",NA,NA,NA
"Flächennutzung","Wohnfläche",2017,"22 Aubing - Lochhausen - Langwied",13.6,4639246.9,34060136,NA,NA,NA,"Wohnfläche","Fläche (insgesamt)",NA,NA,NA
"Flächennutzung","Wohnfläche",2017,"23 Allach - Untermenzing",27.3,4216393.1,15451677.6,NA,NA,NA,"Wohnfläche","Fläche (insgesamt)",NA,NA,NA
"Flächennutzung","Wohnfläche",2017,"24 Feldmoching - Hasenbergl",18,5204488.9,28937830.9,NA,NA,NA,"Wohnfläche","Fläche (insgesamt)",NA,NA,NA
"Flächennutzung","Wohnfläche",2017,"25 Laim",51.7,2735199.3,5285859.5,NA,NA,NA,"Wohnfläche","Fläche (insgesamt)",NA,NA,NA
