"Indikator","Ausprägung","Jahr","Raumbezug","Indikatorwert","Basiswert.1","Basiswert.2","Basiswert.3","Basiswert.4","Basiswert.5","Name.Basiswert.1","Name.Basiswert.2","Name.Basiswert.3","Name.Basiswert.4","Name.Basiswert.5"
"Überalterungsquotient","deutsch",2024,"Stadt München",132.9,219291,165046,NA,NA,NA,"Hauptwohnsitzbevölkerung (65 Jahre und älter) (deutsch)","Hauptwohnsitzbevölkerung (bis 14 Jahre) (deutsch)",NA,NA,NA
"Überalterungsquotient","deutsch",2024,"01 Altstadt - Lehel",152.3,2739,1798,NA,NA,NA,"Hauptwohnsitzbevölkerung (65 Jahre und älter) (deutsch)","Hauptwohnsitzbevölkerung (bis 14 Jahre) (deutsch)",NA,NA,NA
"Überalterungsquotient","deutsch",2024,"02 Ludwigsvorstadt - Isarvorstadt",107.8,4495,4168,NA,NA,NA,"Hauptwohnsitzbevölkerung (65 Jahre und älter) (deutsch)","Hauptwohnsitzbevölkerung (bis 14 Jahre) (deutsch)",NA,NA,NA
"Überalterungsquotient","deutsch",2024,"03 Maxvorstadt",129.9,4978,3833,NA,NA,NA,"Hauptwohnsitzbevölkerung (65 Jahre und älter) (deutsch)","Hauptwohnsitzbevölkerung (bis 14 Jahre) (deutsch)",NA,NA,NA
"Überalterungsquotient","deutsch",2024,"04 Schwabing - West",156.4,9677,6187,NA,NA,NA,"Hauptwohnsitzbevölkerung (65 Jahre und älter) (deutsch)","Hauptwohnsitzbevölkerung (bis 14 Jahre) (deutsch)",NA,NA,NA
"Überalterungsquotient","deutsch",2024,"05 Au - Haidhausen",108.4,7295,6731,NA,NA,NA,"Hauptwohnsitzbevölkerung (65 Jahre und älter) (deutsch)","Hauptwohnsitzbevölkerung (bis 14 Jahre) (deutsch)",NA,NA,NA
"Überalterungsquotient","deutsch",2024,"06 Sendling",123.5,4648,3764,NA,NA,NA,"Hauptwohnsitzbevölkerung (65 Jahre und älter) (deutsch)","Hauptwohnsitzbevölkerung (bis 14 Jahre) (deutsch)",NA,NA,NA
"Überalterungsquotient","deutsch",2024,"07 Sendling - Westpark",136.8,8541,6242,NA,NA,NA,"Hauptwohnsitzbevölkerung (65 Jahre und älter) (deutsch)","Hauptwohnsitzbevölkerung (bis 14 Jahre) (deutsch)",NA,NA,NA
"Überalterungsquotient","deutsch",2024,"08 Schwanthalerhöhe",87.4,2327,2662,NA,NA,NA,"Hauptwohnsitzbevölkerung (65 Jahre und älter) (deutsch)","Hauptwohnsitzbevölkerung (bis 14 Jahre) (deutsch)",NA,NA,NA
"Überalterungsquotient","deutsch",2024,"09 Neuhausen - Nymphenburg",130.3,14002,10749,NA,NA,NA,"Hauptwohnsitzbevölkerung (65 Jahre und älter) (deutsch)","Hauptwohnsitzbevölkerung (bis 14 Jahre) (deutsch)",NA,NA,NA
"Überalterungsquotient","deutsch",2024,"10 Moosach",140.1,7879,5625,NA,NA,NA,"Hauptwohnsitzbevölkerung (65 Jahre und älter) (deutsch)","Hauptwohnsitzbevölkerung (bis 14 Jahre) (deutsch)",NA,NA,NA
"Überalterungsquotient","deutsch",2024,"11 Milbertshofen - Am Hart",113.5,8150,7182,NA,NA,NA,"Hauptwohnsitzbevölkerung (65 Jahre und älter) (deutsch)","Hauptwohnsitzbevölkerung (bis 14 Jahre) (deutsch)",NA,NA,NA
"Überalterungsquotient","deutsch",2024,"12 Schwabing - Freimann",136.2,10330,7583,NA,NA,NA,"Hauptwohnsitzbevölkerung (65 Jahre und älter) (deutsch)","Hauptwohnsitzbevölkerung (bis 14 Jahre) (deutsch)",NA,NA,NA
"Überalterungsquotient","deutsch",2024,"13 Bogenhausen",150.1,15433,10281,NA,NA,NA,"Hauptwohnsitzbevölkerung (65 Jahre und älter) (deutsch)","Hauptwohnsitzbevölkerung (bis 14 Jahre) (deutsch)",NA,NA,NA
"Überalterungsquotient","deutsch",2024,"14 Berg am Laim",121.8,6067,4981,NA,NA,NA,"Hauptwohnsitzbevölkerung (65 Jahre und älter) (deutsch)","Hauptwohnsitzbevölkerung (bis 14 Jahre) (deutsch)",NA,NA,NA
"Überalterungsquotient","deutsch",2024,"15 Trudering - Riem",107.8,10475,9716,NA,NA,NA,"Hauptwohnsitzbevölkerung (65 Jahre und älter) (deutsch)","Hauptwohnsitzbevölkerung (bis 14 Jahre) (deutsch)",NA,NA,NA
"Überalterungsquotient","deutsch",2024,"16 Ramersdorf - Perlach",139.5,17886,12826,NA,NA,NA,"Hauptwohnsitzbevölkerung (65 Jahre und älter) (deutsch)","Hauptwohnsitzbevölkerung (bis 14 Jahre) (deutsch)",NA,NA,NA
"Überalterungsquotient","deutsch",2024,"17 Obergiesing - Fasangarten",125.8,6298,5008,NA,NA,NA,"Hauptwohnsitzbevölkerung (65 Jahre und älter) (deutsch)","Hauptwohnsitzbevölkerung (bis 14 Jahre) (deutsch)",NA,NA,NA
"Überalterungsquotient","deutsch",2024,"18 Untergiesing - Harlaching",160.3,8493,5299,NA,NA,NA,"Hauptwohnsitzbevölkerung (65 Jahre und älter) (deutsch)","Hauptwohnsitzbevölkerung (bis 14 Jahre) (deutsch)",NA,NA,NA
"Überalterungsquotient","deutsch",2024,"19 Thalkirchen - Obersendling - Forstenried - Fürstenried - Solln",158.9,16773,10553,NA,NA,NA,"Hauptwohnsitzbevölkerung (65 Jahre und älter) (deutsch)","Hauptwohnsitzbevölkerung (bis 14 Jahre) (deutsch)",NA,NA,NA
"Überalterungsquotient","deutsch",2024,"20 Hadern",174.3,9086,5212,NA,NA,NA,"Hauptwohnsitzbevölkerung (65 Jahre und älter) (deutsch)","Hauptwohnsitzbevölkerung (bis 14 Jahre) (deutsch)",NA,NA,NA
"Überalterungsquotient","deutsch",2024,"21 Pasing - Obermenzing",136,13000,9561,NA,NA,NA,"Hauptwohnsitzbevölkerung (65 Jahre und älter) (deutsch)","Hauptwohnsitzbevölkerung (bis 14 Jahre) (deutsch)",NA,NA,NA
"Überalterungsquotient","deutsch",2024,"22 Aubing - Lochhausen - Langwied",95.5,7963,8334,NA,NA,NA,"Hauptwohnsitzbevölkerung (65 Jahre und älter) (deutsch)","Hauptwohnsitzbevölkerung (bis 14 Jahre) (deutsch)",NA,NA,NA
"Überalterungsquotient","deutsch",2024,"23 Allach - Untermenzing",117.8,5469,4642,NA,NA,NA,"Hauptwohnsitzbevölkerung (65 Jahre und älter) (deutsch)","Hauptwohnsitzbevölkerung (bis 14 Jahre) (deutsch)",NA,NA,NA
"Überalterungsquotient","deutsch",2024,"24 Feldmoching - Hasenbergl",121.7,8873,7288,NA,NA,NA,"Hauptwohnsitzbevölkerung (65 Jahre und älter) (deutsch)","Hauptwohnsitzbevölkerung (bis 14 Jahre) (deutsch)",NA,NA,NA
"Überalterungsquotient","deutsch",2024,"25 Laim",174.5,8414,4821,NA,NA,NA,"Hauptwohnsitzbevölkerung (65 Jahre und älter) (deutsch)","Hauptwohnsitzbevölkerung (bis 14 Jahre) (deutsch)",NA,NA,NA
"Überalterungsquotient","deutsch",2023,"Stadt München",132.1,218721,165555,NA,NA,NA,"Hauptwohnsitzbevölkerung (65 Jahre und älter) (deutsch)","Hauptwohnsitzbevölkerung (bis 14 Jahre) (deutsch)",NA,NA,NA
"Überalterungsquotient","deutsch",2023,"01 Altstadt - Lehel",150.2,2727,1816,NA,NA,NA,"Hauptwohnsitzbevölkerung (65 Jahre und älter) (deutsch)","Hauptwohnsitzbevölkerung (bis 14 Jahre) (deutsch)",NA,NA,NA
"Überalterungsquotient","deutsch",2023,"02 Ludwigsvorstadt - Isarvorstadt",103.5,4376,4230,NA,NA,NA,"Hauptwohnsitzbevölkerung (65 Jahre und älter) (deutsch)","Hauptwohnsitzbevölkerung (bis 14 Jahre) (deutsch)",NA,NA,NA
"Überalterungsquotient","deutsch",2023,"03 Maxvorstadt",132,5008,3794,NA,NA,NA,"Hauptwohnsitzbevölkerung (65 Jahre und älter) (deutsch)","Hauptwohnsitzbevölkerung (bis 14 Jahre) (deutsch)",NA,NA,NA
"Überalterungsquotient","deutsch",2023,"04 Schwabing - West",155.4,9715,6251,NA,NA,NA,"Hauptwohnsitzbevölkerung (65 Jahre und älter) (deutsch)","Hauptwohnsitzbevölkerung (bis 14 Jahre) (deutsch)",NA,NA,NA
"Überalterungsquotient","deutsch",2023,"05 Au - Haidhausen",107,7193,6724,NA,NA,NA,"Hauptwohnsitzbevölkerung (65 Jahre und älter) (deutsch)","Hauptwohnsitzbevölkerung (bis 14 Jahre) (deutsch)",NA,NA,NA
"Überalterungsquotient","deutsch",2023,"06 Sendling",122.1,4594,3761,NA,NA,NA,"Hauptwohnsitzbevölkerung (65 Jahre und älter) (deutsch)","Hauptwohnsitzbevölkerung (bis 14 Jahre) (deutsch)",NA,NA,NA
"Überalterungsquotient","deutsch",2023,"07 Sendling - Westpark",137.1,8605,6276,NA,NA,NA,"Hauptwohnsitzbevölkerung (65 Jahre und älter) (deutsch)","Hauptwohnsitzbevölkerung (bis 14 Jahre) (deutsch)",NA,NA,NA
"Überalterungsquotient","deutsch",2023,"08 Schwanthalerhöhe",85.6,2301,2687,NA,NA,NA,"Hauptwohnsitzbevölkerung (65 Jahre und älter) (deutsch)","Hauptwohnsitzbevölkerung (bis 14 Jahre) (deutsch)",NA,NA,NA
"Überalterungsquotient","deutsch",2023,"09 Neuhausen - Nymphenburg",131.9,13866,10514,NA,NA,NA,"Hauptwohnsitzbevölkerung (65 Jahre und älter) (deutsch)","Hauptwohnsitzbevölkerung (bis 14 Jahre) (deutsch)",NA,NA,NA
"Überalterungsquotient","deutsch",2023,"10 Moosach",138.2,7888,5708,NA,NA,NA,"Hauptwohnsitzbevölkerung (65 Jahre und älter) (deutsch)","Hauptwohnsitzbevölkerung (bis 14 Jahre) (deutsch)",NA,NA,NA
"Überalterungsquotient","deutsch",2023,"11 Milbertshofen - Am Hart",111.5,8127,7292,NA,NA,NA,"Hauptwohnsitzbevölkerung (65 Jahre und älter) (deutsch)","Hauptwohnsitzbevölkerung (bis 14 Jahre) (deutsch)",NA,NA,NA
"Überalterungsquotient","deutsch",2023,"12 Schwabing - Freimann",132.1,10263,7768,NA,NA,NA,"Hauptwohnsitzbevölkerung (65 Jahre und älter) (deutsch)","Hauptwohnsitzbevölkerung (bis 14 Jahre) (deutsch)",NA,NA,NA
"Überalterungsquotient","deutsch",2023,"13 Bogenhausen",149.7,15436,10312,NA,NA,NA,"Hauptwohnsitzbevölkerung (65 Jahre und älter) (deutsch)","Hauptwohnsitzbevölkerung (bis 14 Jahre) (deutsch)",NA,NA,NA
"Überalterungsquotient","deutsch",2023,"14 Berg am Laim",121.5,6056,4984,NA,NA,NA,"Hauptwohnsitzbevölkerung (65 Jahre und älter) (deutsch)","Hauptwohnsitzbevölkerung (bis 14 Jahre) (deutsch)",NA,NA,NA
"Überalterungsquotient","deutsch",2023,"15 Trudering - Riem",103.8,10346,9972,NA,NA,NA,"Hauptwohnsitzbevölkerung (65 Jahre und älter) (deutsch)","Hauptwohnsitzbevölkerung (bis 14 Jahre) (deutsch)",NA,NA,NA
"Überalterungsquotient","deutsch",2023,"16 Ramersdorf - Perlach",137.6,17893,13008,NA,NA,NA,"Hauptwohnsitzbevölkerung (65 Jahre und älter) (deutsch)","Hauptwohnsitzbevölkerung (bis 14 Jahre) (deutsch)",NA,NA,NA
"Überalterungsquotient","deutsch",2023,"17 Obergiesing - Fasangarten",123.9,6278,5067,NA,NA,NA,"Hauptwohnsitzbevölkerung (65 Jahre und älter) (deutsch)","Hauptwohnsitzbevölkerung (bis 14 Jahre) (deutsch)",NA,NA,NA
"Überalterungsquotient","deutsch",2023,"18 Untergiesing - Harlaching",159,8461,5323,NA,NA,NA,"Hauptwohnsitzbevölkerung (65 Jahre und älter) (deutsch)","Hauptwohnsitzbevölkerung (bis 14 Jahre) (deutsch)",NA,NA,NA
"Überalterungsquotient","deutsch",2023,"19 Thalkirchen - Obersendling - Forstenried - Fürstenried - Solln",159.1,16823,10575,NA,NA,NA,"Hauptwohnsitzbevölkerung (65 Jahre und älter) (deutsch)","Hauptwohnsitzbevölkerung (bis 14 Jahre) (deutsch)",NA,NA,NA
"Überalterungsquotient","deutsch",2023,"20 Hadern",174.6,9122,5225,NA,NA,NA,"Hauptwohnsitzbevölkerung (65 Jahre und älter) (deutsch)","Hauptwohnsitzbevölkerung (bis 14 Jahre) (deutsch)",NA,NA,NA
"Überalterungsquotient","deutsch",2023,"21 Pasing - Obermenzing",134.2,12951,9649,NA,NA,NA,"Hauptwohnsitzbevölkerung (65 Jahre und älter) (deutsch)","Hauptwohnsitzbevölkerung (bis 14 Jahre) (deutsch)",NA,NA,NA
"Überalterungsquotient","deutsch",2023,"22 Aubing - Lochhausen - Langwied",102.6,7939,7737,NA,NA,NA,"Hauptwohnsitzbevölkerung (65 Jahre und älter) (deutsch)","Hauptwohnsitzbevölkerung (bis 14 Jahre) (deutsch)",NA,NA,NA
"Überalterungsquotient","deutsch",2023,"23 Allach - Untermenzing",116.6,5432,4659,NA,NA,NA,"Hauptwohnsitzbevölkerung (65 Jahre und älter) (deutsch)","Hauptwohnsitzbevölkerung (bis 14 Jahre) (deutsch)",NA,NA,NA
"Überalterungsquotient","deutsch",2023,"24 Feldmoching - Hasenbergl",121.5,8933,7355,NA,NA,NA,"Hauptwohnsitzbevölkerung (65 Jahre und älter) (deutsch)","Hauptwohnsitzbevölkerung (bis 14 Jahre) (deutsch)",NA,NA,NA
"Überalterungsquotient","deutsch",2023,"25 Laim",172.3,8388,4868,NA,NA,NA,"Hauptwohnsitzbevölkerung (65 Jahre und älter) (deutsch)","Hauptwohnsitzbevölkerung (bis 14 Jahre) (deutsch)",NA,NA,NA
"Überalterungsquotient","deutsch",2022,"Stadt München",130.8,218391,166907,NA,NA,NA,"Hauptwohnsitzbevölkerung (65 Jahre und älter) (deutsch)","Hauptwohnsitzbevölkerung (bis 14 Jahre) (deutsch)",NA,NA,NA
"Überalterungsquotient","deutsch",2022,"01 Altstadt - Lehel",150.1,2737,1824,NA,NA,NA,"Hauptwohnsitzbevölkerung (65 Jahre und älter) (deutsch)","Hauptwohnsitzbevölkerung (bis 14 Jahre) (deutsch)",NA,NA,NA
"Überalterungsquotient","deutsch",2022,"02 Ludwigsvorstadt - Isarvorstadt",100.2,4353,4344,NA,NA,NA,"Hauptwohnsitzbevölkerung (65 Jahre und älter) (deutsch)","Hauptwohnsitzbevölkerung (bis 14 Jahre) (deutsch)",NA,NA,NA
"Überalterungsquotient","deutsch",2022,"03 Maxvorstadt",131.3,5000,3807,NA,NA,NA,"Hauptwohnsitzbevölkerung (65 Jahre und älter) (deutsch)","Hauptwohnsitzbevölkerung (bis 14 Jahre) (deutsch)",NA,NA,NA
"Überalterungsquotient","deutsch",2022,"04 Schwabing - West",153.1,9745,6366,NA,NA,NA,"Hauptwohnsitzbevölkerung (65 Jahre und älter) (deutsch)","Hauptwohnsitzbevölkerung (bis 14 Jahre) (deutsch)",NA,NA,NA
"Überalterungsquotient","deutsch",2022,"05 Au - Haidhausen",105.4,7098,6736,NA,NA,NA,"Hauptwohnsitzbevölkerung (65 Jahre und älter) (deutsch)","Hauptwohnsitzbevölkerung (bis 14 Jahre) (deutsch)",NA,NA,NA
"Überalterungsquotient","deutsch",2022,"06 Sendling",118.3,4541,3837,NA,NA,NA,"Hauptwohnsitzbevölkerung (65 Jahre und älter) (deutsch)","Hauptwohnsitzbevölkerung (bis 14 Jahre) (deutsch)",NA,NA,NA
"Überalterungsquotient","deutsch",2022,"07 Sendling - Westpark",135.6,8565,6318,NA,NA,NA,"Hauptwohnsitzbevölkerung (65 Jahre und älter) (deutsch)","Hauptwohnsitzbevölkerung (bis 14 Jahre) (deutsch)",NA,NA,NA
"Überalterungsquotient","deutsch",2022,"08 Schwanthalerhöhe",80.5,2273,2823,NA,NA,NA,"Hauptwohnsitzbevölkerung (65 Jahre und älter) (deutsch)","Hauptwohnsitzbevölkerung (bis 14 Jahre) (deutsch)",NA,NA,NA
"Überalterungsquotient","deutsch",2022,"09 Neuhausen - Nymphenburg",128.4,13763,10715,NA,NA,NA,"Hauptwohnsitzbevölkerung (65 Jahre und älter) (deutsch)","Hauptwohnsitzbevölkerung (bis 14 Jahre) (deutsch)",NA,NA,NA
"Überalterungsquotient","deutsch",2022,"10 Moosach",137.7,7887,5726,NA,NA,NA,"Hauptwohnsitzbevölkerung (65 Jahre und älter) (deutsch)","Hauptwohnsitzbevölkerung (bis 14 Jahre) (deutsch)",NA,NA,NA
"Überalterungsquotient","deutsch",2022,"11 Milbertshofen - Am Hart",111.6,8174,7327,NA,NA,NA,"Hauptwohnsitzbevölkerung (65 Jahre und älter) (deutsch)","Hauptwohnsitzbevölkerung (bis 14 Jahre) (deutsch)",NA,NA,NA
"Überalterungsquotient","deutsch",2022,"12 Schwabing - Freimann",128.5,10174,7920,NA,NA,NA,"Hauptwohnsitzbevölkerung (65 Jahre und älter) (deutsch)","Hauptwohnsitzbevölkerung (bis 14 Jahre) (deutsch)",NA,NA,NA
"Überalterungsquotient","deutsch",2022,"13 Bogenhausen",147.6,15539,10530,NA,NA,NA,"Hauptwohnsitzbevölkerung (65 Jahre und älter) (deutsch)","Hauptwohnsitzbevölkerung (bis 14 Jahre) (deutsch)",NA,NA,NA
"Überalterungsquotient","deutsch",2022,"14 Berg am Laim",118.7,6027,5078,NA,NA,NA,"Hauptwohnsitzbevölkerung (65 Jahre und älter) (deutsch)","Hauptwohnsitzbevölkerung (bis 14 Jahre) (deutsch)",NA,NA,NA
"Überalterungsquotient","deutsch",2022,"15 Trudering - Riem",100.1,10242,10233,NA,NA,NA,"Hauptwohnsitzbevölkerung (65 Jahre und älter) (deutsch)","Hauptwohnsitzbevölkerung (bis 14 Jahre) (deutsch)",NA,NA,NA
"Überalterungsquotient","deutsch",2022,"16 Ramersdorf - Perlach",137.8,17916,13002,NA,NA,NA,"Hauptwohnsitzbevölkerung (65 Jahre und älter) (deutsch)","Hauptwohnsitzbevölkerung (bis 14 Jahre) (deutsch)",NA,NA,NA
"Überalterungsquotient","deutsch",2022,"17 Obergiesing - Fasangarten",120,6201,5166,NA,NA,NA,"Hauptwohnsitzbevölkerung (65 Jahre und älter) (deutsch)","Hauptwohnsitzbevölkerung (bis 14 Jahre) (deutsch)",NA,NA,NA
"Überalterungsquotient","deutsch",2022,"18 Untergiesing - Harlaching",158.6,8465,5337,NA,NA,NA,"Hauptwohnsitzbevölkerung (65 Jahre und älter) (deutsch)","Hauptwohnsitzbevölkerung (bis 14 Jahre) (deutsch)",NA,NA,NA
"Überalterungsquotient","deutsch",2022,"19 Thalkirchen - Obersendling - Forstenried - Fürstenried - Solln",160.2,16935,10570,NA,NA,NA,"Hauptwohnsitzbevölkerung (65 Jahre und älter) (deutsch)","Hauptwohnsitzbevölkerung (bis 14 Jahre) (deutsch)",NA,NA,NA
"Überalterungsquotient","deutsch",2022,"20 Hadern",172.6,9114,5281,NA,NA,NA,"Hauptwohnsitzbevölkerung (65 Jahre und älter) (deutsch)","Hauptwohnsitzbevölkerung (bis 14 Jahre) (deutsch)",NA,NA,NA
"Überalterungsquotient","deutsch",2022,"21 Pasing - Obermenzing",134.5,12941,9623,NA,NA,NA,"Hauptwohnsitzbevölkerung (65 Jahre und älter) (deutsch)","Hauptwohnsitzbevölkerung (bis 14 Jahre) (deutsch)",NA,NA,NA
"Überalterungsquotient","deutsch",2022,"22 Aubing - Lochhausen - Langwied",109.8,7926,7216,NA,NA,NA,"Hauptwohnsitzbevölkerung (65 Jahre und älter) (deutsch)","Hauptwohnsitzbevölkerung (bis 14 Jahre) (deutsch)",NA,NA,NA
"Überalterungsquotient","deutsch",2022,"23 Allach - Untermenzing",116.5,5437,4665,NA,NA,NA,"Hauptwohnsitzbevölkerung (65 Jahre und älter) (deutsch)","Hauptwohnsitzbevölkerung (bis 14 Jahre) (deutsch)",NA,NA,NA
"Überalterungsquotient","deutsch",2022,"24 Feldmoching - Hasenbergl",119.5,8917,7463,NA,NA,NA,"Hauptwohnsitzbevölkerung (65 Jahre und älter) (deutsch)","Hauptwohnsitzbevölkerung (bis 14 Jahre) (deutsch)",NA,NA,NA
"Überalterungsquotient","deutsch",2022,"25 Laim",168.4,8421,5000,NA,NA,NA,"Hauptwohnsitzbevölkerung (65 Jahre und älter) (deutsch)","Hauptwohnsitzbevölkerung (bis 14 Jahre) (deutsch)",NA,NA,NA
"Überalterungsquotient","deutsch",2021,"Stadt München",130.1,218769,168179,NA,NA,NA,"Hauptwohnsitzbevölkerung (65 Jahre und älter) (deutsch)","Hauptwohnsitzbevölkerung (bis 14 Jahre) (deutsch)",NA,NA,NA
"Überalterungsquotient","deutsch",2021,"01 Altstadt - Lehel",147.8,2739,1853,NA,NA,NA,"Hauptwohnsitzbevölkerung (65 Jahre und älter) (deutsch)","Hauptwohnsitzbevölkerung (bis 14 Jahre) (deutsch)",NA,NA,NA
"Überalterungsquotient","deutsch",2021,"02 Ludwigsvorstadt - Isarvorstadt",97.1,4300,4428,NA,NA,NA,"Hauptwohnsitzbevölkerung (65 Jahre und älter) (deutsch)","Hauptwohnsitzbevölkerung (bis 14 Jahre) (deutsch)",NA,NA,NA
"Überalterungsquotient","deutsch",2021,"03 Maxvorstadt",129.4,4995,3861,NA,NA,NA,"Hauptwohnsitzbevölkerung (65 Jahre und älter) (deutsch)","Hauptwohnsitzbevölkerung (bis 14 Jahre) (deutsch)",NA,NA,NA
"Überalterungsquotient","deutsch",2021,"04 Schwabing - West",148.7,9775,6573,NA,NA,NA,"Hauptwohnsitzbevölkerung (65 Jahre und älter) (deutsch)","Hauptwohnsitzbevölkerung (bis 14 Jahre) (deutsch)",NA,NA,NA
"Überalterungsquotient","deutsch",2021,"05 Au - Haidhausen",103.1,6984,6773,NA,NA,NA,"Hauptwohnsitzbevölkerung (65 Jahre und älter) (deutsch)","Hauptwohnsitzbevölkerung (bis 14 Jahre) (deutsch)",NA,NA,NA
"Überalterungsquotient","deutsch",2021,"06 Sendling",116.9,4548,3890,NA,NA,NA,"Hauptwohnsitzbevölkerung (65 Jahre und älter) (deutsch)","Hauptwohnsitzbevölkerung (bis 14 Jahre) (deutsch)",NA,NA,NA
"Überalterungsquotient","deutsch",2021,"07 Sendling - Westpark",135.8,8616,6345,NA,NA,NA,"Hauptwohnsitzbevölkerung (65 Jahre und älter) (deutsch)","Hauptwohnsitzbevölkerung (bis 14 Jahre) (deutsch)",NA,NA,NA
"Überalterungsquotient","deutsch",2021,"08 Schwanthalerhöhe",75.1,2242,2986,NA,NA,NA,"Hauptwohnsitzbevölkerung (65 Jahre und älter) (deutsch)","Hauptwohnsitzbevölkerung (bis 14 Jahre) (deutsch)",NA,NA,NA
"Überalterungsquotient","deutsch",2021,"09 Neuhausen - Nymphenburg",126.8,13764,10856,NA,NA,NA,"Hauptwohnsitzbevölkerung (65 Jahre und älter) (deutsch)","Hauptwohnsitzbevölkerung (bis 14 Jahre) (deutsch)",NA,NA,NA
"Überalterungsquotient","deutsch",2021,"10 Moosach",138.8,7896,5690,NA,NA,NA,"Hauptwohnsitzbevölkerung (65 Jahre und älter) (deutsch)","Hauptwohnsitzbevölkerung (bis 14 Jahre) (deutsch)",NA,NA,NA
"Überalterungsquotient","deutsch",2021,"11 Milbertshofen - Am Hart",111.7,8212,7353,NA,NA,NA,"Hauptwohnsitzbevölkerung (65 Jahre und älter) (deutsch)","Hauptwohnsitzbevölkerung (bis 14 Jahre) (deutsch)",NA,NA,NA
"Überalterungsquotient","deutsch",2021,"12 Schwabing - Freimann",125.1,10132,8100,NA,NA,NA,"Hauptwohnsitzbevölkerung (65 Jahre und älter) (deutsch)","Hauptwohnsitzbevölkerung (bis 14 Jahre) (deutsch)",NA,NA,NA
"Überalterungsquotient","deutsch",2021,"13 Bogenhausen",146.9,15611,10627,NA,NA,NA,"Hauptwohnsitzbevölkerung (65 Jahre und älter) (deutsch)","Hauptwohnsitzbevölkerung (bis 14 Jahre) (deutsch)",NA,NA,NA
"Überalterungsquotient","deutsch",2021,"14 Berg am Laim",117.4,6077,5175,NA,NA,NA,"Hauptwohnsitzbevölkerung (65 Jahre und älter) (deutsch)","Hauptwohnsitzbevölkerung (bis 14 Jahre) (deutsch)",NA,NA,NA
"Überalterungsquotient","deutsch",2021,"15 Trudering - Riem",96.5,10115,10480,NA,NA,NA,"Hauptwohnsitzbevölkerung (65 Jahre und älter) (deutsch)","Hauptwohnsitzbevölkerung (bis 14 Jahre) (deutsch)",NA,NA,NA
"Überalterungsquotient","deutsch",2021,"16 Ramersdorf - Perlach",138.4,18021,13022,NA,NA,NA,"Hauptwohnsitzbevölkerung (65 Jahre und älter) (deutsch)","Hauptwohnsitzbevölkerung (bis 14 Jahre) (deutsch)",NA,NA,NA
"Überalterungsquotient","deutsch",2021,"17 Obergiesing - Fasangarten",116.5,6219,5338,NA,NA,NA,"Hauptwohnsitzbevölkerung (65 Jahre und älter) (deutsch)","Hauptwohnsitzbevölkerung (bis 14 Jahre) (deutsch)",NA,NA,NA
"Überalterungsquotient","deutsch",2021,"18 Untergiesing - Harlaching",159.5,8467,5307,NA,NA,NA,"Hauptwohnsitzbevölkerung (65 Jahre und älter) (deutsch)","Hauptwohnsitzbevölkerung (bis 14 Jahre) (deutsch)",NA,NA,NA
"Überalterungsquotient","deutsch",2021,"19 Thalkirchen - Obersendling - Forstenried - Fürstenried - Solln",160.9,17044,10591,NA,NA,NA,"Hauptwohnsitzbevölkerung (65 Jahre und älter) (deutsch)","Hauptwohnsitzbevölkerung (bis 14 Jahre) (deutsch)",NA,NA,NA
"Überalterungsquotient","deutsch",2021,"20 Hadern",177.1,9247,5222,NA,NA,NA,"Hauptwohnsitzbevölkerung (65 Jahre und älter) (deutsch)","Hauptwohnsitzbevölkerung (bis 14 Jahre) (deutsch)",NA,NA,NA
"Überalterungsquotient","deutsch",2021,"21 Pasing - Obermenzing",133.3,12847,9639,NA,NA,NA,"Hauptwohnsitzbevölkerung (65 Jahre und älter) (deutsch)","Hauptwohnsitzbevölkerung (bis 14 Jahre) (deutsch)",NA,NA,NA
"Überalterungsquotient","deutsch",2021,"22 Aubing - Lochhausen - Langwied",116.2,7974,6862,NA,NA,NA,"Hauptwohnsitzbevölkerung (65 Jahre und älter) (deutsch)","Hauptwohnsitzbevölkerung (bis 14 Jahre) (deutsch)",NA,NA,NA
"Überalterungsquotient","deutsch",2021,"23 Allach - Untermenzing",118.1,5436,4602,NA,NA,NA,"Hauptwohnsitzbevölkerung (65 Jahre und älter) (deutsch)","Hauptwohnsitzbevölkerung (bis 14 Jahre) (deutsch)",NA,NA,NA
"Überalterungsquotient","deutsch",2021,"24 Feldmoching - Hasenbergl",118.3,8982,7595,NA,NA,NA,"Hauptwohnsitzbevölkerung (65 Jahre und älter) (deutsch)","Hauptwohnsitzbevölkerung (bis 14 Jahre) (deutsch)",NA,NA,NA
"Überalterungsquotient","deutsch",2021,"25 Laim",170.1,8526,5011,NA,NA,NA,"Hauptwohnsitzbevölkerung (65 Jahre und älter) (deutsch)","Hauptwohnsitzbevölkerung (bis 14 Jahre) (deutsch)",NA,NA,NA
"Überalterungsquotient","deutsch",2020,"Stadt München",131.3,220036,167562,NA,NA,NA,"Hauptwohnsitzbevölkerung (65 Jahre und älter) (deutsch)","Hauptwohnsitzbevölkerung (bis 14 Jahre) (deutsch)",NA,NA,NA
"Überalterungsquotient","deutsch",2020,"01 Altstadt - Lehel",147.5,2765,1874,NA,NA,NA,"Hauptwohnsitzbevölkerung (65 Jahre und älter) (deutsch)","Hauptwohnsitzbevölkerung (bis 14 Jahre) (deutsch)",NA,NA,NA
"Überalterungsquotient","deutsch",2020,"02 Ludwigsvorstadt - Isarvorstadt",95.1,4270,4492,NA,NA,NA,"Hauptwohnsitzbevölkerung (65 Jahre und älter) (deutsch)","Hauptwohnsitzbevölkerung (bis 14 Jahre) (deutsch)",NA,NA,NA
"Überalterungsquotient","deutsch",2020,"03 Maxvorstadt",130.6,5058,3874,NA,NA,NA,"Hauptwohnsitzbevölkerung (65 Jahre und älter) (deutsch)","Hauptwohnsitzbevölkerung (bis 14 Jahre) (deutsch)",NA,NA,NA
"Überalterungsquotient","deutsch",2020,"04 Schwabing - West",147.7,9845,6665,NA,NA,NA,"Hauptwohnsitzbevölkerung (65 Jahre und älter) (deutsch)","Hauptwohnsitzbevölkerung (bis 14 Jahre) (deutsch)",NA,NA,NA
"Überalterungsquotient","deutsch",2020,"05 Au - Haidhausen",103,6981,6775,NA,NA,NA,"Hauptwohnsitzbevölkerung (65 Jahre und älter) (deutsch)","Hauptwohnsitzbevölkerung (bis 14 Jahre) (deutsch)",NA,NA,NA
"Überalterungsquotient","deutsch",2020,"06 Sendling",116.8,4556,3902,NA,NA,NA,"Hauptwohnsitzbevölkerung (65 Jahre und älter) (deutsch)","Hauptwohnsitzbevölkerung (bis 14 Jahre) (deutsch)",NA,NA,NA
"Überalterungsquotient","deutsch",2020,"07 Sendling - Westpark",138.4,8683,6276,NA,NA,NA,"Hauptwohnsitzbevölkerung (65 Jahre und älter) (deutsch)","Hauptwohnsitzbevölkerung (bis 14 Jahre) (deutsch)",NA,NA,NA
"Überalterungsquotient","deutsch",2020,"08 Schwanthalerhöhe",73.4,2224,3028,NA,NA,NA,"Hauptwohnsitzbevölkerung (65 Jahre und älter) (deutsch)","Hauptwohnsitzbevölkerung (bis 14 Jahre) (deutsch)",NA,NA,NA
"Überalterungsquotient","deutsch",2020,"09 Neuhausen - Nymphenburg",126.5,13809,10918,NA,NA,NA,"Hauptwohnsitzbevölkerung (65 Jahre und älter) (deutsch)","Hauptwohnsitzbevölkerung (bis 14 Jahre) (deutsch)",NA,NA,NA
"Überalterungsquotient","deutsch",2020,"10 Moosach",137.9,7886,5717,NA,NA,NA,"Hauptwohnsitzbevölkerung (65 Jahre und älter) (deutsch)","Hauptwohnsitzbevölkerung (bis 14 Jahre) (deutsch)",NA,NA,NA
"Überalterungsquotient","deutsch",2020,"11 Milbertshofen - Am Hart",112.5,8345,7415,NA,NA,NA,"Hauptwohnsitzbevölkerung (65 Jahre und älter) (deutsch)","Hauptwohnsitzbevölkerung (bis 14 Jahre) (deutsch)",NA,NA,NA
"Überalterungsquotient","deutsch",2020,"12 Schwabing - Freimann",124.7,10152,8139,NA,NA,NA,"Hauptwohnsitzbevölkerung (65 Jahre und älter) (deutsch)","Hauptwohnsitzbevölkerung (bis 14 Jahre) (deutsch)",NA,NA,NA
"Überalterungsquotient","deutsch",2020,"13 Bogenhausen",149.9,15708,10477,NA,NA,NA,"Hauptwohnsitzbevölkerung (65 Jahre und älter) (deutsch)","Hauptwohnsitzbevölkerung (bis 14 Jahre) (deutsch)",NA,NA,NA
"Überalterungsquotient","deutsch",2020,"14 Berg am Laim",118.3,6142,5192,NA,NA,NA,"Hauptwohnsitzbevölkerung (65 Jahre und älter) (deutsch)","Hauptwohnsitzbevölkerung (bis 14 Jahre) (deutsch)",NA,NA,NA
"Überalterungsquotient","deutsch",2020,"15 Trudering - Riem",95.6,10107,10576,NA,NA,NA,"Hauptwohnsitzbevölkerung (65 Jahre und älter) (deutsch)","Hauptwohnsitzbevölkerung (bis 14 Jahre) (deutsch)",NA,NA,NA
"Überalterungsquotient","deutsch",2020,"16 Ramersdorf - Perlach",138.7,18145,13085,NA,NA,NA,"Hauptwohnsitzbevölkerung (65 Jahre und älter) (deutsch)","Hauptwohnsitzbevölkerung (bis 14 Jahre) (deutsch)",NA,NA,NA
"Überalterungsquotient","deutsch",2020,"17 Obergiesing - Fasangarten",115.4,6222,5392,NA,NA,NA,"Hauptwohnsitzbevölkerung (65 Jahre und älter) (deutsch)","Hauptwohnsitzbevölkerung (bis 14 Jahre) (deutsch)",NA,NA,NA
"Überalterungsquotient","deutsch",2020,"18 Untergiesing - Harlaching",163.3,8540,5231,NA,NA,NA,"Hauptwohnsitzbevölkerung (65 Jahre und älter) (deutsch)","Hauptwohnsitzbevölkerung (bis 14 Jahre) (deutsch)",NA,NA,NA
"Überalterungsquotient","deutsch",2020,"19 Thalkirchen - Obersendling - Forstenried - Fürstenried - Solln",164.7,17185,10432,NA,NA,NA,"Hauptwohnsitzbevölkerung (65 Jahre und älter) (deutsch)","Hauptwohnsitzbevölkerung (bis 14 Jahre) (deutsch)",NA,NA,NA
"Überalterungsquotient","deutsch",2020,"20 Hadern",181,9381,5183,NA,NA,NA,"Hauptwohnsitzbevölkerung (65 Jahre und älter) (deutsch)","Hauptwohnsitzbevölkerung (bis 14 Jahre) (deutsch)",NA,NA,NA
"Überalterungsquotient","deutsch",2020,"21 Pasing - Obermenzing",135.7,12763,9406,NA,NA,NA,"Hauptwohnsitzbevölkerung (65 Jahre und älter) (deutsch)","Hauptwohnsitzbevölkerung (bis 14 Jahre) (deutsch)",NA,NA,NA
"Überalterungsquotient","deutsch",2020,"22 Aubing - Lochhausen - Langwied",123.3,7993,6482,NA,NA,NA,"Hauptwohnsitzbevölkerung (65 Jahre und älter) (deutsch)","Hauptwohnsitzbevölkerung (bis 14 Jahre) (deutsch)",NA,NA,NA
"Überalterungsquotient","deutsch",2020,"23 Allach - Untermenzing",123.2,5413,4394,NA,NA,NA,"Hauptwohnsitzbevölkerung (65 Jahre und älter) (deutsch)","Hauptwohnsitzbevölkerung (bis 14 Jahre) (deutsch)",NA,NA,NA
"Überalterungsquotient","deutsch",2020,"24 Feldmoching - Hasenbergl",120.7,9111,7549,NA,NA,NA,"Hauptwohnsitzbevölkerung (65 Jahre und älter) (deutsch)","Hauptwohnsitzbevölkerung (bis 14 Jahre) (deutsch)",NA,NA,NA
"Überalterungsquotient","deutsch",2020,"25 Laim",172,8752,5088,NA,NA,NA,"Hauptwohnsitzbevölkerung (65 Jahre und älter) (deutsch)","Hauptwohnsitzbevölkerung (bis 14 Jahre) (deutsch)",NA,NA,NA
"Überalterungsquotient","deutsch",2019,"Stadt München",132.4,220496,166573,NA,NA,NA,"Hauptwohnsitzbevölkerung (65 Jahre und älter) (deutsch)","Hauptwohnsitzbevölkerung (bis 14 Jahre) (deutsch)",NA,NA,NA
"Überalterungsquotient","deutsch",2019,"01 Altstadt - Lehel",149.8,2790,1863,NA,NA,NA,"Hauptwohnsitzbevölkerung (65 Jahre und älter) (deutsch)","Hauptwohnsitzbevölkerung (bis 14 Jahre) (deutsch)",NA,NA,NA
"Überalterungsquotient","deutsch",2019,"02 Ludwigsvorstadt - Isarvorstadt",93.2,4260,4569,NA,NA,NA,"Hauptwohnsitzbevölkerung (65 Jahre und älter) (deutsch)","Hauptwohnsitzbevölkerung (bis 14 Jahre) (deutsch)",NA,NA,NA
"Überalterungsquotient","deutsch",2019,"03 Maxvorstadt",129.4,5035,3892,NA,NA,NA,"Hauptwohnsitzbevölkerung (65 Jahre und älter) (deutsch)","Hauptwohnsitzbevölkerung (bis 14 Jahre) (deutsch)",NA,NA,NA
"Überalterungsquotient","deutsch",2019,"04 Schwabing - West",145.1,9788,6747,NA,NA,NA,"Hauptwohnsitzbevölkerung (65 Jahre und älter) (deutsch)","Hauptwohnsitzbevölkerung (bis 14 Jahre) (deutsch)",NA,NA,NA
"Überalterungsquotient","deutsch",2019,"05 Au - Haidhausen",103.5,6931,6696,NA,NA,NA,"Hauptwohnsitzbevölkerung (65 Jahre und älter) (deutsch)","Hauptwohnsitzbevölkerung (bis 14 Jahre) (deutsch)",NA,NA,NA
"Überalterungsquotient","deutsch",2019,"06 Sendling",114.5,4510,3940,NA,NA,NA,"Hauptwohnsitzbevölkerung (65 Jahre und älter) (deutsch)","Hauptwohnsitzbevölkerung (bis 14 Jahre) (deutsch)",NA,NA,NA
"Überalterungsquotient","deutsch",2019,"07 Sendling - Westpark",141.9,8782,6188,NA,NA,NA,"Hauptwohnsitzbevölkerung (65 Jahre und älter) (deutsch)","Hauptwohnsitzbevölkerung (bis 14 Jahre) (deutsch)",NA,NA,NA
"Überalterungsquotient","deutsch",2019,"08 Schwanthalerhöhe",70.9,2214,3124,NA,NA,NA,"Hauptwohnsitzbevölkerung (65 Jahre und älter) (deutsch)","Hauptwohnsitzbevölkerung (bis 14 Jahre) (deutsch)",NA,NA,NA
"Überalterungsquotient","deutsch",2019,"09 Neuhausen - Nymphenburg",126.8,13789,10876,NA,NA,NA,"Hauptwohnsitzbevölkerung (65 Jahre und älter) (deutsch)","Hauptwohnsitzbevölkerung (bis 14 Jahre) (deutsch)",NA,NA,NA
"Überalterungsquotient","deutsch",2019,"10 Moosach",137.9,7896,5725,NA,NA,NA,"Hauptwohnsitzbevölkerung (65 Jahre und älter) (deutsch)","Hauptwohnsitzbevölkerung (bis 14 Jahre) (deutsch)",NA,NA,NA
"Überalterungsquotient","deutsch",2019,"11 Milbertshofen - Am Hart",114.6,8450,7372,NA,NA,NA,"Hauptwohnsitzbevölkerung (65 Jahre und älter) (deutsch)","Hauptwohnsitzbevölkerung (bis 14 Jahre) (deutsch)",NA,NA,NA
"Überalterungsquotient","deutsch",2019,"12 Schwabing - Freimann",123.5,10095,8174,NA,NA,NA,"Hauptwohnsitzbevölkerung (65 Jahre und älter) (deutsch)","Hauptwohnsitzbevölkerung (bis 14 Jahre) (deutsch)",NA,NA,NA
"Überalterungsquotient","deutsch",2019,"13 Bogenhausen",155.6,15664,10069,NA,NA,NA,"Hauptwohnsitzbevölkerung (65 Jahre und älter) (deutsch)","Hauptwohnsitzbevölkerung (bis 14 Jahre) (deutsch)",NA,NA,NA
"Überalterungsquotient","deutsch",2019,"14 Berg am Laim",121,6176,5105,NA,NA,NA,"Hauptwohnsitzbevölkerung (65 Jahre und älter) (deutsch)","Hauptwohnsitzbevölkerung (bis 14 Jahre) (deutsch)",NA,NA,NA
"Überalterungsquotient","deutsch",2019,"15 Trudering - Riem",93.8,9993,10657,NA,NA,NA,"Hauptwohnsitzbevölkerung (65 Jahre und älter) (deutsch)","Hauptwohnsitzbevölkerung (bis 14 Jahre) (deutsch)",NA,NA,NA
"Überalterungsquotient","deutsch",2019,"16 Ramersdorf - Perlach",140.4,18207,12964,NA,NA,NA,"Hauptwohnsitzbevölkerung (65 Jahre und älter) (deutsch)","Hauptwohnsitzbevölkerung (bis 14 Jahre) (deutsch)",NA,NA,NA
"Überalterungsquotient","deutsch",2019,"17 Obergiesing - Fasangarten",115.8,6276,5422,NA,NA,NA,"Hauptwohnsitzbevölkerung (65 Jahre und älter) (deutsch)","Hauptwohnsitzbevölkerung (bis 14 Jahre) (deutsch)",NA,NA,NA
"Überalterungsquotient","deutsch",2019,"18 Untergiesing - Harlaching",162.4,8611,5302,NA,NA,NA,"Hauptwohnsitzbevölkerung (65 Jahre und älter) (deutsch)","Hauptwohnsitzbevölkerung (bis 14 Jahre) (deutsch)",NA,NA,NA
"Überalterungsquotient","deutsch",2019,"19 Thalkirchen - Obersendling - Forstenried - Fürstenried - Solln",169.2,17390,10275,NA,NA,NA,"Hauptwohnsitzbevölkerung (65 Jahre und älter) (deutsch)","Hauptwohnsitzbevölkerung (bis 14 Jahre) (deutsch)",NA,NA,NA
"Überalterungsquotient","deutsch",2019,"20 Hadern",180.2,9462,5251,NA,NA,NA,"Hauptwohnsitzbevölkerung (65 Jahre und älter) (deutsch)","Hauptwohnsitzbevölkerung (bis 14 Jahre) (deutsch)",NA,NA,NA
"Überalterungsquotient","deutsch",2019,"21 Pasing - Obermenzing",137,12733,9296,NA,NA,NA,"Hauptwohnsitzbevölkerung (65 Jahre und älter) (deutsch)","Hauptwohnsitzbevölkerung (bis 14 Jahre) (deutsch)",NA,NA,NA
"Überalterungsquotient","deutsch",2019,"22 Aubing - Lochhausen - Langwied",129.9,8025,6178,NA,NA,NA,"Hauptwohnsitzbevölkerung (65 Jahre und älter) (deutsch)","Hauptwohnsitzbevölkerung (bis 14 Jahre) (deutsch)",NA,NA,NA
"Überalterungsquotient","deutsch",2019,"23 Allach - Untermenzing",126.8,5462,4309,NA,NA,NA,"Hauptwohnsitzbevölkerung (65 Jahre und älter) (deutsch)","Hauptwohnsitzbevölkerung (bis 14 Jahre) (deutsch)",NA,NA,NA
"Überalterungsquotient","deutsch",2019,"24 Feldmoching - Hasenbergl",121.3,9136,7533,NA,NA,NA,"Hauptwohnsitzbevölkerung (65 Jahre und älter) (deutsch)","Hauptwohnsitzbevölkerung (bis 14 Jahre) (deutsch)",NA,NA,NA
"Überalterungsquotient","deutsch",2019,"25 Laim",174.8,8821,5046,NA,NA,NA,"Hauptwohnsitzbevölkerung (65 Jahre und älter) (deutsch)","Hauptwohnsitzbevölkerung (bis 14 Jahre) (deutsch)",NA,NA,NA
"Überalterungsquotient","deutsch",2018,"Stadt München",133.7,220486,164958,NA,NA,NA,"Hauptwohnsitzbevölkerung (65 Jahre und älter) (deutsch)","Hauptwohnsitzbevölkerung (bis 14 Jahre) (deutsch)",NA,NA,NA
"Überalterungsquotient","deutsch",2018,"01 Altstadt - Lehel",153.1,2795,1826,NA,NA,NA,"Hauptwohnsitzbevölkerung (65 Jahre und älter) (deutsch)","Hauptwohnsitzbevölkerung (bis 14 Jahre) (deutsch)",NA,NA,NA
"Überalterungsquotient","deutsch",2018,"02 Ludwigsvorstadt - Isarvorstadt",92.8,4230,4557,NA,NA,NA,"Hauptwohnsitzbevölkerung (65 Jahre und älter) (deutsch)","Hauptwohnsitzbevölkerung (bis 14 Jahre) (deutsch)",NA,NA,NA
"Überalterungsquotient","deutsch",2018,"03 Maxvorstadt",128.6,5015,3899,NA,NA,NA,"Hauptwohnsitzbevölkerung (65 Jahre und älter) (deutsch)","Hauptwohnsitzbevölkerung (bis 14 Jahre) (deutsch)",NA,NA,NA
"Überalterungsquotient","deutsch",2018,"04 Schwabing - West",146,9799,6713,NA,NA,NA,"Hauptwohnsitzbevölkerung (65 Jahre und älter) (deutsch)","Hauptwohnsitzbevölkerung (bis 14 Jahre) (deutsch)",NA,NA,NA
"Überalterungsquotient","deutsch",2018,"05 Au - Haidhausen",100.2,6801,6789,NA,NA,NA,"Hauptwohnsitzbevölkerung (65 Jahre und älter) (deutsch)","Hauptwohnsitzbevölkerung (bis 14 Jahre) (deutsch)",NA,NA,NA
"Überalterungsquotient","deutsch",2018,"06 Sendling",116,4503,3883,NA,NA,NA,"Hauptwohnsitzbevölkerung (65 Jahre und älter) (deutsch)","Hauptwohnsitzbevölkerung (bis 14 Jahre) (deutsch)",NA,NA,NA
"Überalterungsquotient","deutsch",2018,"07 Sendling - Westpark",143.3,8798,6138,NA,NA,NA,"Hauptwohnsitzbevölkerung (65 Jahre und älter) (deutsch)","Hauptwohnsitzbevölkerung (bis 14 Jahre) (deutsch)",NA,NA,NA
"Überalterungsquotient","deutsch",2018,"08 Schwanthalerhöhe",71.8,2235,3114,NA,NA,NA,"Hauptwohnsitzbevölkerung (65 Jahre und älter) (deutsch)","Hauptwohnsitzbevölkerung (bis 14 Jahre) (deutsch)",NA,NA,NA
"Überalterungsquotient","deutsch",2018,"09 Neuhausen - Nymphenburg",128.1,13748,10736,NA,NA,NA,"Hauptwohnsitzbevölkerung (65 Jahre und älter) (deutsch)","Hauptwohnsitzbevölkerung (bis 14 Jahre) (deutsch)",NA,NA,NA
"Überalterungsquotient","deutsch",2018,"10 Moosach",141.3,7978,5645,NA,NA,NA,"Hauptwohnsitzbevölkerung (65 Jahre und älter) (deutsch)","Hauptwohnsitzbevölkerung (bis 14 Jahre) (deutsch)",NA,NA,NA
"Überalterungsquotient","deutsch",2018,"11 Milbertshofen - Am Hart",116.6,8449,7246,NA,NA,NA,"Hauptwohnsitzbevölkerung (65 Jahre und älter) (deutsch)","Hauptwohnsitzbevölkerung (bis 14 Jahre) (deutsch)",NA,NA,NA
"Überalterungsquotient","deutsch",2018,"12 Schwabing - Freimann",122.5,9967,8135,NA,NA,NA,"Hauptwohnsitzbevölkerung (65 Jahre und älter) (deutsch)","Hauptwohnsitzbevölkerung (bis 14 Jahre) (deutsch)",NA,NA,NA
"Überalterungsquotient","deutsch",2018,"13 Bogenhausen",162.9,15619,9586,NA,NA,NA,"Hauptwohnsitzbevölkerung (65 Jahre und älter) (deutsch)","Hauptwohnsitzbevölkerung (bis 14 Jahre) (deutsch)",NA,NA,NA
"Überalterungsquotient","deutsch",2018,"14 Berg am Laim",123.3,6255,5071,NA,NA,NA,"Hauptwohnsitzbevölkerung (65 Jahre und älter) (deutsch)","Hauptwohnsitzbevölkerung (bis 14 Jahre) (deutsch)",NA,NA,NA
"Überalterungsquotient","deutsch",2018,"15 Trudering - Riem",91.8,9916,10802,NA,NA,NA,"Hauptwohnsitzbevölkerung (65 Jahre und älter) (deutsch)","Hauptwohnsitzbevölkerung (bis 14 Jahre) (deutsch)",NA,NA,NA
"Überalterungsquotient","deutsch",2018,"16 Ramersdorf - Perlach",142.2,18239,12825,NA,NA,NA,"Hauptwohnsitzbevölkerung (65 Jahre und älter) (deutsch)","Hauptwohnsitzbevölkerung (bis 14 Jahre) (deutsch)",NA,NA,NA
"Überalterungsquotient","deutsch",2018,"17 Obergiesing - Fasangarten",117.1,6329,5404,NA,NA,NA,"Hauptwohnsitzbevölkerung (65 Jahre und älter) (deutsch)","Hauptwohnsitzbevölkerung (bis 14 Jahre) (deutsch)",NA,NA,NA
"Überalterungsquotient","deutsch",2018,"18 Untergiesing - Harlaching",162.4,8665,5337,NA,NA,NA,"Hauptwohnsitzbevölkerung (65 Jahre und älter) (deutsch)","Hauptwohnsitzbevölkerung (bis 14 Jahre) (deutsch)",NA,NA,NA
"Überalterungsquotient","deutsch",2018,"19 Thalkirchen - Obersendling - Forstenried - Fürstenried - Solln",173.5,17505,10089,NA,NA,NA,"Hauptwohnsitzbevölkerung (65 Jahre und älter) (deutsch)","Hauptwohnsitzbevölkerung (bis 14 Jahre) (deutsch)",NA,NA,NA
"Überalterungsquotient","deutsch",2018,"20 Hadern",181,9530,5266,NA,NA,NA,"Hauptwohnsitzbevölkerung (65 Jahre und älter) (deutsch)","Hauptwohnsitzbevölkerung (bis 14 Jahre) (deutsch)",NA,NA,NA
"Überalterungsquotient","deutsch",2018,"21 Pasing - Obermenzing",138.1,12609,9133,NA,NA,NA,"Hauptwohnsitzbevölkerung (65 Jahre und älter) (deutsch)","Hauptwohnsitzbevölkerung (bis 14 Jahre) (deutsch)",NA,NA,NA
"Überalterungsquotient","deutsch",2018,"22 Aubing - Lochhausen - Langwied",133.3,8017,6012,NA,NA,NA,"Hauptwohnsitzbevölkerung (65 Jahre und älter) (deutsch)","Hauptwohnsitzbevölkerung (bis 14 Jahre) (deutsch)",NA,NA,NA
"Überalterungsquotient","deutsch",2018,"23 Allach - Untermenzing",130,5448,4190,NA,NA,NA,"Hauptwohnsitzbevölkerung (65 Jahre und älter) (deutsch)","Hauptwohnsitzbevölkerung (bis 14 Jahre) (deutsch)",NA,NA,NA
"Überalterungsquotient","deutsch",2018,"24 Feldmoching - Hasenbergl",120.7,9166,7593,NA,NA,NA,"Hauptwohnsitzbevölkerung (65 Jahre und älter) (deutsch)","Hauptwohnsitzbevölkerung (bis 14 Jahre) (deutsch)",NA,NA,NA
"Überalterungsquotient","deutsch",2018,"25 Laim",178.5,8870,4969,NA,NA,NA,"Hauptwohnsitzbevölkerung (65 Jahre und älter) (deutsch)","Hauptwohnsitzbevölkerung (bis 14 Jahre) (deutsch)",NA,NA,NA
"Überalterungsquotient","deutsch",2017,"Stadt München",135.3,220781,163182,NA,NA,NA,"Hauptwohnsitzbevölkerung (65 Jahre und älter) (deutsch)","Hauptwohnsitzbevölkerung (bis 14 Jahre) (deutsch)",NA,NA,NA
"Überalterungsquotient","deutsch",2017,"01 Altstadt - Lehel",156.3,2804,1794,NA,NA,NA,"Hauptwohnsitzbevölkerung (65 Jahre und älter) (deutsch)","Hauptwohnsitzbevölkerung (bis 14 Jahre) (deutsch)",NA,NA,NA
"Überalterungsquotient","deutsch",2017,"02 Ludwigsvorstadt - Isarvorstadt",92.6,4197,4533,NA,NA,NA,"Hauptwohnsitzbevölkerung (65 Jahre und älter) (deutsch)","Hauptwohnsitzbevölkerung (bis 14 Jahre) (deutsch)",NA,NA,NA
"Überalterungsquotient","deutsch",2017,"03 Maxvorstadt",129,4959,3843,NA,NA,NA,"Hauptwohnsitzbevölkerung (65 Jahre und älter) (deutsch)","Hauptwohnsitzbevölkerung (bis 14 Jahre) (deutsch)",NA,NA,NA
"Überalterungsquotient","deutsch",2017,"04 Schwabing - West",144.8,9750,6733,NA,NA,NA,"Hauptwohnsitzbevölkerung (65 Jahre und älter) (deutsch)","Hauptwohnsitzbevölkerung (bis 14 Jahre) (deutsch)",NA,NA,NA
"Überalterungsquotient","deutsch",2017,"05 Au - Haidhausen",99.4,6747,6789,NA,NA,NA,"Hauptwohnsitzbevölkerung (65 Jahre und älter) (deutsch)","Hauptwohnsitzbevölkerung (bis 14 Jahre) (deutsch)",NA,NA,NA
"Überalterungsquotient","deutsch",2017,"06 Sendling",117.7,4538,3856,NA,NA,NA,"Hauptwohnsitzbevölkerung (65 Jahre und älter) (deutsch)","Hauptwohnsitzbevölkerung (bis 14 Jahre) (deutsch)",NA,NA,NA
"Überalterungsquotient","deutsch",2017,"07 Sendling - Westpark",145.5,8864,6094,NA,NA,NA,"Hauptwohnsitzbevölkerung (65 Jahre und älter) (deutsch)","Hauptwohnsitzbevölkerung (bis 14 Jahre) (deutsch)",NA,NA,NA
"Überalterungsquotient","deutsch",2017,"08 Schwanthalerhöhe",73.7,2282,3096,NA,NA,NA,"Hauptwohnsitzbevölkerung (65 Jahre und älter) (deutsch)","Hauptwohnsitzbevölkerung (bis 14 Jahre) (deutsch)",NA,NA,NA
"Überalterungsquotient","deutsch",2017,"09 Neuhausen - Nymphenburg",129.6,13731,10591,NA,NA,NA,"Hauptwohnsitzbevölkerung (65 Jahre und älter) (deutsch)","Hauptwohnsitzbevölkerung (bis 14 Jahre) (deutsch)",NA,NA,NA
"Überalterungsquotient","deutsch",2017,"10 Moosach",142,7974,5616,NA,NA,NA,"Hauptwohnsitzbevölkerung (65 Jahre und älter) (deutsch)","Hauptwohnsitzbevölkerung (bis 14 Jahre) (deutsch)",NA,NA,NA
"Überalterungsquotient","deutsch",2017,"11 Milbertshofen - Am Hart",117.3,8543,7281,NA,NA,NA,"Hauptwohnsitzbevölkerung (65 Jahre und älter) (deutsch)","Hauptwohnsitzbevölkerung (bis 14 Jahre) (deutsch)",NA,NA,NA
"Überalterungsquotient","deutsch",2017,"12 Schwabing - Freimann",126.5,9884,7815,NA,NA,NA,"Hauptwohnsitzbevölkerung (65 Jahre und älter) (deutsch)","Hauptwohnsitzbevölkerung (bis 14 Jahre) (deutsch)",NA,NA,NA
"Überalterungsquotient","deutsch",2017,"13 Bogenhausen",167.9,15618,9302,NA,NA,NA,"Hauptwohnsitzbevölkerung (65 Jahre und älter) (deutsch)","Hauptwohnsitzbevölkerung (bis 14 Jahre) (deutsch)",NA,NA,NA
"Überalterungsquotient","deutsch",2017,"14 Berg am Laim",125.8,6316,5019,NA,NA,NA,"Hauptwohnsitzbevölkerung (65 Jahre und älter) (deutsch)","Hauptwohnsitzbevölkerung (bis 14 Jahre) (deutsch)",NA,NA,NA
"Überalterungsquotient","deutsch",2017,"15 Trudering - Riem",90,9838,10934,NA,NA,NA,"Hauptwohnsitzbevölkerung (65 Jahre und älter) (deutsch)","Hauptwohnsitzbevölkerung (bis 14 Jahre) (deutsch)",NA,NA,NA
"Überalterungsquotient","deutsch",2017,"16 Ramersdorf - Perlach",145.2,18255,12568,NA,NA,NA,"Hauptwohnsitzbevölkerung (65 Jahre und älter) (deutsch)","Hauptwohnsitzbevölkerung (bis 14 Jahre) (deutsch)",NA,NA,NA
"Überalterungsquotient","deutsch",2017,"17 Obergiesing - Fasangarten",117.9,6348,5383,NA,NA,NA,"Hauptwohnsitzbevölkerung (65 Jahre und älter) (deutsch)","Hauptwohnsitzbevölkerung (bis 14 Jahre) (deutsch)",NA,NA,NA
"Überalterungsquotient","deutsch",2017,"18 Untergiesing - Harlaching",163.5,8686,5311,NA,NA,NA,"Hauptwohnsitzbevölkerung (65 Jahre und älter) (deutsch)","Hauptwohnsitzbevölkerung (bis 14 Jahre) (deutsch)",NA,NA,NA
"Überalterungsquotient","deutsch",2017,"19 Thalkirchen - Obersendling - Forstenried - Fürstenried - Solln",177.4,17617,9931,NA,NA,NA,"Hauptwohnsitzbevölkerung (65 Jahre und älter) (deutsch)","Hauptwohnsitzbevölkerung (bis 14 Jahre) (deutsch)",NA,NA,NA
"Überalterungsquotient","deutsch",2017,"20 Hadern",180.3,9546,5295,NA,NA,NA,"Hauptwohnsitzbevölkerung (65 Jahre und älter) (deutsch)","Hauptwohnsitzbevölkerung (bis 14 Jahre) (deutsch)",NA,NA,NA
"Überalterungsquotient","deutsch",2017,"21 Pasing - Obermenzing",138.7,12600,9083,NA,NA,NA,"Hauptwohnsitzbevölkerung (65 Jahre und älter) (deutsch)","Hauptwohnsitzbevölkerung (bis 14 Jahre) (deutsch)",NA,NA,NA
"Überalterungsquotient","deutsch",2017,"22 Aubing - Lochhausen - Langwied",139.3,8032,5768,NA,NA,NA,"Hauptwohnsitzbevölkerung (65 Jahre und älter) (deutsch)","Hauptwohnsitzbevölkerung (bis 14 Jahre) (deutsch)",NA,NA,NA
"Überalterungsquotient","deutsch",2017,"23 Allach - Untermenzing",132.8,5440,4096,NA,NA,NA,"Hauptwohnsitzbevölkerung (65 Jahre und älter) (deutsch)","Hauptwohnsitzbevölkerung (bis 14 Jahre) (deutsch)",NA,NA,NA
"Überalterungsquotient","deutsch",2017,"24 Feldmoching - Hasenbergl",124.1,9283,7481,NA,NA,NA,"Hauptwohnsitzbevölkerung (65 Jahre und älter) (deutsch)","Hauptwohnsitzbevölkerung (bis 14 Jahre) (deutsch)",NA,NA,NA
"Überalterungsquotient","deutsch",2017,"25 Laim",179.7,8929,4970,NA,NA,NA,"Hauptwohnsitzbevölkerung (65 Jahre und älter) (deutsch)","Hauptwohnsitzbevölkerung (bis 14 Jahre) (deutsch)",NA,NA,NA
"Überalterungsquotient","deutsch",2016,"Stadt München",137.9,222522,161395,NA,NA,NA,"Hauptwohnsitzbevölkerung (65 Jahre und älter) (deutsch)","Hauptwohnsitzbevölkerung (bis 14 Jahre) (deutsch)",NA,NA,NA
"Überalterungsquotient","deutsch",2016,"01 Altstadt - Lehel",161.1,2846,1767,NA,NA,NA,"Hauptwohnsitzbevölkerung (65 Jahre und älter) (deutsch)","Hauptwohnsitzbevölkerung (bis 14 Jahre) (deutsch)",NA,NA,NA
"Überalterungsquotient","deutsch",2016,"02 Ludwigsvorstadt - Isarvorstadt",92.7,4201,4532,NA,NA,NA,"Hauptwohnsitzbevölkerung (65 Jahre und älter) (deutsch)","Hauptwohnsitzbevölkerung (bis 14 Jahre) (deutsch)",NA,NA,NA
"Überalterungsquotient","deutsch",2016,"03 Maxvorstadt",135.4,5075,3747,NA,NA,NA,"Hauptwohnsitzbevölkerung (65 Jahre und älter) (deutsch)","Hauptwohnsitzbevölkerung (bis 14 Jahre) (deutsch)",NA,NA,NA
"Überalterungsquotient","deutsch",2016,"04 Schwabing - West",144.8,9775,6751,NA,NA,NA,"Hauptwohnsitzbevölkerung (65 Jahre und älter) (deutsch)","Hauptwohnsitzbevölkerung (bis 14 Jahre) (deutsch)",NA,NA,NA
"Überalterungsquotient","deutsch",2016,"05 Au - Haidhausen",101.5,6811,6711,NA,NA,NA,"Hauptwohnsitzbevölkerung (65 Jahre und älter) (deutsch)","Hauptwohnsitzbevölkerung (bis 14 Jahre) (deutsch)",NA,NA,NA
"Überalterungsquotient","deutsch",2016,"06 Sendling",119.1,4598,3860,NA,NA,NA,"Hauptwohnsitzbevölkerung (65 Jahre und älter) (deutsch)","Hauptwohnsitzbevölkerung (bis 14 Jahre) (deutsch)",NA,NA,NA
"Überalterungsquotient","deutsch",2016,"07 Sendling - Westpark",153.1,8946,5845,NA,NA,NA,"Hauptwohnsitzbevölkerung (65 Jahre und älter) (deutsch)","Hauptwohnsitzbevölkerung (bis 14 Jahre) (deutsch)",NA,NA,NA
"Überalterungsquotient","deutsch",2016,"08 Schwanthalerhöhe",73.8,2308,3129,NA,NA,NA,"Hauptwohnsitzbevölkerung (65 Jahre und älter) (deutsch)","Hauptwohnsitzbevölkerung (bis 14 Jahre) (deutsch)",NA,NA,NA
"Überalterungsquotient","deutsch",2016,"09 Neuhausen - Nymphenburg",132.1,13836,10476,NA,NA,NA,"Hauptwohnsitzbevölkerung (65 Jahre und älter) (deutsch)","Hauptwohnsitzbevölkerung (bis 14 Jahre) (deutsch)",NA,NA,NA
"Überalterungsquotient","deutsch",2016,"10 Moosach",143.1,8003,5592,NA,NA,NA,"Hauptwohnsitzbevölkerung (65 Jahre und älter) (deutsch)","Hauptwohnsitzbevölkerung (bis 14 Jahre) (deutsch)",NA,NA,NA
"Überalterungsquotient","deutsch",2016,"11 Milbertshofen - Am Hart",118.9,8656,7283,NA,NA,NA,"Hauptwohnsitzbevölkerung (65 Jahre und älter) (deutsch)","Hauptwohnsitzbevölkerung (bis 14 Jahre) (deutsch)",NA,NA,NA
"Überalterungsquotient","deutsch",2016,"12 Schwabing - Freimann",131.9,9959,7550,NA,NA,NA,"Hauptwohnsitzbevölkerung (65 Jahre und älter) (deutsch)","Hauptwohnsitzbevölkerung (bis 14 Jahre) (deutsch)",NA,NA,NA
"Überalterungsquotient","deutsch",2016,"13 Bogenhausen",169.2,15593,9213,NA,NA,NA,"Hauptwohnsitzbevölkerung (65 Jahre und älter) (deutsch)","Hauptwohnsitzbevölkerung (bis 14 Jahre) (deutsch)",NA,NA,NA
"Überalterungsquotient","deutsch",2016,"14 Berg am Laim",129.3,6367,4926,NA,NA,NA,"Hauptwohnsitzbevölkerung (65 Jahre und älter) (deutsch)","Hauptwohnsitzbevölkerung (bis 14 Jahre) (deutsch)",NA,NA,NA
"Überalterungsquotient","deutsch",2016,"15 Trudering - Riem",90.9,9755,10733,NA,NA,NA,"Hauptwohnsitzbevölkerung (65 Jahre und älter) (deutsch)","Hauptwohnsitzbevölkerung (bis 14 Jahre) (deutsch)",NA,NA,NA
"Überalterungsquotient","deutsch",2016,"16 Ramersdorf - Perlach",149.3,18376,12310,NA,NA,NA,"Hauptwohnsitzbevölkerung (65 Jahre und älter) (deutsch)","Hauptwohnsitzbevölkerung (bis 14 Jahre) (deutsch)",NA,NA,NA
"Überalterungsquotient","deutsch",2016,"17 Obergiesing - Fasangarten",122,6482,5312,NA,NA,NA,"Hauptwohnsitzbevölkerung (65 Jahre und älter) (deutsch)","Hauptwohnsitzbevölkerung (bis 14 Jahre) (deutsch)",NA,NA,NA
"Überalterungsquotient","deutsch",2016,"18 Untergiesing - Harlaching",167,8806,5274,NA,NA,NA,"Hauptwohnsitzbevölkerung (65 Jahre und älter) (deutsch)","Hauptwohnsitzbevölkerung (bis 14 Jahre) (deutsch)",NA,NA,NA
"Überalterungsquotient","deutsch",2016,"19 Thalkirchen - Obersendling - Forstenried - Fürstenried - Solln",181.8,17766,9771,NA,NA,NA,"Hauptwohnsitzbevölkerung (65 Jahre und älter) (deutsch)","Hauptwohnsitzbevölkerung (bis 14 Jahre) (deutsch)",NA,NA,NA
"Überalterungsquotient","deutsch",2016,"20 Hadern",178.5,9653,5409,NA,NA,NA,"Hauptwohnsitzbevölkerung (65 Jahre und älter) (deutsch)","Hauptwohnsitzbevölkerung (bis 14 Jahre) (deutsch)",NA,NA,NA
"Überalterungsquotient","deutsch",2016,"21 Pasing - Obermenzing",138,12595,9124,NA,NA,NA,"Hauptwohnsitzbevölkerung (65 Jahre und älter) (deutsch)","Hauptwohnsitzbevölkerung (bis 14 Jahre) (deutsch)",NA,NA,NA
"Überalterungsquotient","deutsch",2016,"22 Aubing - Lochhausen - Langwied",144.8,8139,5620,NA,NA,NA,"Hauptwohnsitzbevölkerung (65 Jahre und älter) (deutsch)","Hauptwohnsitzbevölkerung (bis 14 Jahre) (deutsch)",NA,NA,NA
"Überalterungsquotient","deutsch",2016,"23 Allach - Untermenzing",134.1,5472,4081,NA,NA,NA,"Hauptwohnsitzbevölkerung (65 Jahre und älter) (deutsch)","Hauptwohnsitzbevölkerung (bis 14 Jahre) (deutsch)",NA,NA,NA
"Überalterungsquotient","deutsch",2016,"24 Feldmoching - Hasenbergl",126.7,9464,7471,NA,NA,NA,"Hauptwohnsitzbevölkerung (65 Jahre und älter) (deutsch)","Hauptwohnsitzbevölkerung (bis 14 Jahre) (deutsch)",NA,NA,NA
"Überalterungsquotient","deutsch",2016,"25 Laim",184.2,9040,4908,NA,NA,NA,"Hauptwohnsitzbevölkerung (65 Jahre und älter) (deutsch)","Hauptwohnsitzbevölkerung (bis 14 Jahre) (deutsch)",NA,NA,NA
"Überalterungsquotient","deutsch",2015,"Stadt München",140.7,222896,158427,NA,NA,NA,"Hauptwohnsitzbevölkerung (65 Jahre und älter) (deutsch)","Hauptwohnsitzbevölkerung (bis 14 Jahre) (deutsch)",NA,NA,NA
"Überalterungsquotient","deutsch",2015,"01 Altstadt - Lehel",162.6,2839,1746,NA,NA,NA,"Hauptwohnsitzbevölkerung (65 Jahre und älter) (deutsch)","Hauptwohnsitzbevölkerung (bis 14 Jahre) (deutsch)",NA,NA,NA
"Überalterungsquotient","deutsch",2015,"02 Ludwigsvorstadt - Isarvorstadt",94.6,4191,4429,NA,NA,NA,"Hauptwohnsitzbevölkerung (65 Jahre und älter) (deutsch)","Hauptwohnsitzbevölkerung (bis 14 Jahre) (deutsch)",NA,NA,NA
"Überalterungsquotient","deutsch",2015,"03 Maxvorstadt",137.4,5073,3692,NA,NA,NA,"Hauptwohnsitzbevölkerung (65 Jahre und älter) (deutsch)","Hauptwohnsitzbevölkerung (bis 14 Jahre) (deutsch)",NA,NA,NA
"Überalterungsquotient","deutsch",2015,"04 Schwabing - West",146.7,9741,6638,NA,NA,NA,"Hauptwohnsitzbevölkerung (65 Jahre und älter) (deutsch)","Hauptwohnsitzbevölkerung (bis 14 Jahre) (deutsch)",NA,NA,NA
"Überalterungsquotient","deutsch",2015,"05 Au - Haidhausen",103.3,6755,6538,NA,NA,NA,"Hauptwohnsitzbevölkerung (65 Jahre und älter) (deutsch)","Hauptwohnsitzbevölkerung (bis 14 Jahre) (deutsch)",NA,NA,NA
"Überalterungsquotient","deutsch",2015,"06 Sendling",120.9,4611,3814,NA,NA,NA,"Hauptwohnsitzbevölkerung (65 Jahre und älter) (deutsch)","Hauptwohnsitzbevölkerung (bis 14 Jahre) (deutsch)",NA,NA,NA
"Überalterungsquotient","deutsch",2015,"07 Sendling - Westpark",159.8,8972,5616,NA,NA,NA,"Hauptwohnsitzbevölkerung (65 Jahre und älter) (deutsch)","Hauptwohnsitzbevölkerung (bis 14 Jahre) (deutsch)",NA,NA,NA
"Überalterungsquotient","deutsch",2015,"08 Schwanthalerhöhe",73.4,2304,3138,NA,NA,NA,"Hauptwohnsitzbevölkerung (65 Jahre und älter) (deutsch)","Hauptwohnsitzbevölkerung (bis 14 Jahre) (deutsch)",NA,NA,NA
"Überalterungsquotient","deutsch",2015,"09 Neuhausen - Nymphenburg",134.6,13818,10268,NA,NA,NA,"Hauptwohnsitzbevölkerung (65 Jahre und älter) (deutsch)","Hauptwohnsitzbevölkerung (bis 14 Jahre) (deutsch)",NA,NA,NA
"Überalterungsquotient","deutsch",2015,"10 Moosach",147.6,8055,5456,NA,NA,NA,"Hauptwohnsitzbevölkerung (65 Jahre und älter) (deutsch)","Hauptwohnsitzbevölkerung (bis 14 Jahre) (deutsch)",NA,NA,NA
"Überalterungsquotient","deutsch",2015,"11 Milbertshofen - Am Hart",120.3,8733,7259,NA,NA,NA,"Hauptwohnsitzbevölkerung (65 Jahre und älter) (deutsch)","Hauptwohnsitzbevölkerung (bis 14 Jahre) (deutsch)",NA,NA,NA
"Überalterungsquotient","deutsch",2015,"12 Schwabing - Freimann",136,9834,7233,NA,NA,NA,"Hauptwohnsitzbevölkerung (65 Jahre und älter) (deutsch)","Hauptwohnsitzbevölkerung (bis 14 Jahre) (deutsch)",NA,NA,NA
"Überalterungsquotient","deutsch",2015,"13 Bogenhausen",172,15571,9052,NA,NA,NA,"Hauptwohnsitzbevölkerung (65 Jahre und älter) (deutsch)","Hauptwohnsitzbevölkerung (bis 14 Jahre) (deutsch)",NA,NA,NA
"Überalterungsquotient","deutsch",2015,"14 Berg am Laim",134.6,6351,4719,NA,NA,NA,"Hauptwohnsitzbevölkerung (65 Jahre und älter) (deutsch)","Hauptwohnsitzbevölkerung (bis 14 Jahre) (deutsch)",NA,NA,NA
"Überalterungsquotient","deutsch",2015,"15 Trudering - Riem",90.8,9712,10701,NA,NA,NA,"Hauptwohnsitzbevölkerung (65 Jahre und älter) (deutsch)","Hauptwohnsitzbevölkerung (bis 14 Jahre) (deutsch)",NA,NA,NA
"Überalterungsquotient","deutsch",2015,"16 Ramersdorf - Perlach",153.2,18407,12017,NA,NA,NA,"Hauptwohnsitzbevölkerung (65 Jahre und älter) (deutsch)","Hauptwohnsitzbevölkerung (bis 14 Jahre) (deutsch)",NA,NA,NA
"Überalterungsquotient","deutsch",2015,"17 Obergiesing - Fasangarten",125.8,6564,5216,NA,NA,NA,"Hauptwohnsitzbevölkerung (65 Jahre und älter) (deutsch)","Hauptwohnsitzbevölkerung (bis 14 Jahre) (deutsch)",NA,NA,NA
"Überalterungsquotient","deutsch",2015,"18 Untergiesing - Harlaching",169.7,8836,5207,NA,NA,NA,"Hauptwohnsitzbevölkerung (65 Jahre und älter) (deutsch)","Hauptwohnsitzbevölkerung (bis 14 Jahre) (deutsch)",NA,NA,NA
"Überalterungsquotient","deutsch",2015,"19 Thalkirchen - Obersendling - Forstenried - Fürstenried - Solln",186.8,17953,9613,NA,NA,NA,"Hauptwohnsitzbevölkerung (65 Jahre und älter) (deutsch)","Hauptwohnsitzbevölkerung (bis 14 Jahre) (deutsch)",NA,NA,NA
"Überalterungsquotient","deutsch",2015,"20 Hadern",177.1,9689,5471,NA,NA,NA,"Hauptwohnsitzbevölkerung (65 Jahre und älter) (deutsch)","Hauptwohnsitzbevölkerung (bis 14 Jahre) (deutsch)",NA,NA,NA
"Überalterungsquotient","deutsch",2015,"21 Pasing - Obermenzing",139.6,12541,8983,NA,NA,NA,"Hauptwohnsitzbevölkerung (65 Jahre und älter) (deutsch)","Hauptwohnsitzbevölkerung (bis 14 Jahre) (deutsch)",NA,NA,NA
"Überalterungsquotient","deutsch",2015,"22 Aubing - Lochhausen - Langwied",150.7,8177,5426,NA,NA,NA,"Hauptwohnsitzbevölkerung (65 Jahre und älter) (deutsch)","Hauptwohnsitzbevölkerung (bis 14 Jahre) (deutsch)",NA,NA,NA
"Überalterungsquotient","deutsch",2015,"23 Allach - Untermenzing",134.9,5487,4068,NA,NA,NA,"Hauptwohnsitzbevölkerung (65 Jahre und älter) (deutsch)","Hauptwohnsitzbevölkerung (bis 14 Jahre) (deutsch)",NA,NA,NA
"Überalterungsquotient","deutsch",2015,"24 Feldmoching - Hasenbergl",129.3,9567,7401,NA,NA,NA,"Hauptwohnsitzbevölkerung (65 Jahre und älter) (deutsch)","Hauptwohnsitzbevölkerung (bis 14 Jahre) (deutsch)",NA,NA,NA
"Überalterungsquotient","deutsch",2015,"25 Laim",192.9,9115,4726,NA,NA,NA,"Hauptwohnsitzbevölkerung (65 Jahre und älter) (deutsch)","Hauptwohnsitzbevölkerung (bis 14 Jahre) (deutsch)",NA,NA,NA
"Überalterungsquotient","deutsch",2014,"Stadt München",143.5,222853,155345,NA,NA,NA,"Hauptwohnsitzbevölkerung (65 Jahre und älter) (deutsch)","Hauptwohnsitzbevölkerung (bis 14 Jahre) (deutsch)",NA,NA,NA
"Überalterungsquotient","deutsch",2014,"01 Altstadt - Lehel",165.8,2822,1702,NA,NA,NA,"Hauptwohnsitzbevölkerung (65 Jahre und älter) (deutsch)","Hauptwohnsitzbevölkerung (bis 14 Jahre) (deutsch)",NA,NA,NA
"Überalterungsquotient","deutsch",2014,"02 Ludwigsvorstadt - Isarvorstadt",97.7,4196,4293,NA,NA,NA,"Hauptwohnsitzbevölkerung (65 Jahre und älter) (deutsch)","Hauptwohnsitzbevölkerung (bis 14 Jahre) (deutsch)",NA,NA,NA
"Überalterungsquotient","deutsch",2014,"03 Maxvorstadt",143.6,5111,3560,NA,NA,NA,"Hauptwohnsitzbevölkerung (65 Jahre und älter) (deutsch)","Hauptwohnsitzbevölkerung (bis 14 Jahre) (deutsch)",NA,NA,NA
"Überalterungsquotient","deutsch",2014,"04 Schwabing - West",153.5,9708,6324,NA,NA,NA,"Hauptwohnsitzbevölkerung (65 Jahre und älter) (deutsch)","Hauptwohnsitzbevölkerung (bis 14 Jahre) (deutsch)",NA,NA,NA
"Überalterungsquotient","deutsch",2014,"05 Au - Haidhausen",105.5,6793,6439,NA,NA,NA,"Hauptwohnsitzbevölkerung (65 Jahre und älter) (deutsch)","Hauptwohnsitzbevölkerung (bis 14 Jahre) (deutsch)",NA,NA,NA
"Überalterungsquotient","deutsch",2014,"06 Sendling",121.5,4580,3768,NA,NA,NA,"Hauptwohnsitzbevölkerung (65 Jahre und älter) (deutsch)","Hauptwohnsitzbevölkerung (bis 14 Jahre) (deutsch)",NA,NA,NA
"Überalterungsquotient","deutsch",2014,"07 Sendling - Westpark",167.4,8996,5375,NA,NA,NA,"Hauptwohnsitzbevölkerung (65 Jahre und älter) (deutsch)","Hauptwohnsitzbevölkerung (bis 14 Jahre) (deutsch)",NA,NA,NA
"Überalterungsquotient","deutsch",2014,"08 Schwanthalerhöhe",74.8,2309,3085,NA,NA,NA,"Hauptwohnsitzbevölkerung (65 Jahre und älter) (deutsch)","Hauptwohnsitzbevölkerung (bis 14 Jahre) (deutsch)",NA,NA,NA
"Überalterungsquotient","deutsch",2014,"09 Neuhausen - Nymphenburg",137,13743,10029,NA,NA,NA,"Hauptwohnsitzbevölkerung (65 Jahre und älter) (deutsch)","Hauptwohnsitzbevölkerung (bis 14 Jahre) (deutsch)",NA,NA,NA
"Überalterungsquotient","deutsch",2014,"10 Moosach",150,8062,5373,NA,NA,NA,"Hauptwohnsitzbevölkerung (65 Jahre und älter) (deutsch)","Hauptwohnsitzbevölkerung (bis 14 Jahre) (deutsch)",NA,NA,NA
"Überalterungsquotient","deutsch",2014,"11 Milbertshofen - Am Hart",120.5,8780,7289,NA,NA,NA,"Hauptwohnsitzbevölkerung (65 Jahre und älter) (deutsch)","Hauptwohnsitzbevölkerung (bis 14 Jahre) (deutsch)",NA,NA,NA
"Überalterungsquotient","deutsch",2014,"12 Schwabing - Freimann",143.4,9750,6800,NA,NA,NA,"Hauptwohnsitzbevölkerung (65 Jahre und älter) (deutsch)","Hauptwohnsitzbevölkerung (bis 14 Jahre) (deutsch)",NA,NA,NA
"Überalterungsquotient","deutsch",2014,"13 Bogenhausen",172.5,15486,8978,NA,NA,NA,"Hauptwohnsitzbevölkerung (65 Jahre und älter) (deutsch)","Hauptwohnsitzbevölkerung (bis 14 Jahre) (deutsch)",NA,NA,NA
"Überalterungsquotient","deutsch",2014,"14 Berg am Laim",138.3,6382,4615,NA,NA,NA,"Hauptwohnsitzbevölkerung (65 Jahre und älter) (deutsch)","Hauptwohnsitzbevölkerung (bis 14 Jahre) (deutsch)",NA,NA,NA
"Überalterungsquotient","deutsch",2014,"15 Trudering - Riem",90.1,9580,10637,NA,NA,NA,"Hauptwohnsitzbevölkerung (65 Jahre und älter) (deutsch)","Hauptwohnsitzbevölkerung (bis 14 Jahre) (deutsch)",NA,NA,NA
"Überalterungsquotient","deutsch",2014,"16 Ramersdorf - Perlach",154.3,18308,11867,NA,NA,NA,"Hauptwohnsitzbevölkerung (65 Jahre und älter) (deutsch)","Hauptwohnsitzbevölkerung (bis 14 Jahre) (deutsch)",NA,NA,NA
"Überalterungsquotient","deutsch",2014,"17 Obergiesing - Fasangarten",134,6631,4950,NA,NA,NA,"Hauptwohnsitzbevölkerung (65 Jahre und älter) (deutsch)","Hauptwohnsitzbevölkerung (bis 14 Jahre) (deutsch)",NA,NA,NA
"Überalterungsquotient","deutsch",2014,"18 Untergiesing - Harlaching",170.7,8893,5210,NA,NA,NA,"Hauptwohnsitzbevölkerung (65 Jahre und älter) (deutsch)","Hauptwohnsitzbevölkerung (bis 14 Jahre) (deutsch)",NA,NA,NA
"Überalterungsquotient","deutsch",2014,"19 Thalkirchen - Obersendling - Forstenried - Fürstenried - Solln",191.3,17947,9382,NA,NA,NA,"Hauptwohnsitzbevölkerung (65 Jahre und älter) (deutsch)","Hauptwohnsitzbevölkerung (bis 14 Jahre) (deutsch)",NA,NA,NA
"Überalterungsquotient","deutsch",2014,"20 Hadern",178.1,9777,5489,NA,NA,NA,"Hauptwohnsitzbevölkerung (65 Jahre und älter) (deutsch)","Hauptwohnsitzbevölkerung (bis 14 Jahre) (deutsch)",NA,NA,NA
"Überalterungsquotient","deutsch",2014,"21 Pasing - Obermenzing",140.6,12505,8897,NA,NA,NA,"Hauptwohnsitzbevölkerung (65 Jahre und älter) (deutsch)","Hauptwohnsitzbevölkerung (bis 14 Jahre) (deutsch)",NA,NA,NA
"Überalterungsquotient","deutsch",2014,"22 Aubing - Lochhausen - Langwied",156,8172,5240,NA,NA,NA,"Hauptwohnsitzbevölkerung (65 Jahre und älter) (deutsch)","Hauptwohnsitzbevölkerung (bis 14 Jahre) (deutsch)",NA,NA,NA
"Überalterungsquotient","deutsch",2014,"23 Allach - Untermenzing",134.7,5480,4069,NA,NA,NA,"Hauptwohnsitzbevölkerung (65 Jahre und älter) (deutsch)","Hauptwohnsitzbevölkerung (bis 14 Jahre) (deutsch)",NA,NA,NA
"Überalterungsquotient","deutsch",2014,"24 Feldmoching - Hasenbergl",132.5,9665,7297,NA,NA,NA,"Hauptwohnsitzbevölkerung (65 Jahre und älter) (deutsch)","Hauptwohnsitzbevölkerung (bis 14 Jahre) (deutsch)",NA,NA,NA
"Überalterungsquotient","deutsch",2014,"25 Laim",196.2,9177,4677,NA,NA,NA,"Hauptwohnsitzbevölkerung (65 Jahre und älter) (deutsch)","Hauptwohnsitzbevölkerung (bis 14 Jahre) (deutsch)",NA,NA,NA
"Überalterungsquotient","deutsch",2013,"Stadt München",146.2,221984,151872,NA,NA,NA,"Hauptwohnsitzbevölkerung (65 Jahre und älter) (deutsch)","Hauptwohnsitzbevölkerung (bis 14 Jahre) (deutsch)",NA,NA,NA
"Überalterungsquotient","deutsch",2013,"01 Altstadt - Lehel",168.8,2823,1672,NA,NA,NA,"Hauptwohnsitzbevölkerung (65 Jahre und älter) (deutsch)","Hauptwohnsitzbevölkerung (bis 14 Jahre) (deutsch)",NA,NA,NA
"Überalterungsquotient","deutsch",2013,"02 Ludwigsvorstadt - Isarvorstadt",100.9,4155,4117,NA,NA,NA,"Hauptwohnsitzbevölkerung (65 Jahre und älter) (deutsch)","Hauptwohnsitzbevölkerung (bis 14 Jahre) (deutsch)",NA,NA,NA
"Überalterungsquotient","deutsch",2013,"03 Maxvorstadt",145,5097,3514,NA,NA,NA,"Hauptwohnsitzbevölkerung (65 Jahre und älter) (deutsch)","Hauptwohnsitzbevölkerung (bis 14 Jahre) (deutsch)",NA,NA,NA
"Überalterungsquotient","deutsch",2013,"04 Schwabing - West",159.9,9673,6049,NA,NA,NA,"Hauptwohnsitzbevölkerung (65 Jahre und älter) (deutsch)","Hauptwohnsitzbevölkerung (bis 14 Jahre) (deutsch)",NA,NA,NA
"Überalterungsquotient","deutsch",2013,"05 Au - Haidhausen",108.2,6700,6195,NA,NA,NA,"Hauptwohnsitzbevölkerung (65 Jahre und älter) (deutsch)","Hauptwohnsitzbevölkerung (bis 14 Jahre) (deutsch)",NA,NA,NA
"Überalterungsquotient","deutsch",2013,"06 Sendling",123.5,4590,3716,NA,NA,NA,"Hauptwohnsitzbevölkerung (65 Jahre und älter) (deutsch)","Hauptwohnsitzbevölkerung (bis 14 Jahre) (deutsch)",NA,NA,NA
"Überalterungsquotient","deutsch",2013,"07 Sendling - Westpark",172.1,9028,5245,NA,NA,NA,"Hauptwohnsitzbevölkerung (65 Jahre und älter) (deutsch)","Hauptwohnsitzbevölkerung (bis 14 Jahre) (deutsch)",NA,NA,NA
"Überalterungsquotient","deutsch",2013,"08 Schwanthalerhöhe",76.3,2296,3009,NA,NA,NA,"Hauptwohnsitzbevölkerung (65 Jahre und älter) (deutsch)","Hauptwohnsitzbevölkerung (bis 14 Jahre) (deutsch)",NA,NA,NA
"Überalterungsquotient","deutsch",2013,"09 Neuhausen - Nymphenburg",139.1,13554,9747,NA,NA,NA,"Hauptwohnsitzbevölkerung (65 Jahre und älter) (deutsch)","Hauptwohnsitzbevölkerung (bis 14 Jahre) (deutsch)",NA,NA,NA
"Überalterungsquotient","deutsch",2013,"10 Moosach",153.6,8048,5240,NA,NA,NA,"Hauptwohnsitzbevölkerung (65 Jahre und älter) (deutsch)","Hauptwohnsitzbevölkerung (bis 14 Jahre) (deutsch)",NA,NA,NA
"Überalterungsquotient","deutsch",2013,"11 Milbertshofen - Am Hart",124.2,8814,7099,NA,NA,NA,"Hauptwohnsitzbevölkerung (65 Jahre und älter) (deutsch)","Hauptwohnsitzbevölkerung (bis 14 Jahre) (deutsch)",NA,NA,NA
"Überalterungsquotient","deutsch",2013,"12 Schwabing - Freimann",146.5,9661,6596,NA,NA,NA,"Hauptwohnsitzbevölkerung (65 Jahre und älter) (deutsch)","Hauptwohnsitzbevölkerung (bis 14 Jahre) (deutsch)",NA,NA,NA
"Überalterungsquotient","deutsch",2013,"13 Bogenhausen",175.7,15354,8739,NA,NA,NA,"Hauptwohnsitzbevölkerung (65 Jahre und älter) (deutsch)","Hauptwohnsitzbevölkerung (bis 14 Jahre) (deutsch)",NA,NA,NA
"Überalterungsquotient","deutsch",2013,"14 Berg am Laim",145.5,6384,4387,NA,NA,NA,"Hauptwohnsitzbevölkerung (65 Jahre und älter) (deutsch)","Hauptwohnsitzbevölkerung (bis 14 Jahre) (deutsch)",NA,NA,NA
"Überalterungsquotient","deutsch",2013,"15 Trudering - Riem",88.6,9407,10620,NA,NA,NA,"Hauptwohnsitzbevölkerung (65 Jahre und älter) (deutsch)","Hauptwohnsitzbevölkerung (bis 14 Jahre) (deutsch)",NA,NA,NA
"Überalterungsquotient","deutsch",2013,"16 Ramersdorf - Perlach",155.9,18190,11671,NA,NA,NA,"Hauptwohnsitzbevölkerung (65 Jahre und älter) (deutsch)","Hauptwohnsitzbevölkerung (bis 14 Jahre) (deutsch)",NA,NA,NA
"Überalterungsquotient","deutsch",2013,"17 Obergiesing - Fasangarten",138.4,6648,4804,NA,NA,NA,"Hauptwohnsitzbevölkerung (65 Jahre und älter) (deutsch)","Hauptwohnsitzbevölkerung (bis 14 Jahre) (deutsch)",NA,NA,NA
"Überalterungsquotient","deutsch",2013,"18 Untergiesing - Harlaching",175.2,8931,5097,NA,NA,NA,"Hauptwohnsitzbevölkerung (65 Jahre und älter) (deutsch)","Hauptwohnsitzbevölkerung (bis 14 Jahre) (deutsch)",NA,NA,NA
"Überalterungsquotient","deutsch",2013,"19 Thalkirchen - Obersendling - Forstenried - Fürstenried - Solln",196.6,17991,9150,NA,NA,NA,"Hauptwohnsitzbevölkerung (65 Jahre und älter) (deutsch)","Hauptwohnsitzbevölkerung (bis 14 Jahre) (deutsch)",NA,NA,NA
"Überalterungsquotient","deutsch",2013,"20 Hadern",181.4,9738,5369,NA,NA,NA,"Hauptwohnsitzbevölkerung (65 Jahre und älter) (deutsch)","Hauptwohnsitzbevölkerung (bis 14 Jahre) (deutsch)",NA,NA,NA
"Überalterungsquotient","deutsch",2013,"21 Pasing - Obermenzing",140.4,12398,8830,NA,NA,NA,"Hauptwohnsitzbevölkerung (65 Jahre und älter) (deutsch)","Hauptwohnsitzbevölkerung (bis 14 Jahre) (deutsch)",NA,NA,NA
"Überalterungsquotient","deutsch",2013,"22 Aubing - Lochhausen - Langwied",157.7,8167,5180,NA,NA,NA,"Hauptwohnsitzbevölkerung (65 Jahre und älter) (deutsch)","Hauptwohnsitzbevölkerung (bis 14 Jahre) (deutsch)",NA,NA,NA
"Überalterungsquotient","deutsch",2013,"23 Allach - Untermenzing",136.7,5466,3999,NA,NA,NA,"Hauptwohnsitzbevölkerung (65 Jahre und älter) (deutsch)","Hauptwohnsitzbevölkerung (bis 14 Jahre) (deutsch)",NA,NA,NA
"Überalterungsquotient","deutsch",2013,"24 Feldmoching - Hasenbergl",135,9722,7202,NA,NA,NA,"Hauptwohnsitzbevölkerung (65 Jahre und älter) (deutsch)","Hauptwohnsitzbevölkerung (bis 14 Jahre) (deutsch)",NA,NA,NA
"Überalterungsquotient","deutsch",2013,"25 Laim",197.8,9149,4625,NA,NA,NA,"Hauptwohnsitzbevölkerung (65 Jahre und älter) (deutsch)","Hauptwohnsitzbevölkerung (bis 14 Jahre) (deutsch)",NA,NA,NA
"Überalterungsquotient","deutsch",2012,"Stadt München",148.9,220973,148362,NA,NA,NA,"Hauptwohnsitzbevölkerung (65 Jahre und älter) (deutsch)","Hauptwohnsitzbevölkerung (bis 14 Jahre) (deutsch)",NA,NA,NA
"Überalterungsquotient","deutsch",2012,"01 Altstadt - Lehel",172.3,2802,1626,NA,NA,NA,"Hauptwohnsitzbevölkerung (65 Jahre und älter) (deutsch)","Hauptwohnsitzbevölkerung (bis 14 Jahre) (deutsch)",NA,NA,NA
"Überalterungsquotient","deutsch",2012,"02 Ludwigsvorstadt - Isarvorstadt",103.6,4125,3980,NA,NA,NA,"Hauptwohnsitzbevölkerung (65 Jahre und älter) (deutsch)","Hauptwohnsitzbevölkerung (bis 14 Jahre) (deutsch)",NA,NA,NA
"Überalterungsquotient","deutsch",2012,"03 Maxvorstadt",150.7,5066,3362,NA,NA,NA,"Hauptwohnsitzbevölkerung (65 Jahre und älter) (deutsch)","Hauptwohnsitzbevölkerung (bis 14 Jahre) (deutsch)",NA,NA,NA
"Überalterungsquotient","deutsch",2012,"04 Schwabing - West",163.2,9572,5865,NA,NA,NA,"Hauptwohnsitzbevölkerung (65 Jahre und älter) (deutsch)","Hauptwohnsitzbevölkerung (bis 14 Jahre) (deutsch)",NA,NA,NA
"Überalterungsquotient","deutsch",2012,"05 Au - Haidhausen",110.7,6684,6039,NA,NA,NA,"Hauptwohnsitzbevölkerung (65 Jahre und älter) (deutsch)","Hauptwohnsitzbevölkerung (bis 14 Jahre) (deutsch)",NA,NA,NA
"Überalterungsquotient","deutsch",2012,"06 Sendling",125.9,4583,3640,NA,NA,NA,"Hauptwohnsitzbevölkerung (65 Jahre und älter) (deutsch)","Hauptwohnsitzbevölkerung (bis 14 Jahre) (deutsch)",NA,NA,NA
"Überalterungsquotient","deutsch",2012,"07 Sendling - Westpark",178.2,9061,5084,NA,NA,NA,"Hauptwohnsitzbevölkerung (65 Jahre und älter) (deutsch)","Hauptwohnsitzbevölkerung (bis 14 Jahre) (deutsch)",NA,NA,NA
"Überalterungsquotient","deutsch",2012,"08 Schwanthalerhöhe",79.5,2328,2930,NA,NA,NA,"Hauptwohnsitzbevölkerung (65 Jahre und älter) (deutsch)","Hauptwohnsitzbevölkerung (bis 14 Jahre) (deutsch)",NA,NA,NA
"Überalterungsquotient","deutsch",2012,"09 Neuhausen - Nymphenburg",143.4,13490,9407,NA,NA,NA,"Hauptwohnsitzbevölkerung (65 Jahre und älter) (deutsch)","Hauptwohnsitzbevölkerung (bis 14 Jahre) (deutsch)",NA,NA,NA
"Überalterungsquotient","deutsch",2012,"10 Moosach",157,7998,5095,NA,NA,NA,"Hauptwohnsitzbevölkerung (65 Jahre und älter) (deutsch)","Hauptwohnsitzbevölkerung (bis 14 Jahre) (deutsch)",NA,NA,NA
"Überalterungsquotient","deutsch",2012,"11 Milbertshofen - Am Hart",125.1,8837,7066,NA,NA,NA,"Hauptwohnsitzbevölkerung (65 Jahre und älter) (deutsch)","Hauptwohnsitzbevölkerung (bis 14 Jahre) (deutsch)",NA,NA,NA
"Überalterungsquotient","deutsch",2012,"12 Schwabing - Freimann",145.2,9524,6558,NA,NA,NA,"Hauptwohnsitzbevölkerung (65 Jahre und älter) (deutsch)","Hauptwohnsitzbevölkerung (bis 14 Jahre) (deutsch)",NA,NA,NA
"Überalterungsquotient","deutsch",2012,"13 Bogenhausen",176.5,15184,8601,NA,NA,NA,"Hauptwohnsitzbevölkerung (65 Jahre und älter) (deutsch)","Hauptwohnsitzbevölkerung (bis 14 Jahre) (deutsch)",NA,NA,NA
"Überalterungsquotient","deutsch",2012,"14 Berg am Laim",152.7,6381,4178,NA,NA,NA,"Hauptwohnsitzbevölkerung (65 Jahre und älter) (deutsch)","Hauptwohnsitzbevölkerung (bis 14 Jahre) (deutsch)",NA,NA,NA
"Überalterungsquotient","deutsch",2012,"15 Trudering - Riem",88.2,9279,10520,NA,NA,NA,"Hauptwohnsitzbevölkerung (65 Jahre und älter) (deutsch)","Hauptwohnsitzbevölkerung (bis 14 Jahre) (deutsch)",NA,NA,NA
"Überalterungsquotient","deutsch",2012,"16 Ramersdorf - Perlach",156.9,18071,11514,NA,NA,NA,"Hauptwohnsitzbevölkerung (65 Jahre und älter) (deutsch)","Hauptwohnsitzbevölkerung (bis 14 Jahre) (deutsch)",NA,NA,NA
"Überalterungsquotient","deutsch",2012,"17 Obergiesing - Fasangarten",147.1,6686,4545,NA,NA,NA,"Hauptwohnsitzbevölkerung (65 Jahre und älter) (deutsch)","Hauptwohnsitzbevölkerung (bis 14 Jahre) (deutsch)",NA,NA,NA
"Überalterungsquotient","deutsch",2012,"18 Untergiesing - Harlaching",180.3,8959,4969,NA,NA,NA,"Hauptwohnsitzbevölkerung (65 Jahre und älter) (deutsch)","Hauptwohnsitzbevölkerung (bis 14 Jahre) (deutsch)",NA,NA,NA
"Überalterungsquotient","deutsch",2012,"19 Thalkirchen - Obersendling - Forstenried - Fürstenried - Solln",203,17868,8803,NA,NA,NA,"Hauptwohnsitzbevölkerung (65 Jahre und älter) (deutsch)","Hauptwohnsitzbevölkerung (bis 14 Jahre) (deutsch)",NA,NA,NA
"Überalterungsquotient","deutsch",2012,"20 Hadern",183.7,9672,5266,NA,NA,NA,"Hauptwohnsitzbevölkerung (65 Jahre und älter) (deutsch)","Hauptwohnsitzbevölkerung (bis 14 Jahre) (deutsch)",NA,NA,NA
"Überalterungsquotient","deutsch",2012,"21 Pasing - Obermenzing",141.4,12307,8704,NA,NA,NA,"Hauptwohnsitzbevölkerung (65 Jahre und älter) (deutsch)","Hauptwohnsitzbevölkerung (bis 14 Jahre) (deutsch)",NA,NA,NA
"Überalterungsquotient","deutsch",2012,"22 Aubing - Lochhausen - Langwied",161.7,8088,5002,NA,NA,NA,"Hauptwohnsitzbevölkerung (65 Jahre und älter) (deutsch)","Hauptwohnsitzbevölkerung (bis 14 Jahre) (deutsch)",NA,NA,NA
"Überalterungsquotient","deutsch",2012,"23 Allach - Untermenzing",137.3,5465,3980,NA,NA,NA,"Hauptwohnsitzbevölkerung (65 Jahre und älter) (deutsch)","Hauptwohnsitzbevölkerung (bis 14 Jahre) (deutsch)",NA,NA,NA
"Überalterungsquotient","deutsch",2012,"24 Feldmoching - Hasenbergl",138.3,9781,7071,NA,NA,NA,"Hauptwohnsitzbevölkerung (65 Jahre und älter) (deutsch)","Hauptwohnsitzbevölkerung (bis 14 Jahre) (deutsch)",NA,NA,NA
"Überalterungsquotient","deutsch",2012,"25 Laim",201,9161,4557,NA,NA,NA,"Hauptwohnsitzbevölkerung (65 Jahre und älter) (deutsch)","Hauptwohnsitzbevölkerung (bis 14 Jahre) (deutsch)",NA,NA,NA
"Überalterungsquotient","deutsch",2011,"Stadt München",151.1,219397,145168,NA,NA,NA,"Hauptwohnsitzbevölkerung (65 Jahre und älter) (deutsch)","Hauptwohnsitzbevölkerung (bis 14 Jahre) (deutsch)",NA,NA,NA
"Überalterungsquotient","deutsch",2011,"01 Altstadt - Lehel",174.2,2814,1615,NA,NA,NA,"Hauptwohnsitzbevölkerung (65 Jahre und älter) (deutsch)","Hauptwohnsitzbevölkerung (bis 14 Jahre) (deutsch)",NA,NA,NA
"Überalterungsquotient","deutsch",2011,"02 Ludwigsvorstadt - Isarvorstadt",106.5,4142,3888,NA,NA,NA,"Hauptwohnsitzbevölkerung (65 Jahre und älter) (deutsch)","Hauptwohnsitzbevölkerung (bis 14 Jahre) (deutsch)",NA,NA,NA
"Überalterungsquotient","deutsch",2011,"03 Maxvorstadt",157.3,5046,3208,NA,NA,NA,"Hauptwohnsitzbevölkerung (65 Jahre und älter) (deutsch)","Hauptwohnsitzbevölkerung (bis 14 Jahre) (deutsch)",NA,NA,NA
"Überalterungsquotient","deutsch",2011,"04 Schwabing - West",168.1,9487,5645,NA,NA,NA,"Hauptwohnsitzbevölkerung (65 Jahre und älter) (deutsch)","Hauptwohnsitzbevölkerung (bis 14 Jahre) (deutsch)",NA,NA,NA
"Überalterungsquotient","deutsch",2011,"05 Au - Haidhausen",116.3,6667,5734,NA,NA,NA,"Hauptwohnsitzbevölkerung (65 Jahre und älter) (deutsch)","Hauptwohnsitzbevölkerung (bis 14 Jahre) (deutsch)",NA,NA,NA
"Überalterungsquotient","deutsch",2011,"06 Sendling",126.9,4562,3594,NA,NA,NA,"Hauptwohnsitzbevölkerung (65 Jahre und älter) (deutsch)","Hauptwohnsitzbevölkerung (bis 14 Jahre) (deutsch)",NA,NA,NA
"Überalterungsquotient","deutsch",2011,"07 Sendling - Westpark",180.4,9064,5023,NA,NA,NA,"Hauptwohnsitzbevölkerung (65 Jahre und älter) (deutsch)","Hauptwohnsitzbevölkerung (bis 14 Jahre) (deutsch)",NA,NA,NA
"Überalterungsquotient","deutsch",2011,"08 Schwanthalerhöhe",82,2311,2820,NA,NA,NA,"Hauptwohnsitzbevölkerung (65 Jahre und älter) (deutsch)","Hauptwohnsitzbevölkerung (bis 14 Jahre) (deutsch)",NA,NA,NA
"Überalterungsquotient","deutsch",2011,"09 Neuhausen - Nymphenburg",146.6,13337,9098,NA,NA,NA,"Hauptwohnsitzbevölkerung (65 Jahre und älter) (deutsch)","Hauptwohnsitzbevölkerung (bis 14 Jahre) (deutsch)",NA,NA,NA
"Überalterungsquotient","deutsch",2011,"10 Moosach",157.9,7922,5016,NA,NA,NA,"Hauptwohnsitzbevölkerung (65 Jahre und älter) (deutsch)","Hauptwohnsitzbevölkerung (bis 14 Jahre) (deutsch)",NA,NA,NA
"Überalterungsquotient","deutsch",2011,"11 Milbertshofen - Am Hart",127,8851,6969,NA,NA,NA,"Hauptwohnsitzbevölkerung (65 Jahre und älter) (deutsch)","Hauptwohnsitzbevölkerung (bis 14 Jahre) (deutsch)",NA,NA,NA
"Überalterungsquotient","deutsch",2011,"12 Schwabing - Freimann",146.8,9348,6366,NA,NA,NA,"Hauptwohnsitzbevölkerung (65 Jahre und älter) (deutsch)","Hauptwohnsitzbevölkerung (bis 14 Jahre) (deutsch)",NA,NA,NA
"Überalterungsquotient","deutsch",2011,"13 Bogenhausen",174.5,14847,8506,NA,NA,NA,"Hauptwohnsitzbevölkerung (65 Jahre und älter) (deutsch)","Hauptwohnsitzbevölkerung (bis 14 Jahre) (deutsch)",NA,NA,NA
"Überalterungsquotient","deutsch",2011,"14 Berg am Laim",158,6372,4034,NA,NA,NA,"Hauptwohnsitzbevölkerung (65 Jahre und älter) (deutsch)","Hauptwohnsitzbevölkerung (bis 14 Jahre) (deutsch)",NA,NA,NA
"Überalterungsquotient","deutsch",2011,"15 Trudering - Riem",85.9,9028,10504,NA,NA,NA,"Hauptwohnsitzbevölkerung (65 Jahre und älter) (deutsch)","Hauptwohnsitzbevölkerung (bis 14 Jahre) (deutsch)",NA,NA,NA
"Überalterungsquotient","deutsch",2011,"16 Ramersdorf - Perlach",156.8,17848,11386,NA,NA,NA,"Hauptwohnsitzbevölkerung (65 Jahre und älter) (deutsch)","Hauptwohnsitzbevölkerung (bis 14 Jahre) (deutsch)",NA,NA,NA
"Überalterungsquotient","deutsch",2011,"17 Obergiesing - Fasangarten",150.2,6703,4462,NA,NA,NA,"Hauptwohnsitzbevölkerung (65 Jahre und älter) (deutsch)","Hauptwohnsitzbevölkerung (bis 14 Jahre) (deutsch)",NA,NA,NA
"Überalterungsquotient","deutsch",2011,"18 Untergiesing - Harlaching",182.8,8944,4894,NA,NA,NA,"Hauptwohnsitzbevölkerung (65 Jahre und älter) (deutsch)","Hauptwohnsitzbevölkerung (bis 14 Jahre) (deutsch)",NA,NA,NA
"Überalterungsquotient","deutsch",2011,"19 Thalkirchen - Obersendling - Forstenried - Fürstenried - Solln",208.2,17855,8574,NA,NA,NA,"Hauptwohnsitzbevölkerung (65 Jahre und älter) (deutsch)","Hauptwohnsitzbevölkerung (bis 14 Jahre) (deutsch)",NA,NA,NA
"Überalterungsquotient","deutsch",2011,"20 Hadern",184.4,9604,5208,NA,NA,NA,"Hauptwohnsitzbevölkerung (65 Jahre und älter) (deutsch)","Hauptwohnsitzbevölkerung (bis 14 Jahre) (deutsch)",NA,NA,NA
"Überalterungsquotient","deutsch",2011,"21 Pasing - Obermenzing",143.8,12199,8484,NA,NA,NA,"Hauptwohnsitzbevölkerung (65 Jahre und älter) (deutsch)","Hauptwohnsitzbevölkerung (bis 14 Jahre) (deutsch)",NA,NA,NA
"Überalterungsquotient","deutsch",2011,"22 Aubing - Lochhausen - Langwied",165.4,8013,4844,NA,NA,NA,"Hauptwohnsitzbevölkerung (65 Jahre und älter) (deutsch)","Hauptwohnsitzbevölkerung (bis 14 Jahre) (deutsch)",NA,NA,NA
"Überalterungsquotient","deutsch",2011,"23 Allach - Untermenzing",140,5425,3875,NA,NA,NA,"Hauptwohnsitzbevölkerung (65 Jahre und älter) (deutsch)","Hauptwohnsitzbevölkerung (bis 14 Jahre) (deutsch)",NA,NA,NA
"Überalterungsquotient","deutsch",2011,"24 Feldmoching - Hasenbergl",142.1,9848,6928,NA,NA,NA,"Hauptwohnsitzbevölkerung (65 Jahre und älter) (deutsch)","Hauptwohnsitzbevölkerung (bis 14 Jahre) (deutsch)",NA,NA,NA
"Überalterungsquotient","deutsch",2011,"25 Laim",203.9,9160,4493,NA,NA,NA,"Hauptwohnsitzbevölkerung (65 Jahre und älter) (deutsch)","Hauptwohnsitzbevölkerung (bis 14 Jahre) (deutsch)",NA,NA,NA
"Überalterungsquotient","deutsch",2010,"Stadt München",154.3,218456,141560,NA,NA,NA,"Hauptwohnsitzbevölkerung (65 Jahre und älter) (deutsch)","Hauptwohnsitzbevölkerung (bis 14 Jahre) (deutsch)",NA,NA,NA
"Überalterungsquotient","deutsch",2010,"01 Altstadt - Lehel",178.8,2802,1567,NA,NA,NA,"Hauptwohnsitzbevölkerung (65 Jahre und älter) (deutsch)","Hauptwohnsitzbevölkerung (bis 14 Jahre) (deutsch)",NA,NA,NA
"Überalterungsquotient","deutsch",2010,"02 Ludwigsvorstadt - Isarvorstadt",111.8,4169,3728,NA,NA,NA,"Hauptwohnsitzbevölkerung (65 Jahre und älter) (deutsch)","Hauptwohnsitzbevölkerung (bis 14 Jahre) (deutsch)",NA,NA,NA
"Überalterungsquotient","deutsch",2010,"03 Maxvorstadt",159.1,5029,3160,NA,NA,NA,"Hauptwohnsitzbevölkerung (65 Jahre und älter) (deutsch)","Hauptwohnsitzbevölkerung (bis 14 Jahre) (deutsch)",NA,NA,NA
"Überalterungsquotient","deutsch",2010,"04 Schwabing - West",172.1,9433,5482,NA,NA,NA,"Hauptwohnsitzbevölkerung (65 Jahre und älter) (deutsch)","Hauptwohnsitzbevölkerung (bis 14 Jahre) (deutsch)",NA,NA,NA
"Überalterungsquotient","deutsch",2010,"05 Au - Haidhausen",120.4,6629,5508,NA,NA,NA,"Hauptwohnsitzbevölkerung (65 Jahre und älter) (deutsch)","Hauptwohnsitzbevölkerung (bis 14 Jahre) (deutsch)",NA,NA,NA
"Überalterungsquotient","deutsch",2010,"06 Sendling",127.4,4591,3603,NA,NA,NA,"Hauptwohnsitzbevölkerung (65 Jahre und älter) (deutsch)","Hauptwohnsitzbevölkerung (bis 14 Jahre) (deutsch)",NA,NA,NA
"Überalterungsquotient","deutsch",2010,"07 Sendling - Westpark",186.5,9084,4872,NA,NA,NA,"Hauptwohnsitzbevölkerung (65 Jahre und älter) (deutsch)","Hauptwohnsitzbevölkerung (bis 14 Jahre) (deutsch)",NA,NA,NA
"Überalterungsquotient","deutsch",2010,"08 Schwanthalerhöhe",84.4,2305,2731,NA,NA,NA,"Hauptwohnsitzbevölkerung (65 Jahre und älter) (deutsch)","Hauptwohnsitzbevölkerung (bis 14 Jahre) (deutsch)",NA,NA,NA
"Überalterungsquotient","deutsch",2010,"09 Neuhausen - Nymphenburg",151.8,13213,8705,NA,NA,NA,"Hauptwohnsitzbevölkerung (65 Jahre und älter) (deutsch)","Hauptwohnsitzbevölkerung (bis 14 Jahre) (deutsch)",NA,NA,NA
"Überalterungsquotient","deutsch",2010,"10 Moosach",156.1,7868,5040,NA,NA,NA,"Hauptwohnsitzbevölkerung (65 Jahre und älter) (deutsch)","Hauptwohnsitzbevölkerung (bis 14 Jahre) (deutsch)",NA,NA,NA
"Überalterungsquotient","deutsch",2010,"11 Milbertshofen - Am Hart",130.2,8870,6813,NA,NA,NA,"Hauptwohnsitzbevölkerung (65 Jahre und älter) (deutsch)","Hauptwohnsitzbevölkerung (bis 14 Jahre) (deutsch)",NA,NA,NA
"Überalterungsquotient","deutsch",2010,"12 Schwabing - Freimann",151.2,9202,6086,NA,NA,NA,"Hauptwohnsitzbevölkerung (65 Jahre und älter) (deutsch)","Hauptwohnsitzbevölkerung (bis 14 Jahre) (deutsch)",NA,NA,NA
"Überalterungsquotient","deutsch",2010,"13 Bogenhausen",173,14629,8458,NA,NA,NA,"Hauptwohnsitzbevölkerung (65 Jahre und älter) (deutsch)","Hauptwohnsitzbevölkerung (bis 14 Jahre) (deutsch)",NA,NA,NA
"Überalterungsquotient","deutsch",2010,"14 Berg am Laim",164.7,6405,3890,NA,NA,NA,"Hauptwohnsitzbevölkerung (65 Jahre und älter) (deutsch)","Hauptwohnsitzbevölkerung (bis 14 Jahre) (deutsch)",NA,NA,NA
"Überalterungsquotient","deutsch",2010,"15 Trudering - Riem",87.2,8835,10130,NA,NA,NA,"Hauptwohnsitzbevölkerung (65 Jahre und älter) (deutsch)","Hauptwohnsitzbevölkerung (bis 14 Jahre) (deutsch)",NA,NA,NA
"Überalterungsquotient","deutsch",2010,"16 Ramersdorf - Perlach",156.3,17706,11326,NA,NA,NA,"Hauptwohnsitzbevölkerung (65 Jahre und älter) (deutsch)","Hauptwohnsitzbevölkerung (bis 14 Jahre) (deutsch)",NA,NA,NA
"Überalterungsquotient","deutsch",2010,"17 Obergiesing - Fasangarten",156.3,6754,4321,NA,NA,NA,"Hauptwohnsitzbevölkerung (65 Jahre und älter) (deutsch)","Hauptwohnsitzbevölkerung (bis 14 Jahre) (deutsch)",NA,NA,NA
"Überalterungsquotient","deutsch",2010,"18 Untergiesing - Harlaching",190.3,8979,4718,NA,NA,NA,"Hauptwohnsitzbevölkerung (65 Jahre und älter) (deutsch)","Hauptwohnsitzbevölkerung (bis 14 Jahre) (deutsch)",NA,NA,NA
"Überalterungsquotient","deutsch",2010,"19 Thalkirchen - Obersendling - Forstenried - Fürstenried - Solln",212,17713,8356,NA,NA,NA,"Hauptwohnsitzbevölkerung (65 Jahre und älter) (deutsch)","Hauptwohnsitzbevölkerung (bis 14 Jahre) (deutsch)",NA,NA,NA
"Überalterungsquotient","deutsch",2010,"20 Hadern",185.2,9549,5157,NA,NA,NA,"Hauptwohnsitzbevölkerung (65 Jahre und älter) (deutsch)","Hauptwohnsitzbevölkerung (bis 14 Jahre) (deutsch)",NA,NA,NA
"Überalterungsquotient","deutsch",2010,"21 Pasing - Obermenzing",147.5,12079,8187,NA,NA,NA,"Hauptwohnsitzbevölkerung (65 Jahre und älter) (deutsch)","Hauptwohnsitzbevölkerung (bis 14 Jahre) (deutsch)",NA,NA,NA
"Überalterungsquotient","deutsch",2010,"22 Aubing - Lochhausen - Langwied",169.3,7975,4711,NA,NA,NA,"Hauptwohnsitzbevölkerung (65 Jahre und älter) (deutsch)","Hauptwohnsitzbevölkerung (bis 14 Jahre) (deutsch)",NA,NA,NA
"Überalterungsquotient","deutsch",2010,"23 Allach - Untermenzing",143.5,5439,3789,NA,NA,NA,"Hauptwohnsitzbevölkerung (65 Jahre und älter) (deutsch)","Hauptwohnsitzbevölkerung (bis 14 Jahre) (deutsch)",NA,NA,NA
"Überalterungsquotient","deutsch",2010,"24 Feldmoching - Hasenbergl",145.5,9918,6816,NA,NA,NA,"Hauptwohnsitzbevölkerung (65 Jahre und älter) (deutsch)","Hauptwohnsitzbevölkerung (bis 14 Jahre) (deutsch)",NA,NA,NA
"Überalterungsquotient","deutsch",2010,"25 Laim",210.6,9280,4406,NA,NA,NA,"Hauptwohnsitzbevölkerung (65 Jahre und älter) (deutsch)","Hauptwohnsitzbevölkerung (bis 14 Jahre) (deutsch)",NA,NA,NA
"Überalterungsquotient","insgesamt",2024,"Stadt München",130.7,272079,208111,NA,NA,NA,"Hauptwohnsitzbevölkerung (65 Jahre und älter) (insgesamt)","Hauptwohnsitzbevölkerung (bis 14 Jahre) (insgesamt)",NA,NA,NA
"Überalterungsquotient","insgesamt",2024,"01 Altstadt - Lehel",159.3,3346,2101,NA,NA,NA,"Hauptwohnsitzbevölkerung (65 Jahre und älter) (insgesamt)","Hauptwohnsitzbevölkerung (bis 14 Jahre) (insgesamt)",NA,NA,NA
"Überalterungsquotient","insgesamt",2024,"02 Ludwigsvorstadt - Isarvorstadt",126.5,6068,4796,NA,NA,NA,"Hauptwohnsitzbevölkerung (65 Jahre und älter) (insgesamt)","Hauptwohnsitzbevölkerung (bis 14 Jahre) (insgesamt)",NA,NA,NA
"Überalterungsquotient","insgesamt",2024,"03 Maxvorstadt",139.8,6317,4517,NA,NA,NA,"Hauptwohnsitzbevölkerung (65 Jahre und älter) (insgesamt)","Hauptwohnsitzbevölkerung (bis 14 Jahre) (insgesamt)",NA,NA,NA
"Überalterungsquotient","insgesamt",2024,"04 Schwabing - West",162.1,11498,7094,NA,NA,NA,"Hauptwohnsitzbevölkerung (65 Jahre und älter) (insgesamt)","Hauptwohnsitzbevölkerung (bis 14 Jahre) (insgesamt)",NA,NA,NA
"Überalterungsquotient","insgesamt",2024,"05 Au - Haidhausen",120.1,9253,7702,NA,NA,NA,"Hauptwohnsitzbevölkerung (65 Jahre und älter) (insgesamt)","Hauptwohnsitzbevölkerung (bis 14 Jahre) (insgesamt)",NA,NA,NA
"Überalterungsquotient","insgesamt",2024,"06 Sendling",133.1,6091,4575,NA,NA,NA,"Hauptwohnsitzbevölkerung (65 Jahre und älter) (insgesamt)","Hauptwohnsitzbevölkerung (bis 14 Jahre) (insgesamt)",NA,NA,NA
"Überalterungsquotient","insgesamt",2024,"07 Sendling - Westpark",139.1,10898,7834,NA,NA,NA,"Hauptwohnsitzbevölkerung (65 Jahre und älter) (insgesamt)","Hauptwohnsitzbevölkerung (bis 14 Jahre) (insgesamt)",NA,NA,NA
"Überalterungsquotient","insgesamt",2024,"08 Schwanthalerhöhe",121.4,3752,3090,NA,NA,NA,"Hauptwohnsitzbevölkerung (65 Jahre und älter) (insgesamt)","Hauptwohnsitzbevölkerung (bis 14 Jahre) (insgesamt)",NA,NA,NA
"Überalterungsquotient","insgesamt",2024,"09 Neuhausen - Nymphenburg",132.8,17128,12902,NA,NA,NA,"Hauptwohnsitzbevölkerung (65 Jahre und älter) (insgesamt)","Hauptwohnsitzbevölkerung (bis 14 Jahre) (insgesamt)",NA,NA,NA
"Überalterungsquotient","insgesamt",2024,"10 Moosach",135.7,10013,7380,NA,NA,NA,"Hauptwohnsitzbevölkerung (65 Jahre und älter) (insgesamt)","Hauptwohnsitzbevölkerung (bis 14 Jahre) (insgesamt)",NA,NA,NA
"Überalterungsquotient","insgesamt",2024,"11 Milbertshofen - Am Hart",121.1,11791,9736,NA,NA,NA,"Hauptwohnsitzbevölkerung (65 Jahre und älter) (insgesamt)","Hauptwohnsitzbevölkerung (bis 14 Jahre) (insgesamt)",NA,NA,NA
"Überalterungsquotient","insgesamt",2024,"12 Schwabing - Freimann",132.5,12330,9308,NA,NA,NA,"Hauptwohnsitzbevölkerung (65 Jahre und älter) (insgesamt)","Hauptwohnsitzbevölkerung (bis 14 Jahre) (insgesamt)",NA,NA,NA
"Überalterungsquotient","insgesamt",2024,"13 Bogenhausen",133.4,18288,13714,NA,NA,NA,"Hauptwohnsitzbevölkerung (65 Jahre und älter) (insgesamt)","Hauptwohnsitzbevölkerung (bis 14 Jahre) (insgesamt)",NA,NA,NA
"Überalterungsquotient","insgesamt",2024,"14 Berg am Laim",124.2,7973,6417,NA,NA,NA,"Hauptwohnsitzbevölkerung (65 Jahre und älter) (insgesamt)","Hauptwohnsitzbevölkerung (bis 14 Jahre) (insgesamt)",NA,NA,NA
"Überalterungsquotient","insgesamt",2024,"15 Trudering - Riem",103.5,12201,11791,NA,NA,NA,"Hauptwohnsitzbevölkerung (65 Jahre und älter) (insgesamt)","Hauptwohnsitzbevölkerung (bis 14 Jahre) (insgesamt)",NA,NA,NA
"Überalterungsquotient","insgesamt",2024,"16 Ramersdorf - Perlach",135.5,23394,17260,NA,NA,NA,"Hauptwohnsitzbevölkerung (65 Jahre und älter) (insgesamt)","Hauptwohnsitzbevölkerung (bis 14 Jahre) (insgesamt)",NA,NA,NA
"Überalterungsquotient","insgesamt",2024,"17 Obergiesing - Fasangarten",129.7,8351,6440,NA,NA,NA,"Hauptwohnsitzbevölkerung (65 Jahre und älter) (insgesamt)","Hauptwohnsitzbevölkerung (bis 14 Jahre) (insgesamt)",NA,NA,NA
"Überalterungsquotient","insgesamt",2024,"18 Untergiesing - Harlaching",160.2,10196,6364,NA,NA,NA,"Hauptwohnsitzbevölkerung (65 Jahre und älter) (insgesamt)","Hauptwohnsitzbevölkerung (bis 14 Jahre) (insgesamt)",NA,NA,NA
"Überalterungsquotient","insgesamt",2024,"19 Thalkirchen - Obersendling - Forstenried - Fürstenried - Solln",142.8,19864,13906,NA,NA,NA,"Hauptwohnsitzbevölkerung (65 Jahre und älter) (insgesamt)","Hauptwohnsitzbevölkerung (bis 14 Jahre) (insgesamt)",NA,NA,NA
"Überalterungsquotient","insgesamt",2024,"20 Hadern",164.4,10752,6542,NA,NA,NA,"Hauptwohnsitzbevölkerung (65 Jahre und älter) (insgesamt)","Hauptwohnsitzbevölkerung (bis 14 Jahre) (insgesamt)",NA,NA,NA
"Überalterungsquotient","insgesamt",2024,"21 Pasing - Obermenzing",126.3,15043,11912,NA,NA,NA,"Hauptwohnsitzbevölkerung (65 Jahre und älter) (insgesamt)","Hauptwohnsitzbevölkerung (bis 14 Jahre) (insgesamt)",NA,NA,NA
"Überalterungsquotient","insgesamt",2024,"22 Aubing - Lochhausen - Langwied",84.5,9428,11152,NA,NA,NA,"Hauptwohnsitzbevölkerung (65 Jahre und älter) (insgesamt)","Hauptwohnsitzbevölkerung (bis 14 Jahre) (insgesamt)",NA,NA,NA
"Überalterungsquotient","insgesamt",2024,"23 Allach - Untermenzing",110.6,6371,5759,NA,NA,NA,"Hauptwohnsitzbevölkerung (65 Jahre und älter) (insgesamt)","Hauptwohnsitzbevölkerung (bis 14 Jahre) (insgesamt)",NA,NA,NA
"Überalterungsquotient","insgesamt",2024,"24 Feldmoching - Hasenbergl",118.8,11321,9531,NA,NA,NA,"Hauptwohnsitzbevölkerung (65 Jahre und älter) (insgesamt)","Hauptwohnsitzbevölkerung (bis 14 Jahre) (insgesamt)",NA,NA,NA
"Überalterungsquotient","insgesamt",2024,"25 Laim",165.6,10412,6288,NA,NA,NA,"Hauptwohnsitzbevölkerung (65 Jahre und älter) (insgesamt)","Hauptwohnsitzbevölkerung (bis 14 Jahre) (insgesamt)",NA,NA,NA
"Überalterungsquotient","insgesamt",2023,"Stadt München",129.3,269881,208654,NA,NA,NA,"Hauptwohnsitzbevölkerung (65 Jahre und älter) (insgesamt)","Hauptwohnsitzbevölkerung (bis 14 Jahre) (insgesamt)",NA,NA,NA
"Überalterungsquotient","insgesamt",2023,"01 Altstadt - Lehel",157.4,3339,2122,NA,NA,NA,"Hauptwohnsitzbevölkerung (65 Jahre und älter) (insgesamt)","Hauptwohnsitzbevölkerung (bis 14 Jahre) (insgesamt)",NA,NA,NA
"Überalterungsquotient","insgesamt",2023,"02 Ludwigsvorstadt - Isarvorstadt",119.2,5924,4971,NA,NA,NA,"Hauptwohnsitzbevölkerung (65 Jahre und älter) (insgesamt)","Hauptwohnsitzbevölkerung (bis 14 Jahre) (insgesamt)",NA,NA,NA
"Überalterungsquotient","insgesamt",2023,"03 Maxvorstadt",139.8,6323,4524,NA,NA,NA,"Hauptwohnsitzbevölkerung (65 Jahre und älter) (insgesamt)","Hauptwohnsitzbevölkerung (bis 14 Jahre) (insgesamt)",NA,NA,NA
"Überalterungsquotient","insgesamt",2023,"04 Schwabing - West",159.2,11494,7218,NA,NA,NA,"Hauptwohnsitzbevölkerung (65 Jahre und älter) (insgesamt)","Hauptwohnsitzbevölkerung (bis 14 Jahre) (insgesamt)",NA,NA,NA
"Überalterungsquotient","insgesamt",2023,"05 Au - Haidhausen",117.8,9101,7726,NA,NA,NA,"Hauptwohnsitzbevölkerung (65 Jahre und älter) (insgesamt)","Hauptwohnsitzbevölkerung (bis 14 Jahre) (insgesamt)",NA,NA,NA
"Überalterungsquotient","insgesamt",2023,"06 Sendling",131.5,5992,4555,NA,NA,NA,"Hauptwohnsitzbevölkerung (65 Jahre und älter) (insgesamt)","Hauptwohnsitzbevölkerung (bis 14 Jahre) (insgesamt)",NA,NA,NA
"Überalterungsquotient","insgesamt",2023,"07 Sendling - Westpark",137.2,10893,7938,NA,NA,NA,"Hauptwohnsitzbevölkerung (65 Jahre und älter) (insgesamt)","Hauptwohnsitzbevölkerung (bis 14 Jahre) (insgesamt)",NA,NA,NA
"Überalterungsquotient","insgesamt",2023,"08 Schwanthalerhöhe",115.9,3691,3184,NA,NA,NA,"Hauptwohnsitzbevölkerung (65 Jahre und älter) (insgesamt)","Hauptwohnsitzbevölkerung (bis 14 Jahre) (insgesamt)",NA,NA,NA
"Überalterungsquotient","insgesamt",2023,"09 Neuhausen - Nymphenburg",133.6,16906,12650,NA,NA,NA,"Hauptwohnsitzbevölkerung (65 Jahre und älter) (insgesamt)","Hauptwohnsitzbevölkerung (bis 14 Jahre) (insgesamt)",NA,NA,NA
"Überalterungsquotient","insgesamt",2023,"10 Moosach",133.6,9931,7433,NA,NA,NA,"Hauptwohnsitzbevölkerung (65 Jahre und älter) (insgesamt)","Hauptwohnsitzbevölkerung (bis 14 Jahre) (insgesamt)",NA,NA,NA
"Überalterungsquotient","insgesamt",2023,"11 Milbertshofen - Am Hart",117.8,11667,9903,NA,NA,NA,"Hauptwohnsitzbevölkerung (65 Jahre und älter) (insgesamt)","Hauptwohnsitzbevölkerung (bis 14 Jahre) (insgesamt)",NA,NA,NA
"Überalterungsquotient","insgesamt",2023,"12 Schwabing - Freimann",126.9,12189,9604,NA,NA,NA,"Hauptwohnsitzbevölkerung (65 Jahre und älter) (insgesamt)","Hauptwohnsitzbevölkerung (bis 14 Jahre) (insgesamt)",NA,NA,NA
"Überalterungsquotient","insgesamt",2023,"13 Bogenhausen",133.4,18127,13591,NA,NA,NA,"Hauptwohnsitzbevölkerung (65 Jahre und älter) (insgesamt)","Hauptwohnsitzbevölkerung (bis 14 Jahre) (insgesamt)",NA,NA,NA
"Überalterungsquotient","insgesamt",2023,"14 Berg am Laim",122,7898,6475,NA,NA,NA,"Hauptwohnsitzbevölkerung (65 Jahre und älter) (insgesamt)","Hauptwohnsitzbevölkerung (bis 14 Jahre) (insgesamt)",NA,NA,NA
"Überalterungsquotient","insgesamt",2023,"15 Trudering - Riem",99.4,12009,12082,NA,NA,NA,"Hauptwohnsitzbevölkerung (65 Jahre und älter) (insgesamt)","Hauptwohnsitzbevölkerung (bis 14 Jahre) (insgesamt)",NA,NA,NA
"Überalterungsquotient","insgesamt",2023,"16 Ramersdorf - Perlach",133.3,23222,17424,NA,NA,NA,"Hauptwohnsitzbevölkerung (65 Jahre und älter) (insgesamt)","Hauptwohnsitzbevölkerung (bis 14 Jahre) (insgesamt)",NA,NA,NA
"Überalterungsquotient","insgesamt",2023,"17 Obergiesing - Fasangarten",130.1,8281,6364,NA,NA,NA,"Hauptwohnsitzbevölkerung (65 Jahre und älter) (insgesamt)","Hauptwohnsitzbevölkerung (bis 14 Jahre) (insgesamt)",NA,NA,NA
"Überalterungsquotient","insgesamt",2023,"18 Untergiesing - Harlaching",158.1,10105,6390,NA,NA,NA,"Hauptwohnsitzbevölkerung (65 Jahre und älter) (insgesamt)","Hauptwohnsitzbevölkerung (bis 14 Jahre) (insgesamt)",NA,NA,NA
"Überalterungsquotient","insgesamt",2023,"19 Thalkirchen - Obersendling - Forstenried - Fürstenried - Solln",142.5,19828,13916,NA,NA,NA,"Hauptwohnsitzbevölkerung (65 Jahre und älter) (insgesamt)","Hauptwohnsitzbevölkerung (bis 14 Jahre) (insgesamt)",NA,NA,NA
"Überalterungsquotient","insgesamt",2023,"20 Hadern",163.1,10754,6594,NA,NA,NA,"Hauptwohnsitzbevölkerung (65 Jahre und älter) (insgesamt)","Hauptwohnsitzbevölkerung (bis 14 Jahre) (insgesamt)",NA,NA,NA
"Überalterungsquotient","insgesamt",2023,"21 Pasing - Obermenzing",123.6,14900,12051,NA,NA,NA,"Hauptwohnsitzbevölkerung (65 Jahre und älter) (insgesamt)","Hauptwohnsitzbevölkerung (bis 14 Jahre) (insgesamt)",NA,NA,NA
"Überalterungsquotient","insgesamt",2023,"22 Aubing - Lochhausen - Langwied",91.6,9351,10203,NA,NA,NA,"Hauptwohnsitzbevölkerung (65 Jahre und älter) (insgesamt)","Hauptwohnsitzbevölkerung (bis 14 Jahre) (insgesamt)",NA,NA,NA
"Überalterungsquotient","insgesamt",2023,"23 Allach - Untermenzing",107.7,6296,5847,NA,NA,NA,"Hauptwohnsitzbevölkerung (65 Jahre und älter) (insgesamt)","Hauptwohnsitzbevölkerung (bis 14 Jahre) (insgesamt)",NA,NA,NA
"Überalterungsquotient","insgesamt",2023,"24 Feldmoching - Hasenbergl",118.6,11328,9551,NA,NA,NA,"Hauptwohnsitzbevölkerung (65 Jahre und älter) (insgesamt)","Hauptwohnsitzbevölkerung (bis 14 Jahre) (insgesamt)",NA,NA,NA
"Überalterungsquotient","insgesamt",2023,"25 Laim",163,10332,6338,NA,NA,NA,"Hauptwohnsitzbevölkerung (65 Jahre und älter) (insgesamt)","Hauptwohnsitzbevölkerung (bis 14 Jahre) (insgesamt)",NA,NA,NA
"Überalterungsquotient","insgesamt",2022,"Stadt München",128,268729,209946,NA,NA,NA,"Hauptwohnsitzbevölkerung (65 Jahre und älter) (insgesamt)","Hauptwohnsitzbevölkerung (bis 14 Jahre) (insgesamt)",NA,NA,NA
"Überalterungsquotient","insgesamt",2022,"01 Altstadt - Lehel",155.1,3340,2154,NA,NA,NA,"Hauptwohnsitzbevölkerung (65 Jahre und älter) (insgesamt)","Hauptwohnsitzbevölkerung (bis 14 Jahre) (insgesamt)",NA,NA,NA
"Überalterungsquotient","insgesamt",2022,"02 Ludwigsvorstadt - Isarvorstadt",113.9,5924,5199,NA,NA,NA,"Hauptwohnsitzbevölkerung (65 Jahre und älter) (insgesamt)","Hauptwohnsitzbevölkerung (bis 14 Jahre) (insgesamt)",NA,NA,NA
"Überalterungsquotient","insgesamt",2022,"03 Maxvorstadt",137.8,6317,4584,NA,NA,NA,"Hauptwohnsitzbevölkerung (65 Jahre und älter) (insgesamt)","Hauptwohnsitzbevölkerung (bis 14 Jahre) (insgesamt)",NA,NA,NA
"Überalterungsquotient","insgesamt",2022,"04 Schwabing - West",156.2,11529,7379,NA,NA,NA,"Hauptwohnsitzbevölkerung (65 Jahre und älter) (insgesamt)","Hauptwohnsitzbevölkerung (bis 14 Jahre) (insgesamt)",NA,NA,NA
"Überalterungsquotient","insgesamt",2022,"05 Au - Haidhausen",116.3,9033,7764,NA,NA,NA,"Hauptwohnsitzbevölkerung (65 Jahre und älter) (insgesamt)","Hauptwohnsitzbevölkerung (bis 14 Jahre) (insgesamt)",NA,NA,NA
"Überalterungsquotient","insgesamt",2022,"06 Sendling",127.6,5922,4642,NA,NA,NA,"Hauptwohnsitzbevölkerung (65 Jahre und älter) (insgesamt)","Hauptwohnsitzbevölkerung (bis 14 Jahre) (insgesamt)",NA,NA,NA
"Überalterungsquotient","insgesamt",2022,"07 Sendling - Westpark",134.7,10776,7998,NA,NA,NA,"Hauptwohnsitzbevölkerung (65 Jahre und älter) (insgesamt)","Hauptwohnsitzbevölkerung (bis 14 Jahre) (insgesamt)",NA,NA,NA
"Überalterungsquotient","insgesamt",2022,"08 Schwanthalerhöhe",108.5,3648,3361,NA,NA,NA,"Hauptwohnsitzbevölkerung (65 Jahre und älter) (insgesamt)","Hauptwohnsitzbevölkerung (bis 14 Jahre) (insgesamt)",NA,NA,NA
"Überalterungsquotient","insgesamt",2022,"09 Neuhausen - Nymphenburg",131.4,16807,12788,NA,NA,NA,"Hauptwohnsitzbevölkerung (65 Jahre und älter) (insgesamt)","Hauptwohnsitzbevölkerung (bis 14 Jahre) (insgesamt)",NA,NA,NA
"Überalterungsquotient","insgesamt",2022,"10 Moosach",133,9906,7447,NA,NA,NA,"Hauptwohnsitzbevölkerung (65 Jahre und älter) (insgesamt)","Hauptwohnsitzbevölkerung (bis 14 Jahre) (insgesamt)",NA,NA,NA
"Überalterungsquotient","insgesamt",2022,"11 Milbertshofen - Am Hart",117,11624,9936,NA,NA,NA,"Hauptwohnsitzbevölkerung (65 Jahre und älter) (insgesamt)","Hauptwohnsitzbevölkerung (bis 14 Jahre) (insgesamt)",NA,NA,NA
"Überalterungsquotient","insgesamt",2022,"12 Schwabing - Freimann",120.1,12086,10060,NA,NA,NA,"Hauptwohnsitzbevölkerung (65 Jahre und älter) (insgesamt)","Hauptwohnsitzbevölkerung (bis 14 Jahre) (insgesamt)",NA,NA,NA
"Überalterungsquotient","insgesamt",2022,"13 Bogenhausen",132.1,18080,13685,NA,NA,NA,"Hauptwohnsitzbevölkerung (65 Jahre und älter) (insgesamt)","Hauptwohnsitzbevölkerung (bis 14 Jahre) (insgesamt)",NA,NA,NA
"Überalterungsquotient","insgesamt",2022,"14 Berg am Laim",119.6,7849,6565,NA,NA,NA,"Hauptwohnsitzbevölkerung (65 Jahre und älter) (insgesamt)","Hauptwohnsitzbevölkerung (bis 14 Jahre) (insgesamt)",NA,NA,NA
"Überalterungsquotient","insgesamt",2022,"15 Trudering - Riem",95.8,11861,12387,NA,NA,NA,"Hauptwohnsitzbevölkerung (65 Jahre und älter) (insgesamt)","Hauptwohnsitzbevölkerung (bis 14 Jahre) (insgesamt)",NA,NA,NA
"Überalterungsquotient","insgesamt",2022,"16 Ramersdorf - Perlach",133.1,23143,17389,NA,NA,NA,"Hauptwohnsitzbevölkerung (65 Jahre und älter) (insgesamt)","Hauptwohnsitzbevölkerung (bis 14 Jahre) (insgesamt)",NA,NA,NA
"Überalterungsquotient","insgesamt",2022,"17 Obergiesing - Fasangarten",127.5,8193,6426,NA,NA,NA,"Hauptwohnsitzbevölkerung (65 Jahre und älter) (insgesamt)","Hauptwohnsitzbevölkerung (bis 14 Jahre) (insgesamt)",NA,NA,NA
"Überalterungsquotient","insgesamt",2022,"18 Untergiesing - Harlaching",155.3,10087,6494,NA,NA,NA,"Hauptwohnsitzbevölkerung (65 Jahre und älter) (insgesamt)","Hauptwohnsitzbevölkerung (bis 14 Jahre) (insgesamt)",NA,NA,NA
"Überalterungsquotient","insgesamt",2022,"19 Thalkirchen - Obersendling - Forstenried - Fürstenried - Solln",144.3,19919,13801,NA,NA,NA,"Hauptwohnsitzbevölkerung (65 Jahre und älter) (insgesamt)","Hauptwohnsitzbevölkerung (bis 14 Jahre) (insgesamt)",NA,NA,NA
"Überalterungsquotient","insgesamt",2022,"20 Hadern",162.2,10727,6614,NA,NA,NA,"Hauptwohnsitzbevölkerung (65 Jahre und älter) (insgesamt)","Hauptwohnsitzbevölkerung (bis 14 Jahre) (insgesamt)",NA,NA,NA
"Überalterungsquotient","insgesamt",2022,"21 Pasing - Obermenzing",125,14852,11879,NA,NA,NA,"Hauptwohnsitzbevölkerung (65 Jahre und älter) (insgesamt)","Hauptwohnsitzbevölkerung (bis 14 Jahre) (insgesamt)",NA,NA,NA
"Überalterungsquotient","insgesamt",2022,"22 Aubing - Lochhausen - Langwied",98.6,9246,9381,NA,NA,NA,"Hauptwohnsitzbevölkerung (65 Jahre und älter) (insgesamt)","Hauptwohnsitzbevölkerung (bis 14 Jahre) (insgesamt)",NA,NA,NA
"Überalterungsquotient","insgesamt",2022,"23 Allach - Untermenzing",105.4,6283,5961,NA,NA,NA,"Hauptwohnsitzbevölkerung (65 Jahre und älter) (insgesamt)","Hauptwohnsitzbevölkerung (bis 14 Jahre) (insgesamt)",NA,NA,NA
"Überalterungsquotient","insgesamt",2022,"24 Feldmoching - Hasenbergl",116.9,11237,9611,NA,NA,NA,"Hauptwohnsitzbevölkerung (65 Jahre und älter) (insgesamt)","Hauptwohnsitzbevölkerung (bis 14 Jahre) (insgesamt)",NA,NA,NA
"Überalterungsquotient","insgesamt",2022,"25 Laim",160.5,10340,6441,NA,NA,NA,"Hauptwohnsitzbevölkerung (65 Jahre und älter) (insgesamt)","Hauptwohnsitzbevölkerung (bis 14 Jahre) (insgesamt)",NA,NA,NA
"Überalterungsquotient","insgesamt",2021,"Stadt München",129.9,267692,206111,NA,NA,NA,"Hauptwohnsitzbevölkerung (65 Jahre und älter) (insgesamt)","Hauptwohnsitzbevölkerung (bis 14 Jahre) (insgesamt)",NA,NA,NA
"Überalterungsquotient","insgesamt",2021,"01 Altstadt - Lehel",158.5,3359,2119,NA,NA,NA,"Hauptwohnsitzbevölkerung (65 Jahre und älter) (insgesamt)","Hauptwohnsitzbevölkerung (bis 14 Jahre) (insgesamt)",NA,NA,NA
"Überalterungsquotient","insgesamt",2021,"02 Ludwigsvorstadt - Isarvorstadt",113.1,5911,5225,NA,NA,NA,"Hauptwohnsitzbevölkerung (65 Jahre und älter) (insgesamt)","Hauptwohnsitzbevölkerung (bis 14 Jahre) (insgesamt)",NA,NA,NA
"Überalterungsquotient","insgesamt",2021,"03 Maxvorstadt",139.4,6209,4453,NA,NA,NA,"Hauptwohnsitzbevölkerung (65 Jahre und älter) (insgesamt)","Hauptwohnsitzbevölkerung (bis 14 Jahre) (insgesamt)",NA,NA,NA
"Überalterungsquotient","insgesamt",2021,"04 Schwabing - West",153.7,11510,7488,NA,NA,NA,"Hauptwohnsitzbevölkerung (65 Jahre und älter) (insgesamt)","Hauptwohnsitzbevölkerung (bis 14 Jahre) (insgesamt)",NA,NA,NA
"Überalterungsquotient","insgesamt",2021,"05 Au - Haidhausen",116.1,8870,7640,NA,NA,NA,"Hauptwohnsitzbevölkerung (65 Jahre und älter) (insgesamt)","Hauptwohnsitzbevölkerung (bis 14 Jahre) (insgesamt)",NA,NA,NA
"Überalterungsquotient","insgesamt",2021,"06 Sendling",128,5935,4636,NA,NA,NA,"Hauptwohnsitzbevölkerung (65 Jahre und älter) (insgesamt)","Hauptwohnsitzbevölkerung (bis 14 Jahre) (insgesamt)",NA,NA,NA
"Überalterungsquotient","insgesamt",2021,"07 Sendling - Westpark",138,10775,7806,NA,NA,NA,"Hauptwohnsitzbevölkerung (65 Jahre und älter) (insgesamt)","Hauptwohnsitzbevölkerung (bis 14 Jahre) (insgesamt)",NA,NA,NA
"Überalterungsquotient","insgesamt",2021,"08 Schwanthalerhöhe",106.3,3655,3437,NA,NA,NA,"Hauptwohnsitzbevölkerung (65 Jahre und älter) (insgesamt)","Hauptwohnsitzbevölkerung (bis 14 Jahre) (insgesamt)",NA,NA,NA
"Überalterungsquotient","insgesamt",2021,"09 Neuhausen - Nymphenburg",132.1,16733,12664,NA,NA,NA,"Hauptwohnsitzbevölkerung (65 Jahre und älter) (insgesamt)","Hauptwohnsitzbevölkerung (bis 14 Jahre) (insgesamt)",NA,NA,NA
"Überalterungsquotient","insgesamt",2021,"10 Moosach",135.3,9863,7291,NA,NA,NA,"Hauptwohnsitzbevölkerung (65 Jahre und älter) (insgesamt)","Hauptwohnsitzbevölkerung (bis 14 Jahre) (insgesamt)",NA,NA,NA
"Überalterungsquotient","insgesamt",2021,"11 Milbertshofen - Am Hart",119.9,11617,9691,NA,NA,NA,"Hauptwohnsitzbevölkerung (65 Jahre und älter) (insgesamt)","Hauptwohnsitzbevölkerung (bis 14 Jahre) (insgesamt)",NA,NA,NA
"Überalterungsquotient","insgesamt",2021,"12 Schwabing - Freimann",118.6,11970,10092,NA,NA,NA,"Hauptwohnsitzbevölkerung (65 Jahre und älter) (insgesamt)","Hauptwohnsitzbevölkerung (bis 14 Jahre) (insgesamt)",NA,NA,NA
"Überalterungsquotient","insgesamt",2021,"13 Bogenhausen",135.5,18034,13310,NA,NA,NA,"Hauptwohnsitzbevölkerung (65 Jahre und älter) (insgesamt)","Hauptwohnsitzbevölkerung (bis 14 Jahre) (insgesamt)",NA,NA,NA
"Überalterungsquotient","insgesamt",2021,"14 Berg am Laim",120,7833,6526,NA,NA,NA,"Hauptwohnsitzbevölkerung (65 Jahre und älter) (insgesamt)","Hauptwohnsitzbevölkerung (bis 14 Jahre) (insgesamt)",NA,NA,NA
"Überalterungsquotient","insgesamt",2021,"15 Trudering - Riem",93.6,11622,12419,NA,NA,NA,"Hauptwohnsitzbevölkerung (65 Jahre und älter) (insgesamt)","Hauptwohnsitzbevölkerung (bis 14 Jahre) (insgesamt)",NA,NA,NA
"Überalterungsquotient","insgesamt",2021,"16 Ramersdorf - Perlach",135.1,23091,17087,NA,NA,NA,"Hauptwohnsitzbevölkerung (65 Jahre und älter) (insgesamt)","Hauptwohnsitzbevölkerung (bis 14 Jahre) (insgesamt)",NA,NA,NA
"Überalterungsquotient","insgesamt",2021,"17 Obergiesing - Fasangarten",125.1,8159,6520,NA,NA,NA,"Hauptwohnsitzbevölkerung (65 Jahre und älter) (insgesamt)","Hauptwohnsitzbevölkerung (bis 14 Jahre) (insgesamt)",NA,NA,NA
"Überalterungsquotient","insgesamt",2021,"18 Untergiesing - Harlaching",159.7,10030,6282,NA,NA,NA,"Hauptwohnsitzbevölkerung (65 Jahre und älter) (insgesamt)","Hauptwohnsitzbevölkerung (bis 14 Jahre) (insgesamt)",NA,NA,NA
"Überalterungsquotient","insgesamt",2021,"19 Thalkirchen - Obersendling - Forstenried - Fürstenried - Solln",148.4,19930,13430,NA,NA,NA,"Hauptwohnsitzbevölkerung (65 Jahre und älter) (insgesamt)","Hauptwohnsitzbevölkerung (bis 14 Jahre) (insgesamt)",NA,NA,NA
"Überalterungsquotient","insgesamt",2021,"20 Hadern",169.8,10792,6356,NA,NA,NA,"Hauptwohnsitzbevölkerung (65 Jahre und älter) (insgesamt)","Hauptwohnsitzbevölkerung (bis 14 Jahre) (insgesamt)",NA,NA,NA
"Überalterungsquotient","insgesamt",2021,"21 Pasing - Obermenzing",127.3,14705,11548,NA,NA,NA,"Hauptwohnsitzbevölkerung (65 Jahre und älter) (insgesamt)","Hauptwohnsitzbevölkerung (bis 14 Jahre) (insgesamt)",NA,NA,NA
"Überalterungsquotient","insgesamt",2021,"22 Aubing - Lochhausen - Langwied",105.9,9221,8710,NA,NA,NA,"Hauptwohnsitzbevölkerung (65 Jahre und älter) (insgesamt)","Hauptwohnsitzbevölkerung (bis 14 Jahre) (insgesamt)",NA,NA,NA
"Überalterungsquotient","insgesamt",2021,"23 Allach - Untermenzing",112.5,6260,5563,NA,NA,NA,"Hauptwohnsitzbevölkerung (65 Jahre und älter) (insgesamt)","Hauptwohnsitzbevölkerung (bis 14 Jahre) (insgesamt)",NA,NA,NA
"Überalterungsquotient","insgesamt",2021,"24 Feldmoching - Hasenbergl",118.1,11231,9509,NA,NA,NA,"Hauptwohnsitzbevölkerung (65 Jahre und älter) (insgesamt)","Hauptwohnsitzbevölkerung (bis 14 Jahre) (insgesamt)",NA,NA,NA
"Überalterungsquotient","insgesamt",2021,"25 Laim",164.5,10377,6309,NA,NA,NA,"Hauptwohnsitzbevölkerung (65 Jahre und älter) (insgesamt)","Hauptwohnsitzbevölkerung (bis 14 Jahre) (insgesamt)",NA,NA,NA
"Überalterungsquotient","insgesamt",2020,"Stadt München",131.5,268766,204456,NA,NA,NA,"Hauptwohnsitzbevölkerung (65 Jahre und älter) (insgesamt)","Hauptwohnsitzbevölkerung (bis 14 Jahre) (insgesamt)",NA,NA,NA
"Überalterungsquotient","insgesamt",2020,"01 Altstadt - Lehel",157.2,3408,2168,NA,NA,NA,"Hauptwohnsitzbevölkerung (65 Jahre und älter) (insgesamt)","Hauptwohnsitzbevölkerung (bis 14 Jahre) (insgesamt)",NA,NA,NA
"Überalterungsquotient","insgesamt",2020,"02 Ludwigsvorstadt - Isarvorstadt",111.7,5922,5303,NA,NA,NA,"Hauptwohnsitzbevölkerung (65 Jahre und älter) (insgesamt)","Hauptwohnsitzbevölkerung (bis 14 Jahre) (insgesamt)",NA,NA,NA
"Überalterungsquotient","insgesamt",2020,"03 Maxvorstadt",140.4,6275,4468,NA,NA,NA,"Hauptwohnsitzbevölkerung (65 Jahre und älter) (insgesamt)","Hauptwohnsitzbevölkerung (bis 14 Jahre) (insgesamt)",NA,NA,NA
"Überalterungsquotient","insgesamt",2020,"04 Schwabing - West",152.5,11606,7610,NA,NA,NA,"Hauptwohnsitzbevölkerung (65 Jahre und älter) (insgesamt)","Hauptwohnsitzbevölkerung (bis 14 Jahre) (insgesamt)",NA,NA,NA
"Überalterungsquotient","insgesamt",2020,"05 Au - Haidhausen",116.5,8894,7633,NA,NA,NA,"Hauptwohnsitzbevölkerung (65 Jahre und älter) (insgesamt)","Hauptwohnsitzbevölkerung (bis 14 Jahre) (insgesamt)",NA,NA,NA
"Überalterungsquotient","insgesamt",2020,"06 Sendling",128.3,5947,4634,NA,NA,NA,"Hauptwohnsitzbevölkerung (65 Jahre und älter) (insgesamt)","Hauptwohnsitzbevölkerung (bis 14 Jahre) (insgesamt)",NA,NA,NA
"Überalterungsquotient","insgesamt",2020,"07 Sendling - Westpark",139,10829,7791,NA,NA,NA,"Hauptwohnsitzbevölkerung (65 Jahre und älter) (insgesamt)","Hauptwohnsitzbevölkerung (bis 14 Jahre) (insgesamt)",NA,NA,NA
"Überalterungsquotient","insgesamt",2020,"08 Schwanthalerhöhe",104.6,3660,3498,NA,NA,NA,"Hauptwohnsitzbevölkerung (65 Jahre und älter) (insgesamt)","Hauptwohnsitzbevölkerung (bis 14 Jahre) (insgesamt)",NA,NA,NA
"Überalterungsquotient","insgesamt",2020,"09 Neuhausen - Nymphenburg",132.1,16742,12674,NA,NA,NA,"Hauptwohnsitzbevölkerung (65 Jahre und älter) (insgesamt)","Hauptwohnsitzbevölkerung (bis 14 Jahre) (insgesamt)",NA,NA,NA
"Überalterungsquotient","insgesamt",2020,"10 Moosach",135.1,9871,7308,NA,NA,NA,"Hauptwohnsitzbevölkerung (65 Jahre und älter) (insgesamt)","Hauptwohnsitzbevölkerung (bis 14 Jahre) (insgesamt)",NA,NA,NA
"Überalterungsquotient","insgesamt",2020,"11 Milbertshofen - Am Hart",121.2,11750,9691,NA,NA,NA,"Hauptwohnsitzbevölkerung (65 Jahre und älter) (insgesamt)","Hauptwohnsitzbevölkerung (bis 14 Jahre) (insgesamt)",NA,NA,NA
"Überalterungsquotient","insgesamt",2020,"12 Schwabing - Freimann",118.7,11935,10055,NA,NA,NA,"Hauptwohnsitzbevölkerung (65 Jahre und älter) (insgesamt)","Hauptwohnsitzbevölkerung (bis 14 Jahre) (insgesamt)",NA,NA,NA
"Überalterungsquotient","insgesamt",2020,"13 Bogenhausen",138.7,18109,13056,NA,NA,NA,"Hauptwohnsitzbevölkerung (65 Jahre und älter) (insgesamt)","Hauptwohnsitzbevölkerung (bis 14 Jahre) (insgesamt)",NA,NA,NA
"Überalterungsquotient","insgesamt",2020,"14 Berg am Laim",121.5,7868,6476,NA,NA,NA,"Hauptwohnsitzbevölkerung (65 Jahre und älter) (insgesamt)","Hauptwohnsitzbevölkerung (bis 14 Jahre) (insgesamt)",NA,NA,NA
"Überalterungsquotient","insgesamt",2020,"15 Trudering - Riem",92.7,11577,12483,NA,NA,NA,"Hauptwohnsitzbevölkerung (65 Jahre und älter) (insgesamt)","Hauptwohnsitzbevölkerung (bis 14 Jahre) (insgesamt)",NA,NA,NA
"Überalterungsquotient","insgesamt",2020,"16 Ramersdorf - Perlach",136.1,23161,17017,NA,NA,NA,"Hauptwohnsitzbevölkerung (65 Jahre und älter) (insgesamt)","Hauptwohnsitzbevölkerung (bis 14 Jahre) (insgesamt)",NA,NA,NA
"Überalterungsquotient","insgesamt",2020,"17 Obergiesing - Fasangarten",124.7,8195,6572,NA,NA,NA,"Hauptwohnsitzbevölkerung (65 Jahre und älter) (insgesamt)","Hauptwohnsitzbevölkerung (bis 14 Jahre) (insgesamt)",NA,NA,NA
"Überalterungsquotient","insgesamt",2020,"18 Untergiesing - Harlaching",163.6,10101,6175,NA,NA,NA,"Hauptwohnsitzbevölkerung (65 Jahre und älter) (insgesamt)","Hauptwohnsitzbevölkerung (bis 14 Jahre) (insgesamt)",NA,NA,NA
"Überalterungsquotient","insgesamt",2020,"19 Thalkirchen - Obersendling - Forstenried - Fürstenried - Solln",151.7,20036,13210,NA,NA,NA,"Hauptwohnsitzbevölkerung (65 Jahre und älter) (insgesamt)","Hauptwohnsitzbevölkerung (bis 14 Jahre) (insgesamt)",NA,NA,NA
"Überalterungsquotient","insgesamt",2020,"20 Hadern",177.7,10901,6135,NA,NA,NA,"Hauptwohnsitzbevölkerung (65 Jahre und älter) (insgesamt)","Hauptwohnsitzbevölkerung (bis 14 Jahre) (insgesamt)",NA,NA,NA
"Überalterungsquotient","insgesamt",2020,"21 Pasing - Obermenzing",130.1,14631,11243,NA,NA,NA,"Hauptwohnsitzbevölkerung (65 Jahre und älter) (insgesamt)","Hauptwohnsitzbevölkerung (bis 14 Jahre) (insgesamt)",NA,NA,NA
"Überalterungsquotient","insgesamt",2020,"22 Aubing - Lochhausen - Langwied",112.3,9174,8166,NA,NA,NA,"Hauptwohnsitzbevölkerung (65 Jahre und älter) (insgesamt)","Hauptwohnsitzbevölkerung (bis 14 Jahre) (insgesamt)",NA,NA,NA
"Überalterungsquotient","insgesamt",2020,"23 Allach - Untermenzing",118.8,6244,5254,NA,NA,NA,"Hauptwohnsitzbevölkerung (65 Jahre und älter) (insgesamt)","Hauptwohnsitzbevölkerung (bis 14 Jahre) (insgesamt)",NA,NA,NA
"Überalterungsquotient","insgesamt",2020,"24 Feldmoching - Hasenbergl",119.9,11300,9422,NA,NA,NA,"Hauptwohnsitzbevölkerung (65 Jahre und älter) (insgesamt)","Hauptwohnsitzbevölkerung (bis 14 Jahre) (insgesamt)",NA,NA,NA
"Überalterungsquotient","insgesamt",2020,"25 Laim",165.7,10630,6414,NA,NA,NA,"Hauptwohnsitzbevölkerung (65 Jahre und älter) (insgesamt)","Hauptwohnsitzbevölkerung (bis 14 Jahre) (insgesamt)",NA,NA,NA
"Überalterungsquotient","insgesamt",2019,"Stadt München",131.8,267622,203113,NA,NA,NA,"Hauptwohnsitzbevölkerung (65 Jahre und älter) (insgesamt)","Hauptwohnsitzbevölkerung (bis 14 Jahre) (insgesamt)",NA,NA,NA
"Überalterungsquotient","insgesamt",2019,"01 Altstadt - Lehel",157.3,3437,2185,NA,NA,NA,"Hauptwohnsitzbevölkerung (65 Jahre und älter) (insgesamt)","Hauptwohnsitzbevölkerung (bis 14 Jahre) (insgesamt)",NA,NA,NA
"Überalterungsquotient","insgesamt",2019,"02 Ludwigsvorstadt - Isarvorstadt",109.7,5857,5340,NA,NA,NA,"Hauptwohnsitzbevölkerung (65 Jahre und älter) (insgesamt)","Hauptwohnsitzbevölkerung (bis 14 Jahre) (insgesamt)",NA,NA,NA
"Überalterungsquotient","insgesamt",2019,"03 Maxvorstadt",139.8,6261,4477,NA,NA,NA,"Hauptwohnsitzbevölkerung (65 Jahre und älter) (insgesamt)","Hauptwohnsitzbevölkerung (bis 14 Jahre) (insgesamt)",NA,NA,NA
"Überalterungsquotient","insgesamt",2019,"04 Schwabing - West",149.5,11513,7700,NA,NA,NA,"Hauptwohnsitzbevölkerung (65 Jahre und älter) (insgesamt)","Hauptwohnsitzbevölkerung (bis 14 Jahre) (insgesamt)",NA,NA,NA
"Überalterungsquotient","insgesamt",2019,"05 Au - Haidhausen",117,8788,7514,NA,NA,NA,"Hauptwohnsitzbevölkerung (65 Jahre und älter) (insgesamt)","Hauptwohnsitzbevölkerung (bis 14 Jahre) (insgesamt)",NA,NA,NA
"Überalterungsquotient","insgesamt",2019,"06 Sendling",124.6,5867,4710,NA,NA,NA,"Hauptwohnsitzbevölkerung (65 Jahre und älter) (insgesamt)","Hauptwohnsitzbevölkerung (bis 14 Jahre) (insgesamt)",NA,NA,NA
"Überalterungsquotient","insgesamt",2019,"07 Sendling - Westpark",140,10844,7748,NA,NA,NA,"Hauptwohnsitzbevölkerung (65 Jahre und älter) (insgesamt)","Hauptwohnsitzbevölkerung (bis 14 Jahre) (insgesamt)",NA,NA,NA
"Überalterungsquotient","insgesamt",2019,"08 Schwanthalerhöhe",100.2,3616,3609,NA,NA,NA,"Hauptwohnsitzbevölkerung (65 Jahre und älter) (insgesamt)","Hauptwohnsitzbevölkerung (bis 14 Jahre) (insgesamt)",NA,NA,NA
"Überalterungsquotient","insgesamt",2019,"09 Neuhausen - Nymphenburg",131.8,16640,12623,NA,NA,NA,"Hauptwohnsitzbevölkerung (65 Jahre und älter) (insgesamt)","Hauptwohnsitzbevölkerung (bis 14 Jahre) (insgesamt)",NA,NA,NA
"Überalterungsquotient","insgesamt",2019,"10 Moosach",134.8,9807,7275,NA,NA,NA,"Hauptwohnsitzbevölkerung (65 Jahre und älter) (insgesamt)","Hauptwohnsitzbevölkerung (bis 14 Jahre) (insgesamt)",NA,NA,NA
"Überalterungsquotient","insgesamt",2019,"11 Milbertshofen - Am Hart",120.6,11688,9694,NA,NA,NA,"Hauptwohnsitzbevölkerung (65 Jahre und älter) (insgesamt)","Hauptwohnsitzbevölkerung (bis 14 Jahre) (insgesamt)",NA,NA,NA
"Überalterungsquotient","insgesamt",2019,"12 Schwabing - Freimann",117.5,11804,10049,NA,NA,NA,"Hauptwohnsitzbevölkerung (65 Jahre und älter) (insgesamt)","Hauptwohnsitzbevölkerung (bis 14 Jahre) (insgesamt)",NA,NA,NA
"Überalterungsquotient","insgesamt",2019,"13 Bogenhausen",143.6,17949,12496,NA,NA,NA,"Hauptwohnsitzbevölkerung (65 Jahre und älter) (insgesamt)","Hauptwohnsitzbevölkerung (bis 14 Jahre) (insgesamt)",NA,NA,NA
"Überalterungsquotient","insgesamt",2019,"14 Berg am Laim",122.5,7853,6408,NA,NA,NA,"Hauptwohnsitzbevölkerung (65 Jahre und älter) (insgesamt)","Hauptwohnsitzbevölkerung (bis 14 Jahre) (insgesamt)",NA,NA,NA
"Überalterungsquotient","insgesamt",2019,"15 Trudering - Riem",90.8,11385,12543,NA,NA,NA,"Hauptwohnsitzbevölkerung (65 Jahre und älter) (insgesamt)","Hauptwohnsitzbevölkerung (bis 14 Jahre) (insgesamt)",NA,NA,NA
"Überalterungsquotient","insgesamt",2019,"16 Ramersdorf - Perlach",136.8,23068,16861,NA,NA,NA,"Hauptwohnsitzbevölkerung (65 Jahre und älter) (insgesamt)","Hauptwohnsitzbevölkerung (bis 14 Jahre) (insgesamt)",NA,NA,NA
"Überalterungsquotient","insgesamt",2019,"17 Obergiesing - Fasangarten",123.6,8175,6616,NA,NA,NA,"Hauptwohnsitzbevölkerung (65 Jahre und älter) (insgesamt)","Hauptwohnsitzbevölkerung (bis 14 Jahre) (insgesamt)",NA,NA,NA
"Überalterungsquotient","insgesamt",2019,"18 Untergiesing - Harlaching",161.9,10145,6267,NA,NA,NA,"Hauptwohnsitzbevölkerung (65 Jahre und älter) (insgesamt)","Hauptwohnsitzbevölkerung (bis 14 Jahre) (insgesamt)",NA,NA,NA
"Überalterungsquotient","insgesamt",2019,"19 Thalkirchen - Obersendling - Forstenried - Fürstenried - Solln",154.3,20147,13058,NA,NA,NA,"Hauptwohnsitzbevölkerung (65 Jahre und älter) (insgesamt)","Hauptwohnsitzbevölkerung (bis 14 Jahre) (insgesamt)",NA,NA,NA
"Überalterungsquotient","insgesamt",2019,"20 Hadern",175.4,10918,6224,NA,NA,NA,"Hauptwohnsitzbevölkerung (65 Jahre und älter) (insgesamt)","Hauptwohnsitzbevölkerung (bis 14 Jahre) (insgesamt)",NA,NA,NA
"Überalterungsquotient","insgesamt",2019,"21 Pasing - Obermenzing",132.1,14561,11020,NA,NA,NA,"Hauptwohnsitzbevölkerung (65 Jahre und älter) (insgesamt)","Hauptwohnsitzbevölkerung (bis 14 Jahre) (insgesamt)",NA,NA,NA
"Überalterungsquotient","insgesamt",2019,"22 Aubing - Lochhausen - Langwied",117.6,9143,7772,NA,NA,NA,"Hauptwohnsitzbevölkerung (65 Jahre und älter) (insgesamt)","Hauptwohnsitzbevölkerung (bis 14 Jahre) (insgesamt)",NA,NA,NA
"Überalterungsquotient","insgesamt",2019,"23 Allach - Untermenzing",121,6265,5179,NA,NA,NA,"Hauptwohnsitzbevölkerung (65 Jahre und älter) (insgesamt)","Hauptwohnsitzbevölkerung (bis 14 Jahre) (insgesamt)",NA,NA,NA
"Überalterungsquotient","insgesamt",2019,"24 Feldmoching - Hasenbergl",119.6,11243,9397,NA,NA,NA,"Hauptwohnsitzbevölkerung (65 Jahre und älter) (insgesamt)","Hauptwohnsitzbevölkerung (bis 14 Jahre) (insgesamt)",NA,NA,NA
"Überalterungsquotient","insgesamt",2019,"25 Laim",167.7,10648,6348,NA,NA,NA,"Hauptwohnsitzbevölkerung (65 Jahre und älter) (insgesamt)","Hauptwohnsitzbevölkerung (bis 14 Jahre) (insgesamt)",NA,NA,NA
"Überalterungsquotient","insgesamt",2018,"Stadt München",133,266265,200159,NA,NA,NA,"Hauptwohnsitzbevölkerung (65 Jahre und älter) (insgesamt)","Hauptwohnsitzbevölkerung (bis 14 Jahre) (insgesamt)",NA,NA,NA
"Überalterungsquotient","insgesamt",2018,"01 Altstadt - Lehel",158.5,3432,2165,NA,NA,NA,"Hauptwohnsitzbevölkerung (65 Jahre und älter) (insgesamt)","Hauptwohnsitzbevölkerung (bis 14 Jahre) (insgesamt)",NA,NA,NA
"Überalterungsquotient","insgesamt",2018,"02 Ludwigsvorstadt - Isarvorstadt",107.6,5807,5395,NA,NA,NA,"Hauptwohnsitzbevölkerung (65 Jahre und älter) (insgesamt)","Hauptwohnsitzbevölkerung (bis 14 Jahre) (insgesamt)",NA,NA,NA
"Überalterungsquotient","insgesamt",2018,"03 Maxvorstadt",139.7,6223,4455,NA,NA,NA,"Hauptwohnsitzbevölkerung (65 Jahre und älter) (insgesamt)","Hauptwohnsitzbevölkerung (bis 14 Jahre) (insgesamt)",NA,NA,NA
"Überalterungsquotient","insgesamt",2018,"04 Schwabing - West",150.1,11507,7666,NA,NA,NA,"Hauptwohnsitzbevölkerung (65 Jahre und älter) (insgesamt)","Hauptwohnsitzbevölkerung (bis 14 Jahre) (insgesamt)",NA,NA,NA
"Überalterungsquotient","insgesamt",2018,"05 Au - Haidhausen",113.8,8629,7582,NA,NA,NA,"Hauptwohnsitzbevölkerung (65 Jahre und älter) (insgesamt)","Hauptwohnsitzbevölkerung (bis 14 Jahre) (insgesamt)",NA,NA,NA
"Überalterungsquotient","insgesamt",2018,"06 Sendling",126.5,5827,4607,NA,NA,NA,"Hauptwohnsitzbevölkerung (65 Jahre und älter) (insgesamt)","Hauptwohnsitzbevölkerung (bis 14 Jahre) (insgesamt)",NA,NA,NA
"Überalterungsquotient","insgesamt",2018,"07 Sendling - Westpark",140.8,10800,7670,NA,NA,NA,"Hauptwohnsitzbevölkerung (65 Jahre und älter) (insgesamt)","Hauptwohnsitzbevölkerung (bis 14 Jahre) (insgesamt)",NA,NA,NA
"Überalterungsquotient","insgesamt",2018,"08 Schwanthalerhöhe",101,3639,3602,NA,NA,NA,"Hauptwohnsitzbevölkerung (65 Jahre und älter) (insgesamt)","Hauptwohnsitzbevölkerung (bis 14 Jahre) (insgesamt)",NA,NA,NA
"Überalterungsquotient","insgesamt",2018,"09 Neuhausen - Nymphenburg",133.6,16480,12331,NA,NA,NA,"Hauptwohnsitzbevölkerung (65 Jahre und älter) (insgesamt)","Hauptwohnsitzbevölkerung (bis 14 Jahre) (insgesamt)",NA,NA,NA
"Überalterungsquotient","insgesamt",2018,"10 Moosach",138,9834,7127,NA,NA,NA,"Hauptwohnsitzbevölkerung (65 Jahre und älter) (insgesamt)","Hauptwohnsitzbevölkerung (bis 14 Jahre) (insgesamt)",NA,NA,NA
"Überalterungsquotient","insgesamt",2018,"11 Milbertshofen - Am Hart",122.8,11605,9453,NA,NA,NA,"Hauptwohnsitzbevölkerung (65 Jahre und älter) (insgesamt)","Hauptwohnsitzbevölkerung (bis 14 Jahre) (insgesamt)",NA,NA,NA
"Überalterungsquotient","insgesamt",2018,"12 Schwabing - Freimann",114.9,11610,10106,NA,NA,NA,"Hauptwohnsitzbevölkerung (65 Jahre und älter) (insgesamt)","Hauptwohnsitzbevölkerung (bis 14 Jahre) (insgesamt)",NA,NA,NA
"Überalterungsquotient","insgesamt",2018,"13 Bogenhausen",150,17848,11896,NA,NA,NA,"Hauptwohnsitzbevölkerung (65 Jahre und älter) (insgesamt)","Hauptwohnsitzbevölkerung (bis 14 Jahre) (insgesamt)",NA,NA,NA
"Überalterungsquotient","insgesamt",2018,"14 Berg am Laim",124.4,7865,6322,NA,NA,NA,"Hauptwohnsitzbevölkerung (65 Jahre und älter) (insgesamt)","Hauptwohnsitzbevölkerung (bis 14 Jahre) (insgesamt)",NA,NA,NA
"Überalterungsquotient","insgesamt",2018,"15 Trudering - Riem",88.8,11237,12650,NA,NA,NA,"Hauptwohnsitzbevölkerung (65 Jahre und älter) (insgesamt)","Hauptwohnsitzbevölkerung (bis 14 Jahre) (insgesamt)",NA,NA,NA
"Überalterungsquotient","insgesamt",2018,"16 Ramersdorf - Perlach",138.1,22937,16607,NA,NA,NA,"Hauptwohnsitzbevölkerung (65 Jahre und älter) (insgesamt)","Hauptwohnsitzbevölkerung (bis 14 Jahre) (insgesamt)",NA,NA,NA
"Überalterungsquotient","insgesamt",2018,"17 Obergiesing - Fasangarten",123.2,8172,6631,NA,NA,NA,"Hauptwohnsitzbevölkerung (65 Jahre und älter) (insgesamt)","Hauptwohnsitzbevölkerung (bis 14 Jahre) (insgesamt)",NA,NA,NA
"Überalterungsquotient","insgesamt",2018,"18 Untergiesing - Harlaching",161.1,10160,6307,NA,NA,NA,"Hauptwohnsitzbevölkerung (65 Jahre und älter) (insgesamt)","Hauptwohnsitzbevölkerung (bis 14 Jahre) (insgesamt)",NA,NA,NA
"Überalterungsquotient","insgesamt",2018,"19 Thalkirchen - Obersendling - Forstenried - Fürstenried - Solln",158.3,20185,12748,NA,NA,NA,"Hauptwohnsitzbevölkerung (65 Jahre und älter) (insgesamt)","Hauptwohnsitzbevölkerung (bis 14 Jahre) (insgesamt)",NA,NA,NA
"Überalterungsquotient","insgesamt",2018,"20 Hadern",177.3,10913,6155,NA,NA,NA,"Hauptwohnsitzbevölkerung (65 Jahre und älter) (insgesamt)","Hauptwohnsitzbevölkerung (bis 14 Jahre) (insgesamt)",NA,NA,NA
"Überalterungsquotient","insgesamt",2018,"21 Pasing - Obermenzing",134.5,14366,10684,NA,NA,NA,"Hauptwohnsitzbevölkerung (65 Jahre und älter) (insgesamt)","Hauptwohnsitzbevölkerung (bis 14 Jahre) (insgesamt)",NA,NA,NA
"Überalterungsquotient","insgesamt",2018,"22 Aubing - Lochhausen - Langwied",122.4,9120,7448,NA,NA,NA,"Hauptwohnsitzbevölkerung (65 Jahre und älter) (insgesamt)","Hauptwohnsitzbevölkerung (bis 14 Jahre) (insgesamt)",NA,NA,NA
"Überalterungsquotient","insgesamt",2018,"23 Allach - Untermenzing",125.5,6233,4968,NA,NA,NA,"Hauptwohnsitzbevölkerung (65 Jahre und älter) (insgesamt)","Hauptwohnsitzbevölkerung (bis 14 Jahre) (insgesamt)",NA,NA,NA
"Überalterungsquotient","insgesamt",2018,"24 Feldmoching - Hasenbergl",119.4,11207,9386,NA,NA,NA,"Hauptwohnsitzbevölkerung (65 Jahre und älter) (insgesamt)","Hauptwohnsitzbevölkerung (bis 14 Jahre) (insgesamt)",NA,NA,NA
"Überalterungsquotient","insgesamt",2018,"25 Laim",171.5,10629,6198,NA,NA,NA,"Hauptwohnsitzbevölkerung (65 Jahre und älter) (insgesamt)","Hauptwohnsitzbevölkerung (bis 14 Jahre) (insgesamt)",NA,NA,NA
"Überalterungsquotient","insgesamt",2017,"Stadt München",134.5,265133,197117,NA,NA,NA,"Hauptwohnsitzbevölkerung (65 Jahre und älter) (insgesamt)","Hauptwohnsitzbevölkerung (bis 14 Jahre) (insgesamt)",NA,NA,NA
"Überalterungsquotient","insgesamt",2017,"01 Altstadt - Lehel",161.3,3450,2139,NA,NA,NA,"Hauptwohnsitzbevölkerung (65 Jahre und älter) (insgesamt)","Hauptwohnsitzbevölkerung (bis 14 Jahre) (insgesamt)",NA,NA,NA
"Überalterungsquotient","insgesamt",2017,"02 Ludwigsvorstadt - Isarvorstadt",107.2,5790,5402,NA,NA,NA,"Hauptwohnsitzbevölkerung (65 Jahre und älter) (insgesamt)","Hauptwohnsitzbevölkerung (bis 14 Jahre) (insgesamt)",NA,NA,NA
"Überalterungsquotient","insgesamt",2017,"03 Maxvorstadt",138.7,6137,4425,NA,NA,NA,"Hauptwohnsitzbevölkerung (65 Jahre und älter) (insgesamt)","Hauptwohnsitzbevölkerung (bis 14 Jahre) (insgesamt)",NA,NA,NA
"Überalterungsquotient","insgesamt",2017,"04 Schwabing - West",148.6,11439,7697,NA,NA,NA,"Hauptwohnsitzbevölkerung (65 Jahre und älter) (insgesamt)","Hauptwohnsitzbevölkerung (bis 14 Jahre) (insgesamt)",NA,NA,NA
"Überalterungsquotient","insgesamt",2017,"05 Au - Haidhausen",112.1,8514,7595,NA,NA,NA,"Hauptwohnsitzbevölkerung (65 Jahre und älter) (insgesamt)","Hauptwohnsitzbevölkerung (bis 14 Jahre) (insgesamt)",NA,NA,NA
"Überalterungsquotient","insgesamt",2017,"06 Sendling",127.8,5829,4561,NA,NA,NA,"Hauptwohnsitzbevölkerung (65 Jahre und älter) (insgesamt)","Hauptwohnsitzbevölkerung (bis 14 Jahre) (insgesamt)",NA,NA,NA
"Überalterungsquotient","insgesamt",2017,"07 Sendling - Westpark",141.6,10795,7624,NA,NA,NA,"Hauptwohnsitzbevölkerung (65 Jahre und älter) (insgesamt)","Hauptwohnsitzbevölkerung (bis 14 Jahre) (insgesamt)",NA,NA,NA
"Überalterungsquotient","insgesamt",2017,"08 Schwanthalerhöhe",101.5,3649,3595,NA,NA,NA,"Hauptwohnsitzbevölkerung (65 Jahre und älter) (insgesamt)","Hauptwohnsitzbevölkerung (bis 14 Jahre) (insgesamt)",NA,NA,NA
"Überalterungsquotient","insgesamt",2017,"09 Neuhausen - Nymphenburg",134.9,16412,12170,NA,NA,NA,"Hauptwohnsitzbevölkerung (65 Jahre und älter) (insgesamt)","Hauptwohnsitzbevölkerung (bis 14 Jahre) (insgesamt)",NA,NA,NA
"Überalterungsquotient","insgesamt",2017,"10 Moosach",138.1,9757,7067,NA,NA,NA,"Hauptwohnsitzbevölkerung (65 Jahre und älter) (insgesamt)","Hauptwohnsitzbevölkerung (bis 14 Jahre) (insgesamt)",NA,NA,NA
"Überalterungsquotient","insgesamt",2017,"11 Milbertshofen - Am Hart",122.5,11597,9468,NA,NA,NA,"Hauptwohnsitzbevölkerung (65 Jahre und älter) (insgesamt)","Hauptwohnsitzbevölkerung (bis 14 Jahre) (insgesamt)",NA,NA,NA
"Überalterungsquotient","insgesamt",2017,"12 Schwabing - Freimann",118.4,11471,9689,NA,NA,NA,"Hauptwohnsitzbevölkerung (65 Jahre und älter) (insgesamt)","Hauptwohnsitzbevölkerung (bis 14 Jahre) (insgesamt)",NA,NA,NA
"Überalterungsquotient","insgesamt",2017,"13 Bogenhausen",155.8,17773,11405,NA,NA,NA,"Hauptwohnsitzbevölkerung (65 Jahre und älter) (insgesamt)","Hauptwohnsitzbevölkerung (bis 14 Jahre) (insgesamt)",NA,NA,NA
"Überalterungsquotient","insgesamt",2017,"14 Berg am Laim",126.5,7865,6217,NA,NA,NA,"Hauptwohnsitzbevölkerung (65 Jahre und älter) (insgesamt)","Hauptwohnsitzbevölkerung (bis 14 Jahre) (insgesamt)",NA,NA,NA
"Überalterungsquotient","insgesamt",2017,"15 Trudering - Riem",87.4,11079,12678,NA,NA,NA,"Hauptwohnsitzbevölkerung (65 Jahre und älter) (insgesamt)","Hauptwohnsitzbevölkerung (bis 14 Jahre) (insgesamt)",NA,NA,NA
"Überalterungsquotient","insgesamt",2017,"16 Ramersdorf - Perlach",141.3,22811,16142,NA,NA,NA,"Hauptwohnsitzbevölkerung (65 Jahre und älter) (insgesamt)","Hauptwohnsitzbevölkerung (bis 14 Jahre) (insgesamt)",NA,NA,NA
"Überalterungsquotient","insgesamt",2017,"17 Obergiesing - Fasangarten",122.8,8131,6624,NA,NA,NA,"Hauptwohnsitzbevölkerung (65 Jahre und älter) (insgesamt)","Hauptwohnsitzbevölkerung (bis 14 Jahre) (insgesamt)",NA,NA,NA
"Überalterungsquotient","insgesamt",2017,"18 Untergiesing - Harlaching",161.9,10112,6244,NA,NA,NA,"Hauptwohnsitzbevölkerung (65 Jahre und älter) (insgesamt)","Hauptwohnsitzbevölkerung (bis 14 Jahre) (insgesamt)",NA,NA,NA
"Überalterungsquotient","insgesamt",2017,"19 Thalkirchen - Obersendling - Forstenried - Fürstenried - Solln",162.5,20199,12428,NA,NA,NA,"Hauptwohnsitzbevölkerung (65 Jahre und älter) (insgesamt)","Hauptwohnsitzbevölkerung (bis 14 Jahre) (insgesamt)",NA,NA,NA
"Überalterungsquotient","insgesamt",2017,"20 Hadern",176.4,10865,6159,NA,NA,NA,"Hauptwohnsitzbevölkerung (65 Jahre und älter) (insgesamt)","Hauptwohnsitzbevölkerung (bis 14 Jahre) (insgesamt)",NA,NA,NA
"Überalterungsquotient","insgesamt",2017,"21 Pasing - Obermenzing",134.8,14315,10623,NA,NA,NA,"Hauptwohnsitzbevölkerung (65 Jahre und älter) (insgesamt)","Hauptwohnsitzbevölkerung (bis 14 Jahre) (insgesamt)",NA,NA,NA
"Überalterungsquotient","insgesamt",2017,"22 Aubing - Lochhausen - Langwied",129.5,9068,7005,NA,NA,NA,"Hauptwohnsitzbevölkerung (65 Jahre und älter) (insgesamt)","Hauptwohnsitzbevölkerung (bis 14 Jahre) (insgesamt)",NA,NA,NA
"Überalterungsquotient","insgesamt",2017,"23 Allach - Untermenzing",128.5,6167,4800,NA,NA,NA,"Hauptwohnsitzbevölkerung (65 Jahre und älter) (insgesamt)","Hauptwohnsitzbevölkerung (bis 14 Jahre) (insgesamt)",NA,NA,NA
"Überalterungsquotient","insgesamt",2017,"24 Feldmoching - Hasenbergl",122.6,11263,9189,NA,NA,NA,"Hauptwohnsitzbevölkerung (65 Jahre und älter) (insgesamt)","Hauptwohnsitzbevölkerung (bis 14 Jahre) (insgesamt)",NA,NA,NA
"Überalterungsquotient","insgesamt",2017,"25 Laim",172.5,10645,6171,NA,NA,NA,"Hauptwohnsitzbevölkerung (65 Jahre und älter) (insgesamt)","Hauptwohnsitzbevölkerung (bis 14 Jahre) (insgesamt)",NA,NA,NA
"Überalterungsquotient","insgesamt",2016,"Stadt München",137.5,267302,194390,NA,NA,NA,"Hauptwohnsitzbevölkerung (65 Jahre und älter) (insgesamt)","Hauptwohnsitzbevölkerung (bis 14 Jahre) (insgesamt)",NA,NA,NA
"Überalterungsquotient","insgesamt",2016,"01 Altstadt - Lehel",169.6,3539,2087,NA,NA,NA,"Hauptwohnsitzbevölkerung (65 Jahre und älter) (insgesamt)","Hauptwohnsitzbevölkerung (bis 14 Jahre) (insgesamt)",NA,NA,NA
"Überalterungsquotient","insgesamt",2016,"02 Ludwigsvorstadt - Isarvorstadt",106.4,5991,5631,NA,NA,NA,"Hauptwohnsitzbevölkerung (65 Jahre und älter) (insgesamt)","Hauptwohnsitzbevölkerung (bis 14 Jahre) (insgesamt)",NA,NA,NA
"Überalterungsquotient","insgesamt",2016,"03 Maxvorstadt",143.8,6313,4391,NA,NA,NA,"Hauptwohnsitzbevölkerung (65 Jahre und älter) (insgesamt)","Hauptwohnsitzbevölkerung (bis 14 Jahre) (insgesamt)",NA,NA,NA
"Überalterungsquotient","insgesamt",2016,"04 Schwabing - West",149.1,11491,7708,NA,NA,NA,"Hauptwohnsitzbevölkerung (65 Jahre und älter) (insgesamt)","Hauptwohnsitzbevölkerung (bis 14 Jahre) (insgesamt)",NA,NA,NA
"Überalterungsquotient","insgesamt",2016,"05 Au - Haidhausen",114.6,8627,7525,NA,NA,NA,"Hauptwohnsitzbevölkerung (65 Jahre und älter) (insgesamt)","Hauptwohnsitzbevölkerung (bis 14 Jahre) (insgesamt)",NA,NA,NA
"Überalterungsquotient","insgesamt",2016,"06 Sendling",129.9,5936,4570,NA,NA,NA,"Hauptwohnsitzbevölkerung (65 Jahre und älter) (insgesamt)","Hauptwohnsitzbevölkerung (bis 14 Jahre) (insgesamt)",NA,NA,NA
"Überalterungsquotient","insgesamt",2016,"07 Sendling - Westpark",149.1,10842,7273,NA,NA,NA,"Hauptwohnsitzbevölkerung (65 Jahre und älter) (insgesamt)","Hauptwohnsitzbevölkerung (bis 14 Jahre) (insgesamt)",NA,NA,NA
"Überalterungsquotient","insgesamt",2016,"08 Schwanthalerhöhe",102.4,3722,3635,NA,NA,NA,"Hauptwohnsitzbevölkerung (65 Jahre und älter) (insgesamt)","Hauptwohnsitzbevölkerung (bis 14 Jahre) (insgesamt)",NA,NA,NA
"Überalterungsquotient","insgesamt",2016,"09 Neuhausen - Nymphenburg",137,16518,12056,NA,NA,NA,"Hauptwohnsitzbevölkerung (65 Jahre und älter) (insgesamt)","Hauptwohnsitzbevölkerung (bis 14 Jahre) (insgesamt)",NA,NA,NA
"Überalterungsquotient","insgesamt",2016,"10 Moosach",140.7,9776,6946,NA,NA,NA,"Hauptwohnsitzbevölkerung (65 Jahre und älter) (insgesamt)","Hauptwohnsitzbevölkerung (bis 14 Jahre) (insgesamt)",NA,NA,NA
"Überalterungsquotient","insgesamt",2016,"11 Milbertshofen - Am Hart",124.1,11693,9426,NA,NA,NA,"Hauptwohnsitzbevölkerung (65 Jahre und älter) (insgesamt)","Hauptwohnsitzbevölkerung (bis 14 Jahre) (insgesamt)",NA,NA,NA
"Überalterungsquotient","insgesamt",2016,"12 Schwabing - Freimann",123.4,11533,9343,NA,NA,NA,"Hauptwohnsitzbevölkerung (65 Jahre und älter) (insgesamt)","Hauptwohnsitzbevölkerung (bis 14 Jahre) (insgesamt)",NA,NA,NA
"Überalterungsquotient","insgesamt",2016,"13 Bogenhausen",157.6,17816,11308,NA,NA,NA,"Hauptwohnsitzbevölkerung (65 Jahre und älter) (insgesamt)","Hauptwohnsitzbevölkerung (bis 14 Jahre) (insgesamt)",NA,NA,NA
"Überalterungsquotient","insgesamt",2016,"14 Berg am Laim",129.8,7851,6048,NA,NA,NA,"Hauptwohnsitzbevölkerung (65 Jahre und älter) (insgesamt)","Hauptwohnsitzbevölkerung (bis 14 Jahre) (insgesamt)",NA,NA,NA
"Überalterungsquotient","insgesamt",2016,"15 Trudering - Riem",89.3,10966,12278,NA,NA,NA,"Hauptwohnsitzbevölkerung (65 Jahre und älter) (insgesamt)","Hauptwohnsitzbevölkerung (bis 14 Jahre) (insgesamt)",NA,NA,NA
"Überalterungsquotient","insgesamt",2016,"16 Ramersdorf - Perlach",145.8,22909,15708,NA,NA,NA,"Hauptwohnsitzbevölkerung (65 Jahre und älter) (insgesamt)","Hauptwohnsitzbevölkerung (bis 14 Jahre) (insgesamt)",NA,NA,NA
"Überalterungsquotient","insgesamt",2016,"17 Obergiesing - Fasangarten",126.3,8294,6566,NA,NA,NA,"Hauptwohnsitzbevölkerung (65 Jahre und älter) (insgesamt)","Hauptwohnsitzbevölkerung (bis 14 Jahre) (insgesamt)",NA,NA,NA
"Überalterungsquotient","insgesamt",2016,"18 Untergiesing - Harlaching",165.4,10287,6219,NA,NA,NA,"Hauptwohnsitzbevölkerung (65 Jahre und älter) (insgesamt)","Hauptwohnsitzbevölkerung (bis 14 Jahre) (insgesamt)",NA,NA,NA
"Überalterungsquotient","insgesamt",2016,"19 Thalkirchen - Obersendling - Forstenried - Fürstenried - Solln",166.3,20340,12232,NA,NA,NA,"Hauptwohnsitzbevölkerung (65 Jahre und älter) (insgesamt)","Hauptwohnsitzbevölkerung (bis 14 Jahre) (insgesamt)",NA,NA,NA
"Überalterungsquotient","insgesamt",2016,"20 Hadern",174.7,10989,6290,NA,NA,NA,"Hauptwohnsitzbevölkerung (65 Jahre und älter) (insgesamt)","Hauptwohnsitzbevölkerung (bis 14 Jahre) (insgesamt)",NA,NA,NA
"Überalterungsquotient","insgesamt",2016,"21 Pasing - Obermenzing",135.2,14326,10594,NA,NA,NA,"Hauptwohnsitzbevölkerung (65 Jahre und älter) (insgesamt)","Hauptwohnsitzbevölkerung (bis 14 Jahre) (insgesamt)",NA,NA,NA
"Überalterungsquotient","insgesamt",2016,"22 Aubing - Lochhausen - Langwied",136.2,9163,6729,NA,NA,NA,"Hauptwohnsitzbevölkerung (65 Jahre und älter) (insgesamt)","Hauptwohnsitzbevölkerung (bis 14 Jahre) (insgesamt)",NA,NA,NA
"Überalterungsquotient","insgesamt",2016,"23 Allach - Untermenzing",131.1,6203,4732,NA,NA,NA,"Hauptwohnsitzbevölkerung (65 Jahre und älter) (insgesamt)","Hauptwohnsitzbevölkerung (bis 14 Jahre) (insgesamt)",NA,NA,NA
"Überalterungsquotient","insgesamt",2016,"24 Feldmoching - Hasenbergl",125.8,11452,9102,NA,NA,NA,"Hauptwohnsitzbevölkerung (65 Jahre und älter) (insgesamt)","Hauptwohnsitzbevölkerung (bis 14 Jahre) (insgesamt)",NA,NA,NA
"Überalterungsquotient","insgesamt",2016,"25 Laim",179,10725,5993,NA,NA,NA,"Hauptwohnsitzbevölkerung (65 Jahre und älter) (insgesamt)","Hauptwohnsitzbevölkerung (bis 14 Jahre) (insgesamt)",NA,NA,NA
"Überalterungsquotient","insgesamt",2015,"Stadt München",140.3,265607,189300,NA,NA,NA,"Hauptwohnsitzbevölkerung (65 Jahre und älter) (insgesamt)","Hauptwohnsitzbevölkerung (bis 14 Jahre) (insgesamt)",NA,NA,NA
"Überalterungsquotient","insgesamt",2015,"01 Altstadt - Lehel",173.6,3490,2010,NA,NA,NA,"Hauptwohnsitzbevölkerung (65 Jahre und älter) (insgesamt)","Hauptwohnsitzbevölkerung (bis 14 Jahre) (insgesamt)",NA,NA,NA
"Überalterungsquotient","insgesamt",2015,"02 Ludwigsvorstadt - Isarvorstadt",108.2,5902,5454,NA,NA,NA,"Hauptwohnsitzbevölkerung (65 Jahre und älter) (insgesamt)","Hauptwohnsitzbevölkerung (bis 14 Jahre) (insgesamt)",NA,NA,NA
"Überalterungsquotient","insgesamt",2015,"03 Maxvorstadt",142.2,6292,4425,NA,NA,NA,"Hauptwohnsitzbevölkerung (65 Jahre und älter) (insgesamt)","Hauptwohnsitzbevölkerung (bis 14 Jahre) (insgesamt)",NA,NA,NA
"Überalterungsquotient","insgesamt",2015,"04 Schwabing - West",150.5,11403,7576,NA,NA,NA,"Hauptwohnsitzbevölkerung (65 Jahre und älter) (insgesamt)","Hauptwohnsitzbevölkerung (bis 14 Jahre) (insgesamt)",NA,NA,NA
"Überalterungsquotient","insgesamt",2015,"05 Au - Haidhausen",115.6,8497,7352,NA,NA,NA,"Hauptwohnsitzbevölkerung (65 Jahre und älter) (insgesamt)","Hauptwohnsitzbevölkerung (bis 14 Jahre) (insgesamt)",NA,NA,NA
"Überalterungsquotient","insgesamt",2015,"06 Sendling",130.3,5906,4534,NA,NA,NA,"Hauptwohnsitzbevölkerung (65 Jahre und älter) (insgesamt)","Hauptwohnsitzbevölkerung (bis 14 Jahre) (insgesamt)",NA,NA,NA
"Überalterungsquotient","insgesamt",2015,"07 Sendling - Westpark",154.7,10758,6954,NA,NA,NA,"Hauptwohnsitzbevölkerung (65 Jahre und älter) (insgesamt)","Hauptwohnsitzbevölkerung (bis 14 Jahre) (insgesamt)",NA,NA,NA
"Überalterungsquotient","insgesamt",2015,"08 Schwanthalerhöhe",100,3690,3691,NA,NA,NA,"Hauptwohnsitzbevölkerung (65 Jahre und älter) (insgesamt)","Hauptwohnsitzbevölkerung (bis 14 Jahre) (insgesamt)",NA,NA,NA
"Überalterungsquotient","insgesamt",2015,"09 Neuhausen - Nymphenburg",138,16342,11845,NA,NA,NA,"Hauptwohnsitzbevölkerung (65 Jahre und älter) (insgesamt)","Hauptwohnsitzbevölkerung (bis 14 Jahre) (insgesamt)",NA,NA,NA
"Überalterungsquotient","insgesamt",2015,"10 Moosach",145.8,9764,6697,NA,NA,NA,"Hauptwohnsitzbevölkerung (65 Jahre und älter) (insgesamt)","Hauptwohnsitzbevölkerung (bis 14 Jahre) (insgesamt)",NA,NA,NA
"Überalterungsquotient","insgesamt",2015,"11 Milbertshofen - Am Hart",124.7,11629,9322,NA,NA,NA,"Hauptwohnsitzbevölkerung (65 Jahre und älter) (insgesamt)","Hauptwohnsitzbevölkerung (bis 14 Jahre) (insgesamt)",NA,NA,NA
"Überalterungsquotient","insgesamt",2015,"12 Schwabing - Freimann",129.6,11329,8743,NA,NA,NA,"Hauptwohnsitzbevölkerung (65 Jahre und älter) (insgesamt)","Hauptwohnsitzbevölkerung (bis 14 Jahre) (insgesamt)",NA,NA,NA
"Überalterungsquotient","insgesamt",2015,"13 Bogenhausen",161.6,17697,10952,NA,NA,NA,"Hauptwohnsitzbevölkerung (65 Jahre und älter) (insgesamt)","Hauptwohnsitzbevölkerung (bis 14 Jahre) (insgesamt)",NA,NA,NA
"Überalterungsquotient","insgesamt",2015,"14 Berg am Laim",132.7,7719,5815,NA,NA,NA,"Hauptwohnsitzbevölkerung (65 Jahre und älter) (insgesamt)","Hauptwohnsitzbevölkerung (bis 14 Jahre) (insgesamt)",NA,NA,NA
"Überalterungsquotient","insgesamt",2015,"15 Trudering - Riem",89.6,10873,12131,NA,NA,NA,"Hauptwohnsitzbevölkerung (65 Jahre und älter) (insgesamt)","Hauptwohnsitzbevölkerung (bis 14 Jahre) (insgesamt)",NA,NA,NA
"Überalterungsquotient","insgesamt",2015,"16 Ramersdorf - Perlach",148.4,22704,15295,NA,NA,NA,"Hauptwohnsitzbevölkerung (65 Jahre und älter) (insgesamt)","Hauptwohnsitzbevölkerung (bis 14 Jahre) (insgesamt)",NA,NA,NA
"Überalterungsquotient","insgesamt",2015,"17 Obergiesing - Fasangarten",128.8,8301,6443,NA,NA,NA,"Hauptwohnsitzbevölkerung (65 Jahre und älter) (insgesamt)","Hauptwohnsitzbevölkerung (bis 14 Jahre) (insgesamt)",NA,NA,NA
"Überalterungsquotient","insgesamt",2015,"18 Untergiesing - Harlaching",167.8,10264,6116,NA,NA,NA,"Hauptwohnsitzbevölkerung (65 Jahre und älter) (insgesamt)","Hauptwohnsitzbevölkerung (bis 14 Jahre) (insgesamt)",NA,NA,NA
"Überalterungsquotient","insgesamt",2015,"19 Thalkirchen - Obersendling - Forstenried - Fürstenried - Solln",174.1,20384,11708,NA,NA,NA,"Hauptwohnsitzbevölkerung (65 Jahre und älter) (insgesamt)","Hauptwohnsitzbevölkerung (bis 14 Jahre) (insgesamt)",NA,NA,NA
"Überalterungsquotient","insgesamt",2015,"20 Hadern",173.7,10953,6306,NA,NA,NA,"Hauptwohnsitzbevölkerung (65 Jahre und älter) (insgesamt)","Hauptwohnsitzbevölkerung (bis 14 Jahre) (insgesamt)",NA,NA,NA
"Überalterungsquotient","insgesamt",2015,"21 Pasing - Obermenzing",137.3,14175,10321,NA,NA,NA,"Hauptwohnsitzbevölkerung (65 Jahre und älter) (insgesamt)","Hauptwohnsitzbevölkerung (bis 14 Jahre) (insgesamt)",NA,NA,NA
"Überalterungsquotient","insgesamt",2015,"22 Aubing - Lochhausen - Langwied",144.3,9132,6328,NA,NA,NA,"Hauptwohnsitzbevölkerung (65 Jahre und älter) (insgesamt)","Hauptwohnsitzbevölkerung (bis 14 Jahre) (insgesamt)",NA,NA,NA
"Überalterungsquotient","insgesamt",2015,"23 Allach - Untermenzing",134.6,6211,4615,NA,NA,NA,"Hauptwohnsitzbevölkerung (65 Jahre und älter) (insgesamt)","Hauptwohnsitzbevölkerung (bis 14 Jahre) (insgesamt)",NA,NA,NA
"Überalterungsquotient","insgesamt",2015,"24 Feldmoching - Hasenbergl",128.3,11472,8943,NA,NA,NA,"Hauptwohnsitzbevölkerung (65 Jahre und älter) (insgesamt)","Hauptwohnsitzbevölkerung (bis 14 Jahre) (insgesamt)",NA,NA,NA
"Überalterungsquotient","insgesamt",2015,"25 Laim",187.3,10720,5724,NA,NA,NA,"Hauptwohnsitzbevölkerung (65 Jahre und älter) (insgesamt)","Hauptwohnsitzbevölkerung (bis 14 Jahre) (insgesamt)",NA,NA,NA
"Überalterungsquotient","insgesamt",2014,"Stadt München",143.1,262599,183479,NA,NA,NA,"Hauptwohnsitzbevölkerung (65 Jahre und älter) (insgesamt)","Hauptwohnsitzbevölkerung (bis 14 Jahre) (insgesamt)",NA,NA,NA
"Überalterungsquotient","insgesamt",2014,"01 Altstadt - Lehel",173.7,3424,1971,NA,NA,NA,"Hauptwohnsitzbevölkerung (65 Jahre und älter) (insgesamt)","Hauptwohnsitzbevölkerung (bis 14 Jahre) (insgesamt)",NA,NA,NA
"Überalterungsquotient","insgesamt",2014,"02 Ludwigsvorstadt - Isarvorstadt",111.5,5767,5174,NA,NA,NA,"Hauptwohnsitzbevölkerung (65 Jahre und älter) (insgesamt)","Hauptwohnsitzbevölkerung (bis 14 Jahre) (insgesamt)",NA,NA,NA
"Überalterungsquotient","insgesamt",2014,"03 Maxvorstadt",150.1,6232,4153,NA,NA,NA,"Hauptwohnsitzbevölkerung (65 Jahre und älter) (insgesamt)","Hauptwohnsitzbevölkerung (bis 14 Jahre) (insgesamt)",NA,NA,NA
"Überalterungsquotient","insgesamt",2014,"04 Schwabing - West",158.4,11286,7124,NA,NA,NA,"Hauptwohnsitzbevölkerung (65 Jahre und älter) (insgesamt)","Hauptwohnsitzbevölkerung (bis 14 Jahre) (insgesamt)",NA,NA,NA
"Überalterungsquotient","insgesamt",2014,"05 Au - Haidhausen",117.7,8484,7206,NA,NA,NA,"Hauptwohnsitzbevölkerung (65 Jahre und älter) (insgesamt)","Hauptwohnsitzbevölkerung (bis 14 Jahre) (insgesamt)",NA,NA,NA
"Überalterungsquotient","insgesamt",2014,"06 Sendling",130,5792,4454,NA,NA,NA,"Hauptwohnsitzbevölkerung (65 Jahre und älter) (insgesamt)","Hauptwohnsitzbevölkerung (bis 14 Jahre) (insgesamt)",NA,NA,NA
"Überalterungsquotient","insgesamt",2014,"07 Sendling - Westpark",161.9,10650,6579,NA,NA,NA,"Hauptwohnsitzbevölkerung (65 Jahre und älter) (insgesamt)","Hauptwohnsitzbevölkerung (bis 14 Jahre) (insgesamt)",NA,NA,NA
"Überalterungsquotient","insgesamt",2014,"08 Schwanthalerhöhe",99.3,3622,3647,NA,NA,NA,"Hauptwohnsitzbevölkerung (65 Jahre und älter) (insgesamt)","Hauptwohnsitzbevölkerung (bis 14 Jahre) (insgesamt)",NA,NA,NA
"Überalterungsquotient","insgesamt",2014,"09 Neuhausen - Nymphenburg",139.7,16080,11512,NA,NA,NA,"Hauptwohnsitzbevölkerung (65 Jahre und älter) (insgesamt)","Hauptwohnsitzbevölkerung (bis 14 Jahre) (insgesamt)",NA,NA,NA
"Überalterungsquotient","insgesamt",2014,"10 Moosach",147.8,9653,6533,NA,NA,NA,"Hauptwohnsitzbevölkerung (65 Jahre und älter) (insgesamt)","Hauptwohnsitzbevölkerung (bis 14 Jahre) (insgesamt)",NA,NA,NA
"Überalterungsquotient","insgesamt",2014,"11 Milbertshofen - Am Hart",123.5,11493,9309,NA,NA,NA,"Hauptwohnsitzbevölkerung (65 Jahre und älter) (insgesamt)","Hauptwohnsitzbevölkerung (bis 14 Jahre) (insgesamt)",NA,NA,NA
"Überalterungsquotient","insgesamt",2014,"12 Schwabing - Freimann",138.2,11099,8030,NA,NA,NA,"Hauptwohnsitzbevölkerung (65 Jahre und älter) (insgesamt)","Hauptwohnsitzbevölkerung (bis 14 Jahre) (insgesamt)",NA,NA,NA
"Überalterungsquotient","insgesamt",2014,"13 Bogenhausen",165.8,17473,10538,NA,NA,NA,"Hauptwohnsitzbevölkerung (65 Jahre und älter) (insgesamt)","Hauptwohnsitzbevölkerung (bis 14 Jahre) (insgesamt)",NA,NA,NA
"Überalterungsquotient","insgesamt",2014,"14 Berg am Laim",136,7631,5609,NA,NA,NA,"Hauptwohnsitzbevölkerung (65 Jahre und älter) (insgesamt)","Hauptwohnsitzbevölkerung (bis 14 Jahre) (insgesamt)",NA,NA,NA
"Überalterungsquotient","insgesamt",2014,"15 Trudering - Riem",88.8,10628,11972,NA,NA,NA,"Hauptwohnsitzbevölkerung (65 Jahre und älter) (insgesamt)","Hauptwohnsitzbevölkerung (bis 14 Jahre) (insgesamt)",NA,NA,NA
"Überalterungsquotient","insgesamt",2014,"16 Ramersdorf - Perlach",149.1,22315,14965,NA,NA,NA,"Hauptwohnsitzbevölkerung (65 Jahre und älter) (insgesamt)","Hauptwohnsitzbevölkerung (bis 14 Jahre) (insgesamt)",NA,NA,NA
"Überalterungsquotient","insgesamt",2014,"17 Obergiesing - Fasangarten",135.9,8271,6085,NA,NA,NA,"Hauptwohnsitzbevölkerung (65 Jahre und älter) (insgesamt)","Hauptwohnsitzbevölkerung (bis 14 Jahre) (insgesamt)",NA,NA,NA
"Überalterungsquotient","insgesamt",2014,"18 Untergiesing - Harlaching",169.6,10226,6031,NA,NA,NA,"Hauptwohnsitzbevölkerung (65 Jahre und älter) (insgesamt)","Hauptwohnsitzbevölkerung (bis 14 Jahre) (insgesamt)",NA,NA,NA
"Überalterungsquotient","insgesamt",2014,"19 Thalkirchen - Obersendling - Forstenried - Fürstenried - Solln",180.5,20180,11177,NA,NA,NA,"Hauptwohnsitzbevölkerung (65 Jahre und älter) (insgesamt)","Hauptwohnsitzbevölkerung (bis 14 Jahre) (insgesamt)",NA,NA,NA
"Überalterungsquotient","insgesamt",2014,"20 Hadern",172.7,10935,6333,NA,NA,NA,"Hauptwohnsitzbevölkerung (65 Jahre und älter) (insgesamt)","Hauptwohnsitzbevölkerung (bis 14 Jahre) (insgesamt)",NA,NA,NA
"Überalterungsquotient","insgesamt",2014,"21 Pasing - Obermenzing",138.7,14029,10111,NA,NA,NA,"Hauptwohnsitzbevölkerung (65 Jahre und älter) (insgesamt)","Hauptwohnsitzbevölkerung (bis 14 Jahre) (insgesamt)",NA,NA,NA
"Überalterungsquotient","insgesamt",2014,"22 Aubing - Lochhausen - Langwied",148.8,9059,6088,NA,NA,NA,"Hauptwohnsitzbevölkerung (65 Jahre und älter) (insgesamt)","Hauptwohnsitzbevölkerung (bis 14 Jahre) (insgesamt)",NA,NA,NA
"Überalterungsquotient","insgesamt",2014,"23 Allach - Untermenzing",135.1,6156,4557,NA,NA,NA,"Hauptwohnsitzbevölkerung (65 Jahre und älter) (insgesamt)","Hauptwohnsitzbevölkerung (bis 14 Jahre) (insgesamt)",NA,NA,NA
"Überalterungsquotient","insgesamt",2014,"24 Feldmoching - Hasenbergl",131.9,11426,8663,NA,NA,NA,"Hauptwohnsitzbevölkerung (65 Jahre und älter) (insgesamt)","Hauptwohnsitzbevölkerung (bis 14 Jahre) (insgesamt)",NA,NA,NA
"Überalterungsquotient","insgesamt",2014,"25 Laim",188.9,10688,5658,NA,NA,NA,"Hauptwohnsitzbevölkerung (65 Jahre und älter) (insgesamt)","Hauptwohnsitzbevölkerung (bis 14 Jahre) (insgesamt)",NA,NA,NA
"Überalterungsquotient","insgesamt",2013,"Stadt München",144.3,258887,179420,NA,NA,NA,"Hauptwohnsitzbevölkerung (65 Jahre und älter) (insgesamt)","Hauptwohnsitzbevölkerung (bis 14 Jahre) (insgesamt)",NA,NA,NA
"Überalterungsquotient","insgesamt",2013,"01 Altstadt - Lehel",174.3,3381,1940,NA,NA,NA,"Hauptwohnsitzbevölkerung (65 Jahre und älter) (insgesamt)","Hauptwohnsitzbevölkerung (bis 14 Jahre) (insgesamt)",NA,NA,NA
"Überalterungsquotient","insgesamt",2013,"02 Ludwigsvorstadt - Isarvorstadt",115.6,5625,4864,NA,NA,NA,"Hauptwohnsitzbevölkerung (65 Jahre und älter) (insgesamt)","Hauptwohnsitzbevölkerung (bis 14 Jahre) (insgesamt)",NA,NA,NA
"Überalterungsquotient","insgesamt",2013,"03 Maxvorstadt",151.1,6143,4065,NA,NA,NA,"Hauptwohnsitzbevölkerung (65 Jahre und älter) (insgesamt)","Hauptwohnsitzbevölkerung (bis 14 Jahre) (insgesamt)",NA,NA,NA
"Überalterungsquotient","insgesamt",2013,"04 Schwabing - West",164.8,11157,6772,NA,NA,NA,"Hauptwohnsitzbevölkerung (65 Jahre und älter) (insgesamt)","Hauptwohnsitzbevölkerung (bis 14 Jahre) (insgesamt)",NA,NA,NA
"Überalterungsquotient","insgesamt",2013,"05 Au - Haidhausen",118.6,8291,6992,NA,NA,NA,"Hauptwohnsitzbevölkerung (65 Jahre und älter) (insgesamt)","Hauptwohnsitzbevölkerung (bis 14 Jahre) (insgesamt)",NA,NA,NA
"Überalterungsquotient","insgesamt",2013,"06 Sendling",129.3,5731,4434,NA,NA,NA,"Hauptwohnsitzbevölkerung (65 Jahre und älter) (insgesamt)","Hauptwohnsitzbevölkerung (bis 14 Jahre) (insgesamt)",NA,NA,NA
"Überalterungsquotient","insgesamt",2013,"07 Sendling - Westpark",165.4,10567,6387,NA,NA,NA,"Hauptwohnsitzbevölkerung (65 Jahre und älter) (insgesamt)","Hauptwohnsitzbevölkerung (bis 14 Jahre) (insgesamt)",NA,NA,NA
"Überalterungsquotient","insgesamt",2013,"08 Schwanthalerhöhe",100,3541,3541,NA,NA,NA,"Hauptwohnsitzbevölkerung (65 Jahre und älter) (insgesamt)","Hauptwohnsitzbevölkerung (bis 14 Jahre) (insgesamt)",NA,NA,NA
"Überalterungsquotient","insgesamt",2013,"09 Neuhausen - Nymphenburg",140.6,15712,11171,NA,NA,NA,"Hauptwohnsitzbevölkerung (65 Jahre und älter) (insgesamt)","Hauptwohnsitzbevölkerung (bis 14 Jahre) (insgesamt)",NA,NA,NA
"Überalterungsquotient","insgesamt",2013,"10 Moosach",149,9505,6379,NA,NA,NA,"Hauptwohnsitzbevölkerung (65 Jahre und älter) (insgesamt)","Hauptwohnsitzbevölkerung (bis 14 Jahre) (insgesamt)",NA,NA,NA
"Überalterungsquotient","insgesamt",2013,"11 Milbertshofen - Am Hart",123.1,11343,9218,NA,NA,NA,"Hauptwohnsitzbevölkerung (65 Jahre und älter) (insgesamt)","Hauptwohnsitzbevölkerung (bis 14 Jahre) (insgesamt)",NA,NA,NA
"Überalterungsquotient","insgesamt",2013,"12 Schwabing - Freimann",142,10939,7702,NA,NA,NA,"Hauptwohnsitzbevölkerung (65 Jahre und älter) (insgesamt)","Hauptwohnsitzbevölkerung (bis 14 Jahre) (insgesamt)",NA,NA,NA
"Überalterungsquotient","insgesamt",2013,"13 Bogenhausen",168.7,17227,10212,NA,NA,NA,"Hauptwohnsitzbevölkerung (65 Jahre und älter) (insgesamt)","Hauptwohnsitzbevölkerung (bis 14 Jahre) (insgesamt)",NA,NA,NA
"Überalterungsquotient","insgesamt",2013,"14 Berg am Laim",140.2,7531,5370,NA,NA,NA,"Hauptwohnsitzbevölkerung (65 Jahre und älter) (insgesamt)","Hauptwohnsitzbevölkerung (bis 14 Jahre) (insgesamt)",NA,NA,NA
"Überalterungsquotient","insgesamt",2013,"15 Trudering - Riem",86.5,10344,11954,NA,NA,NA,"Hauptwohnsitzbevölkerung (65 Jahre und älter) (insgesamt)","Hauptwohnsitzbevölkerung (bis 14 Jahre) (insgesamt)",NA,NA,NA
"Überalterungsquotient","insgesamt",2013,"16 Ramersdorf - Perlach",149.5,21921,14661,NA,NA,NA,"Hauptwohnsitzbevölkerung (65 Jahre und älter) (insgesamt)","Hauptwohnsitzbevölkerung (bis 14 Jahre) (insgesamt)",NA,NA,NA
"Überalterungsquotient","insgesamt",2013,"17 Obergiesing - Fasangarten",138.2,8142,5890,NA,NA,NA,"Hauptwohnsitzbevölkerung (65 Jahre und älter) (insgesamt)","Hauptwohnsitzbevölkerung (bis 14 Jahre) (insgesamt)",NA,NA,NA
"Überalterungsquotient","insgesamt",2013,"18 Untergiesing - Harlaching",172.4,10169,5898,NA,NA,NA,"Hauptwohnsitzbevölkerung (65 Jahre und älter) (insgesamt)","Hauptwohnsitzbevölkerung (bis 14 Jahre) (insgesamt)",NA,NA,NA
"Überalterungsquotient","insgesamt",2013,"19 Thalkirchen - Obersendling - Forstenried - Fürstenried - Solln",182.3,20056,11003,NA,NA,NA,"Hauptwohnsitzbevölkerung (65 Jahre und älter) (insgesamt)","Hauptwohnsitzbevölkerung (bis 14 Jahre) (insgesamt)",NA,NA,NA
"Überalterungsquotient","insgesamt",2013,"20 Hadern",173.3,10818,6243,NA,NA,NA,"Hauptwohnsitzbevölkerung (65 Jahre und älter) (insgesamt)","Hauptwohnsitzbevölkerung (bis 14 Jahre) (insgesamt)",NA,NA,NA
"Überalterungsquotient","insgesamt",2013,"21 Pasing - Obermenzing",138.2,13812,9995,NA,NA,NA,"Hauptwohnsitzbevölkerung (65 Jahre und älter) (insgesamt)","Hauptwohnsitzbevölkerung (bis 14 Jahre) (insgesamt)",NA,NA,NA
"Überalterungsquotient","insgesamt",2013,"22 Aubing - Lochhausen - Langwied",148.1,8970,6055,NA,NA,NA,"Hauptwohnsitzbevölkerung (65 Jahre und älter) (insgesamt)","Hauptwohnsitzbevölkerung (bis 14 Jahre) (insgesamt)",NA,NA,NA
"Überalterungsquotient","insgesamt",2013,"23 Allach - Untermenzing",135.8,6087,4481,NA,NA,NA,"Hauptwohnsitzbevölkerung (65 Jahre und älter) (insgesamt)","Hauptwohnsitzbevölkerung (bis 14 Jahre) (insgesamt)",NA,NA,NA
"Überalterungsquotient","insgesamt",2013,"24 Feldmoching - Hasenbergl",131.6,11318,8601,NA,NA,NA,"Hauptwohnsitzbevölkerung (65 Jahre und älter) (insgesamt)","Hauptwohnsitzbevölkerung (bis 14 Jahre) (insgesamt)",NA,NA,NA
"Überalterungsquotient","insgesamt",2013,"25 Laim",188.8,10557,5592,NA,NA,NA,"Hauptwohnsitzbevölkerung (65 Jahre und älter) (insgesamt)","Hauptwohnsitzbevölkerung (bis 14 Jahre) (insgesamt)",NA,NA,NA
"Überalterungsquotient","insgesamt",2012,"Stadt München",145,254947,175815,NA,NA,NA,"Hauptwohnsitzbevölkerung (65 Jahre und älter) (insgesamt)","Hauptwohnsitzbevölkerung (bis 14 Jahre) (insgesamt)",NA,NA,NA
"Überalterungsquotient","insgesamt",2012,"01 Altstadt - Lehel",177.4,3333,1879,NA,NA,NA,"Hauptwohnsitzbevölkerung (65 Jahre und älter) (insgesamt)","Hauptwohnsitzbevölkerung (bis 14 Jahre) (insgesamt)",NA,NA,NA
"Überalterungsquotient","insgesamt",2012,"02 Ludwigsvorstadt - Isarvorstadt",118.1,5509,4665,NA,NA,NA,"Hauptwohnsitzbevölkerung (65 Jahre und älter) (insgesamt)","Hauptwohnsitzbevölkerung (bis 14 Jahre) (insgesamt)",NA,NA,NA
"Überalterungsquotient","insgesamt",2012,"03 Maxvorstadt",154.6,6034,3904,NA,NA,NA,"Hauptwohnsitzbevölkerung (65 Jahre und älter) (insgesamt)","Hauptwohnsitzbevölkerung (bis 14 Jahre) (insgesamt)",NA,NA,NA
"Überalterungsquotient","insgesamt",2012,"04 Schwabing - West",167,10953,6558,NA,NA,NA,"Hauptwohnsitzbevölkerung (65 Jahre und älter) (insgesamt)","Hauptwohnsitzbevölkerung (bis 14 Jahre) (insgesamt)",NA,NA,NA
"Überalterungsquotient","insgesamt",2012,"05 Au - Haidhausen",120.2,8190,6814,NA,NA,NA,"Hauptwohnsitzbevölkerung (65 Jahre und älter) (insgesamt)","Hauptwohnsitzbevölkerung (bis 14 Jahre) (insgesamt)",NA,NA,NA
"Überalterungsquotient","insgesamt",2012,"06 Sendling",128.8,5636,4375,NA,NA,NA,"Hauptwohnsitzbevölkerung (65 Jahre und älter) (insgesamt)","Hauptwohnsitzbevölkerung (bis 14 Jahre) (insgesamt)",NA,NA,NA
"Überalterungsquotient","insgesamt",2012,"07 Sendling - Westpark",168,10497,6249,NA,NA,NA,"Hauptwohnsitzbevölkerung (65 Jahre und älter) (insgesamt)","Hauptwohnsitzbevölkerung (bis 14 Jahre) (insgesamt)",NA,NA,NA
"Überalterungsquotient","insgesamt",2012,"08 Schwanthalerhöhe",99.4,3507,3528,NA,NA,NA,"Hauptwohnsitzbevölkerung (65 Jahre und älter) (insgesamt)","Hauptwohnsitzbevölkerung (bis 14 Jahre) (insgesamt)",NA,NA,NA
"Überalterungsquotient","insgesamt",2012,"09 Neuhausen - Nymphenburg",142.7,15474,10842,NA,NA,NA,"Hauptwohnsitzbevölkerung (65 Jahre und älter) (insgesamt)","Hauptwohnsitzbevölkerung (bis 14 Jahre) (insgesamt)",NA,NA,NA
"Überalterungsquotient","insgesamt",2012,"10 Moosach",149.2,9319,6246,NA,NA,NA,"Hauptwohnsitzbevölkerung (65 Jahre und älter) (insgesamt)","Hauptwohnsitzbevölkerung (bis 14 Jahre) (insgesamt)",NA,NA,NA
"Überalterungsquotient","insgesamt",2012,"11 Milbertshofen - Am Hart",120.5,11164,9261,NA,NA,NA,"Hauptwohnsitzbevölkerung (65 Jahre und älter) (insgesamt)","Hauptwohnsitzbevölkerung (bis 14 Jahre) (insgesamt)",NA,NA,NA
"Überalterungsquotient","insgesamt",2012,"12 Schwabing - Freimann",141.3,10726,7590,NA,NA,NA,"Hauptwohnsitzbevölkerung (65 Jahre und älter) (insgesamt)","Hauptwohnsitzbevölkerung (bis 14 Jahre) (insgesamt)",NA,NA,NA
"Überalterungsquotient","insgesamt",2012,"13 Bogenhausen",168.7,16904,10018,NA,NA,NA,"Hauptwohnsitzbevölkerung (65 Jahre und älter) (insgesamt)","Hauptwohnsitzbevölkerung (bis 14 Jahre) (insgesamt)",NA,NA,NA
"Überalterungsquotient","insgesamt",2012,"14 Berg am Laim",143,7430,5197,NA,NA,NA,"Hauptwohnsitzbevölkerung (65 Jahre und älter) (insgesamt)","Hauptwohnsitzbevölkerung (bis 14 Jahre) (insgesamt)",NA,NA,NA
"Überalterungsquotient","insgesamt",2012,"15 Trudering - Riem",84.9,10106,11900,NA,NA,NA,"Hauptwohnsitzbevölkerung (65 Jahre und älter) (insgesamt)","Hauptwohnsitzbevölkerung (bis 14 Jahre) (insgesamt)",NA,NA,NA
"Überalterungsquotient","insgesamt",2012,"16 Ramersdorf - Perlach",147.7,21533,14577,NA,NA,NA,"Hauptwohnsitzbevölkerung (65 Jahre und älter) (insgesamt)","Hauptwohnsitzbevölkerung (bis 14 Jahre) (insgesamt)",NA,NA,NA
"Überalterungsquotient","insgesamt",2012,"17 Obergiesing - Fasangarten",142.8,8048,5635,NA,NA,NA,"Hauptwohnsitzbevölkerung (65 Jahre und älter) (insgesamt)","Hauptwohnsitzbevölkerung (bis 14 Jahre) (insgesamt)",NA,NA,NA
"Überalterungsquotient","insgesamt",2012,"18 Untergiesing - Harlaching",176.4,10090,5719,NA,NA,NA,"Hauptwohnsitzbevölkerung (65 Jahre und älter) (insgesamt)","Hauptwohnsitzbevölkerung (bis 14 Jahre) (insgesamt)",NA,NA,NA
"Überalterungsquotient","insgesamt",2012,"19 Thalkirchen - Obersendling - Forstenried - Fürstenried - Solln",189.4,19718,10412,NA,NA,NA,"Hauptwohnsitzbevölkerung (65 Jahre und älter) (insgesamt)","Hauptwohnsitzbevölkerung (bis 14 Jahre) (insgesamt)",NA,NA,NA
"Überalterungsquotient","insgesamt",2012,"20 Hadern",172.4,10627,6163,NA,NA,NA,"Hauptwohnsitzbevölkerung (65 Jahre und älter) (insgesamt)","Hauptwohnsitzbevölkerung (bis 14 Jahre) (insgesamt)",NA,NA,NA
"Überalterungsquotient","insgesamt",2012,"21 Pasing - Obermenzing",138.4,13608,9829,NA,NA,NA,"Hauptwohnsitzbevölkerung (65 Jahre und älter) (insgesamt)","Hauptwohnsitzbevölkerung (bis 14 Jahre) (insgesamt)",NA,NA,NA
"Überalterungsquotient","insgesamt",2012,"22 Aubing - Lochhausen - Langwied",148.7,8817,5929,NA,NA,NA,"Hauptwohnsitzbevölkerung (65 Jahre und älter) (insgesamt)","Hauptwohnsitzbevölkerung (bis 14 Jahre) (insgesamt)",NA,NA,NA
"Überalterungsquotient","insgesamt",2012,"23 Allach - Untermenzing",135.5,6037,4456,NA,NA,NA,"Hauptwohnsitzbevölkerung (65 Jahre und älter) (insgesamt)","Hauptwohnsitzbevölkerung (bis 14 Jahre) (insgesamt)",NA,NA,NA
"Überalterungsquotient","insgesamt",2012,"24 Feldmoching - Hasenbergl",131.7,11263,8551,NA,NA,NA,"Hauptwohnsitzbevölkerung (65 Jahre und älter) (insgesamt)","Hauptwohnsitzbevölkerung (bis 14 Jahre) (insgesamt)",NA,NA,NA
"Überalterungsquotient","insgesamt",2012,"25 Laim",188.9,10423,5518,NA,NA,NA,"Hauptwohnsitzbevölkerung (65 Jahre und älter) (insgesamt)","Hauptwohnsitzbevölkerung (bis 14 Jahre) (insgesamt)",NA,NA,NA
"Überalterungsquotient","insgesamt",2011,"Stadt München",145,250354,172658,NA,NA,NA,"Hauptwohnsitzbevölkerung (65 Jahre und älter) (insgesamt)","Hauptwohnsitzbevölkerung (bis 14 Jahre) (insgesamt)",NA,NA,NA
"Überalterungsquotient","insgesamt",2011,"01 Altstadt - Lehel",181,3308,1828,NA,NA,NA,"Hauptwohnsitzbevölkerung (65 Jahre und älter) (insgesamt)","Hauptwohnsitzbevölkerung (bis 14 Jahre) (insgesamt)",NA,NA,NA
"Überalterungsquotient","insgesamt",2011,"02 Ludwigsvorstadt - Isarvorstadt",119,5407,4545,NA,NA,NA,"Hauptwohnsitzbevölkerung (65 Jahre und älter) (insgesamt)","Hauptwohnsitzbevölkerung (bis 14 Jahre) (insgesamt)",NA,NA,NA
"Überalterungsquotient","insgesamt",2011,"03 Maxvorstadt",159.9,5970,3734,NA,NA,NA,"Hauptwohnsitzbevölkerung (65 Jahre und älter) (insgesamt)","Hauptwohnsitzbevölkerung (bis 14 Jahre) (insgesamt)",NA,NA,NA
"Überalterungsquotient","insgesamt",2011,"04 Schwabing - West",169.8,10741,6325,NA,NA,NA,"Hauptwohnsitzbevölkerung (65 Jahre und älter) (insgesamt)","Hauptwohnsitzbevölkerung (bis 14 Jahre) (insgesamt)",NA,NA,NA
"Überalterungsquotient","insgesamt",2011,"05 Au - Haidhausen",124,8027,6471,NA,NA,NA,"Hauptwohnsitzbevölkerung (65 Jahre und älter) (insgesamt)","Hauptwohnsitzbevölkerung (bis 14 Jahre) (insgesamt)",NA,NA,NA
"Überalterungsquotient","insgesamt",2011,"06 Sendling",129.2,5558,4302,NA,NA,NA,"Hauptwohnsitzbevölkerung (65 Jahre und älter) (insgesamt)","Hauptwohnsitzbevölkerung (bis 14 Jahre) (insgesamt)",NA,NA,NA
"Überalterungsquotient","insgesamt",2011,"07 Sendling - Westpark",167.2,10353,6193,NA,NA,NA,"Hauptwohnsitzbevölkerung (65 Jahre und älter) (insgesamt)","Hauptwohnsitzbevölkerung (bis 14 Jahre) (insgesamt)",NA,NA,NA
"Überalterungsquotient","insgesamt",2011,"08 Schwanthalerhöhe",98.5,3400,3452,NA,NA,NA,"Hauptwohnsitzbevölkerung (65 Jahre und älter) (insgesamt)","Hauptwohnsitzbevölkerung (bis 14 Jahre) (insgesamt)",NA,NA,NA
"Überalterungsquotient","insgesamt",2011,"09 Neuhausen - Nymphenburg",144.5,15130,10472,NA,NA,NA,"Hauptwohnsitzbevölkerung (65 Jahre und älter) (insgesamt)","Hauptwohnsitzbevölkerung (bis 14 Jahre) (insgesamt)",NA,NA,NA
"Überalterungsquotient","insgesamt",2011,"10 Moosach",147.6,9112,6172,NA,NA,NA,"Hauptwohnsitzbevölkerung (65 Jahre und älter) (insgesamt)","Hauptwohnsitzbevölkerung (bis 14 Jahre) (insgesamt)",NA,NA,NA
"Überalterungsquotient","insgesamt",2011,"11 Milbertshofen - Am Hart",118.7,10936,9216,NA,NA,NA,"Hauptwohnsitzbevölkerung (65 Jahre und älter) (insgesamt)","Hauptwohnsitzbevölkerung (bis 14 Jahre) (insgesamt)",NA,NA,NA
"Überalterungsquotient","insgesamt",2011,"12 Schwabing - Freimann",141.3,10441,7389,NA,NA,NA,"Hauptwohnsitzbevölkerung (65 Jahre und älter) (insgesamt)","Hauptwohnsitzbevölkerung (bis 14 Jahre) (insgesamt)",NA,NA,NA
"Überalterungsquotient","insgesamt",2011,"13 Bogenhausen",166.5,16431,9871,NA,NA,NA,"Hauptwohnsitzbevölkerung (65 Jahre und älter) (insgesamt)","Hauptwohnsitzbevölkerung (bis 14 Jahre) (insgesamt)",NA,NA,NA
"Überalterungsquotient","insgesamt",2011,"14 Berg am Laim",144.5,7318,5063,NA,NA,NA,"Hauptwohnsitzbevölkerung (65 Jahre und älter) (insgesamt)","Hauptwohnsitzbevölkerung (bis 14 Jahre) (insgesamt)",NA,NA,NA
"Überalterungsquotient","insgesamt",2011,"15 Trudering - Riem",82.1,9766,11889,NA,NA,NA,"Hauptwohnsitzbevölkerung (65 Jahre und älter) (insgesamt)","Hauptwohnsitzbevölkerung (bis 14 Jahre) (insgesamt)",NA,NA,NA
"Überalterungsquotient","insgesamt",2011,"16 Ramersdorf - Perlach",144.3,20960,14527,NA,NA,NA,"Hauptwohnsitzbevölkerung (65 Jahre und älter) (insgesamt)","Hauptwohnsitzbevölkerung (bis 14 Jahre) (insgesamt)",NA,NA,NA
"Überalterungsquotient","insgesamt",2011,"17 Obergiesing - Fasangarten",141.5,7936,5607,NA,NA,NA,"Hauptwohnsitzbevölkerung (65 Jahre und älter) (insgesamt)","Hauptwohnsitzbevölkerung (bis 14 Jahre) (insgesamt)",NA,NA,NA
"Überalterungsquotient","insgesamt",2011,"18 Untergiesing - Harlaching",176.9,9993,5650,NA,NA,NA,"Hauptwohnsitzbevölkerung (65 Jahre und älter) (insgesamt)","Hauptwohnsitzbevölkerung (bis 14 Jahre) (insgesamt)",NA,NA,NA
"Überalterungsquotient","insgesamt",2011,"19 Thalkirchen - Obersendling - Forstenried - Fürstenried - Solln",192,19555,10185,NA,NA,NA,"Hauptwohnsitzbevölkerung (65 Jahre und älter) (insgesamt)","Hauptwohnsitzbevölkerung (bis 14 Jahre) (insgesamt)",NA,NA,NA
"Überalterungsquotient","insgesamt",2011,"20 Hadern",170.4,10489,6154,NA,NA,NA,"Hauptwohnsitzbevölkerung (65 Jahre und älter) (insgesamt)","Hauptwohnsitzbevölkerung (bis 14 Jahre) (insgesamt)",NA,NA,NA
"Überalterungsquotient","insgesamt",2011,"21 Pasing - Obermenzing",140,13397,9569,NA,NA,NA,"Hauptwohnsitzbevölkerung (65 Jahre und älter) (insgesamt)","Hauptwohnsitzbevölkerung (bis 14 Jahre) (insgesamt)",NA,NA,NA
"Überalterungsquotient","insgesamt",2011,"22 Aubing - Lochhausen - Langwied",148.7,8682,5838,NA,NA,NA,"Hauptwohnsitzbevölkerung (65 Jahre und älter) (insgesamt)","Hauptwohnsitzbevölkerung (bis 14 Jahre) (insgesamt)",NA,NA,NA
"Überalterungsquotient","insgesamt",2011,"23 Allach - Untermenzing",138.3,5928,4287,NA,NA,NA,"Hauptwohnsitzbevölkerung (65 Jahre und älter) (insgesamt)","Hauptwohnsitzbevölkerung (bis 14 Jahre) (insgesamt)",NA,NA,NA
"Überalterungsquotient","insgesamt",2011,"24 Feldmoching - Hasenbergl",132.3,11192,8457,NA,NA,NA,"Hauptwohnsitzbevölkerung (65 Jahre und älter) (insgesamt)","Hauptwohnsitzbevölkerung (bis 14 Jahre) (insgesamt)",NA,NA,NA
"Überalterungsquotient","insgesamt",2011,"25 Laim",189,10324,5462,NA,NA,NA,"Hauptwohnsitzbevölkerung (65 Jahre und älter) (insgesamt)","Hauptwohnsitzbevölkerung (bis 14 Jahre) (insgesamt)",NA,NA,NA
"Überalterungsquotient","insgesamt",2010,"Stadt München",146,246943,169145,NA,NA,NA,"Hauptwohnsitzbevölkerung (65 Jahre und älter) (insgesamt)","Hauptwohnsitzbevölkerung (bis 14 Jahre) (insgesamt)",NA,NA,NA
"Überalterungsquotient","insgesamt",2010,"01 Altstadt - Lehel",185.4,3278,1768,NA,NA,NA,"Hauptwohnsitzbevölkerung (65 Jahre und älter) (insgesamt)","Hauptwohnsitzbevölkerung (bis 14 Jahre) (insgesamt)",NA,NA,NA
"Überalterungsquotient","insgesamt",2010,"02 Ludwigsvorstadt - Isarvorstadt",120.6,5359,4443,NA,NA,NA,"Hauptwohnsitzbevölkerung (65 Jahre und älter) (insgesamt)","Hauptwohnsitzbevölkerung (bis 14 Jahre) (insgesamt)",NA,NA,NA
"Überalterungsquotient","insgesamt",2010,"03 Maxvorstadt",160,5887,3679,NA,NA,NA,"Hauptwohnsitzbevölkerung (65 Jahre und älter) (insgesamt)","Hauptwohnsitzbevölkerung (bis 14 Jahre) (insgesamt)",NA,NA,NA
"Überalterungsquotient","insgesamt",2010,"04 Schwabing - West",172,10596,6159,NA,NA,NA,"Hauptwohnsitzbevölkerung (65 Jahre und älter) (insgesamt)","Hauptwohnsitzbevölkerung (bis 14 Jahre) (insgesamt)",NA,NA,NA
"Überalterungsquotient","insgesamt",2010,"05 Au - Haidhausen",126.3,7902,6259,NA,NA,NA,"Hauptwohnsitzbevölkerung (65 Jahre und älter) (insgesamt)","Hauptwohnsitzbevölkerung (bis 14 Jahre) (insgesamt)",NA,NA,NA
"Überalterungsquotient","insgesamt",2010,"06 Sendling",127.8,5535,4331,NA,NA,NA,"Hauptwohnsitzbevölkerung (65 Jahre und älter) (insgesamt)","Hauptwohnsitzbevölkerung (bis 14 Jahre) (insgesamt)",NA,NA,NA
"Überalterungsquotient","insgesamt",2010,"07 Sendling - Westpark",171,10289,6018,NA,NA,NA,"Hauptwohnsitzbevölkerung (65 Jahre und älter) (insgesamt)","Hauptwohnsitzbevölkerung (bis 14 Jahre) (insgesamt)",NA,NA,NA
"Überalterungsquotient","insgesamt",2010,"08 Schwanthalerhöhe",98.2,3335,3396,NA,NA,NA,"Hauptwohnsitzbevölkerung (65 Jahre und älter) (insgesamt)","Hauptwohnsitzbevölkerung (bis 14 Jahre) (insgesamt)",NA,NA,NA
"Überalterungsquotient","insgesamt",2010,"09 Neuhausen - Nymphenburg",148.3,14821,9997,NA,NA,NA,"Hauptwohnsitzbevölkerung (65 Jahre und älter) (insgesamt)","Hauptwohnsitzbevölkerung (bis 14 Jahre) (insgesamt)",NA,NA,NA
"Überalterungsquotient","insgesamt",2010,"10 Moosach",143.4,8961,6251,NA,NA,NA,"Hauptwohnsitzbevölkerung (65 Jahre und älter) (insgesamt)","Hauptwohnsitzbevölkerung (bis 14 Jahre) (insgesamt)",NA,NA,NA
"Überalterungsquotient","insgesamt",2010,"11 Milbertshofen - Am Hart",117.5,10759,9157,NA,NA,NA,"Hauptwohnsitzbevölkerung (65 Jahre und älter) (insgesamt)","Hauptwohnsitzbevölkerung (bis 14 Jahre) (insgesamt)",NA,NA,NA
"Überalterungsquotient","insgesamt",2010,"12 Schwabing - Freimann",143.8,10194,7087,NA,NA,NA,"Hauptwohnsitzbevölkerung (65 Jahre und älter) (insgesamt)","Hauptwohnsitzbevölkerung (bis 14 Jahre) (insgesamt)",NA,NA,NA
"Überalterungsquotient","insgesamt",2010,"13 Bogenhausen",164.5,16079,9777,NA,NA,NA,"Hauptwohnsitzbevölkerung (65 Jahre und älter) (insgesamt)","Hauptwohnsitzbevölkerung (bis 14 Jahre) (insgesamt)",NA,NA,NA
"Überalterungsquotient","insgesamt",2010,"14 Berg am Laim",146.6,7244,4941,NA,NA,NA,"Hauptwohnsitzbevölkerung (65 Jahre und älter) (insgesamt)","Hauptwohnsitzbevölkerung (bis 14 Jahre) (insgesamt)",NA,NA,NA
"Überalterungsquotient","insgesamt",2010,"15 Trudering - Riem",82.9,9506,11461,NA,NA,NA,"Hauptwohnsitzbevölkerung (65 Jahre und älter) (insgesamt)","Hauptwohnsitzbevölkerung (bis 14 Jahre) (insgesamt)",NA,NA,NA
"Überalterungsquotient","insgesamt",2010,"16 Ramersdorf - Perlach",140.9,20545,14577,NA,NA,NA,"Hauptwohnsitzbevölkerung (65 Jahre und älter) (insgesamt)","Hauptwohnsitzbevölkerung (bis 14 Jahre) (insgesamt)",NA,NA,NA
"Überalterungsquotient","insgesamt",2010,"17 Obergiesing - Fasangarten",145,7896,5445,NA,NA,NA,"Hauptwohnsitzbevölkerung (65 Jahre und älter) (insgesamt)","Hauptwohnsitzbevölkerung (bis 14 Jahre) (insgesamt)",NA,NA,NA
"Überalterungsquotient","insgesamt",2010,"18 Untergiesing - Harlaching",183.2,9962,5438,NA,NA,NA,"Hauptwohnsitzbevölkerung (65 Jahre und älter) (insgesamt)","Hauptwohnsitzbevölkerung (bis 14 Jahre) (insgesamt)",NA,NA,NA
"Überalterungsquotient","insgesamt",2010,"19 Thalkirchen - Obersendling - Forstenried - Fürstenried - Solln",195.3,19267,9864,NA,NA,NA,"Hauptwohnsitzbevölkerung (65 Jahre und älter) (insgesamt)","Hauptwohnsitzbevölkerung (bis 14 Jahre) (insgesamt)",NA,NA,NA
"Überalterungsquotient","insgesamt",2010,"20 Hadern",168.9,10372,6141,NA,NA,NA,"Hauptwohnsitzbevölkerung (65 Jahre und älter) (insgesamt)","Hauptwohnsitzbevölkerung (bis 14 Jahre) (insgesamt)",NA,NA,NA
"Überalterungsquotient","insgesamt",2010,"21 Pasing - Obermenzing",142.1,13160,9264,NA,NA,NA,"Hauptwohnsitzbevölkerung (65 Jahre und älter) (insgesamt)","Hauptwohnsitzbevölkerung (bis 14 Jahre) (insgesamt)",NA,NA,NA
"Überalterungsquotient","insgesamt",2010,"22 Aubing - Lochhausen - Langwied",151.5,8586,5668,NA,NA,NA,"Hauptwohnsitzbevölkerung (65 Jahre und älter) (insgesamt)","Hauptwohnsitzbevölkerung (bis 14 Jahre) (insgesamt)",NA,NA,NA
"Überalterungsquotient","insgesamt",2010,"23 Allach - Untermenzing",139.5,5896,4227,NA,NA,NA,"Hauptwohnsitzbevölkerung (65 Jahre und älter) (insgesamt)","Hauptwohnsitzbevölkerung (bis 14 Jahre) (insgesamt)",NA,NA,NA
"Überalterungsquotient","insgesamt",2010,"24 Feldmoching - Hasenbergl",131.9,11162,8461,NA,NA,NA,"Hauptwohnsitzbevölkerung (65 Jahre und älter) (insgesamt)","Hauptwohnsitzbevölkerung (bis 14 Jahre) (insgesamt)",NA,NA,NA
"Überalterungsquotient","insgesamt",2010,"25 Laim",194,10352,5336,NA,NA,NA,"Hauptwohnsitzbevölkerung (65 Jahre und älter) (insgesamt)","Hauptwohnsitzbevölkerung (bis 14 Jahre) (insgesamt)",NA,NA,NA
"Überalterungsquotient","nichtdeutsch",2024,"Stadt München",122.6,52788,43065,NA,NA,NA,"Hauptwohnsitzbevölkerung (65 Jahre und älter) (nichtdeutsch)","Hauptwohnsitzbevölkerung (bis 14 Jahre) (nichtdeutsch)",NA,NA,NA
"Überalterungsquotient","nichtdeutsch",2024,"01 Altstadt - Lehel",200.3,607,303,NA,NA,NA,"Hauptwohnsitzbevölkerung (65 Jahre und älter) (nichtdeutsch)","Hauptwohnsitzbevölkerung (bis 14 Jahre) (nichtdeutsch)",NA,NA,NA
"Überalterungsquotient","nichtdeutsch",2024,"02 Ludwigsvorstadt - Isarvorstadt",250.5,1573,628,NA,NA,NA,"Hauptwohnsitzbevölkerung (65 Jahre und älter) (nichtdeutsch)","Hauptwohnsitzbevölkerung (bis 14 Jahre) (nichtdeutsch)",NA,NA,NA
"Überalterungsquotient","nichtdeutsch",2024,"03 Maxvorstadt",195.8,1339,684,NA,NA,NA,"Hauptwohnsitzbevölkerung (65 Jahre und älter) (nichtdeutsch)","Hauptwohnsitzbevölkerung (bis 14 Jahre) (nichtdeutsch)",NA,NA,NA
"Überalterungsquotient","nichtdeutsch",2024,"04 Schwabing - West",200.8,1821,907,NA,NA,NA,"Hauptwohnsitzbevölkerung (65 Jahre und älter) (nichtdeutsch)","Hauptwohnsitzbevölkerung (bis 14 Jahre) (nichtdeutsch)",NA,NA,NA
"Überalterungsquotient","nichtdeutsch",2024,"05 Au - Haidhausen",201.6,1958,971,NA,NA,NA,"Hauptwohnsitzbevölkerung (65 Jahre und älter) (nichtdeutsch)","Hauptwohnsitzbevölkerung (bis 14 Jahre) (nichtdeutsch)",NA,NA,NA
"Überalterungsquotient","nichtdeutsch",2024,"06 Sendling",177.9,1443,811,NA,NA,NA,"Hauptwohnsitzbevölkerung (65 Jahre und älter) (nichtdeutsch)","Hauptwohnsitzbevölkerung (bis 14 Jahre) (nichtdeutsch)",NA,NA,NA
"Überalterungsquotient","nichtdeutsch",2024,"07 Sendling - Westpark",148.1,2357,1592,NA,NA,NA,"Hauptwohnsitzbevölkerung (65 Jahre und älter) (nichtdeutsch)","Hauptwohnsitzbevölkerung (bis 14 Jahre) (nichtdeutsch)",NA,NA,NA
"Überalterungsquotient","nichtdeutsch",2024,"08 Schwanthalerhöhe",332.9,1425,428,NA,NA,NA,"Hauptwohnsitzbevölkerung (65 Jahre und älter) (nichtdeutsch)","Hauptwohnsitzbevölkerung (bis 14 Jahre) (nichtdeutsch)",NA,NA,NA
"Überalterungsquotient","nichtdeutsch",2024,"09 Neuhausen - Nymphenburg",145.2,3126,2153,NA,NA,NA,"Hauptwohnsitzbevölkerung (65 Jahre und älter) (nichtdeutsch)","Hauptwohnsitzbevölkerung (bis 14 Jahre) (nichtdeutsch)",NA,NA,NA
"Überalterungsquotient","nichtdeutsch",2024,"10 Moosach",121.6,2134,1755,NA,NA,NA,"Hauptwohnsitzbevölkerung (65 Jahre und älter) (nichtdeutsch)","Hauptwohnsitzbevölkerung (bis 14 Jahre) (nichtdeutsch)",NA,NA,NA
"Überalterungsquotient","nichtdeutsch",2024,"11 Milbertshofen - Am Hart",142.6,3641,2554,NA,NA,NA,"Hauptwohnsitzbevölkerung (65 Jahre und älter) (nichtdeutsch)","Hauptwohnsitzbevölkerung (bis 14 Jahre) (nichtdeutsch)",NA,NA,NA
"Überalterungsquotient","nichtdeutsch",2024,"12 Schwabing - Freimann",115.9,2000,1725,NA,NA,NA,"Hauptwohnsitzbevölkerung (65 Jahre und älter) (nichtdeutsch)","Hauptwohnsitzbevölkerung (bis 14 Jahre) (nichtdeutsch)",NA,NA,NA
"Überalterungsquotient","nichtdeutsch",2024,"13 Bogenhausen",83.2,2855,3433,NA,NA,NA,"Hauptwohnsitzbevölkerung (65 Jahre und älter) (nichtdeutsch)","Hauptwohnsitzbevölkerung (bis 14 Jahre) (nichtdeutsch)",NA,NA,NA
"Überalterungsquotient","nichtdeutsch",2024,"14 Berg am Laim",132.7,1906,1436,NA,NA,NA,"Hauptwohnsitzbevölkerung (65 Jahre und älter) (nichtdeutsch)","Hauptwohnsitzbevölkerung (bis 14 Jahre) (nichtdeutsch)",NA,NA,NA
"Überalterungsquotient","nichtdeutsch",2024,"15 Trudering - Riem",83.2,1726,2075,NA,NA,NA,"Hauptwohnsitzbevölkerung (65 Jahre und älter) (nichtdeutsch)","Hauptwohnsitzbevölkerung (bis 14 Jahre) (nichtdeutsch)",NA,NA,NA
"Überalterungsquotient","nichtdeutsch",2024,"16 Ramersdorf - Perlach",124.2,5508,4434,NA,NA,NA,"Hauptwohnsitzbevölkerung (65 Jahre und älter) (nichtdeutsch)","Hauptwohnsitzbevölkerung (bis 14 Jahre) (nichtdeutsch)",NA,NA,NA
"Überalterungsquotient","nichtdeutsch",2024,"17 Obergiesing - Fasangarten",143.4,2053,1432,NA,NA,NA,"Hauptwohnsitzbevölkerung (65 Jahre und älter) (nichtdeutsch)","Hauptwohnsitzbevölkerung (bis 14 Jahre) (nichtdeutsch)",NA,NA,NA
"Überalterungsquotient","nichtdeutsch",2024,"18 Untergiesing - Harlaching",159.9,1703,1065,NA,NA,NA,"Hauptwohnsitzbevölkerung (65 Jahre und älter) (nichtdeutsch)","Hauptwohnsitzbevölkerung (bis 14 Jahre) (nichtdeutsch)",NA,NA,NA
"Überalterungsquotient","nichtdeutsch",2024,"19 Thalkirchen - Obersendling - Forstenried - Fürstenried - Solln",92.2,3091,3353,NA,NA,NA,"Hauptwohnsitzbevölkerung (65 Jahre und älter) (nichtdeutsch)","Hauptwohnsitzbevölkerung (bis 14 Jahre) (nichtdeutsch)",NA,NA,NA
"Überalterungsquotient","nichtdeutsch",2024,"20 Hadern",125.3,1666,1330,NA,NA,NA,"Hauptwohnsitzbevölkerung (65 Jahre und älter) (nichtdeutsch)","Hauptwohnsitzbevölkerung (bis 14 Jahre) (nichtdeutsch)",NA,NA,NA
"Überalterungsquotient","nichtdeutsch",2024,"21 Pasing - Obermenzing",86.9,2043,2351,NA,NA,NA,"Hauptwohnsitzbevölkerung (65 Jahre und älter) (nichtdeutsch)","Hauptwohnsitzbevölkerung (bis 14 Jahre) (nichtdeutsch)",NA,NA,NA
"Überalterungsquotient","nichtdeutsch",2024,"22 Aubing - Lochhausen - Langwied",52,1465,2818,NA,NA,NA,"Hauptwohnsitzbevölkerung (65 Jahre und älter) (nichtdeutsch)","Hauptwohnsitzbevölkerung (bis 14 Jahre) (nichtdeutsch)",NA,NA,NA
"Überalterungsquotient","nichtdeutsch",2024,"23 Allach - Untermenzing",80.8,902,1117,NA,NA,NA,"Hauptwohnsitzbevölkerung (65 Jahre und älter) (nichtdeutsch)","Hauptwohnsitzbevölkerung (bis 14 Jahre) (nichtdeutsch)",NA,NA,NA
"Überalterungsquotient","nichtdeutsch",2024,"24 Feldmoching - Hasenbergl",109.1,2448,2243,NA,NA,NA,"Hauptwohnsitzbevölkerung (65 Jahre und älter) (nichtdeutsch)","Hauptwohnsitzbevölkerung (bis 14 Jahre) (nichtdeutsch)",NA,NA,NA
"Überalterungsquotient","nichtdeutsch",2024,"25 Laim",136.2,1998,1467,NA,NA,NA,"Hauptwohnsitzbevölkerung (65 Jahre und älter) (nichtdeutsch)","Hauptwohnsitzbevölkerung (bis 14 Jahre) (nichtdeutsch)",NA,NA,NA
"Überalterungsquotient","nichtdeutsch",2023,"Stadt München",118.7,51160,43099,NA,NA,NA,"Hauptwohnsitzbevölkerung (65 Jahre und älter) (nichtdeutsch)","Hauptwohnsitzbevölkerung (bis 14 Jahre) (nichtdeutsch)",NA,NA,NA
"Überalterungsquotient","nichtdeutsch",2023,"01 Altstadt - Lehel",200,612,306,NA,NA,NA,"Hauptwohnsitzbevölkerung (65 Jahre und älter) (nichtdeutsch)","Hauptwohnsitzbevölkerung (bis 14 Jahre) (nichtdeutsch)",NA,NA,NA
"Überalterungsquotient","nichtdeutsch",2023,"02 Ludwigsvorstadt - Isarvorstadt",208.9,1548,741,NA,NA,NA,"Hauptwohnsitzbevölkerung (65 Jahre und älter) (nichtdeutsch)","Hauptwohnsitzbevölkerung (bis 14 Jahre) (nichtdeutsch)",NA,NA,NA
"Überalterungsquotient","nichtdeutsch",2023,"03 Maxvorstadt",180.1,1315,730,NA,NA,NA,"Hauptwohnsitzbevölkerung (65 Jahre und älter) (nichtdeutsch)","Hauptwohnsitzbevölkerung (bis 14 Jahre) (nichtdeutsch)",NA,NA,NA
"Überalterungsquotient","nichtdeutsch",2023,"04 Schwabing - West",184,1779,967,NA,NA,NA,"Hauptwohnsitzbevölkerung (65 Jahre und älter) (nichtdeutsch)","Hauptwohnsitzbevölkerung (bis 14 Jahre) (nichtdeutsch)",NA,NA,NA
"Überalterungsquotient","nichtdeutsch",2023,"05 Au - Haidhausen",190.4,1908,1002,NA,NA,NA,"Hauptwohnsitzbevölkerung (65 Jahre und älter) (nichtdeutsch)","Hauptwohnsitzbevölkerung (bis 14 Jahre) (nichtdeutsch)",NA,NA,NA
"Überalterungsquotient","nichtdeutsch",2023,"06 Sendling",176.1,1398,794,NA,NA,NA,"Hauptwohnsitzbevölkerung (65 Jahre und älter) (nichtdeutsch)","Hauptwohnsitzbevölkerung (bis 14 Jahre) (nichtdeutsch)",NA,NA,NA
"Überalterungsquotient","nichtdeutsch",2023,"07 Sendling - Westpark",137.7,2288,1662,NA,NA,NA,"Hauptwohnsitzbevölkerung (65 Jahre und älter) (nichtdeutsch)","Hauptwohnsitzbevölkerung (bis 14 Jahre) (nichtdeutsch)",NA,NA,NA
"Überalterungsquotient","nichtdeutsch",2023,"08 Schwanthalerhöhe",279.7,1390,497,NA,NA,NA,"Hauptwohnsitzbevölkerung (65 Jahre und älter) (nichtdeutsch)","Hauptwohnsitzbevölkerung (bis 14 Jahre) (nichtdeutsch)",NA,NA,NA
"Überalterungsquotient","nichtdeutsch",2023,"09 Neuhausen - Nymphenburg",142.3,3040,2136,NA,NA,NA,"Hauptwohnsitzbevölkerung (65 Jahre und älter) (nichtdeutsch)","Hauptwohnsitzbevölkerung (bis 14 Jahre) (nichtdeutsch)",NA,NA,NA
"Überalterungsquotient","nichtdeutsch",2023,"10 Moosach",118.4,2043,1725,NA,NA,NA,"Hauptwohnsitzbevölkerung (65 Jahre und älter) (nichtdeutsch)","Hauptwohnsitzbevölkerung (bis 14 Jahre) (nichtdeutsch)",NA,NA,NA
"Überalterungsquotient","nichtdeutsch",2023,"11 Milbertshofen - Am Hart",135.6,3540,2611,NA,NA,NA,"Hauptwohnsitzbevölkerung (65 Jahre und älter) (nichtdeutsch)","Hauptwohnsitzbevölkerung (bis 14 Jahre) (nichtdeutsch)",NA,NA,NA
"Überalterungsquotient","nichtdeutsch",2023,"12 Schwabing - Freimann",104.9,1926,1836,NA,NA,NA,"Hauptwohnsitzbevölkerung (65 Jahre und älter) (nichtdeutsch)","Hauptwohnsitzbevölkerung (bis 14 Jahre) (nichtdeutsch)",NA,NA,NA
"Überalterungsquotient","nichtdeutsch",2023,"13 Bogenhausen",82.1,2691,3279,NA,NA,NA,"Hauptwohnsitzbevölkerung (65 Jahre und älter) (nichtdeutsch)","Hauptwohnsitzbevölkerung (bis 14 Jahre) (nichtdeutsch)",NA,NA,NA
"Überalterungsquotient","nichtdeutsch",2023,"14 Berg am Laim",123.5,1842,1491,NA,NA,NA,"Hauptwohnsitzbevölkerung (65 Jahre und älter) (nichtdeutsch)","Hauptwohnsitzbevölkerung (bis 14 Jahre) (nichtdeutsch)",NA,NA,NA
"Überalterungsquotient","nichtdeutsch",2023,"15 Trudering - Riem",78.8,1663,2110,NA,NA,NA,"Hauptwohnsitzbevölkerung (65 Jahre und älter) (nichtdeutsch)","Hauptwohnsitzbevölkerung (bis 14 Jahre) (nichtdeutsch)",NA,NA,NA
"Überalterungsquotient","nichtdeutsch",2023,"16 Ramersdorf - Perlach",120.7,5329,4416,NA,NA,NA,"Hauptwohnsitzbevölkerung (65 Jahre und älter) (nichtdeutsch)","Hauptwohnsitzbevölkerung (bis 14 Jahre) (nichtdeutsch)",NA,NA,NA
"Überalterungsquotient","nichtdeutsch",2023,"17 Obergiesing - Fasangarten",154.4,2003,1297,NA,NA,NA,"Hauptwohnsitzbevölkerung (65 Jahre und älter) (nichtdeutsch)","Hauptwohnsitzbevölkerung (bis 14 Jahre) (nichtdeutsch)",NA,NA,NA
"Überalterungsquotient","nichtdeutsch",2023,"18 Untergiesing - Harlaching",154.1,1644,1067,NA,NA,NA,"Hauptwohnsitzbevölkerung (65 Jahre und älter) (nichtdeutsch)","Hauptwohnsitzbevölkerung (bis 14 Jahre) (nichtdeutsch)",NA,NA,NA
"Überalterungsquotient","nichtdeutsch",2023,"19 Thalkirchen - Obersendling - Forstenried - Fürstenried - Solln",89.9,3005,3341,NA,NA,NA,"Hauptwohnsitzbevölkerung (65 Jahre und älter) (nichtdeutsch)","Hauptwohnsitzbevölkerung (bis 14 Jahre) (nichtdeutsch)",NA,NA,NA
"Überalterungsquotient","nichtdeutsch",2023,"20 Hadern",119.2,1632,1369,NA,NA,NA,"Hauptwohnsitzbevölkerung (65 Jahre und älter) (nichtdeutsch)","Hauptwohnsitzbevölkerung (bis 14 Jahre) (nichtdeutsch)",NA,NA,NA
"Überalterungsquotient","nichtdeutsch",2023,"21 Pasing - Obermenzing",81.1,1949,2402,NA,NA,NA,"Hauptwohnsitzbevölkerung (65 Jahre und älter) (nichtdeutsch)","Hauptwohnsitzbevölkerung (bis 14 Jahre) (nichtdeutsch)",NA,NA,NA
"Überalterungsquotient","nichtdeutsch",2023,"22 Aubing - Lochhausen - Langwied",57.3,1412,2466,NA,NA,NA,"Hauptwohnsitzbevölkerung (65 Jahre und älter) (nichtdeutsch)","Hauptwohnsitzbevölkerung (bis 14 Jahre) (nichtdeutsch)",NA,NA,NA
"Überalterungsquotient","nichtdeutsch",2023,"23 Allach - Untermenzing",72.7,864,1188,NA,NA,NA,"Hauptwohnsitzbevölkerung (65 Jahre und älter) (nichtdeutsch)","Hauptwohnsitzbevölkerung (bis 14 Jahre) (nichtdeutsch)",NA,NA,NA
"Überalterungsquotient","nichtdeutsch",2023,"24 Feldmoching - Hasenbergl",109.1,2395,2196,NA,NA,NA,"Hauptwohnsitzbevölkerung (65 Jahre und älter) (nichtdeutsch)","Hauptwohnsitzbevölkerung (bis 14 Jahre) (nichtdeutsch)",NA,NA,NA
"Überalterungsquotient","nichtdeutsch",2023,"25 Laim",132.2,1944,1470,NA,NA,NA,"Hauptwohnsitzbevölkerung (65 Jahre und älter) (nichtdeutsch)","Hauptwohnsitzbevölkerung (bis 14 Jahre) (nichtdeutsch)",NA,NA,NA
"Überalterungsquotient","nichtdeutsch",2022,"Stadt München",117,50338,43039,NA,NA,NA,"Hauptwohnsitzbevölkerung (65 Jahre und älter) (nichtdeutsch)","Hauptwohnsitzbevölkerung (bis 14 Jahre) (nichtdeutsch)",NA,NA,NA
"Überalterungsquotient","nichtdeutsch",2022,"01 Altstadt - Lehel",182.7,603,330,NA,NA,NA,"Hauptwohnsitzbevölkerung (65 Jahre und älter) (nichtdeutsch)","Hauptwohnsitzbevölkerung (bis 14 Jahre) (nichtdeutsch)",NA,NA,NA
"Überalterungsquotient","nichtdeutsch",2022,"02 Ludwigsvorstadt - Isarvorstadt",183.7,1571,855,NA,NA,NA,"Hauptwohnsitzbevölkerung (65 Jahre und älter) (nichtdeutsch)","Hauptwohnsitzbevölkerung (bis 14 Jahre) (nichtdeutsch)",NA,NA,NA
"Überalterungsquotient","nichtdeutsch",2022,"03 Maxvorstadt",169.5,1317,777,NA,NA,NA,"Hauptwohnsitzbevölkerung (65 Jahre und älter) (nichtdeutsch)","Hauptwohnsitzbevölkerung (bis 14 Jahre) (nichtdeutsch)",NA,NA,NA
"Überalterungsquotient","nichtdeutsch",2022,"04 Schwabing - West",176.1,1784,1013,NA,NA,NA,"Hauptwohnsitzbevölkerung (65 Jahre und älter) (nichtdeutsch)","Hauptwohnsitzbevölkerung (bis 14 Jahre) (nichtdeutsch)",NA,NA,NA
"Überalterungsquotient","nichtdeutsch",2022,"05 Au - Haidhausen",188.2,1935,1028,NA,NA,NA,"Hauptwohnsitzbevölkerung (65 Jahre und älter) (nichtdeutsch)","Hauptwohnsitzbevölkerung (bis 14 Jahre) (nichtdeutsch)",NA,NA,NA
"Überalterungsquotient","nichtdeutsch",2022,"06 Sendling",171.6,1381,805,NA,NA,NA,"Hauptwohnsitzbevölkerung (65 Jahre und älter) (nichtdeutsch)","Hauptwohnsitzbevölkerung (bis 14 Jahre) (nichtdeutsch)",NA,NA,NA
"Überalterungsquotient","nichtdeutsch",2022,"07 Sendling - Westpark",131.6,2211,1680,NA,NA,NA,"Hauptwohnsitzbevölkerung (65 Jahre und älter) (nichtdeutsch)","Hauptwohnsitzbevölkerung (bis 14 Jahre) (nichtdeutsch)",NA,NA,NA
"Überalterungsquotient","nichtdeutsch",2022,"08 Schwanthalerhöhe",255.6,1375,538,NA,NA,NA,"Hauptwohnsitzbevölkerung (65 Jahre und älter) (nichtdeutsch)","Hauptwohnsitzbevölkerung (bis 14 Jahre) (nichtdeutsch)",NA,NA,NA
"Überalterungsquotient","nichtdeutsch",2022,"09 Neuhausen - Nymphenburg",146.8,3044,2073,NA,NA,NA,"Hauptwohnsitzbevölkerung (65 Jahre und älter) (nichtdeutsch)","Hauptwohnsitzbevölkerung (bis 14 Jahre) (nichtdeutsch)",NA,NA,NA
"Überalterungsquotient","nichtdeutsch",2022,"10 Moosach",117.3,2019,1721,NA,NA,NA,"Hauptwohnsitzbevölkerung (65 Jahre und älter) (nichtdeutsch)","Hauptwohnsitzbevölkerung (bis 14 Jahre) (nichtdeutsch)",NA,NA,NA
"Überalterungsquotient","nichtdeutsch",2022,"11 Milbertshofen - Am Hart",132.2,3450,2609,NA,NA,NA,"Hauptwohnsitzbevölkerung (65 Jahre und älter) (nichtdeutsch)","Hauptwohnsitzbevölkerung (bis 14 Jahre) (nichtdeutsch)",NA,NA,NA
"Überalterungsquotient","nichtdeutsch",2022,"12 Schwabing - Freimann",89.3,1912,2140,NA,NA,NA,"Hauptwohnsitzbevölkerung (65 Jahre und älter) (nichtdeutsch)","Hauptwohnsitzbevölkerung (bis 14 Jahre) (nichtdeutsch)",NA,NA,NA
"Überalterungsquotient","nichtdeutsch",2022,"13 Bogenhausen",80.5,2541,3155,NA,NA,NA,"Hauptwohnsitzbevölkerung (65 Jahre und älter) (nichtdeutsch)","Hauptwohnsitzbevölkerung (bis 14 Jahre) (nichtdeutsch)",NA,NA,NA
"Überalterungsquotient","nichtdeutsch",2022,"14 Berg am Laim",122.5,1822,1487,NA,NA,NA,"Hauptwohnsitzbevölkerung (65 Jahre und älter) (nichtdeutsch)","Hauptwohnsitzbevölkerung (bis 14 Jahre) (nichtdeutsch)",NA,NA,NA
"Überalterungsquotient","nichtdeutsch",2022,"15 Trudering - Riem",75.2,1619,2154,NA,NA,NA,"Hauptwohnsitzbevölkerung (65 Jahre und älter) (nichtdeutsch)","Hauptwohnsitzbevölkerung (bis 14 Jahre) (nichtdeutsch)",NA,NA,NA
"Überalterungsquotient","nichtdeutsch",2022,"16 Ramersdorf - Perlach",119.1,5227,4387,NA,NA,NA,"Hauptwohnsitzbevölkerung (65 Jahre und älter) (nichtdeutsch)","Hauptwohnsitzbevölkerung (bis 14 Jahre) (nichtdeutsch)",NA,NA,NA
"Überalterungsquotient","nichtdeutsch",2022,"17 Obergiesing - Fasangarten",158.1,1992,1260,NA,NA,NA,"Hauptwohnsitzbevölkerung (65 Jahre und älter) (nichtdeutsch)","Hauptwohnsitzbevölkerung (bis 14 Jahre) (nichtdeutsch)",NA,NA,NA
"Überalterungsquotient","nichtdeutsch",2022,"18 Untergiesing - Harlaching",140.2,1622,1157,NA,NA,NA,"Hauptwohnsitzbevölkerung (65 Jahre und älter) (nichtdeutsch)","Hauptwohnsitzbevölkerung (bis 14 Jahre) (nichtdeutsch)",NA,NA,NA
"Überalterungsquotient","nichtdeutsch",2022,"19 Thalkirchen - Obersendling - Forstenried - Fürstenried - Solln",92.4,2984,3231,NA,NA,NA,"Hauptwohnsitzbevölkerung (65 Jahre und älter) (nichtdeutsch)","Hauptwohnsitzbevölkerung (bis 14 Jahre) (nichtdeutsch)",NA,NA,NA
"Überalterungsquotient","nichtdeutsch",2022,"20 Hadern",121,1613,1333,NA,NA,NA,"Hauptwohnsitzbevölkerung (65 Jahre und älter) (nichtdeutsch)","Hauptwohnsitzbevölkerung (bis 14 Jahre) (nichtdeutsch)",NA,NA,NA
"Überalterungsquotient","nichtdeutsch",2022,"21 Pasing - Obermenzing",84.7,1911,2256,NA,NA,NA,"Hauptwohnsitzbevölkerung (65 Jahre und älter) (nichtdeutsch)","Hauptwohnsitzbevölkerung (bis 14 Jahre) (nichtdeutsch)",NA,NA,NA
"Überalterungsquotient","nichtdeutsch",2022,"22 Aubing - Lochhausen - Langwied",61,1320,2165,NA,NA,NA,"Hauptwohnsitzbevölkerung (65 Jahre und älter) (nichtdeutsch)","Hauptwohnsitzbevölkerung (bis 14 Jahre) (nichtdeutsch)",NA,NA,NA
"Überalterungsquotient","nichtdeutsch",2022,"23 Allach - Untermenzing",65.3,846,1296,NA,NA,NA,"Hauptwohnsitzbevölkerung (65 Jahre und älter) (nichtdeutsch)","Hauptwohnsitzbevölkerung (bis 14 Jahre) (nichtdeutsch)",NA,NA,NA
"Überalterungsquotient","nichtdeutsch",2022,"24 Feldmoching - Hasenbergl",108,2320,2148,NA,NA,NA,"Hauptwohnsitzbevölkerung (65 Jahre und älter) (nichtdeutsch)","Hauptwohnsitzbevölkerung (bis 14 Jahre) (nichtdeutsch)",NA,NA,NA
"Überalterungsquotient","nichtdeutsch",2022,"25 Laim",133.2,1919,1441,NA,NA,NA,"Hauptwohnsitzbevölkerung (65 Jahre und älter) (nichtdeutsch)","Hauptwohnsitzbevölkerung (bis 14 Jahre) (nichtdeutsch)",NA,NA,NA
"Überalterungsquotient","nichtdeutsch",2021,"Stadt München",129,48923,37932,NA,NA,NA,"Hauptwohnsitzbevölkerung (65 Jahre und älter) (nichtdeutsch)","Hauptwohnsitzbevölkerung (bis 14 Jahre) (nichtdeutsch)",NA,NA,NA
"Überalterungsquotient","nichtdeutsch",2021,"01 Altstadt - Lehel",233.1,620,266,NA,NA,NA,"Hauptwohnsitzbevölkerung (65 Jahre und älter) (nichtdeutsch)","Hauptwohnsitzbevölkerung (bis 14 Jahre) (nichtdeutsch)",NA,NA,NA
"Überalterungsquotient","nichtdeutsch",2021,"02 Ludwigsvorstadt - Isarvorstadt",202.1,1611,797,NA,NA,NA,"Hauptwohnsitzbevölkerung (65 Jahre und älter) (nichtdeutsch)","Hauptwohnsitzbevölkerung (bis 14 Jahre) (nichtdeutsch)",NA,NA,NA
"Überalterungsquotient","nichtdeutsch",2021,"03 Maxvorstadt",205.1,1214,592,NA,NA,NA,"Hauptwohnsitzbevölkerung (65 Jahre und älter) (nichtdeutsch)","Hauptwohnsitzbevölkerung (bis 14 Jahre) (nichtdeutsch)",NA,NA,NA
"Überalterungsquotient","nichtdeutsch",2021,"04 Schwabing - West",189.6,1735,915,NA,NA,NA,"Hauptwohnsitzbevölkerung (65 Jahre und älter) (nichtdeutsch)","Hauptwohnsitzbevölkerung (bis 14 Jahre) (nichtdeutsch)",NA,NA,NA
"Überalterungsquotient","nichtdeutsch",2021,"05 Au - Haidhausen",217.5,1886,867,NA,NA,NA,"Hauptwohnsitzbevölkerung (65 Jahre und älter) (nichtdeutsch)","Hauptwohnsitzbevölkerung (bis 14 Jahre) (nichtdeutsch)",NA,NA,NA
"Überalterungsquotient","nichtdeutsch",2021,"06 Sendling",185.9,1387,746,NA,NA,NA,"Hauptwohnsitzbevölkerung (65 Jahre und älter) (nichtdeutsch)","Hauptwohnsitzbevölkerung (bis 14 Jahre) (nichtdeutsch)",NA,NA,NA
"Überalterungsquotient","nichtdeutsch",2021,"07 Sendling - Westpark",147.8,2159,1461,NA,NA,NA,"Hauptwohnsitzbevölkerung (65 Jahre und älter) (nichtdeutsch)","Hauptwohnsitzbevölkerung (bis 14 Jahre) (nichtdeutsch)",NA,NA,NA
"Überalterungsquotient","nichtdeutsch",2021,"08 Schwanthalerhöhe",313.3,1413,451,NA,NA,NA,"Hauptwohnsitzbevölkerung (65 Jahre und älter) (nichtdeutsch)","Hauptwohnsitzbevölkerung (bis 14 Jahre) (nichtdeutsch)",NA,NA,NA
"Überalterungsquotient","nichtdeutsch",2021,"09 Neuhausen - Nymphenburg",164.2,2969,1808,NA,NA,NA,"Hauptwohnsitzbevölkerung (65 Jahre und älter) (nichtdeutsch)","Hauptwohnsitzbevölkerung (bis 14 Jahre) (nichtdeutsch)",NA,NA,NA
"Überalterungsquotient","nichtdeutsch",2021,"10 Moosach",122.9,1967,1601,NA,NA,NA,"Hauptwohnsitzbevölkerung (65 Jahre und älter) (nichtdeutsch)","Hauptwohnsitzbevölkerung (bis 14 Jahre) (nichtdeutsch)",NA,NA,NA
"Überalterungsquotient","nichtdeutsch",2021,"11 Milbertshofen - Am Hart",145.6,3405,2338,NA,NA,NA,"Hauptwohnsitzbevölkerung (65 Jahre und älter) (nichtdeutsch)","Hauptwohnsitzbevölkerung (bis 14 Jahre) (nichtdeutsch)",NA,NA,NA
"Überalterungsquotient","nichtdeutsch",2021,"12 Schwabing - Freimann",92.3,1838,1992,NA,NA,NA,"Hauptwohnsitzbevölkerung (65 Jahre und älter) (nichtdeutsch)","Hauptwohnsitzbevölkerung (bis 14 Jahre) (nichtdeutsch)",NA,NA,NA
"Überalterungsquotient","nichtdeutsch",2021,"13 Bogenhausen",90.3,2423,2683,NA,NA,NA,"Hauptwohnsitzbevölkerung (65 Jahre und älter) (nichtdeutsch)","Hauptwohnsitzbevölkerung (bis 14 Jahre) (nichtdeutsch)",NA,NA,NA
"Überalterungsquotient","nichtdeutsch",2021,"14 Berg am Laim",130,1756,1351,NA,NA,NA,"Hauptwohnsitzbevölkerung (65 Jahre und älter) (nichtdeutsch)","Hauptwohnsitzbevölkerung (bis 14 Jahre) (nichtdeutsch)",NA,NA,NA
"Überalterungsquotient","nichtdeutsch",2021,"15 Trudering - Riem",77.7,1507,1939,NA,NA,NA,"Hauptwohnsitzbevölkerung (65 Jahre und älter) (nichtdeutsch)","Hauptwohnsitzbevölkerung (bis 14 Jahre) (nichtdeutsch)",NA,NA,NA
"Überalterungsquotient","nichtdeutsch",2021,"16 Ramersdorf - Perlach",124.7,5070,4065,NA,NA,NA,"Hauptwohnsitzbevölkerung (65 Jahre und älter) (nichtdeutsch)","Hauptwohnsitzbevölkerung (bis 14 Jahre) (nichtdeutsch)",NA,NA,NA
"Überalterungsquotient","nichtdeutsch",2021,"17 Obergiesing - Fasangarten",164.1,1940,1182,NA,NA,NA,"Hauptwohnsitzbevölkerung (65 Jahre und älter) (nichtdeutsch)","Hauptwohnsitzbevölkerung (bis 14 Jahre) (nichtdeutsch)",NA,NA,NA
"Überalterungsquotient","nichtdeutsch",2021,"18 Untergiesing - Harlaching",160.3,1563,975,NA,NA,NA,"Hauptwohnsitzbevölkerung (65 Jahre und älter) (nichtdeutsch)","Hauptwohnsitzbevölkerung (bis 14 Jahre) (nichtdeutsch)",NA,NA,NA
"Überalterungsquotient","nichtdeutsch",2021,"19 Thalkirchen - Obersendling - Forstenried - Fürstenried - Solln",101.7,2886,2839,NA,NA,NA,"Hauptwohnsitzbevölkerung (65 Jahre und älter) (nichtdeutsch)","Hauptwohnsitzbevölkerung (bis 14 Jahre) (nichtdeutsch)",NA,NA,NA
"Überalterungsquotient","nichtdeutsch",2021,"20 Hadern",136.2,1545,1134,NA,NA,NA,"Hauptwohnsitzbevölkerung (65 Jahre und älter) (nichtdeutsch)","Hauptwohnsitzbevölkerung (bis 14 Jahre) (nichtdeutsch)",NA,NA,NA
"Überalterungsquotient","nichtdeutsch",2021,"21 Pasing - Obermenzing",97.3,1858,1909,NA,NA,NA,"Hauptwohnsitzbevölkerung (65 Jahre und älter) (nichtdeutsch)","Hauptwohnsitzbevölkerung (bis 14 Jahre) (nichtdeutsch)",NA,NA,NA
"Überalterungsquotient","nichtdeutsch",2021,"22 Aubing - Lochhausen - Langwied",67.5,1247,1848,NA,NA,NA,"Hauptwohnsitzbevölkerung (65 Jahre und älter) (nichtdeutsch)","Hauptwohnsitzbevölkerung (bis 14 Jahre) (nichtdeutsch)",NA,NA,NA
"Überalterungsquotient","nichtdeutsch",2021,"23 Allach - Untermenzing",85.7,824,961,NA,NA,NA,"Hauptwohnsitzbevölkerung (65 Jahre und älter) (nichtdeutsch)","Hauptwohnsitzbevölkerung (bis 14 Jahre) (nichtdeutsch)",NA,NA,NA
"Überalterungsquotient","nichtdeutsch",2021,"24 Feldmoching - Hasenbergl",117.5,2249,1914,NA,NA,NA,"Hauptwohnsitzbevölkerung (65 Jahre und älter) (nichtdeutsch)","Hauptwohnsitzbevölkerung (bis 14 Jahre) (nichtdeutsch)",NA,NA,NA
"Überalterungsquotient","nichtdeutsch",2021,"25 Laim",142.6,1851,1298,NA,NA,NA,"Hauptwohnsitzbevölkerung (65 Jahre und älter) (nichtdeutsch)","Hauptwohnsitzbevölkerung (bis 14 Jahre) (nichtdeutsch)",NA,NA,NA
"Überalterungsquotient","nichtdeutsch",2020,"Stadt München",132.1,48730,36894,NA,NA,NA,"Hauptwohnsitzbevölkerung (65 Jahre und älter) (nichtdeutsch)","Hauptwohnsitzbevölkerung (bis 14 Jahre) (nichtdeutsch)",NA,NA,NA
"Überalterungsquotient","nichtdeutsch",2020,"01 Altstadt - Lehel",218.7,643,294,NA,NA,NA,"Hauptwohnsitzbevölkerung (65 Jahre und älter) (nichtdeutsch)","Hauptwohnsitzbevölkerung (bis 14 Jahre) (nichtdeutsch)",NA,NA,NA
"Überalterungsquotient","nichtdeutsch",2020,"02 Ludwigsvorstadt - Isarvorstadt",203.7,1652,811,NA,NA,NA,"Hauptwohnsitzbevölkerung (65 Jahre und älter) (nichtdeutsch)","Hauptwohnsitzbevölkerung (bis 14 Jahre) (nichtdeutsch)",NA,NA,NA
"Überalterungsquotient","nichtdeutsch",2020,"03 Maxvorstadt",204.9,1217,594,NA,NA,NA,"Hauptwohnsitzbevölkerung (65 Jahre und älter) (nichtdeutsch)","Hauptwohnsitzbevölkerung (bis 14 Jahre) (nichtdeutsch)",NA,NA,NA
"Überalterungsquotient","nichtdeutsch",2020,"04 Schwabing - West",186.3,1761,945,NA,NA,NA,"Hauptwohnsitzbevölkerung (65 Jahre und älter) (nichtdeutsch)","Hauptwohnsitzbevölkerung (bis 14 Jahre) (nichtdeutsch)",NA,NA,NA
"Überalterungsquotient","nichtdeutsch",2020,"05 Au - Haidhausen",223,1913,858,NA,NA,NA,"Hauptwohnsitzbevölkerung (65 Jahre und älter) (nichtdeutsch)","Hauptwohnsitzbevölkerung (bis 14 Jahre) (nichtdeutsch)",NA,NA,NA
"Überalterungsquotient","nichtdeutsch",2020,"06 Sendling",190,1391,732,NA,NA,NA,"Hauptwohnsitzbevölkerung (65 Jahre und älter) (nichtdeutsch)","Hauptwohnsitzbevölkerung (bis 14 Jahre) (nichtdeutsch)",NA,NA,NA
"Überalterungsquotient","nichtdeutsch",2020,"07 Sendling - Westpark",141.7,2146,1515,NA,NA,NA,"Hauptwohnsitzbevölkerung (65 Jahre und älter) (nichtdeutsch)","Hauptwohnsitzbevölkerung (bis 14 Jahre) (nichtdeutsch)",NA,NA,NA
"Überalterungsquotient","nichtdeutsch",2020,"08 Schwanthalerhöhe",305.5,1436,470,NA,NA,NA,"Hauptwohnsitzbevölkerung (65 Jahre und älter) (nichtdeutsch)","Hauptwohnsitzbevölkerung (bis 14 Jahre) (nichtdeutsch)",NA,NA,NA
"Überalterungsquotient","nichtdeutsch",2020,"09 Neuhausen - Nymphenburg",167,2933,1756,NA,NA,NA,"Hauptwohnsitzbevölkerung (65 Jahre und älter) (nichtdeutsch)","Hauptwohnsitzbevölkerung (bis 14 Jahre) (nichtdeutsch)",NA,NA,NA
"Überalterungsquotient","nichtdeutsch",2020,"10 Moosach",124.8,1985,1591,NA,NA,NA,"Hauptwohnsitzbevölkerung (65 Jahre und älter) (nichtdeutsch)","Hauptwohnsitzbevölkerung (bis 14 Jahre) (nichtdeutsch)",NA,NA,NA
"Überalterungsquotient","nichtdeutsch",2020,"11 Milbertshofen - Am Hart",149.6,3405,2276,NA,NA,NA,"Hauptwohnsitzbevölkerung (65 Jahre und älter) (nichtdeutsch)","Hauptwohnsitzbevölkerung (bis 14 Jahre) (nichtdeutsch)",NA,NA,NA
"Überalterungsquotient","nichtdeutsch",2020,"12 Schwabing - Freimann",93.1,1783,1916,NA,NA,NA,"Hauptwohnsitzbevölkerung (65 Jahre und älter) (nichtdeutsch)","Hauptwohnsitzbevölkerung (bis 14 Jahre) (nichtdeutsch)",NA,NA,NA
"Überalterungsquotient","nichtdeutsch",2020,"13 Bogenhausen",93.1,2401,2579,NA,NA,NA,"Hauptwohnsitzbevölkerung (65 Jahre und älter) (nichtdeutsch)","Hauptwohnsitzbevölkerung (bis 14 Jahre) (nichtdeutsch)",NA,NA,NA
"Überalterungsquotient","nichtdeutsch",2020,"14 Berg am Laim",134.4,1726,1284,NA,NA,NA,"Hauptwohnsitzbevölkerung (65 Jahre und älter) (nichtdeutsch)","Hauptwohnsitzbevölkerung (bis 14 Jahre) (nichtdeutsch)",NA,NA,NA
"Überalterungsquotient","nichtdeutsch",2020,"15 Trudering - Riem",77.1,1470,1907,NA,NA,NA,"Hauptwohnsitzbevölkerung (65 Jahre und älter) (nichtdeutsch)","Hauptwohnsitzbevölkerung (bis 14 Jahre) (nichtdeutsch)",NA,NA,NA
"Überalterungsquotient","nichtdeutsch",2020,"16 Ramersdorf - Perlach",127.6,5016,3932,NA,NA,NA,"Hauptwohnsitzbevölkerung (65 Jahre und älter) (nichtdeutsch)","Hauptwohnsitzbevölkerung (bis 14 Jahre) (nichtdeutsch)",NA,NA,NA
"Überalterungsquotient","nichtdeutsch",2020,"17 Obergiesing - Fasangarten",167.2,1973,1180,NA,NA,NA,"Hauptwohnsitzbevölkerung (65 Jahre und älter) (nichtdeutsch)","Hauptwohnsitzbevölkerung (bis 14 Jahre) (nichtdeutsch)",NA,NA,NA
"Überalterungsquotient","nichtdeutsch",2020,"18 Untergiesing - Harlaching",165.4,1561,944,NA,NA,NA,"Hauptwohnsitzbevölkerung (65 Jahre und älter) (nichtdeutsch)","Hauptwohnsitzbevölkerung (bis 14 Jahre) (nichtdeutsch)",NA,NA,NA
"Überalterungsquotient","nichtdeutsch",2020,"19 Thalkirchen - Obersendling - Forstenried - Fürstenried - Solln",102.6,2851,2778,NA,NA,NA,"Hauptwohnsitzbevölkerung (65 Jahre und älter) (nichtdeutsch)","Hauptwohnsitzbevölkerung (bis 14 Jahre) (nichtdeutsch)",NA,NA,NA
"Überalterungsquotient","nichtdeutsch",2020,"20 Hadern",159.7,1520,952,NA,NA,NA,"Hauptwohnsitzbevölkerung (65 Jahre und älter) (nichtdeutsch)","Hauptwohnsitzbevölkerung (bis 14 Jahre) (nichtdeutsch)",NA,NA,NA
"Überalterungsquotient","nichtdeutsch",2020,"21 Pasing - Obermenzing",101.7,1868,1837,NA,NA,NA,"Hauptwohnsitzbevölkerung (65 Jahre und älter) (nichtdeutsch)","Hauptwohnsitzbevölkerung (bis 14 Jahre) (nichtdeutsch)",NA,NA,NA
"Überalterungsquotient","nichtdeutsch",2020,"22 Aubing - Lochhausen - Langwied",70.1,1181,1684,NA,NA,NA,"Hauptwohnsitzbevölkerung (65 Jahre und älter) (nichtdeutsch)","Hauptwohnsitzbevölkerung (bis 14 Jahre) (nichtdeutsch)",NA,NA,NA
"Überalterungsquotient","nichtdeutsch",2020,"23 Allach - Untermenzing",96.6,831,860,NA,NA,NA,"Hauptwohnsitzbevölkerung (65 Jahre und älter) (nichtdeutsch)","Hauptwohnsitzbevölkerung (bis 14 Jahre) (nichtdeutsch)",NA,NA,NA
"Überalterungsquotient","nichtdeutsch",2020,"24 Feldmoching - Hasenbergl",116.9,2189,1873,NA,NA,NA,"Hauptwohnsitzbevölkerung (65 Jahre und älter) (nichtdeutsch)","Hauptwohnsitzbevölkerung (bis 14 Jahre) (nichtdeutsch)",NA,NA,NA
"Überalterungsquotient","nichtdeutsch",2020,"25 Laim",141.6,1878,1326,NA,NA,NA,"Hauptwohnsitzbevölkerung (65 Jahre und älter) (nichtdeutsch)","Hauptwohnsitzbevölkerung (bis 14 Jahre) (nichtdeutsch)",NA,NA,NA
"Überalterungsquotient","nichtdeutsch",2019,"Stadt München",129,47126,36540,NA,NA,NA,"Hauptwohnsitzbevölkerung (65 Jahre und älter) (nichtdeutsch)","Hauptwohnsitzbevölkerung (bis 14 Jahre) (nichtdeutsch)",NA,NA,NA
"Überalterungsquotient","nichtdeutsch",2019,"01 Altstadt - Lehel",200.9,647,322,NA,NA,NA,"Hauptwohnsitzbevölkerung (65 Jahre und älter) (nichtdeutsch)","Hauptwohnsitzbevölkerung (bis 14 Jahre) (nichtdeutsch)",NA,NA,NA
"Überalterungsquotient","nichtdeutsch",2019,"02 Ludwigsvorstadt - Isarvorstadt",207.1,1597,771,NA,NA,NA,"Hauptwohnsitzbevölkerung (65 Jahre und älter) (nichtdeutsch)","Hauptwohnsitzbevölkerung (bis 14 Jahre) (nichtdeutsch)",NA,NA,NA
"Überalterungsquotient","nichtdeutsch",2019,"03 Maxvorstadt",209.6,1226,585,NA,NA,NA,"Hauptwohnsitzbevölkerung (65 Jahre und älter) (nichtdeutsch)","Hauptwohnsitzbevölkerung (bis 14 Jahre) (nichtdeutsch)",NA,NA,NA
"Überalterungsquotient","nichtdeutsch",2019,"04 Schwabing - West",181,1725,953,NA,NA,NA,"Hauptwohnsitzbevölkerung (65 Jahre und älter) (nichtdeutsch)","Hauptwohnsitzbevölkerung (bis 14 Jahre) (nichtdeutsch)",NA,NA,NA
"Überalterungsquotient","nichtdeutsch",2019,"05 Au - Haidhausen",227,1857,818,NA,NA,NA,"Hauptwohnsitzbevölkerung (65 Jahre und älter) (nichtdeutsch)","Hauptwohnsitzbevölkerung (bis 14 Jahre) (nichtdeutsch)",NA,NA,NA
"Überalterungsquotient","nichtdeutsch",2019,"06 Sendling",176.2,1357,770,NA,NA,NA,"Hauptwohnsitzbevölkerung (65 Jahre und älter) (nichtdeutsch)","Hauptwohnsitzbevölkerung (bis 14 Jahre) (nichtdeutsch)",NA,NA,NA
"Überalterungsquotient","nichtdeutsch",2019,"07 Sendling - Westpark",132.2,2062,1560,NA,NA,NA,"Hauptwohnsitzbevölkerung (65 Jahre und älter) (nichtdeutsch)","Hauptwohnsitzbevölkerung (bis 14 Jahre) (nichtdeutsch)",NA,NA,NA
"Überalterungsquotient","nichtdeutsch",2019,"08 Schwanthalerhöhe",289.1,1402,485,NA,NA,NA,"Hauptwohnsitzbevölkerung (65 Jahre und älter) (nichtdeutsch)","Hauptwohnsitzbevölkerung (bis 14 Jahre) (nichtdeutsch)",NA,NA,NA
"Überalterungsquotient","nichtdeutsch",2019,"09 Neuhausen - Nymphenburg",163.2,2851,1747,NA,NA,NA,"Hauptwohnsitzbevölkerung (65 Jahre und älter) (nichtdeutsch)","Hauptwohnsitzbevölkerung (bis 14 Jahre) (nichtdeutsch)",NA,NA,NA
"Überalterungsquotient","nichtdeutsch",2019,"10 Moosach",123.3,1911,1550,NA,NA,NA,"Hauptwohnsitzbevölkerung (65 Jahre und älter) (nichtdeutsch)","Hauptwohnsitzbevölkerung (bis 14 Jahre) (nichtdeutsch)",NA,NA,NA
"Überalterungsquotient","nichtdeutsch",2019,"11 Milbertshofen - Am Hart",139.4,3238,2322,NA,NA,NA,"Hauptwohnsitzbevölkerung (65 Jahre und älter) (nichtdeutsch)","Hauptwohnsitzbevölkerung (bis 14 Jahre) (nichtdeutsch)",NA,NA,NA
"Überalterungsquotient","nichtdeutsch",2019,"12 Schwabing - Freimann",91.1,1709,1875,NA,NA,NA,"Hauptwohnsitzbevölkerung (65 Jahre und älter) (nichtdeutsch)","Hauptwohnsitzbevölkerung (bis 14 Jahre) (nichtdeutsch)",NA,NA,NA
"Überalterungsquotient","nichtdeutsch",2019,"13 Bogenhausen",94.1,2285,2427,NA,NA,NA,"Hauptwohnsitzbevölkerung (65 Jahre und älter) (nichtdeutsch)","Hauptwohnsitzbevölkerung (bis 14 Jahre) (nichtdeutsch)",NA,NA,NA
"Überalterungsquotient","nichtdeutsch",2019,"14 Berg am Laim",128.7,1677,1303,NA,NA,NA,"Hauptwohnsitzbevölkerung (65 Jahre und älter) (nichtdeutsch)","Hauptwohnsitzbevölkerung (bis 14 Jahre) (nichtdeutsch)",NA,NA,NA
"Überalterungsquotient","nichtdeutsch",2019,"15 Trudering - Riem",73.8,1392,1886,NA,NA,NA,"Hauptwohnsitzbevölkerung (65 Jahre und älter) (nichtdeutsch)","Hauptwohnsitzbevölkerung (bis 14 Jahre) (nichtdeutsch)",NA,NA,NA
"Überalterungsquotient","nichtdeutsch",2019,"16 Ramersdorf - Perlach",124.7,4861,3897,NA,NA,NA,"Hauptwohnsitzbevölkerung (65 Jahre und älter) (nichtdeutsch)","Hauptwohnsitzbevölkerung (bis 14 Jahre) (nichtdeutsch)",NA,NA,NA
"Überalterungsquotient","nichtdeutsch",2019,"17 Obergiesing - Fasangarten",159,1899,1194,NA,NA,NA,"Hauptwohnsitzbevölkerung (65 Jahre und älter) (nichtdeutsch)","Hauptwohnsitzbevölkerung (bis 14 Jahre) (nichtdeutsch)",NA,NA,NA
"Überalterungsquotient","nichtdeutsch",2019,"18 Untergiesing - Harlaching",159,1534,965,NA,NA,NA,"Hauptwohnsitzbevölkerung (65 Jahre und älter) (nichtdeutsch)","Hauptwohnsitzbevölkerung (bis 14 Jahre) (nichtdeutsch)",NA,NA,NA
"Überalterungsquotient","nichtdeutsch",2019,"19 Thalkirchen - Obersendling - Forstenried - Fürstenried - Solln",99.1,2757,2783,NA,NA,NA,"Hauptwohnsitzbevölkerung (65 Jahre und älter) (nichtdeutsch)","Hauptwohnsitzbevölkerung (bis 14 Jahre) (nichtdeutsch)",NA,NA,NA
"Überalterungsquotient","nichtdeutsch",2019,"20 Hadern",149.6,1456,973,NA,NA,NA,"Hauptwohnsitzbevölkerung (65 Jahre und älter) (nichtdeutsch)","Hauptwohnsitzbevölkerung (bis 14 Jahre) (nichtdeutsch)",NA,NA,NA
"Überalterungsquotient","nichtdeutsch",2019,"21 Pasing - Obermenzing",106,1828,1724,NA,NA,NA,"Hauptwohnsitzbevölkerung (65 Jahre und älter) (nichtdeutsch)","Hauptwohnsitzbevölkerung (bis 14 Jahre) (nichtdeutsch)",NA,NA,NA
"Überalterungsquotient","nichtdeutsch",2019,"22 Aubing - Lochhausen - Langwied",70.1,1118,1594,NA,NA,NA,"Hauptwohnsitzbevölkerung (65 Jahre und älter) (nichtdeutsch)","Hauptwohnsitzbevölkerung (bis 14 Jahre) (nichtdeutsch)",NA,NA,NA
"Überalterungsquotient","nichtdeutsch",2019,"23 Allach - Untermenzing",92.3,803,870,NA,NA,NA,"Hauptwohnsitzbevölkerung (65 Jahre und älter) (nichtdeutsch)","Hauptwohnsitzbevölkerung (bis 14 Jahre) (nichtdeutsch)",NA,NA,NA
"Überalterungsquotient","nichtdeutsch",2019,"24 Feldmoching - Hasenbergl",113,2107,1864,NA,NA,NA,"Hauptwohnsitzbevölkerung (65 Jahre und älter) (nichtdeutsch)","Hauptwohnsitzbevölkerung (bis 14 Jahre) (nichtdeutsch)",NA,NA,NA
"Überalterungsquotient","nichtdeutsch",2019,"25 Laim",140.3,1827,1302,NA,NA,NA,"Hauptwohnsitzbevölkerung (65 Jahre und älter) (nichtdeutsch)","Hauptwohnsitzbevölkerung (bis 14 Jahre) (nichtdeutsch)",NA,NA,NA
"Überalterungsquotient","nichtdeutsch",2018,"Stadt München",130.1,45779,35201,NA,NA,NA,"Hauptwohnsitzbevölkerung (65 Jahre und älter) (nichtdeutsch)","Hauptwohnsitzbevölkerung (bis 14 Jahre) (nichtdeutsch)",NA,NA,NA
"Überalterungsquotient","nichtdeutsch",2018,"01 Altstadt - Lehel",187.9,637,339,NA,NA,NA,"Hauptwohnsitzbevölkerung (65 Jahre und älter) (nichtdeutsch)","Hauptwohnsitzbevölkerung (bis 14 Jahre) (nichtdeutsch)",NA,NA,NA
"Überalterungsquotient","nichtdeutsch",2018,"02 Ludwigsvorstadt - Isarvorstadt",188.2,1577,838,NA,NA,NA,"Hauptwohnsitzbevölkerung (65 Jahre und älter) (nichtdeutsch)","Hauptwohnsitzbevölkerung (bis 14 Jahre) (nichtdeutsch)",NA,NA,NA
"Überalterungsquotient","nichtdeutsch",2018,"03 Maxvorstadt",217.3,1208,556,NA,NA,NA,"Hauptwohnsitzbevölkerung (65 Jahre und älter) (nichtdeutsch)","Hauptwohnsitzbevölkerung (bis 14 Jahre) (nichtdeutsch)",NA,NA,NA
"Überalterungsquotient","nichtdeutsch",2018,"04 Schwabing - West",179.2,1708,953,NA,NA,NA,"Hauptwohnsitzbevölkerung (65 Jahre und älter) (nichtdeutsch)","Hauptwohnsitzbevölkerung (bis 14 Jahre) (nichtdeutsch)",NA,NA,NA
"Überalterungsquotient","nichtdeutsch",2018,"05 Au - Haidhausen",230.5,1828,793,NA,NA,NA,"Hauptwohnsitzbevölkerung (65 Jahre und älter) (nichtdeutsch)","Hauptwohnsitzbevölkerung (bis 14 Jahre) (nichtdeutsch)",NA,NA,NA
"Überalterungsquotient","nichtdeutsch",2018,"06 Sendling",182.9,1324,724,NA,NA,NA,"Hauptwohnsitzbevölkerung (65 Jahre und älter) (nichtdeutsch)","Hauptwohnsitzbevölkerung (bis 14 Jahre) (nichtdeutsch)",NA,NA,NA
"Überalterungsquotient","nichtdeutsch",2018,"07 Sendling - Westpark",130.7,2002,1532,NA,NA,NA,"Hauptwohnsitzbevölkerung (65 Jahre und älter) (nichtdeutsch)","Hauptwohnsitzbevölkerung (bis 14 Jahre) (nichtdeutsch)",NA,NA,NA
"Überalterungsquotient","nichtdeutsch",2018,"08 Schwanthalerhöhe",287.7,1404,488,NA,NA,NA,"Hauptwohnsitzbevölkerung (65 Jahre und älter) (nichtdeutsch)","Hauptwohnsitzbevölkerung (bis 14 Jahre) (nichtdeutsch)",NA,NA,NA
"Überalterungsquotient","nichtdeutsch",2018,"09 Neuhausen - Nymphenburg",171.3,2732,1595,NA,NA,NA,"Hauptwohnsitzbevölkerung (65 Jahre und älter) (nichtdeutsch)","Hauptwohnsitzbevölkerung (bis 14 Jahre) (nichtdeutsch)",NA,NA,NA
"Überalterungsquotient","nichtdeutsch",2018,"10 Moosach",125.2,1856,1482,NA,NA,NA,"Hauptwohnsitzbevölkerung (65 Jahre und älter) (nichtdeutsch)","Hauptwohnsitzbevölkerung (bis 14 Jahre) (nichtdeutsch)",NA,NA,NA
"Überalterungsquotient","nichtdeutsch",2018,"11 Milbertshofen - Am Hart",143,3156,2207,NA,NA,NA,"Hauptwohnsitzbevölkerung (65 Jahre und älter) (nichtdeutsch)","Hauptwohnsitzbevölkerung (bis 14 Jahre) (nichtdeutsch)",NA,NA,NA
"Überalterungsquotient","nichtdeutsch",2018,"12 Schwabing - Freimann",83.4,1643,1971,NA,NA,NA,"Hauptwohnsitzbevölkerung (65 Jahre und älter) (nichtdeutsch)","Hauptwohnsitzbevölkerung (bis 14 Jahre) (nichtdeutsch)",NA,NA,NA
"Überalterungsquotient","nichtdeutsch",2018,"13 Bogenhausen",96.5,2229,2310,NA,NA,NA,"Hauptwohnsitzbevölkerung (65 Jahre und älter) (nichtdeutsch)","Hauptwohnsitzbevölkerung (bis 14 Jahre) (nichtdeutsch)",NA,NA,NA
"Überalterungsquotient","nichtdeutsch",2018,"14 Berg am Laim",128.7,1610,1251,NA,NA,NA,"Hauptwohnsitzbevölkerung (65 Jahre und älter) (nichtdeutsch)","Hauptwohnsitzbevölkerung (bis 14 Jahre) (nichtdeutsch)",NA,NA,NA
"Überalterungsquotient","nichtdeutsch",2018,"15 Trudering - Riem",71.5,1321,1848,NA,NA,NA,"Hauptwohnsitzbevölkerung (65 Jahre und älter) (nichtdeutsch)","Hauptwohnsitzbevölkerung (bis 14 Jahre) (nichtdeutsch)",NA,NA,NA
"Überalterungsquotient","nichtdeutsch",2018,"16 Ramersdorf - Perlach",124.2,4698,3782,NA,NA,NA,"Hauptwohnsitzbevölkerung (65 Jahre und älter) (nichtdeutsch)","Hauptwohnsitzbevölkerung (bis 14 Jahre) (nichtdeutsch)",NA,NA,NA
"Überalterungsquotient","nichtdeutsch",2018,"17 Obergiesing - Fasangarten",150.2,1843,1227,NA,NA,NA,"Hauptwohnsitzbevölkerung (65 Jahre und älter) (nichtdeutsch)","Hauptwohnsitzbevölkerung (bis 14 Jahre) (nichtdeutsch)",NA,NA,NA
"Überalterungsquotient","nichtdeutsch",2018,"18 Untergiesing - Harlaching",154.1,1495,970,NA,NA,NA,"Hauptwohnsitzbevölkerung (65 Jahre und älter) (nichtdeutsch)","Hauptwohnsitzbevölkerung (bis 14 Jahre) (nichtdeutsch)",NA,NA,NA
"Überalterungsquotient","nichtdeutsch",2018,"19 Thalkirchen - Obersendling - Forstenried - Fürstenried - Solln",100.8,2680,2659,NA,NA,NA,"Hauptwohnsitzbevölkerung (65 Jahre und älter) (nichtdeutsch)","Hauptwohnsitzbevölkerung (bis 14 Jahre) (nichtdeutsch)",NA,NA,NA
"Überalterungsquotient","nichtdeutsch",2018,"20 Hadern",155.6,1383,889,NA,NA,NA,"Hauptwohnsitzbevölkerung (65 Jahre und älter) (nichtdeutsch)","Hauptwohnsitzbevölkerung (bis 14 Jahre) (nichtdeutsch)",NA,NA,NA
"Überalterungsquotient","nichtdeutsch",2018,"21 Pasing - Obermenzing",113.3,1757,1551,NA,NA,NA,"Hauptwohnsitzbevölkerung (65 Jahre und älter) (nichtdeutsch)","Hauptwohnsitzbevölkerung (bis 14 Jahre) (nichtdeutsch)",NA,NA,NA
"Überalterungsquotient","nichtdeutsch",2018,"22 Aubing - Lochhausen - Langwied",76.8,1103,1436,NA,NA,NA,"Hauptwohnsitzbevölkerung (65 Jahre und älter) (nichtdeutsch)","Hauptwohnsitzbevölkerung (bis 14 Jahre) (nichtdeutsch)",NA,NA,NA
"Überalterungsquotient","nichtdeutsch",2018,"23 Allach - Untermenzing",100.9,785,778,NA,NA,NA,"Hauptwohnsitzbevölkerung (65 Jahre und älter) (nichtdeutsch)","Hauptwohnsitzbevölkerung (bis 14 Jahre) (nichtdeutsch)",NA,NA,NA
"Überalterungsquotient","nichtdeutsch",2018,"24 Feldmoching - Hasenbergl",113.8,2041,1793,NA,NA,NA,"Hauptwohnsitzbevölkerung (65 Jahre und älter) (nichtdeutsch)","Hauptwohnsitzbevölkerung (bis 14 Jahre) (nichtdeutsch)",NA,NA,NA
"Überalterungsquotient","nichtdeutsch",2018,"25 Laim",143.1,1759,1229,NA,NA,NA,"Hauptwohnsitzbevölkerung (65 Jahre und älter) (nichtdeutsch)","Hauptwohnsitzbevölkerung (bis 14 Jahre) (nichtdeutsch)",NA,NA,NA
"Überalterungsquotient","nichtdeutsch",2017,"Stadt München",130.7,44352,33935,NA,NA,NA,"Hauptwohnsitzbevölkerung (65 Jahre und älter) (nichtdeutsch)","Hauptwohnsitzbevölkerung (bis 14 Jahre) (nichtdeutsch)",NA,NA,NA
"Überalterungsquotient","nichtdeutsch",2017,"01 Altstadt - Lehel",187.2,646,345,NA,NA,NA,"Hauptwohnsitzbevölkerung (65 Jahre und älter) (nichtdeutsch)","Hauptwohnsitzbevölkerung (bis 14 Jahre) (nichtdeutsch)",NA,NA,NA
"Überalterungsquotient","nichtdeutsch",2017,"02 Ludwigsvorstadt - Isarvorstadt",183.3,1593,869,NA,NA,NA,"Hauptwohnsitzbevölkerung (65 Jahre und älter) (nichtdeutsch)","Hauptwohnsitzbevölkerung (bis 14 Jahre) (nichtdeutsch)",NA,NA,NA
"Überalterungsquotient","nichtdeutsch",2017,"03 Maxvorstadt",202.4,1178,582,NA,NA,NA,"Hauptwohnsitzbevölkerung (65 Jahre und älter) (nichtdeutsch)","Hauptwohnsitzbevölkerung (bis 14 Jahre) (nichtdeutsch)",NA,NA,NA
"Überalterungsquotient","nichtdeutsch",2017,"04 Schwabing - West",175.2,1689,964,NA,NA,NA,"Hauptwohnsitzbevölkerung (65 Jahre und älter) (nichtdeutsch)","Hauptwohnsitzbevölkerung (bis 14 Jahre) (nichtdeutsch)",NA,NA,NA
"Überalterungsquotient","nichtdeutsch",2017,"05 Au - Haidhausen",219.2,1767,806,NA,NA,NA,"Hauptwohnsitzbevölkerung (65 Jahre und älter) (nichtdeutsch)","Hauptwohnsitzbevölkerung (bis 14 Jahre) (nichtdeutsch)",NA,NA,NA
"Überalterungsquotient","nichtdeutsch",2017,"06 Sendling",183.1,1291,705,NA,NA,NA,"Hauptwohnsitzbevölkerung (65 Jahre und älter) (nichtdeutsch)","Hauptwohnsitzbevölkerung (bis 14 Jahre) (nichtdeutsch)",NA,NA,NA
"Überalterungsquotient","nichtdeutsch",2017,"07 Sendling - Westpark",126.2,1931,1530,NA,NA,NA,"Hauptwohnsitzbevölkerung (65 Jahre und älter) (nichtdeutsch)","Hauptwohnsitzbevölkerung (bis 14 Jahre) (nichtdeutsch)",NA,NA,NA
"Überalterungsquotient","nichtdeutsch",2017,"08 Schwanthalerhöhe",273.9,1367,499,NA,NA,NA,"Hauptwohnsitzbevölkerung (65 Jahre und älter) (nichtdeutsch)","Hauptwohnsitzbevölkerung (bis 14 Jahre) (nichtdeutsch)",NA,NA,NA
"Überalterungsquotient","nichtdeutsch",2017,"09 Neuhausen - Nymphenburg",169.8,2681,1579,NA,NA,NA,"Hauptwohnsitzbevölkerung (65 Jahre und älter) (nichtdeutsch)","Hauptwohnsitzbevölkerung (bis 14 Jahre) (nichtdeutsch)",NA,NA,NA
"Überalterungsquotient","nichtdeutsch",2017,"10 Moosach",122.9,1783,1451,NA,NA,NA,"Hauptwohnsitzbevölkerung (65 Jahre und älter) (nichtdeutsch)","Hauptwohnsitzbevölkerung (bis 14 Jahre) (nichtdeutsch)",NA,NA,NA
"Überalterungsquotient","nichtdeutsch",2017,"11 Milbertshofen - Am Hart",139.6,3054,2187,NA,NA,NA,"Hauptwohnsitzbevölkerung (65 Jahre und älter) (nichtdeutsch)","Hauptwohnsitzbevölkerung (bis 14 Jahre) (nichtdeutsch)",NA,NA,NA
"Überalterungsquotient","nichtdeutsch",2017,"12 Schwabing - Freimann",84.7,1587,1874,NA,NA,NA,"Hauptwohnsitzbevölkerung (65 Jahre und älter) (nichtdeutsch)","Hauptwohnsitzbevölkerung (bis 14 Jahre) (nichtdeutsch)",NA,NA,NA
"Überalterungsquotient","nichtdeutsch",2017,"13 Bogenhausen",102.5,2155,2103,NA,NA,NA,"Hauptwohnsitzbevölkerung (65 Jahre und älter) (nichtdeutsch)","Hauptwohnsitzbevölkerung (bis 14 Jahre) (nichtdeutsch)",NA,NA,NA
"Überalterungsquotient","nichtdeutsch",2017,"14 Berg am Laim",129.3,1549,1198,NA,NA,NA,"Hauptwohnsitzbevölkerung (65 Jahre und älter) (nichtdeutsch)","Hauptwohnsitzbevölkerung (bis 14 Jahre) (nichtdeutsch)",NA,NA,NA
"Überalterungsquotient","nichtdeutsch",2017,"15 Trudering - Riem",71.2,1241,1744,NA,NA,NA,"Hauptwohnsitzbevölkerung (65 Jahre und älter) (nichtdeutsch)","Hauptwohnsitzbevölkerung (bis 14 Jahre) (nichtdeutsch)",NA,NA,NA
"Überalterungsquotient","nichtdeutsch",2017,"16 Ramersdorf - Perlach",127.5,4556,3574,NA,NA,NA,"Hauptwohnsitzbevölkerung (65 Jahre und älter) (nichtdeutsch)","Hauptwohnsitzbevölkerung (bis 14 Jahre) (nichtdeutsch)",NA,NA,NA
"Überalterungsquotient","nichtdeutsch",2017,"17 Obergiesing - Fasangarten",143.7,1783,1241,NA,NA,NA,"Hauptwohnsitzbevölkerung (65 Jahre und älter) (nichtdeutsch)","Hauptwohnsitzbevölkerung (bis 14 Jahre) (nichtdeutsch)",NA,NA,NA
"Überalterungsquotient","nichtdeutsch",2017,"18 Untergiesing - Harlaching",152.8,1426,933,NA,NA,NA,"Hauptwohnsitzbevölkerung (65 Jahre und älter) (nichtdeutsch)","Hauptwohnsitzbevölkerung (bis 14 Jahre) (nichtdeutsch)",NA,NA,NA
"Überalterungsquotient","nichtdeutsch",2017,"19 Thalkirchen - Obersendling - Forstenried - Fürstenried - Solln",103.4,2582,2497,NA,NA,NA,"Hauptwohnsitzbevölkerung (65 Jahre und älter) (nichtdeutsch)","Hauptwohnsitzbevölkerung (bis 14 Jahre) (nichtdeutsch)",NA,NA,NA
"Überalterungsquotient","nichtdeutsch",2017,"20 Hadern",152.7,1319,864,NA,NA,NA,"Hauptwohnsitzbevölkerung (65 Jahre und älter) (nichtdeutsch)","Hauptwohnsitzbevölkerung (bis 14 Jahre) (nichtdeutsch)",NA,NA,NA
"Überalterungsquotient","nichtdeutsch",2017,"21 Pasing - Obermenzing",111.4,1715,1540,NA,NA,NA,"Hauptwohnsitzbevölkerung (65 Jahre und älter) (nichtdeutsch)","Hauptwohnsitzbevölkerung (bis 14 Jahre) (nichtdeutsch)",NA,NA,NA
"Überalterungsquotient","nichtdeutsch",2017,"22 Aubing - Lochhausen - Langwied",83.8,1036,1237,NA,NA,NA,"Hauptwohnsitzbevölkerung (65 Jahre und älter) (nichtdeutsch)","Hauptwohnsitzbevölkerung (bis 14 Jahre) (nichtdeutsch)",NA,NA,NA
"Überalterungsquotient","nichtdeutsch",2017,"23 Allach - Untermenzing",103.3,727,704,NA,NA,NA,"Hauptwohnsitzbevölkerung (65 Jahre und älter) (nichtdeutsch)","Hauptwohnsitzbevölkerung (bis 14 Jahre) (nichtdeutsch)",NA,NA,NA
"Überalterungsquotient","nichtdeutsch",2017,"24 Feldmoching - Hasenbergl",115.9,1980,1708,NA,NA,NA,"Hauptwohnsitzbevölkerung (65 Jahre und älter) (nichtdeutsch)","Hauptwohnsitzbevölkerung (bis 14 Jahre) (nichtdeutsch)",NA,NA,NA
"Überalterungsquotient","nichtdeutsch",2017,"25 Laim",142.9,1716,1201,NA,NA,NA,"Hauptwohnsitzbevölkerung (65 Jahre und älter) (nichtdeutsch)","Hauptwohnsitzbevölkerung (bis 14 Jahre) (nichtdeutsch)",NA,NA,NA
"Überalterungsquotient","nichtdeutsch",2016,"Stadt München",135.7,44780,32995,NA,NA,NA,"Hauptwohnsitzbevölkerung (65 Jahre und älter) (nichtdeutsch)","Hauptwohnsitzbevölkerung (bis 14 Jahre) (nichtdeutsch)",NA,NA,NA
"Überalterungsquotient","nichtdeutsch",2016,"01 Altstadt - Lehel",216.6,693,320,NA,NA,NA,"Hauptwohnsitzbevölkerung (65 Jahre und älter) (nichtdeutsch)","Hauptwohnsitzbevölkerung (bis 14 Jahre) (nichtdeutsch)",NA,NA,NA
"Überalterungsquotient","nichtdeutsch",2016,"02 Ludwigsvorstadt - Isarvorstadt",162.9,1790,1099,NA,NA,NA,"Hauptwohnsitzbevölkerung (65 Jahre und älter) (nichtdeutsch)","Hauptwohnsitzbevölkerung (bis 14 Jahre) (nichtdeutsch)",NA,NA,NA
"Überalterungsquotient","nichtdeutsch",2016,"03 Maxvorstadt",192.2,1238,644,NA,NA,NA,"Hauptwohnsitzbevölkerung (65 Jahre und älter) (nichtdeutsch)","Hauptwohnsitzbevölkerung (bis 14 Jahre) (nichtdeutsch)",NA,NA,NA
"Überalterungsquotient","nichtdeutsch",2016,"04 Schwabing - West",179.3,1716,957,NA,NA,NA,"Hauptwohnsitzbevölkerung (65 Jahre und älter) (nichtdeutsch)","Hauptwohnsitzbevölkerung (bis 14 Jahre) (nichtdeutsch)",NA,NA,NA
"Überalterungsquotient","nichtdeutsch",2016,"05 Au - Haidhausen",223.1,1816,814,NA,NA,NA,"Hauptwohnsitzbevölkerung (65 Jahre und älter) (nichtdeutsch)","Hauptwohnsitzbevölkerung (bis 14 Jahre) (nichtdeutsch)",NA,NA,NA
"Überalterungsquotient","nichtdeutsch",2016,"06 Sendling",188.5,1338,710,NA,NA,NA,"Hauptwohnsitzbevölkerung (65 Jahre und älter) (nichtdeutsch)","Hauptwohnsitzbevölkerung (bis 14 Jahre) (nichtdeutsch)",NA,NA,NA
"Überalterungsquotient","nichtdeutsch",2016,"07 Sendling - Westpark",132.8,1896,1428,NA,NA,NA,"Hauptwohnsitzbevölkerung (65 Jahre und älter) (nichtdeutsch)","Hauptwohnsitzbevölkerung (bis 14 Jahre) (nichtdeutsch)",NA,NA,NA
"Überalterungsquotient","nichtdeutsch",2016,"08 Schwanthalerhöhe",279.4,1414,506,NA,NA,NA,"Hauptwohnsitzbevölkerung (65 Jahre und älter) (nichtdeutsch)","Hauptwohnsitzbevölkerung (bis 14 Jahre) (nichtdeutsch)",NA,NA,NA
"Überalterungsquotient","nichtdeutsch",2016,"09 Neuhausen - Nymphenburg",169.7,2682,1580,NA,NA,NA,"Hauptwohnsitzbevölkerung (65 Jahre und älter) (nichtdeutsch)","Hauptwohnsitzbevölkerung (bis 14 Jahre) (nichtdeutsch)",NA,NA,NA
"Überalterungsquotient","nichtdeutsch",2016,"10 Moosach",130.9,1773,1354,NA,NA,NA,"Hauptwohnsitzbevölkerung (65 Jahre und älter) (nichtdeutsch)","Hauptwohnsitzbevölkerung (bis 14 Jahre) (nichtdeutsch)",NA,NA,NA
"Überalterungsquotient","nichtdeutsch",2016,"11 Milbertshofen - Am Hart",141.7,3037,2143,NA,NA,NA,"Hauptwohnsitzbevölkerung (65 Jahre und älter) (nichtdeutsch)","Hauptwohnsitzbevölkerung (bis 14 Jahre) (nichtdeutsch)",NA,NA,NA
"Überalterungsquotient","nichtdeutsch",2016,"12 Schwabing - Freimann",87.8,1574,1793,NA,NA,NA,"Hauptwohnsitzbevölkerung (65 Jahre und älter) (nichtdeutsch)","Hauptwohnsitzbevölkerung (bis 14 Jahre) (nichtdeutsch)",NA,NA,NA
"Überalterungsquotient","nichtdeutsch",2016,"13 Bogenhausen",106.1,2223,2095,NA,NA,NA,"Hauptwohnsitzbevölkerung (65 Jahre und älter) (nichtdeutsch)","Hauptwohnsitzbevölkerung (bis 14 Jahre) (nichtdeutsch)",NA,NA,NA
"Überalterungsquotient","nichtdeutsch",2016,"14 Berg am Laim",132.3,1484,1122,NA,NA,NA,"Hauptwohnsitzbevölkerung (65 Jahre und älter) (nichtdeutsch)","Hauptwohnsitzbevölkerung (bis 14 Jahre) (nichtdeutsch)",NA,NA,NA
"Überalterungsquotient","nichtdeutsch",2016,"15 Trudering - Riem",78.4,1211,1545,NA,NA,NA,"Hauptwohnsitzbevölkerung (65 Jahre und älter) (nichtdeutsch)","Hauptwohnsitzbevölkerung (bis 14 Jahre) (nichtdeutsch)",NA,NA,NA
"Überalterungsquotient","nichtdeutsch",2016,"16 Ramersdorf - Perlach",133.4,4533,3398,NA,NA,NA,"Hauptwohnsitzbevölkerung (65 Jahre und älter) (nichtdeutsch)","Hauptwohnsitzbevölkerung (bis 14 Jahre) (nichtdeutsch)",NA,NA,NA
"Überalterungsquotient","nichtdeutsch",2016,"17 Obergiesing - Fasangarten",144.5,1812,1254,NA,NA,NA,"Hauptwohnsitzbevölkerung (65 Jahre und älter) (nichtdeutsch)","Hauptwohnsitzbevölkerung (bis 14 Jahre) (nichtdeutsch)",NA,NA,NA
"Überalterungsquotient","nichtdeutsch",2016,"18 Untergiesing - Harlaching",156.7,1481,945,NA,NA,NA,"Hauptwohnsitzbevölkerung (65 Jahre und älter) (nichtdeutsch)","Hauptwohnsitzbevölkerung (bis 14 Jahre) (nichtdeutsch)",NA,NA,NA
"Überalterungsquotient","nichtdeutsch",2016,"19 Thalkirchen - Obersendling - Forstenried - Fürstenried - Solln",104.6,2574,2461,NA,NA,NA,"Hauptwohnsitzbevölkerung (65 Jahre und älter) (nichtdeutsch)","Hauptwohnsitzbevölkerung (bis 14 Jahre) (nichtdeutsch)",NA,NA,NA
"Überalterungsquotient","nichtdeutsch",2016,"20 Hadern",151.6,1336,881,NA,NA,NA,"Hauptwohnsitzbevölkerung (65 Jahre und älter) (nichtdeutsch)","Hauptwohnsitzbevölkerung (bis 14 Jahre) (nichtdeutsch)",NA,NA,NA
"Überalterungsquotient","nichtdeutsch",2016,"21 Pasing - Obermenzing",117.8,1731,1470,NA,NA,NA,"Hauptwohnsitzbevölkerung (65 Jahre und älter) (nichtdeutsch)","Hauptwohnsitzbevölkerung (bis 14 Jahre) (nichtdeutsch)",NA,NA,NA
"Überalterungsquotient","nichtdeutsch",2016,"22 Aubing - Lochhausen - Langwied",92.3,1024,1109,NA,NA,NA,"Hauptwohnsitzbevölkerung (65 Jahre und älter) (nichtdeutsch)","Hauptwohnsitzbevölkerung (bis 14 Jahre) (nichtdeutsch)",NA,NA,NA
"Überalterungsquotient","nichtdeutsch",2016,"23 Allach - Untermenzing",112.3,731,651,NA,NA,NA,"Hauptwohnsitzbevölkerung (65 Jahre und älter) (nichtdeutsch)","Hauptwohnsitzbevölkerung (bis 14 Jahre) (nichtdeutsch)",NA,NA,NA
"Überalterungsquotient","nichtdeutsch",2016,"24 Feldmoching - Hasenbergl",121.9,1988,1631,NA,NA,NA,"Hauptwohnsitzbevölkerung (65 Jahre und älter) (nichtdeutsch)","Hauptwohnsitzbevölkerung (bis 14 Jahre) (nichtdeutsch)",NA,NA,NA
"Überalterungsquotient","nichtdeutsch",2016,"25 Laim",155.3,1685,1085,NA,NA,NA,"Hauptwohnsitzbevölkerung (65 Jahre und älter) (nichtdeutsch)","Hauptwohnsitzbevölkerung (bis 14 Jahre) (nichtdeutsch)",NA,NA,NA
"Überalterungsquotient","nichtdeutsch",2015,"Stadt München",138.3,42711,30873,NA,NA,NA,"Hauptwohnsitzbevölkerung (65 Jahre und älter) (nichtdeutsch)","Hauptwohnsitzbevölkerung (bis 14 Jahre) (nichtdeutsch)",NA,NA,NA
"Überalterungsquotient","nichtdeutsch",2015,"01 Altstadt - Lehel",246.6,651,264,NA,NA,NA,"Hauptwohnsitzbevölkerung (65 Jahre und älter) (nichtdeutsch)","Hauptwohnsitzbevölkerung (bis 14 Jahre) (nichtdeutsch)",NA,NA,NA
"Überalterungsquotient","nichtdeutsch",2015,"02 Ludwigsvorstadt - Isarvorstadt",166.9,1711,1025,NA,NA,NA,"Hauptwohnsitzbevölkerung (65 Jahre und älter) (nichtdeutsch)","Hauptwohnsitzbevölkerung (bis 14 Jahre) (nichtdeutsch)",NA,NA,NA
"Überalterungsquotient","nichtdeutsch",2015,"03 Maxvorstadt",166.3,1219,733,NA,NA,NA,"Hauptwohnsitzbevölkerung (65 Jahre und älter) (nichtdeutsch)","Hauptwohnsitzbevölkerung (bis 14 Jahre) (nichtdeutsch)",NA,NA,NA
"Überalterungsquotient","nichtdeutsch",2015,"04 Schwabing - West",177.2,1662,938,NA,NA,NA,"Hauptwohnsitzbevölkerung (65 Jahre und älter) (nichtdeutsch)","Hauptwohnsitzbevölkerung (bis 14 Jahre) (nichtdeutsch)",NA,NA,NA
"Überalterungsquotient","nichtdeutsch",2015,"05 Au - Haidhausen",214,1742,814,NA,NA,NA,"Hauptwohnsitzbevölkerung (65 Jahre und älter) (nichtdeutsch)","Hauptwohnsitzbevölkerung (bis 14 Jahre) (nichtdeutsch)",NA,NA,NA
"Überalterungsquotient","nichtdeutsch",2015,"06 Sendling",179.9,1295,720,NA,NA,NA,"Hauptwohnsitzbevölkerung (65 Jahre und älter) (nichtdeutsch)","Hauptwohnsitzbevölkerung (bis 14 Jahre) (nichtdeutsch)",NA,NA,NA
"Überalterungsquotient","nichtdeutsch",2015,"07 Sendling - Westpark",133.5,1786,1338,NA,NA,NA,"Hauptwohnsitzbevölkerung (65 Jahre und älter) (nichtdeutsch)","Hauptwohnsitzbevölkerung (bis 14 Jahre) (nichtdeutsch)",NA,NA,NA
"Überalterungsquotient","nichtdeutsch",2015,"08 Schwanthalerhöhe",250.6,1386,553,NA,NA,NA,"Hauptwohnsitzbevölkerung (65 Jahre und älter) (nichtdeutsch)","Hauptwohnsitzbevölkerung (bis 14 Jahre) (nichtdeutsch)",NA,NA,NA
"Überalterungsquotient","nichtdeutsch",2015,"09 Neuhausen - Nymphenburg",160.1,2524,1577,NA,NA,NA,"Hauptwohnsitzbevölkerung (65 Jahre und älter) (nichtdeutsch)","Hauptwohnsitzbevölkerung (bis 14 Jahre) (nichtdeutsch)",NA,NA,NA
"Überalterungsquotient","nichtdeutsch",2015,"10 Moosach",137.7,1709,1241,NA,NA,NA,"Hauptwohnsitzbevölkerung (65 Jahre und älter) (nichtdeutsch)","Hauptwohnsitzbevölkerung (bis 14 Jahre) (nichtdeutsch)",NA,NA,NA
"Überalterungsquotient","nichtdeutsch",2015,"11 Milbertshofen - Am Hart",140.4,2896,2063,NA,NA,NA,"Hauptwohnsitzbevölkerung (65 Jahre und älter) (nichtdeutsch)","Hauptwohnsitzbevölkerung (bis 14 Jahre) (nichtdeutsch)",NA,NA,NA
"Überalterungsquotient","nichtdeutsch",2015,"12 Schwabing - Freimann",99,1495,1510,NA,NA,NA,"Hauptwohnsitzbevölkerung (65 Jahre und älter) (nichtdeutsch)","Hauptwohnsitzbevölkerung (bis 14 Jahre) (nichtdeutsch)",NA,NA,NA
"Überalterungsquotient","nichtdeutsch",2015,"13 Bogenhausen",111.9,2126,1900,NA,NA,NA,"Hauptwohnsitzbevölkerung (65 Jahre und älter) (nichtdeutsch)","Hauptwohnsitzbevölkerung (bis 14 Jahre) (nichtdeutsch)",NA,NA,NA
"Überalterungsquotient","nichtdeutsch",2015,"14 Berg am Laim",124.8,1368,1096,NA,NA,NA,"Hauptwohnsitzbevölkerung (65 Jahre und älter) (nichtdeutsch)","Hauptwohnsitzbevölkerung (bis 14 Jahre) (nichtdeutsch)",NA,NA,NA
"Überalterungsquotient","nichtdeutsch",2015,"15 Trudering - Riem",81.2,1161,1430,NA,NA,NA,"Hauptwohnsitzbevölkerung (65 Jahre und älter) (nichtdeutsch)","Hauptwohnsitzbevölkerung (bis 14 Jahre) (nichtdeutsch)",NA,NA,NA
"Überalterungsquotient","nichtdeutsch",2015,"16 Ramersdorf - Perlach",131.1,4297,3278,NA,NA,NA,"Hauptwohnsitzbevölkerung (65 Jahre und älter) (nichtdeutsch)","Hauptwohnsitzbevölkerung (bis 14 Jahre) (nichtdeutsch)",NA,NA,NA
"Überalterungsquotient","nichtdeutsch",2015,"17 Obergiesing - Fasangarten",141.6,1737,1227,NA,NA,NA,"Hauptwohnsitzbevölkerung (65 Jahre und älter) (nichtdeutsch)","Hauptwohnsitzbevölkerung (bis 14 Jahre) (nichtdeutsch)",NA,NA,NA
"Überalterungsquotient","nichtdeutsch",2015,"18 Untergiesing - Harlaching",157.1,1428,909,NA,NA,NA,"Hauptwohnsitzbevölkerung (65 Jahre und älter) (nichtdeutsch)","Hauptwohnsitzbevölkerung (bis 14 Jahre) (nichtdeutsch)",NA,NA,NA
"Überalterungsquotient","nichtdeutsch",2015,"19 Thalkirchen - Obersendling - Forstenried - Fürstenried - Solln",116,2431,2095,NA,NA,NA,"Hauptwohnsitzbevölkerung (65 Jahre und älter) (nichtdeutsch)","Hauptwohnsitzbevölkerung (bis 14 Jahre) (nichtdeutsch)",NA,NA,NA
"Überalterungsquotient","nichtdeutsch",2015,"20 Hadern",151.4,1264,835,NA,NA,NA,"Hauptwohnsitzbevölkerung (65 Jahre und älter) (nichtdeutsch)","Hauptwohnsitzbevölkerung (bis 14 Jahre) (nichtdeutsch)",NA,NA,NA
"Überalterungsquotient","nichtdeutsch",2015,"21 Pasing - Obermenzing",122.1,1634,1338,NA,NA,NA,"Hauptwohnsitzbevölkerung (65 Jahre und älter) (nichtdeutsch)","Hauptwohnsitzbevölkerung (bis 14 Jahre) (nichtdeutsch)",NA,NA,NA
"Überalterungsquotient","nichtdeutsch",2015,"22 Aubing - Lochhausen - Langwied",105.9,955,902,NA,NA,NA,"Hauptwohnsitzbevölkerung (65 Jahre und älter) (nichtdeutsch)","Hauptwohnsitzbevölkerung (bis 14 Jahre) (nichtdeutsch)",NA,NA,NA
"Überalterungsquotient","nichtdeutsch",2015,"23 Allach - Untermenzing",132.4,724,547,NA,NA,NA,"Hauptwohnsitzbevölkerung (65 Jahre und älter) (nichtdeutsch)","Hauptwohnsitzbevölkerung (bis 14 Jahre) (nichtdeutsch)",NA,NA,NA
"Überalterungsquotient","nichtdeutsch",2015,"24 Feldmoching - Hasenbergl",123.5,1905,1542,NA,NA,NA,"Hauptwohnsitzbevölkerung (65 Jahre und älter) (nichtdeutsch)","Hauptwohnsitzbevölkerung (bis 14 Jahre) (nichtdeutsch)",NA,NA,NA
"Überalterungsquotient","nichtdeutsch",2015,"25 Laim",160.8,1605,998,NA,NA,NA,"Hauptwohnsitzbevölkerung (65 Jahre und älter) (nichtdeutsch)","Hauptwohnsitzbevölkerung (bis 14 Jahre) (nichtdeutsch)",NA,NA,NA
"Überalterungsquotient","nichtdeutsch",2014,"Stadt München",141.3,39746,28134,NA,NA,NA,"Hauptwohnsitzbevölkerung (65 Jahre und älter) (nichtdeutsch)","Hauptwohnsitzbevölkerung (bis 14 Jahre) (nichtdeutsch)",NA,NA,NA
"Überalterungsquotient","nichtdeutsch",2014,"01 Altstadt - Lehel",223.8,602,269,NA,NA,NA,"Hauptwohnsitzbevölkerung (65 Jahre und älter) (nichtdeutsch)","Hauptwohnsitzbevölkerung (bis 14 Jahre) (nichtdeutsch)",NA,NA,NA
"Überalterungsquotient","nichtdeutsch",2014,"02 Ludwigsvorstadt - Isarvorstadt",178.3,1571,881,NA,NA,NA,"Hauptwohnsitzbevölkerung (65 Jahre und älter) (nichtdeutsch)","Hauptwohnsitzbevölkerung (bis 14 Jahre) (nichtdeutsch)",NA,NA,NA
"Überalterungsquotient","nichtdeutsch",2014,"03 Maxvorstadt",189,1121,593,NA,NA,NA,"Hauptwohnsitzbevölkerung (65 Jahre und älter) (nichtdeutsch)","Hauptwohnsitzbevölkerung (bis 14 Jahre) (nichtdeutsch)",NA,NA,NA
"Überalterungsquotient","nichtdeutsch",2014,"04 Schwabing - West",197.3,1578,800,NA,NA,NA,"Hauptwohnsitzbevölkerung (65 Jahre und älter) (nichtdeutsch)","Hauptwohnsitzbevölkerung (bis 14 Jahre) (nichtdeutsch)",NA,NA,NA
"Überalterungsquotient","nichtdeutsch",2014,"05 Au - Haidhausen",220.5,1691,767,NA,NA,NA,"Hauptwohnsitzbevölkerung (65 Jahre und älter) (nichtdeutsch)","Hauptwohnsitzbevölkerung (bis 14 Jahre) (nichtdeutsch)",NA,NA,NA
"Überalterungsquotient","nichtdeutsch",2014,"06 Sendling",176.7,1212,686,NA,NA,NA,"Hauptwohnsitzbevölkerung (65 Jahre und älter) (nichtdeutsch)","Hauptwohnsitzbevölkerung (bis 14 Jahre) (nichtdeutsch)",NA,NA,NA
"Überalterungsquotient","nichtdeutsch",2014,"07 Sendling - Westpark",137.4,1654,1204,NA,NA,NA,"Hauptwohnsitzbevölkerung (65 Jahre und älter) (nichtdeutsch)","Hauptwohnsitzbevölkerung (bis 14 Jahre) (nichtdeutsch)",NA,NA,NA
"Überalterungsquotient","nichtdeutsch",2014,"08 Schwanthalerhöhe",233.6,1313,562,NA,NA,NA,"Hauptwohnsitzbevölkerung (65 Jahre und älter) (nichtdeutsch)","Hauptwohnsitzbevölkerung (bis 14 Jahre) (nichtdeutsch)",NA,NA,NA
"Überalterungsquotient","nichtdeutsch",2014,"09 Neuhausen - Nymphenburg",157.6,2337,1483,NA,NA,NA,"Hauptwohnsitzbevölkerung (65 Jahre und älter) (nichtdeutsch)","Hauptwohnsitzbevölkerung (bis 14 Jahre) (nichtdeutsch)",NA,NA,NA
"Überalterungsquotient","nichtdeutsch",2014,"10 Moosach",137.2,1591,1160,NA,NA,NA,"Hauptwohnsitzbevölkerung (65 Jahre und älter) (nichtdeutsch)","Hauptwohnsitzbevölkerung (bis 14 Jahre) (nichtdeutsch)",NA,NA,NA
"Überalterungsquotient","nichtdeutsch",2014,"11 Milbertshofen - Am Hart",134.3,2713,2020,NA,NA,NA,"Hauptwohnsitzbevölkerung (65 Jahre und älter) (nichtdeutsch)","Hauptwohnsitzbevölkerung (bis 14 Jahre) (nichtdeutsch)",NA,NA,NA
"Überalterungsquotient","nichtdeutsch",2014,"12 Schwabing - Freimann",109.7,1349,1230,NA,NA,NA,"Hauptwohnsitzbevölkerung (65 Jahre und älter) (nichtdeutsch)","Hauptwohnsitzbevölkerung (bis 14 Jahre) (nichtdeutsch)",NA,NA,NA
"Überalterungsquotient","nichtdeutsch",2014,"13 Bogenhausen",127.4,1987,1560,NA,NA,NA,"Hauptwohnsitzbevölkerung (65 Jahre und älter) (nichtdeutsch)","Hauptwohnsitzbevölkerung (bis 14 Jahre) (nichtdeutsch)",NA,NA,NA
"Überalterungsquotient","nichtdeutsch",2014,"14 Berg am Laim",125.7,1249,994,NA,NA,NA,"Hauptwohnsitzbevölkerung (65 Jahre und älter) (nichtdeutsch)","Hauptwohnsitzbevölkerung (bis 14 Jahre) (nichtdeutsch)",NA,NA,NA
"Überalterungsquotient","nichtdeutsch",2014,"15 Trudering - Riem",78.5,1048,1335,NA,NA,NA,"Hauptwohnsitzbevölkerung (65 Jahre und älter) (nichtdeutsch)","Hauptwohnsitzbevölkerung (bis 14 Jahre) (nichtdeutsch)",NA,NA,NA
"Überalterungsquotient","nichtdeutsch",2014,"16 Ramersdorf - Perlach",129.3,4007,3098,NA,NA,NA,"Hauptwohnsitzbevölkerung (65 Jahre und älter) (nichtdeutsch)","Hauptwohnsitzbevölkerung (bis 14 Jahre) (nichtdeutsch)",NA,NA,NA
"Überalterungsquotient","nichtdeutsch",2014,"17 Obergiesing - Fasangarten",144.5,1640,1135,NA,NA,NA,"Hauptwohnsitzbevölkerung (65 Jahre und älter) (nichtdeutsch)","Hauptwohnsitzbevölkerung (bis 14 Jahre) (nichtdeutsch)",NA,NA,NA
"Überalterungsquotient","nichtdeutsch",2014,"18 Untergiesing - Harlaching",162.4,1333,821,NA,NA,NA,"Hauptwohnsitzbevölkerung (65 Jahre und älter) (nichtdeutsch)","Hauptwohnsitzbevölkerung (bis 14 Jahre) (nichtdeutsch)",NA,NA,NA
"Überalterungsquotient","nichtdeutsch",2014,"19 Thalkirchen - Obersendling - Forstenried - Fürstenried - Solln",124.4,2233,1795,NA,NA,NA,"Hauptwohnsitzbevölkerung (65 Jahre und älter) (nichtdeutsch)","Hauptwohnsitzbevölkerung (bis 14 Jahre) (nichtdeutsch)",NA,NA,NA
"Überalterungsquotient","nichtdeutsch",2014,"20 Hadern",137.2,1158,844,NA,NA,NA,"Hauptwohnsitzbevölkerung (65 Jahre und älter) (nichtdeutsch)","Hauptwohnsitzbevölkerung (bis 14 Jahre) (nichtdeutsch)",NA,NA,NA
"Überalterungsquotient","nichtdeutsch",2014,"21 Pasing - Obermenzing",125.5,1524,1214,NA,NA,NA,"Hauptwohnsitzbevölkerung (65 Jahre und älter) (nichtdeutsch)","Hauptwohnsitzbevölkerung (bis 14 Jahre) (nichtdeutsch)",NA,NA,NA
"Überalterungsquotient","nichtdeutsch",2014,"22 Aubing - Lochhausen - Langwied",104.6,887,848,NA,NA,NA,"Hauptwohnsitzbevölkerung (65 Jahre und älter) (nichtdeutsch)","Hauptwohnsitzbevölkerung (bis 14 Jahre) (nichtdeutsch)",NA,NA,NA
"Überalterungsquotient","nichtdeutsch",2014,"23 Allach - Untermenzing",138.5,676,488,NA,NA,NA,"Hauptwohnsitzbevölkerung (65 Jahre und älter) (nichtdeutsch)","Hauptwohnsitzbevölkerung (bis 14 Jahre) (nichtdeutsch)",NA,NA,NA
"Überalterungsquotient","nichtdeutsch",2014,"24 Feldmoching - Hasenbergl",128.9,1761,1366,NA,NA,NA,"Hauptwohnsitzbevölkerung (65 Jahre und älter) (nichtdeutsch)","Hauptwohnsitzbevölkerung (bis 14 Jahre) (nichtdeutsch)",NA,NA,NA
"Überalterungsquotient","nichtdeutsch",2014,"25 Laim",154,1511,981,NA,NA,NA,"Hauptwohnsitzbevölkerung (65 Jahre und älter) (nichtdeutsch)","Hauptwohnsitzbevölkerung (bis 14 Jahre) (nichtdeutsch)",NA,NA,NA
"Überalterungsquotient","nichtdeutsch",2013,"Stadt München",134,36903,27548,NA,NA,NA,"Hauptwohnsitzbevölkerung (65 Jahre und älter) (nichtdeutsch)","Hauptwohnsitzbevölkerung (bis 14 Jahre) (nichtdeutsch)",NA,NA,NA
"Überalterungsquotient","nichtdeutsch",2013,"01 Altstadt - Lehel",208.2,558,268,NA,NA,NA,"Hauptwohnsitzbevölkerung (65 Jahre und älter) (nichtdeutsch)","Hauptwohnsitzbevölkerung (bis 14 Jahre) (nichtdeutsch)",NA,NA,NA
"Überalterungsquotient","nichtdeutsch",2013,"02 Ludwigsvorstadt - Isarvorstadt",196.8,1470,747,NA,NA,NA,"Hauptwohnsitzbevölkerung (65 Jahre und älter) (nichtdeutsch)","Hauptwohnsitzbevölkerung (bis 14 Jahre) (nichtdeutsch)",NA,NA,NA
"Überalterungsquotient","nichtdeutsch",2013,"03 Maxvorstadt",189.8,1046,551,NA,NA,NA,"Hauptwohnsitzbevölkerung (65 Jahre und älter) (nichtdeutsch)","Hauptwohnsitzbevölkerung (bis 14 Jahre) (nichtdeutsch)",NA,NA,NA
"Überalterungsquotient","nichtdeutsch",2013,"04 Schwabing - West",205.3,1484,723,NA,NA,NA,"Hauptwohnsitzbevölkerung (65 Jahre und älter) (nichtdeutsch)","Hauptwohnsitzbevölkerung (bis 14 Jahre) (nichtdeutsch)",NA,NA,NA
"Überalterungsquotient","nichtdeutsch",2013,"05 Au - Haidhausen",199.6,1591,797,NA,NA,NA,"Hauptwohnsitzbevölkerung (65 Jahre und älter) (nichtdeutsch)","Hauptwohnsitzbevölkerung (bis 14 Jahre) (nichtdeutsch)",NA,NA,NA
"Überalterungsquotient","nichtdeutsch",2013,"06 Sendling",158.9,1141,718,NA,NA,NA,"Hauptwohnsitzbevölkerung (65 Jahre und älter) (nichtdeutsch)","Hauptwohnsitzbevölkerung (bis 14 Jahre) (nichtdeutsch)",NA,NA,NA
"Überalterungsquotient","nichtdeutsch",2013,"07 Sendling - Westpark",134.8,1539,1142,NA,NA,NA,"Hauptwohnsitzbevölkerung (65 Jahre und älter) (nichtdeutsch)","Hauptwohnsitzbevölkerung (bis 14 Jahre) (nichtdeutsch)",NA,NA,NA
"Überalterungsquotient","nichtdeutsch",2013,"08 Schwanthalerhöhe",234,1245,532,NA,NA,NA,"Hauptwohnsitzbevölkerung (65 Jahre und älter) (nichtdeutsch)","Hauptwohnsitzbevölkerung (bis 14 Jahre) (nichtdeutsch)",NA,NA,NA
"Überalterungsquotient","nichtdeutsch",2013,"09 Neuhausen - Nymphenburg",151.5,2158,1424,NA,NA,NA,"Hauptwohnsitzbevölkerung (65 Jahre und älter) (nichtdeutsch)","Hauptwohnsitzbevölkerung (bis 14 Jahre) (nichtdeutsch)",NA,NA,NA
"Überalterungsquotient","nichtdeutsch",2013,"10 Moosach",127.9,1457,1139,NA,NA,NA,"Hauptwohnsitzbevölkerung (65 Jahre und älter) (nichtdeutsch)","Hauptwohnsitzbevölkerung (bis 14 Jahre) (nichtdeutsch)",NA,NA,NA
"Überalterungsquotient","nichtdeutsch",2013,"11 Milbertshofen - Am Hart",119.3,2529,2119,NA,NA,NA,"Hauptwohnsitzbevölkerung (65 Jahre und älter) (nichtdeutsch)","Hauptwohnsitzbevölkerung (bis 14 Jahre) (nichtdeutsch)",NA,NA,NA
"Überalterungsquotient","nichtdeutsch",2013,"12 Schwabing - Freimann",115.6,1278,1106,NA,NA,NA,"Hauptwohnsitzbevölkerung (65 Jahre und älter) (nichtdeutsch)","Hauptwohnsitzbevölkerung (bis 14 Jahre) (nichtdeutsch)",NA,NA,NA
"Überalterungsquotient","nichtdeutsch",2013,"13 Bogenhausen",127.2,1873,1473,NA,NA,NA,"Hauptwohnsitzbevölkerung (65 Jahre und älter) (nichtdeutsch)","Hauptwohnsitzbevölkerung (bis 14 Jahre) (nichtdeutsch)",NA,NA,NA
"Überalterungsquotient","nichtdeutsch",2013,"14 Berg am Laim",116.7,1147,983,NA,NA,NA,"Hauptwohnsitzbevölkerung (65 Jahre und älter) (nichtdeutsch)","Hauptwohnsitzbevölkerung (bis 14 Jahre) (nichtdeutsch)",NA,NA,NA
"Überalterungsquotient","nichtdeutsch",2013,"15 Trudering - Riem",70.2,937,1334,NA,NA,NA,"Hauptwohnsitzbevölkerung (65 Jahre und älter) (nichtdeutsch)","Hauptwohnsitzbevölkerung (bis 14 Jahre) (nichtdeutsch)",NA,NA,NA
"Überalterungsquotient","nichtdeutsch",2013,"16 Ramersdorf - Perlach",124.8,3731,2990,NA,NA,NA,"Hauptwohnsitzbevölkerung (65 Jahre und älter) (nichtdeutsch)","Hauptwohnsitzbevölkerung (bis 14 Jahre) (nichtdeutsch)",NA,NA,NA
"Überalterungsquotient","nichtdeutsch",2013,"17 Obergiesing - Fasangarten",137.6,1494,1086,NA,NA,NA,"Hauptwohnsitzbevölkerung (65 Jahre und älter) (nichtdeutsch)","Hauptwohnsitzbevölkerung (bis 14 Jahre) (nichtdeutsch)",NA,NA,NA
"Überalterungsquotient","nichtdeutsch",2013,"18 Untergiesing - Harlaching",154.6,1238,801,NA,NA,NA,"Hauptwohnsitzbevölkerung (65 Jahre und älter) (nichtdeutsch)","Hauptwohnsitzbevölkerung (bis 14 Jahre) (nichtdeutsch)",NA,NA,NA
"Überalterungsquotient","nichtdeutsch",2013,"19 Thalkirchen - Obersendling - Forstenried - Fürstenried - Solln",111.4,2065,1853,NA,NA,NA,"Hauptwohnsitzbevölkerung (65 Jahre und älter) (nichtdeutsch)","Hauptwohnsitzbevölkerung (bis 14 Jahre) (nichtdeutsch)",NA,NA,NA
"Überalterungsquotient","nichtdeutsch",2013,"20 Hadern",123.6,1080,874,NA,NA,NA,"Hauptwohnsitzbevölkerung (65 Jahre und älter) (nichtdeutsch)","Hauptwohnsitzbevölkerung (bis 14 Jahre) (nichtdeutsch)",NA,NA,NA
"Überalterungsquotient","nichtdeutsch",2013,"21 Pasing - Obermenzing",121.4,1414,1165,NA,NA,NA,"Hauptwohnsitzbevölkerung (65 Jahre und älter) (nichtdeutsch)","Hauptwohnsitzbevölkerung (bis 14 Jahre) (nichtdeutsch)",NA,NA,NA
"Überalterungsquotient","nichtdeutsch",2013,"22 Aubing - Lochhausen - Langwied",91.8,803,875,NA,NA,NA,"Hauptwohnsitzbevölkerung (65 Jahre und älter) (nichtdeutsch)","Hauptwohnsitzbevölkerung (bis 14 Jahre) (nichtdeutsch)",NA,NA,NA
"Überalterungsquotient","nichtdeutsch",2013,"23 Allach - Untermenzing",128.8,621,482,NA,NA,NA,"Hauptwohnsitzbevölkerung (65 Jahre und älter) (nichtdeutsch)","Hauptwohnsitzbevölkerung (bis 14 Jahre) (nichtdeutsch)",NA,NA,NA
"Überalterungsquotient","nichtdeutsch",2013,"24 Feldmoching - Hasenbergl",114.1,1596,1399,NA,NA,NA,"Hauptwohnsitzbevölkerung (65 Jahre und älter) (nichtdeutsch)","Hauptwohnsitzbevölkerung (bis 14 Jahre) (nichtdeutsch)",NA,NA,NA
"Überalterungsquotient","nichtdeutsch",2013,"25 Laim",145.6,1408,967,NA,NA,NA,"Hauptwohnsitzbevölkerung (65 Jahre und älter) (nichtdeutsch)","Hauptwohnsitzbevölkerung (bis 14 Jahre) (nichtdeutsch)",NA,NA,NA
"Überalterungsquotient","nichtdeutsch",2012,"Stadt München",123.8,33974,27453,NA,NA,NA,"Hauptwohnsitzbevölkerung (65 Jahre und älter) (nichtdeutsch)","Hauptwohnsitzbevölkerung (bis 14 Jahre) (nichtdeutsch)",NA,NA,NA
"Überalterungsquotient","nichtdeutsch",2012,"01 Altstadt - Lehel",209.9,531,253,NA,NA,NA,"Hauptwohnsitzbevölkerung (65 Jahre und älter) (nichtdeutsch)","Hauptwohnsitzbevölkerung (bis 14 Jahre) (nichtdeutsch)",NA,NA,NA
"Überalterungsquotient","nichtdeutsch",2012,"02 Ludwigsvorstadt - Isarvorstadt",202,1384,685,NA,NA,NA,"Hauptwohnsitzbevölkerung (65 Jahre und älter) (nichtdeutsch)","Hauptwohnsitzbevölkerung (bis 14 Jahre) (nichtdeutsch)",NA,NA,NA
"Überalterungsquotient","nichtdeutsch",2012,"03 Maxvorstadt",178.6,968,542,NA,NA,NA,"Hauptwohnsitzbevölkerung (65 Jahre und älter) (nichtdeutsch)","Hauptwohnsitzbevölkerung (bis 14 Jahre) (nichtdeutsch)",NA,NA,NA
"Überalterungsquotient","nichtdeutsch",2012,"04 Schwabing - West",199.3,1381,693,NA,NA,NA,"Hauptwohnsitzbevölkerung (65 Jahre und älter) (nichtdeutsch)","Hauptwohnsitzbevölkerung (bis 14 Jahre) (nichtdeutsch)",NA,NA,NA
"Überalterungsquotient","nichtdeutsch",2012,"05 Au - Haidhausen",194.3,1506,775,NA,NA,NA,"Hauptwohnsitzbevölkerung (65 Jahre und älter) (nichtdeutsch)","Hauptwohnsitzbevölkerung (bis 14 Jahre) (nichtdeutsch)",NA,NA,NA
"Überalterungsquotient","nichtdeutsch",2012,"06 Sendling",143.3,1053,735,NA,NA,NA,"Hauptwohnsitzbevölkerung (65 Jahre und älter) (nichtdeutsch)","Hauptwohnsitzbevölkerung (bis 14 Jahre) (nichtdeutsch)",NA,NA,NA
"Überalterungsquotient","nichtdeutsch",2012,"07 Sendling - Westpark",123.3,1436,1165,NA,NA,NA,"Hauptwohnsitzbevölkerung (65 Jahre und älter) (nichtdeutsch)","Hauptwohnsitzbevölkerung (bis 14 Jahre) (nichtdeutsch)",NA,NA,NA
"Überalterungsquotient","nichtdeutsch",2012,"08 Schwanthalerhöhe",197.2,1179,598,NA,NA,NA,"Hauptwohnsitzbevölkerung (65 Jahre und älter) (nichtdeutsch)","Hauptwohnsitzbevölkerung (bis 14 Jahre) (nichtdeutsch)",NA,NA,NA
"Überalterungsquotient","nichtdeutsch",2012,"09 Neuhausen - Nymphenburg",138.3,1984,1435,NA,NA,NA,"Hauptwohnsitzbevölkerung (65 Jahre und älter) (nichtdeutsch)","Hauptwohnsitzbevölkerung (bis 14 Jahre) (nichtdeutsch)",NA,NA,NA
"Überalterungsquotient","nichtdeutsch",2012,"10 Moosach",114.8,1321,1151,NA,NA,NA,"Hauptwohnsitzbevölkerung (65 Jahre und älter) (nichtdeutsch)","Hauptwohnsitzbevölkerung (bis 14 Jahre) (nichtdeutsch)",NA,NA,NA
"Überalterungsquotient","nichtdeutsch",2012,"11 Milbertshofen - Am Hart",106,2327,2195,NA,NA,NA,"Hauptwohnsitzbevölkerung (65 Jahre und älter) (nichtdeutsch)","Hauptwohnsitzbevölkerung (bis 14 Jahre) (nichtdeutsch)",NA,NA,NA
"Überalterungsquotient","nichtdeutsch",2012,"12 Schwabing - Freimann",116.5,1202,1032,NA,NA,NA,"Hauptwohnsitzbevölkerung (65 Jahre und älter) (nichtdeutsch)","Hauptwohnsitzbevölkerung (bis 14 Jahre) (nichtdeutsch)",NA,NA,NA
"Überalterungsquotient","nichtdeutsch",2012,"13 Bogenhausen",121.4,1720,1417,NA,NA,NA,"Hauptwohnsitzbevölkerung (65 Jahre und älter) (nichtdeutsch)","Hauptwohnsitzbevölkerung (bis 14 Jahre) (nichtdeutsch)",NA,NA,NA
"Überalterungsquotient","nichtdeutsch",2012,"14 Berg am Laim",102.9,1049,1019,NA,NA,NA,"Hauptwohnsitzbevölkerung (65 Jahre und älter) (nichtdeutsch)","Hauptwohnsitzbevölkerung (bis 14 Jahre) (nichtdeutsch)",NA,NA,NA
"Überalterungsquotient","nichtdeutsch",2012,"15 Trudering - Riem",59.9,827,1380,NA,NA,NA,"Hauptwohnsitzbevölkerung (65 Jahre und älter) (nichtdeutsch)","Hauptwohnsitzbevölkerung (bis 14 Jahre) (nichtdeutsch)",NA,NA,NA
"Überalterungsquotient","nichtdeutsch",2012,"16 Ramersdorf - Perlach",113,3462,3063,NA,NA,NA,"Hauptwohnsitzbevölkerung (65 Jahre und älter) (nichtdeutsch)","Hauptwohnsitzbevölkerung (bis 14 Jahre) (nichtdeutsch)",NA,NA,NA
"Überalterungsquotient","nichtdeutsch",2012,"17 Obergiesing - Fasangarten",125,1362,1090,NA,NA,NA,"Hauptwohnsitzbevölkerung (65 Jahre und älter) (nichtdeutsch)","Hauptwohnsitzbevölkerung (bis 14 Jahre) (nichtdeutsch)",NA,NA,NA
"Überalterungsquotient","nichtdeutsch",2012,"18 Untergiesing - Harlaching",150.8,1131,750,NA,NA,NA,"Hauptwohnsitzbevölkerung (65 Jahre und älter) (nichtdeutsch)","Hauptwohnsitzbevölkerung (bis 14 Jahre) (nichtdeutsch)",NA,NA,NA
"Überalterungsquotient","nichtdeutsch",2012,"19 Thalkirchen - Obersendling - Forstenried - Fürstenried - Solln",115,1850,1609,NA,NA,NA,"Hauptwohnsitzbevölkerung (65 Jahre und älter) (nichtdeutsch)","Hauptwohnsitzbevölkerung (bis 14 Jahre) (nichtdeutsch)",NA,NA,NA
"Überalterungsquotient","nichtdeutsch",2012,"20 Hadern",106.5,955,897,NA,NA,NA,"Hauptwohnsitzbevölkerung (65 Jahre und älter) (nichtdeutsch)","Hauptwohnsitzbevölkerung (bis 14 Jahre) (nichtdeutsch)",NA,NA,NA
"Überalterungsquotient","nichtdeutsch",2012,"21 Pasing - Obermenzing",115.6,1301,1125,NA,NA,NA,"Hauptwohnsitzbevölkerung (65 Jahre und älter) (nichtdeutsch)","Hauptwohnsitzbevölkerung (bis 14 Jahre) (nichtdeutsch)",NA,NA,NA
"Überalterungsquotient","nichtdeutsch",2012,"22 Aubing - Lochhausen - Langwied",78.6,729,927,NA,NA,NA,"Hauptwohnsitzbevölkerung (65 Jahre und älter) (nichtdeutsch)","Hauptwohnsitzbevölkerung (bis 14 Jahre) (nichtdeutsch)",NA,NA,NA
"Überalterungsquotient","nichtdeutsch",2012,"23 Allach - Untermenzing",120.2,572,476,NA,NA,NA,"Hauptwohnsitzbevölkerung (65 Jahre und älter) (nichtdeutsch)","Hauptwohnsitzbevölkerung (bis 14 Jahre) (nichtdeutsch)",NA,NA,NA
"Überalterungsquotient","nichtdeutsch",2012,"24 Feldmoching - Hasenbergl",100.1,1482,1480,NA,NA,NA,"Hauptwohnsitzbevölkerung (65 Jahre und älter) (nichtdeutsch)","Hauptwohnsitzbevölkerung (bis 14 Jahre) (nichtdeutsch)",NA,NA,NA
"Überalterungsquotient","nichtdeutsch",2012,"25 Laim",131.3,1262,961,NA,NA,NA,"Hauptwohnsitzbevölkerung (65 Jahre und älter) (nichtdeutsch)","Hauptwohnsitzbevölkerung (bis 14 Jahre) (nichtdeutsch)",NA,NA,NA
"Überalterungsquotient","nichtdeutsch",2011,"Stadt München",112.6,30957,27490,NA,NA,NA,"Hauptwohnsitzbevölkerung (65 Jahre und älter) (nichtdeutsch)","Hauptwohnsitzbevölkerung (bis 14 Jahre) (nichtdeutsch)",NA,NA,NA
"Überalterungsquotient","nichtdeutsch",2011,"01 Altstadt - Lehel",231.9,494,213,NA,NA,NA,"Hauptwohnsitzbevölkerung (65 Jahre und älter) (nichtdeutsch)","Hauptwohnsitzbevölkerung (bis 14 Jahre) (nichtdeutsch)",NA,NA,NA
"Überalterungsquotient","nichtdeutsch",2011,"02 Ludwigsvorstadt - Isarvorstadt",192.5,1265,657,NA,NA,NA,"Hauptwohnsitzbevölkerung (65 Jahre und älter) (nichtdeutsch)","Hauptwohnsitzbevölkerung (bis 14 Jahre) (nichtdeutsch)",NA,NA,NA
"Überalterungsquotient","nichtdeutsch",2011,"03 Maxvorstadt",175.7,924,526,NA,NA,NA,"Hauptwohnsitzbevölkerung (65 Jahre und älter) (nichtdeutsch)","Hauptwohnsitzbevölkerung (bis 14 Jahre) (nichtdeutsch)",NA,NA,NA
"Überalterungsquotient","nichtdeutsch",2011,"04 Schwabing - West",184.4,1254,680,NA,NA,NA,"Hauptwohnsitzbevölkerung (65 Jahre und älter) (nichtdeutsch)","Hauptwohnsitzbevölkerung (bis 14 Jahre) (nichtdeutsch)",NA,NA,NA
"Überalterungsquotient","nichtdeutsch",2011,"05 Au - Haidhausen",184.5,1360,737,NA,NA,NA,"Hauptwohnsitzbevölkerung (65 Jahre und älter) (nichtdeutsch)","Hauptwohnsitzbevölkerung (bis 14 Jahre) (nichtdeutsch)",NA,NA,NA
"Überalterungsquotient","nichtdeutsch",2011,"06 Sendling",140.7,996,708,NA,NA,NA,"Hauptwohnsitzbevölkerung (65 Jahre und älter) (nichtdeutsch)","Hauptwohnsitzbevölkerung (bis 14 Jahre) (nichtdeutsch)",NA,NA,NA
"Überalterungsquotient","nichtdeutsch",2011,"07 Sendling - Westpark",110.2,1289,1170,NA,NA,NA,"Hauptwohnsitzbevölkerung (65 Jahre und älter) (nichtdeutsch)","Hauptwohnsitzbevölkerung (bis 14 Jahre) (nichtdeutsch)",NA,NA,NA
"Überalterungsquotient","nichtdeutsch",2011,"08 Schwanthalerhöhe",172.3,1089,632,NA,NA,NA,"Hauptwohnsitzbevölkerung (65 Jahre und älter) (nichtdeutsch)","Hauptwohnsitzbevölkerung (bis 14 Jahre) (nichtdeutsch)",NA,NA,NA
"Überalterungsquotient","nichtdeutsch",2011,"09 Neuhausen - Nymphenburg",130.5,1793,1374,NA,NA,NA,"Hauptwohnsitzbevölkerung (65 Jahre und älter) (nichtdeutsch)","Hauptwohnsitzbevölkerung (bis 14 Jahre) (nichtdeutsch)",NA,NA,NA
"Überalterungsquotient","nichtdeutsch",2011,"10 Moosach",102.9,1190,1156,NA,NA,NA,"Hauptwohnsitzbevölkerung (65 Jahre und älter) (nichtdeutsch)","Hauptwohnsitzbevölkerung (bis 14 Jahre) (nichtdeutsch)",NA,NA,NA
"Überalterungsquotient","nichtdeutsch",2011,"11 Milbertshofen - Am Hart",92.8,2085,2247,NA,NA,NA,"Hauptwohnsitzbevölkerung (65 Jahre und älter) (nichtdeutsch)","Hauptwohnsitzbevölkerung (bis 14 Jahre) (nichtdeutsch)",NA,NA,NA
"Überalterungsquotient","nichtdeutsch",2011,"12 Schwabing - Freimann",106.8,1093,1023,NA,NA,NA,"Hauptwohnsitzbevölkerung (65 Jahre und älter) (nichtdeutsch)","Hauptwohnsitzbevölkerung (bis 14 Jahre) (nichtdeutsch)",NA,NA,NA
"Überalterungsquotient","nichtdeutsch",2011,"13 Bogenhausen",116,1584,1365,NA,NA,NA,"Hauptwohnsitzbevölkerung (65 Jahre und älter) (nichtdeutsch)","Hauptwohnsitzbevölkerung (bis 14 Jahre) (nichtdeutsch)",NA,NA,NA
"Überalterungsquotient","nichtdeutsch",2011,"14 Berg am Laim",91.9,946,1029,NA,NA,NA,"Hauptwohnsitzbevölkerung (65 Jahre und älter) (nichtdeutsch)","Hauptwohnsitzbevölkerung (bis 14 Jahre) (nichtdeutsch)",NA,NA,NA
"Überalterungsquotient","nichtdeutsch",2011,"15 Trudering - Riem",53.3,738,1385,NA,NA,NA,"Hauptwohnsitzbevölkerung (65 Jahre und älter) (nichtdeutsch)","Hauptwohnsitzbevölkerung (bis 14 Jahre) (nichtdeutsch)",NA,NA,NA
"Überalterungsquotient","nichtdeutsch",2011,"16 Ramersdorf - Perlach",99.1,3112,3141,NA,NA,NA,"Hauptwohnsitzbevölkerung (65 Jahre und älter) (nichtdeutsch)","Hauptwohnsitzbevölkerung (bis 14 Jahre) (nichtdeutsch)",NA,NA,NA
"Überalterungsquotient","nichtdeutsch",2011,"17 Obergiesing - Fasangarten",107.7,1233,1145,NA,NA,NA,"Hauptwohnsitzbevölkerung (65 Jahre und älter) (nichtdeutsch)","Hauptwohnsitzbevölkerung (bis 14 Jahre) (nichtdeutsch)",NA,NA,NA
"Überalterungsquotient","nichtdeutsch",2011,"18 Untergiesing - Harlaching",138.8,1049,756,NA,NA,NA,"Hauptwohnsitzbevölkerung (65 Jahre und älter) (nichtdeutsch)","Hauptwohnsitzbevölkerung (bis 14 Jahre) (nichtdeutsch)",NA,NA,NA
"Überalterungsquotient","nichtdeutsch",2011,"19 Thalkirchen - Obersendling - Forstenried - Fürstenried - Solln",105.5,1700,1611,NA,NA,NA,"Hauptwohnsitzbevölkerung (65 Jahre und älter) (nichtdeutsch)","Hauptwohnsitzbevölkerung (bis 14 Jahre) (nichtdeutsch)",NA,NA,NA
"Überalterungsquotient","nichtdeutsch",2011,"20 Hadern",93.6,885,946,NA,NA,NA,"Hauptwohnsitzbevölkerung (65 Jahre und älter) (nichtdeutsch)","Hauptwohnsitzbevölkerung (bis 14 Jahre) (nichtdeutsch)",NA,NA,NA
"Überalterungsquotient","nichtdeutsch",2011,"21 Pasing - Obermenzing",110.4,1198,1085,NA,NA,NA,"Hauptwohnsitzbevölkerung (65 Jahre und älter) (nichtdeutsch)","Hauptwohnsitzbevölkerung (bis 14 Jahre) (nichtdeutsch)",NA,NA,NA
"Überalterungsquotient","nichtdeutsch",2011,"22 Aubing - Lochhausen - Langwied",67.3,669,994,NA,NA,NA,"Hauptwohnsitzbevölkerung (65 Jahre und älter) (nichtdeutsch)","Hauptwohnsitzbevölkerung (bis 14 Jahre) (nichtdeutsch)",NA,NA,NA
"Überalterungsquotient","nichtdeutsch",2011,"23 Allach - Untermenzing",122.1,503,412,NA,NA,NA,"Hauptwohnsitzbevölkerung (65 Jahre und älter) (nichtdeutsch)","Hauptwohnsitzbevölkerung (bis 14 Jahre) (nichtdeutsch)",NA,NA,NA
"Überalterungsquotient","nichtdeutsch",2011,"24 Feldmoching - Hasenbergl",87.9,1344,1529,NA,NA,NA,"Hauptwohnsitzbevölkerung (65 Jahre und älter) (nichtdeutsch)","Hauptwohnsitzbevölkerung (bis 14 Jahre) (nichtdeutsch)",NA,NA,NA
"Überalterungsquotient","nichtdeutsch",2011,"25 Laim",120.1,1164,969,NA,NA,NA,"Hauptwohnsitzbevölkerung (65 Jahre und älter) (nichtdeutsch)","Hauptwohnsitzbevölkerung (bis 14 Jahre) (nichtdeutsch)",NA,NA,NA
"Überalterungsquotient","nichtdeutsch",2010,"Stadt München",103.3,28487,27585,NA,NA,NA,"Hauptwohnsitzbevölkerung (65 Jahre und älter) (nichtdeutsch)","Hauptwohnsitzbevölkerung (bis 14 Jahre) (nichtdeutsch)",NA,NA,NA
"Überalterungsquotient","nichtdeutsch",2010,"01 Altstadt - Lehel",236.8,476,201,NA,NA,NA,"Hauptwohnsitzbevölkerung (65 Jahre und älter) (nichtdeutsch)","Hauptwohnsitzbevölkerung (bis 14 Jahre) (nichtdeutsch)",NA,NA,NA
"Überalterungsquotient","nichtdeutsch",2010,"02 Ludwigsvorstadt - Isarvorstadt",166.4,1190,715,NA,NA,NA,"Hauptwohnsitzbevölkerung (65 Jahre und älter) (nichtdeutsch)","Hauptwohnsitzbevölkerung (bis 14 Jahre) (nichtdeutsch)",NA,NA,NA
"Überalterungsquotient","nichtdeutsch",2010,"03 Maxvorstadt",165.3,858,519,NA,NA,NA,"Hauptwohnsitzbevölkerung (65 Jahre und älter) (nichtdeutsch)","Hauptwohnsitzbevölkerung (bis 14 Jahre) (nichtdeutsch)",NA,NA,NA
"Überalterungsquotient","nichtdeutsch",2010,"04 Schwabing - West",171.8,1163,677,NA,NA,NA,"Hauptwohnsitzbevölkerung (65 Jahre und älter) (nichtdeutsch)","Hauptwohnsitzbevölkerung (bis 14 Jahre) (nichtdeutsch)",NA,NA,NA
"Überalterungsquotient","nichtdeutsch",2010,"05 Au - Haidhausen",169.5,1273,751,NA,NA,NA,"Hauptwohnsitzbevölkerung (65 Jahre und älter) (nichtdeutsch)","Hauptwohnsitzbevölkerung (bis 14 Jahre) (nichtdeutsch)",NA,NA,NA
"Überalterungsquotient","nichtdeutsch",2010,"06 Sendling",129.7,944,728,NA,NA,NA,"Hauptwohnsitzbevölkerung (65 Jahre und älter) (nichtdeutsch)","Hauptwohnsitzbevölkerung (bis 14 Jahre) (nichtdeutsch)",NA,NA,NA
"Überalterungsquotient","nichtdeutsch",2010,"07 Sendling - Westpark",105.1,1205,1146,NA,NA,NA,"Hauptwohnsitzbevölkerung (65 Jahre und älter) (nichtdeutsch)","Hauptwohnsitzbevölkerung (bis 14 Jahre) (nichtdeutsch)",NA,NA,NA
"Überalterungsquotient","nichtdeutsch",2010,"08 Schwanthalerhöhe",154.9,1030,665,NA,NA,NA,"Hauptwohnsitzbevölkerung (65 Jahre und älter) (nichtdeutsch)","Hauptwohnsitzbevölkerung (bis 14 Jahre) (nichtdeutsch)",NA,NA,NA
"Überalterungsquotient","nichtdeutsch",2010,"09 Neuhausen - Nymphenburg",124.5,1608,1292,NA,NA,NA,"Hauptwohnsitzbevölkerung (65 Jahre und älter) (nichtdeutsch)","Hauptwohnsitzbevölkerung (bis 14 Jahre) (nichtdeutsch)",NA,NA,NA
"Überalterungsquotient","nichtdeutsch",2010,"10 Moosach",90.3,1093,1211,NA,NA,NA,"Hauptwohnsitzbevölkerung (65 Jahre und älter) (nichtdeutsch)","Hauptwohnsitzbevölkerung (bis 14 Jahre) (nichtdeutsch)",NA,NA,NA
"Überalterungsquotient","nichtdeutsch",2010,"11 Milbertshofen - Am Hart",80.6,1889,2344,NA,NA,NA,"Hauptwohnsitzbevölkerung (65 Jahre und älter) (nichtdeutsch)","Hauptwohnsitzbevölkerung (bis 14 Jahre) (nichtdeutsch)",NA,NA,NA
"Überalterungsquotient","nichtdeutsch",2010,"12 Schwabing - Freimann",99.1,992,1001,NA,NA,NA,"Hauptwohnsitzbevölkerung (65 Jahre und älter) (nichtdeutsch)","Hauptwohnsitzbevölkerung (bis 14 Jahre) (nichtdeutsch)",NA,NA,NA
"Überalterungsquotient","nichtdeutsch",2010,"13 Bogenhausen",109.9,1450,1319,NA,NA,NA,"Hauptwohnsitzbevölkerung (65 Jahre und älter) (nichtdeutsch)","Hauptwohnsitzbevölkerung (bis 14 Jahre) (nichtdeutsch)",NA,NA,NA
"Überalterungsquotient","nichtdeutsch",2010,"14 Berg am Laim",79.8,839,1051,NA,NA,NA,"Hauptwohnsitzbevölkerung (65 Jahre und älter) (nichtdeutsch)","Hauptwohnsitzbevölkerung (bis 14 Jahre) (nichtdeutsch)",NA,NA,NA
"Überalterungsquotient","nichtdeutsch",2010,"15 Trudering - Riem",50.4,671,1331,NA,NA,NA,"Hauptwohnsitzbevölkerung (65 Jahre und älter) (nichtdeutsch)","Hauptwohnsitzbevölkerung (bis 14 Jahre) (nichtdeutsch)",NA,NA,NA
"Überalterungsquotient","nichtdeutsch",2010,"16 Ramersdorf - Perlach",87.3,2839,3251,NA,NA,NA,"Hauptwohnsitzbevölkerung (65 Jahre und älter) (nichtdeutsch)","Hauptwohnsitzbevölkerung (bis 14 Jahre) (nichtdeutsch)",NA,NA,NA
"Überalterungsquotient","nichtdeutsch",2010,"17 Obergiesing - Fasangarten",101.6,1142,1124,NA,NA,NA,"Hauptwohnsitzbevölkerung (65 Jahre und älter) (nichtdeutsch)","Hauptwohnsitzbevölkerung (bis 14 Jahre) (nichtdeutsch)",NA,NA,NA
"Überalterungsquotient","nichtdeutsch",2010,"18 Untergiesing - Harlaching",136.5,983,720,NA,NA,NA,"Hauptwohnsitzbevölkerung (65 Jahre und älter) (nichtdeutsch)","Hauptwohnsitzbevölkerung (bis 14 Jahre) (nichtdeutsch)",NA,NA,NA
"Überalterungsquotient","nichtdeutsch",2010,"19 Thalkirchen - Obersendling - Forstenried - Fürstenried - Solln",103.1,1554,1508,NA,NA,NA,"Hauptwohnsitzbevölkerung (65 Jahre und älter) (nichtdeutsch)","Hauptwohnsitzbevölkerung (bis 14 Jahre) (nichtdeutsch)",NA,NA,NA
"Überalterungsquotient","nichtdeutsch",2010,"20 Hadern",83.6,823,984,NA,NA,NA,"Hauptwohnsitzbevölkerung (65 Jahre und älter) (nichtdeutsch)","Hauptwohnsitzbevölkerung (bis 14 Jahre) (nichtdeutsch)",NA,NA,NA
"Überalterungsquotient","nichtdeutsch",2010,"21 Pasing - Obermenzing",100.4,1081,1077,NA,NA,NA,"Hauptwohnsitzbevölkerung (65 Jahre und älter) (nichtdeutsch)","Hauptwohnsitzbevölkerung (bis 14 Jahre) (nichtdeutsch)",NA,NA,NA
"Überalterungsquotient","nichtdeutsch",2010,"22 Aubing - Lochhausen - Langwied",63.8,611,957,NA,NA,NA,"Hauptwohnsitzbevölkerung (65 Jahre und älter) (nichtdeutsch)","Hauptwohnsitzbevölkerung (bis 14 Jahre) (nichtdeutsch)",NA,NA,NA
"Überalterungsquotient","nichtdeutsch",2010,"23 Allach - Untermenzing",104.3,457,438,NA,NA,NA,"Hauptwohnsitzbevölkerung (65 Jahre und älter) (nichtdeutsch)","Hauptwohnsitzbevölkerung (bis 14 Jahre) (nichtdeutsch)",NA,NA,NA
"Überalterungsquotient","nichtdeutsch",2010,"24 Feldmoching - Hasenbergl",75.6,1244,1645,NA,NA,NA,"Hauptwohnsitzbevölkerung (65 Jahre und älter) (nichtdeutsch)","Hauptwohnsitzbevölkerung (bis 14 Jahre) (nichtdeutsch)",NA,NA,NA
"Überalterungsquotient","nichtdeutsch",2010,"25 Laim",115.3,1072,930,NA,NA,NA,"Hauptwohnsitzbevölkerung (65 Jahre und älter) (nichtdeutsch)","Hauptwohnsitzbevölkerung (bis 14 Jahre) (nichtdeutsch)",NA,NA,NA
"Überalterungsquotient","deutsch",2009,"Stadt München",158.9,218581,137576,NA,NA,NA,"Hauptwohnsitzbevölkerung (65 Jahre und älter) (deutsch)","Hauptwohnsitzbevölkerung (bis 14 Jahre) (deutsch)",NA,NA,NA
"Überalterungsquotient","deutsch",2009,"01 Altstadt - Lehel",187.8,2826,1505,NA,NA,NA,"Hauptwohnsitzbevölkerung (65 Jahre und älter) (deutsch)","Hauptwohnsitzbevölkerung (bis 14 Jahre) (deutsch)",NA,NA,NA
"Überalterungsquotient","deutsch",2009,"02 Ludwigsvorstadt - Isarvorstadt",114.8,4150,3614,NA,NA,NA,"Hauptwohnsitzbevölkerung (65 Jahre und älter) (deutsch)","Hauptwohnsitzbevölkerung (bis 14 Jahre) (deutsch)",NA,NA,NA
"Überalterungsquotient","deutsch",2009,"03 Maxvorstadt",161.1,5055,3137,NA,NA,NA,"Hauptwohnsitzbevölkerung (65 Jahre und älter) (deutsch)","Hauptwohnsitzbevölkerung (bis 14 Jahre) (deutsch)",NA,NA,NA
"Überalterungsquotient","deutsch",2009,"04 Schwabing - West",178.9,9453,5285,NA,NA,NA,"Hauptwohnsitzbevölkerung (65 Jahre und älter) (deutsch)","Hauptwohnsitzbevölkerung (bis 14 Jahre) (deutsch)",NA,NA,NA
"Überalterungsquotient","deutsch",2009,"05 Au - Haidhausen",127.1,6672,5249,NA,NA,NA,"Hauptwohnsitzbevölkerung (65 Jahre und älter) (deutsch)","Hauptwohnsitzbevölkerung (bis 14 Jahre) (deutsch)",NA,NA,NA
"Überalterungsquotient","deutsch",2009,"06 Sendling",130.9,4626,3533,NA,NA,NA,"Hauptwohnsitzbevölkerung (65 Jahre und älter) (deutsch)","Hauptwohnsitzbevölkerung (bis 14 Jahre) (deutsch)",NA,NA,NA
"Überalterungsquotient","deutsch",2009,"07 Sendling - Westpark",189.9,9094,4789,NA,NA,NA,"Hauptwohnsitzbevölkerung (65 Jahre und älter) (deutsch)","Hauptwohnsitzbevölkerung (bis 14 Jahre) (deutsch)",NA,NA,NA
"Überalterungsquotient","deutsch",2009,"08 Schwanthalerhöhe",87.3,2331,2670,NA,NA,NA,"Hauptwohnsitzbevölkerung (65 Jahre und älter) (deutsch)","Hauptwohnsitzbevölkerung (bis 14 Jahre) (deutsch)",NA,NA,NA
"Überalterungsquotient","deutsch",2009,"09 Neuhausen - Nymphenburg",161.1,13276,8240,NA,NA,NA,"Hauptwohnsitzbevölkerung (65 Jahre und älter) (deutsch)","Hauptwohnsitzbevölkerung (bis 14 Jahre) (deutsch)",NA,NA,NA
"Überalterungsquotient","deutsch",2009,"10 Moosach",159.6,7899,4948,NA,NA,NA,"Hauptwohnsitzbevölkerung (65 Jahre und älter) (deutsch)","Hauptwohnsitzbevölkerung (bis 14 Jahre) (deutsch)",NA,NA,NA
"Überalterungsquotient","deutsch",2009,"11 Milbertshofen - Am Hart",135.7,8925,6577,NA,NA,NA,"Hauptwohnsitzbevölkerung (65 Jahre und älter) (deutsch)","Hauptwohnsitzbevölkerung (bis 14 Jahre) (deutsch)",NA,NA,NA
"Überalterungsquotient","deutsch",2009,"12 Schwabing - Freimann",159.4,9162,5749,NA,NA,NA,"Hauptwohnsitzbevölkerung (65 Jahre und älter) (deutsch)","Hauptwohnsitzbevölkerung (bis 14 Jahre) (deutsch)",NA,NA,NA
"Überalterungsquotient","deutsch",2009,"13 Bogenhausen",175.1,14446,8249,NA,NA,NA,"Hauptwohnsitzbevölkerung (65 Jahre und älter) (deutsch)","Hauptwohnsitzbevölkerung (bis 14 Jahre) (deutsch)",NA,NA,NA
"Überalterungsquotient","deutsch",2009,"14 Berg am Laim",170.6,6441,3776,NA,NA,NA,"Hauptwohnsitzbevölkerung (65 Jahre und älter) (deutsch)","Hauptwohnsitzbevölkerung (bis 14 Jahre) (deutsch)",NA,NA,NA
"Überalterungsquotient","deutsch",2009,"15 Trudering - Riem",89.4,8747,9782,NA,NA,NA,"Hauptwohnsitzbevölkerung (65 Jahre und älter) (deutsch)","Hauptwohnsitzbevölkerung (bis 14 Jahre) (deutsch)",NA,NA,NA
"Überalterungsquotient","deutsch",2009,"16 Ramersdorf - Perlach",158.2,17599,11125,NA,NA,NA,"Hauptwohnsitzbevölkerung (65 Jahre und älter) (deutsch)","Hauptwohnsitzbevölkerung (bis 14 Jahre) (deutsch)",NA,NA,NA
"Überalterungsquotient","deutsch",2009,"17 Obergiesing - Fasangarten",161.8,6875,4250,NA,NA,NA,"Hauptwohnsitzbevölkerung (65 Jahre und älter) (deutsch)","Hauptwohnsitzbevölkerung (bis 14 Jahre) (deutsch)",NA,NA,NA
"Überalterungsquotient","deutsch",2009,"18 Untergiesing - Harlaching",195.7,9042,4620,NA,NA,NA,"Hauptwohnsitzbevölkerung (65 Jahre und älter) (deutsch)","Hauptwohnsitzbevölkerung (bis 14 Jahre) (deutsch)",NA,NA,NA
"Überalterungsquotient","deutsch",2009,"19 Thalkirchen - Obersendling - Forstenried - Fürstenried - Solln",217,17661,8140,NA,NA,NA,"Hauptwohnsitzbevölkerung (65 Jahre und älter) (deutsch)","Hauptwohnsitzbevölkerung (bis 14 Jahre) (deutsch)",NA,NA,NA
"Überalterungsquotient","deutsch",2009,"20 Hadern",190.5,9524,5000,NA,NA,NA,"Hauptwohnsitzbevölkerung (65 Jahre und älter) (deutsch)","Hauptwohnsitzbevölkerung (bis 14 Jahre) (deutsch)",NA,NA,NA
"Überalterungsquotient","deutsch",2009,"21 Pasing - Obermenzing",147.8,11960,8091,NA,NA,NA,"Hauptwohnsitzbevölkerung (65 Jahre und älter) (deutsch)","Hauptwohnsitzbevölkerung (bis 14 Jahre) (deutsch)",NA,NA,NA
"Überalterungsquotient","deutsch",2009,"22 Aubing - Lochhausen - Langwied",177.9,8016,4507,NA,NA,NA,"Hauptwohnsitzbevölkerung (65 Jahre und älter) (deutsch)","Hauptwohnsitzbevölkerung (bis 14 Jahre) (deutsch)",NA,NA,NA
"Überalterungsquotient","deutsch",2009,"23 Allach - Untermenzing",144.6,5428,3755,NA,NA,NA,"Hauptwohnsitzbevölkerung (65 Jahre und älter) (deutsch)","Hauptwohnsitzbevölkerung (bis 14 Jahre) (deutsch)",NA,NA,NA
"Überalterungsquotient","deutsch",2009,"24 Feldmoching - Hasenbergl",150.6,10005,6643,NA,NA,NA,"Hauptwohnsitzbevölkerung (65 Jahre und älter) (deutsch)","Hauptwohnsitzbevölkerung (bis 14 Jahre) (deutsch)",NA,NA,NA
"Überalterungsquotient","deutsch",2009,"25 Laim",215.8,9368,4342,NA,NA,NA,"Hauptwohnsitzbevölkerung (65 Jahre und älter) (deutsch)","Hauptwohnsitzbevölkerung (bis 14 Jahre) (deutsch)",NA,NA,NA
"Überalterungsquotient","deutsch",2008,"Stadt München",161.4,216756,134280,NA,NA,NA,"Hauptwohnsitzbevölkerung (65 Jahre und älter) (deutsch)","Hauptwohnsitzbevölkerung (bis 14 Jahre) (deutsch)",NA,NA,NA
"Überalterungsquotient","deutsch",2008,"01 Altstadt - Lehel",189.3,2805,1482,NA,NA,NA,"Hauptwohnsitzbevölkerung (65 Jahre und älter) (deutsch)","Hauptwohnsitzbevölkerung (bis 14 Jahre) (deutsch)",NA,NA,NA
"Überalterungsquotient","deutsch",2008,"02 Ludwigsvorstadt - Isarvorstadt",118.5,4195,3539,NA,NA,NA,"Hauptwohnsitzbevölkerung (65 Jahre und älter) (deutsch)","Hauptwohnsitzbevölkerung (bis 14 Jahre) (deutsch)",NA,NA,NA
"Überalterungsquotient","deutsch",2008,"03 Maxvorstadt",169.4,5068,2991,NA,NA,NA,"Hauptwohnsitzbevölkerung (65 Jahre und älter) (deutsch)","Hauptwohnsitzbevölkerung (bis 14 Jahre) (deutsch)",NA,NA,NA
"Überalterungsquotient","deutsch",2008,"04 Schwabing - West",181.8,9446,5195,NA,NA,NA,"Hauptwohnsitzbevölkerung (65 Jahre und älter) (deutsch)","Hauptwohnsitzbevölkerung (bis 14 Jahre) (deutsch)",NA,NA,NA
"Überalterungsquotient","deutsch",2008,"05 Au - Haidhausen",134.3,6745,5022,NA,NA,NA,"Hauptwohnsitzbevölkerung (65 Jahre und älter) (deutsch)","Hauptwohnsitzbevölkerung (bis 14 Jahre) (deutsch)",NA,NA,NA
"Überalterungsquotient","deutsch",2008,"06 Sendling",133,4576,3440,NA,NA,NA,"Hauptwohnsitzbevölkerung (65 Jahre und älter) (deutsch)","Hauptwohnsitzbevölkerung (bis 14 Jahre) (deutsch)",NA,NA,NA
"Überalterungsquotient","deutsch",2008,"07 Sendling - Westpark",195.2,9053,4637,NA,NA,NA,"Hauptwohnsitzbevölkerung (65 Jahre und älter) (deutsch)","Hauptwohnsitzbevölkerung (bis 14 Jahre) (deutsch)",NA,NA,NA
"Überalterungsquotient","deutsch",2008,"08 Schwanthalerhöhe",92.2,2353,2553,NA,NA,NA,"Hauptwohnsitzbevölkerung (65 Jahre und älter) (deutsch)","Hauptwohnsitzbevölkerung (bis 14 Jahre) (deutsch)",NA,NA,NA
"Überalterungsquotient","deutsch",2008,"09 Neuhausen - Nymphenburg",169,13240,7833,NA,NA,NA,"Hauptwohnsitzbevölkerung (65 Jahre und älter) (deutsch)","Hauptwohnsitzbevölkerung (bis 14 Jahre) (deutsch)",NA,NA,NA
"Überalterungsquotient","deutsch",2008,"10 Moosach",160.4,7815,4872,NA,NA,NA,"Hauptwohnsitzbevölkerung (65 Jahre und älter) (deutsch)","Hauptwohnsitzbevölkerung (bis 14 Jahre) (deutsch)",NA,NA,NA
"Überalterungsquotient","deutsch",2008,"11 Milbertshofen - Am Hart",140.7,8977,6380,NA,NA,NA,"Hauptwohnsitzbevölkerung (65 Jahre und älter) (deutsch)","Hauptwohnsitzbevölkerung (bis 14 Jahre) (deutsch)",NA,NA,NA
"Überalterungsquotient","deutsch",2008,"12 Schwabing - Freimann",155.6,8951,5754,NA,NA,NA,"Hauptwohnsitzbevölkerung (65 Jahre und älter) (deutsch)","Hauptwohnsitzbevölkerung (bis 14 Jahre) (deutsch)",NA,NA,NA
"Überalterungsquotient","deutsch",2008,"13 Bogenhausen",172.2,14057,8163,NA,NA,NA,"Hauptwohnsitzbevölkerung (65 Jahre und älter) (deutsch)","Hauptwohnsitzbevölkerung (bis 14 Jahre) (deutsch)",NA,NA,NA
"Überalterungsquotient","deutsch",2008,"14 Berg am Laim",174.7,6450,3691,NA,NA,NA,"Hauptwohnsitzbevölkerung (65 Jahre und älter) (deutsch)","Hauptwohnsitzbevölkerung (bis 14 Jahre) (deutsch)",NA,NA,NA
"Überalterungsquotient","deutsch",2008,"15 Trudering - Riem",91.5,8503,9295,NA,NA,NA,"Hauptwohnsitzbevölkerung (65 Jahre und älter) (deutsch)","Hauptwohnsitzbevölkerung (bis 14 Jahre) (deutsch)",NA,NA,NA
"Überalterungsquotient","deutsch",2008,"16 Ramersdorf - Perlach",157.5,17305,10985,NA,NA,NA,"Hauptwohnsitzbevölkerung (65 Jahre und älter) (deutsch)","Hauptwohnsitzbevölkerung (bis 14 Jahre) (deutsch)",NA,NA,NA
"Überalterungsquotient","deutsch",2008,"17 Obergiesing - Fasangarten",169.3,6927,4092,NA,NA,NA,"Hauptwohnsitzbevölkerung (65 Jahre und älter) (deutsch)","Hauptwohnsitzbevölkerung (bis 14 Jahre) (deutsch)",NA,NA,NA
"Überalterungsquotient","deutsch",2008,"18 Untergiesing - Harlaching",196.8,9106,4626,NA,NA,NA,"Hauptwohnsitzbevölkerung (65 Jahre und älter) (deutsch)","Hauptwohnsitzbevölkerung (bis 14 Jahre) (deutsch)",NA,NA,NA
"Überalterungsquotient","deutsch",2008,"19 Thalkirchen - Obersendling - Forstenried - Fürstenried - Solln",218.1,17428,7991,NA,NA,NA,"Hauptwohnsitzbevölkerung (65 Jahre und älter) (deutsch)","Hauptwohnsitzbevölkerung (bis 14 Jahre) (deutsch)",NA,NA,NA
"Überalterungsquotient","deutsch",2008,"20 Hadern",188.6,9300,4932,NA,NA,NA,"Hauptwohnsitzbevölkerung (65 Jahre und älter) (deutsch)","Hauptwohnsitzbevölkerung (bis 14 Jahre) (deutsch)",NA,NA,NA
"Überalterungsquotient","deutsch",2008,"21 Pasing - Obermenzing",148,11764,7951,NA,NA,NA,"Hauptwohnsitzbevölkerung (65 Jahre und älter) (deutsch)","Hauptwohnsitzbevölkerung (bis 14 Jahre) (deutsch)",NA,NA,NA
"Überalterungsquotient","deutsch",2008,"22 Aubing - Lochhausen - Langwied",177.8,7917,4453,NA,NA,NA,"Hauptwohnsitzbevölkerung (65 Jahre und älter) (deutsch)","Hauptwohnsitzbevölkerung (bis 14 Jahre) (deutsch)",NA,NA,NA
"Überalterungsquotient","deutsch",2008,"23 Allach - Untermenzing",144.3,5367,3719,NA,NA,NA,"Hauptwohnsitzbevölkerung (65 Jahre und älter) (deutsch)","Hauptwohnsitzbevölkerung (bis 14 Jahre) (deutsch)",NA,NA,NA
"Überalterungsquotient","deutsch",2008,"24 Feldmoching - Hasenbergl",155.4,10037,6460,NA,NA,NA,"Hauptwohnsitzbevölkerung (65 Jahre und älter) (deutsch)","Hauptwohnsitzbevölkerung (bis 14 Jahre) (deutsch)",NA,NA,NA
"Überalterungsquotient","deutsch",2008,"25 Laim",221.9,9371,4224,NA,NA,NA,"Hauptwohnsitzbevölkerung (65 Jahre und älter) (deutsch)","Hauptwohnsitzbevölkerung (bis 14 Jahre) (deutsch)",NA,NA,NA
"Überalterungsquotient","deutsch",2007,"Stadt München",162.9,213394,130990,NA,NA,NA,"Hauptwohnsitzbevölkerung (65 Jahre und älter) (deutsch)","Hauptwohnsitzbevölkerung (bis 14 Jahre) (deutsch)",NA,NA,NA
"Überalterungsquotient","deutsch",2007,"01 Altstadt - Lehel",194.5,2787,1433,NA,NA,NA,"Hauptwohnsitzbevölkerung (65 Jahre und älter) (deutsch)","Hauptwohnsitzbevölkerung (bis 14 Jahre) (deutsch)",NA,NA,NA
"Überalterungsquotient","deutsch",2007,"02 Ludwigsvorstadt - Isarvorstadt",124.6,4201,3371,NA,NA,NA,"Hauptwohnsitzbevölkerung (65 Jahre und älter) (deutsch)","Hauptwohnsitzbevölkerung (bis 14 Jahre) (deutsch)",NA,NA,NA
"Überalterungsquotient","deutsch",2007,"03 Maxvorstadt",168.1,4988,2967,NA,NA,NA,"Hauptwohnsitzbevölkerung (65 Jahre und älter) (deutsch)","Hauptwohnsitzbevölkerung (bis 14 Jahre) (deutsch)",NA,NA,NA
"Überalterungsquotient","deutsch",2007,"04 Schwabing - West",187.1,9243,4939,NA,NA,NA,"Hauptwohnsitzbevölkerung (65 Jahre und älter) (deutsch)","Hauptwohnsitzbevölkerung (bis 14 Jahre) (deutsch)",NA,NA,NA
"Überalterungsquotient","deutsch",2007,"05 Au - Haidhausen",139,6715,4830,NA,NA,NA,"Hauptwohnsitzbevölkerung (65 Jahre und älter) (deutsch)","Hauptwohnsitzbevölkerung (bis 14 Jahre) (deutsch)",NA,NA,NA
"Überalterungsquotient","deutsch",2007,"06 Sendling",134.9,4534,3361,NA,NA,NA,"Hauptwohnsitzbevölkerung (65 Jahre und älter) (deutsch)","Hauptwohnsitzbevölkerung (bis 14 Jahre) (deutsch)",NA,NA,NA
"Überalterungsquotient","deutsch",2007,"07 Sendling - Westpark",193.7,8900,4595,NA,NA,NA,"Hauptwohnsitzbevölkerung (65 Jahre und älter) (deutsch)","Hauptwohnsitzbevölkerung (bis 14 Jahre) (deutsch)",NA,NA,NA
"Überalterungsquotient","deutsch",2007,"08 Schwanthalerhöhe",98.4,2347,2385,NA,NA,NA,"Hauptwohnsitzbevölkerung (65 Jahre und älter) (deutsch)","Hauptwohnsitzbevölkerung (bis 14 Jahre) (deutsch)",NA,NA,NA
"Überalterungsquotient","deutsch",2007,"09 Neuhausen - Nymphenburg",172.4,13149,7629,NA,NA,NA,"Hauptwohnsitzbevölkerung (65 Jahre und älter) (deutsch)","Hauptwohnsitzbevölkerung (bis 14 Jahre) (deutsch)",NA,NA,NA
"Überalterungsquotient","deutsch",2007,"10 Moosach",158.8,7709,4855,NA,NA,NA,"Hauptwohnsitzbevölkerung (65 Jahre und älter) (deutsch)","Hauptwohnsitzbevölkerung (bis 14 Jahre) (deutsch)",NA,NA,NA
"Überalterungsquotient","deutsch",2007,"11 Milbertshofen - Am Hart",143,8910,6229,NA,NA,NA,"Hauptwohnsitzbevölkerung (65 Jahre und älter) (deutsch)","Hauptwohnsitzbevölkerung (bis 14 Jahre) (deutsch)",NA,NA,NA
"Überalterungsquotient","deutsch",2007,"12 Schwabing - Freimann",153.5,8748,5699,NA,NA,NA,"Hauptwohnsitzbevölkerung (65 Jahre und älter) (deutsch)","Hauptwohnsitzbevölkerung (bis 14 Jahre) (deutsch)",NA,NA,NA
"Überalterungsquotient","deutsch",2007,"13 Bogenhausen",170.4,13573,7966,NA,NA,NA,"Hauptwohnsitzbevölkerung (65 Jahre und älter) (deutsch)","Hauptwohnsitzbevölkerung (bis 14 Jahre) (deutsch)",NA,NA,NA
"Überalterungsquotient","deutsch",2007,"14 Berg am Laim",175.4,6389,3643,NA,NA,NA,"Hauptwohnsitzbevölkerung (65 Jahre und älter) (deutsch)","Hauptwohnsitzbevölkerung (bis 14 Jahre) (deutsch)",NA,NA,NA
"Überalterungsquotient","deutsch",2007,"15 Trudering - Riem",94.7,8202,8659,NA,NA,NA,"Hauptwohnsitzbevölkerung (65 Jahre und älter) (deutsch)","Hauptwohnsitzbevölkerung (bis 14 Jahre) (deutsch)",NA,NA,NA
"Überalterungsquotient","deutsch",2007,"16 Ramersdorf - Perlach",158.5,17043,10753,NA,NA,NA,"Hauptwohnsitzbevölkerung (65 Jahre und älter) (deutsch)","Hauptwohnsitzbevölkerung (bis 14 Jahre) (deutsch)",NA,NA,NA
"Überalterungsquotient","deutsch",2007,"17 Obergiesing - Fasangarten",169.9,6884,4052,NA,NA,NA,"Hauptwohnsitzbevölkerung (65 Jahre und älter) (deutsch)","Hauptwohnsitzbevölkerung (bis 14 Jahre) (deutsch)",NA,NA,NA
"Überalterungsquotient","deutsch",2007,"18 Untergiesing - Harlaching",198.6,9062,4562,NA,NA,NA,"Hauptwohnsitzbevölkerung (65 Jahre und älter) (deutsch)","Hauptwohnsitzbevölkerung (bis 14 Jahre) (deutsch)",NA,NA,NA
"Überalterungsquotient","deutsch",2007,"19 Thalkirchen - Obersendling - Forstenried - Fürstenried - Solln",217.2,17045,7849,NA,NA,NA,"Hauptwohnsitzbevölkerung (65 Jahre und älter) (deutsch)","Hauptwohnsitzbevölkerung (bis 14 Jahre) (deutsch)",NA,NA,NA
"Überalterungsquotient","deutsch",2007,"20 Hadern",184.2,9113,4948,NA,NA,NA,"Hauptwohnsitzbevölkerung (65 Jahre und älter) (deutsch)","Hauptwohnsitzbevölkerung (bis 14 Jahre) (deutsch)",NA,NA,NA
"Überalterungsquotient","deutsch",2007,"21 Pasing - Obermenzing",146.6,11393,7771,NA,NA,NA,"Hauptwohnsitzbevölkerung (65 Jahre und älter) (deutsch)","Hauptwohnsitzbevölkerung (bis 14 Jahre) (deutsch)",NA,NA,NA
"Überalterungsquotient","deutsch",2007,"22 Aubing - Lochhausen - Langwied",177.5,7791,4389,NA,NA,NA,"Hauptwohnsitzbevölkerung (65 Jahre und älter) (deutsch)","Hauptwohnsitzbevölkerung (bis 14 Jahre) (deutsch)",NA,NA,NA
"Überalterungsquotient","deutsch",2007,"23 Allach - Untermenzing",145.4,5283,3634,NA,NA,NA,"Hauptwohnsitzbevölkerung (65 Jahre und älter) (deutsch)","Hauptwohnsitzbevölkerung (bis 14 Jahre) (deutsch)",NA,NA,NA
"Überalterungsquotient","deutsch",2007,"24 Feldmoching - Hasenbergl",158.6,10030,6325,NA,NA,NA,"Hauptwohnsitzbevölkerung (65 Jahre und älter) (deutsch)","Hauptwohnsitzbevölkerung (bis 14 Jahre) (deutsch)",NA,NA,NA
"Überalterungsquotient","deutsch",2007,"25 Laim",225.6,9355,4146,NA,NA,NA,"Hauptwohnsitzbevölkerung (65 Jahre und älter) (deutsch)","Hauptwohnsitzbevölkerung (bis 14 Jahre) (deutsch)",NA,NA,NA
"Überalterungsquotient","deutsch",2006,"Stadt München",165.6,210001,126821,NA,NA,NA,"Hauptwohnsitzbevölkerung (65 Jahre und älter) (deutsch)","Hauptwohnsitzbevölkerung (bis 14 Jahre) (deutsch)",NA,NA,NA
"Überalterungsquotient","deutsch",2006,"01 Altstadt - Lehel",199.6,2740,1373,NA,NA,NA,"Hauptwohnsitzbevölkerung (65 Jahre und älter) (deutsch)","Hauptwohnsitzbevölkerung (bis 14 Jahre) (deutsch)",NA,NA,NA
"Überalterungsquotient","deutsch",2006,"02 Ludwigsvorstadt - Isarvorstadt",132.3,4242,3207,NA,NA,NA,"Hauptwohnsitzbevölkerung (65 Jahre und älter) (deutsch)","Hauptwohnsitzbevölkerung (bis 14 Jahre) (deutsch)",NA,NA,NA
"Überalterungsquotient","deutsch",2006,"03 Maxvorstadt",175.8,4959,2821,NA,NA,NA,"Hauptwohnsitzbevölkerung (65 Jahre und älter) (deutsch)","Hauptwohnsitzbevölkerung (bis 14 Jahre) (deutsch)",NA,NA,NA
"Überalterungsquotient","deutsch",2006,"04 Schwabing - West",190.8,9010,4721,NA,NA,NA,"Hauptwohnsitzbevölkerung (65 Jahre und älter) (deutsch)","Hauptwohnsitzbevölkerung (bis 14 Jahre) (deutsch)",NA,NA,NA
"Überalterungsquotient","deutsch",2006,"05 Au - Haidhausen",143.9,6702,4656,NA,NA,NA,"Hauptwohnsitzbevölkerung (65 Jahre und älter) (deutsch)","Hauptwohnsitzbevölkerung (bis 14 Jahre) (deutsch)",NA,NA,NA
"Überalterungsquotient","deutsch",2006,"06 Sendling",137.7,4514,3277,NA,NA,NA,"Hauptwohnsitzbevölkerung (65 Jahre und älter) (deutsch)","Hauptwohnsitzbevölkerung (bis 14 Jahre) (deutsch)",NA,NA,NA
"Überalterungsquotient","deutsch",2006,"07 Sendling - Westpark",196.5,8754,4454,NA,NA,NA,"Hauptwohnsitzbevölkerung (65 Jahre und älter) (deutsch)","Hauptwohnsitzbevölkerung (bis 14 Jahre) (deutsch)",NA,NA,NA
"Überalterungsquotient","deutsch",2006,"08 Schwanthalerhöhe",103.4,2311,2236,NA,NA,NA,"Hauptwohnsitzbevölkerung (65 Jahre und älter) (deutsch)","Hauptwohnsitzbevölkerung (bis 14 Jahre) (deutsch)",NA,NA,NA
"Überalterungsquotient","deutsch",2006,"09 Neuhausen - Nymphenburg",179.5,13160,7331,NA,NA,NA,"Hauptwohnsitzbevölkerung (65 Jahre und älter) (deutsch)","Hauptwohnsitzbevölkerung (bis 14 Jahre) (deutsch)",NA,NA,NA
"Überalterungsquotient","deutsch",2006,"10 Moosach",157.7,7617,4831,NA,NA,NA,"Hauptwohnsitzbevölkerung (65 Jahre und älter) (deutsch)","Hauptwohnsitzbevölkerung (bis 14 Jahre) (deutsch)",NA,NA,NA
"Überalterungsquotient","deutsch",2006,"11 Milbertshofen - Am Hart",145.6,8883,6099,NA,NA,NA,"Hauptwohnsitzbevölkerung (65 Jahre und älter) (deutsch)","Hauptwohnsitzbevölkerung (bis 14 Jahre) (deutsch)",NA,NA,NA
"Überalterungsquotient","deutsch",2006,"12 Schwabing - Freimann",152.9,8525,5574,NA,NA,NA,"Hauptwohnsitzbevölkerung (65 Jahre und älter) (deutsch)","Hauptwohnsitzbevölkerung (bis 14 Jahre) (deutsch)",NA,NA,NA
"Überalterungsquotient","deutsch",2006,"13 Bogenhausen",169.7,13126,7736,NA,NA,NA,"Hauptwohnsitzbevölkerung (65 Jahre und älter) (deutsch)","Hauptwohnsitzbevölkerung (bis 14 Jahre) (deutsch)",NA,NA,NA
"Überalterungsquotient","deutsch",2006,"14 Berg am Laim",179.8,6307,3507,NA,NA,NA,"Hauptwohnsitzbevölkerung (65 Jahre und älter) (deutsch)","Hauptwohnsitzbevölkerung (bis 14 Jahre) (deutsch)",NA,NA,NA
"Überalterungsquotient","deutsch",2006,"15 Trudering - Riem",98.9,7900,7984,NA,NA,NA,"Hauptwohnsitzbevölkerung (65 Jahre und älter) (deutsch)","Hauptwohnsitzbevölkerung (bis 14 Jahre) (deutsch)",NA,NA,NA
"Überalterungsquotient","deutsch",2006,"16 Ramersdorf - Perlach",155.3,16575,10671,NA,NA,NA,"Hauptwohnsitzbevölkerung (65 Jahre und älter) (deutsch)","Hauptwohnsitzbevölkerung (bis 14 Jahre) (deutsch)",NA,NA,NA
"Überalterungsquotient","deutsch",2006,"17 Obergiesing - Fasangarten",174,6921,3977,NA,NA,NA,"Hauptwohnsitzbevölkerung (65 Jahre und älter) (deutsch)","Hauptwohnsitzbevölkerung (bis 14 Jahre) (deutsch)",NA,NA,NA
"Überalterungsquotient","deutsch",2006,"18 Untergiesing - Harlaching",204,8984,4404,NA,NA,NA,"Hauptwohnsitzbevölkerung (65 Jahre und älter) (deutsch)","Hauptwohnsitzbevölkerung (bis 14 Jahre) (deutsch)",NA,NA,NA
"Überalterungsquotient","deutsch",2006,"19 Thalkirchen - Obersendling - Forstenried - Fürstenried - Solln",218.8,16690,7627,NA,NA,NA,"Hauptwohnsitzbevölkerung (65 Jahre und älter) (deutsch)","Hauptwohnsitzbevölkerung (bis 14 Jahre) (deutsch)",NA,NA,NA
"Überalterungsquotient","deutsch",2006,"20 Hadern",183.2,8885,4850,NA,NA,NA,"Hauptwohnsitzbevölkerung (65 Jahre und älter) (deutsch)","Hauptwohnsitzbevölkerung (bis 14 Jahre) (deutsch)",NA,NA,NA
"Überalterungsquotient","deutsch",2006,"21 Pasing - Obermenzing",149.3,11149,7469,NA,NA,NA,"Hauptwohnsitzbevölkerung (65 Jahre und älter) (deutsch)","Hauptwohnsitzbevölkerung (bis 14 Jahre) (deutsch)",NA,NA,NA
"Überalterungsquotient","deutsch",2006,"22 Aubing - Lochhausen - Langwied",176,7599,4317,NA,NA,NA,"Hauptwohnsitzbevölkerung (65 Jahre und älter) (deutsch)","Hauptwohnsitzbevölkerung (bis 14 Jahre) (deutsch)",NA,NA,NA
"Überalterungsquotient","deutsch",2006,"23 Allach - Untermenzing",147.8,5192,3513,NA,NA,NA,"Hauptwohnsitzbevölkerung (65 Jahre und älter) (deutsch)","Hauptwohnsitzbevölkerung (bis 14 Jahre) (deutsch)",NA,NA,NA
"Überalterungsquotient","deutsch",2006,"24 Feldmoching - Hasenbergl",161.8,9912,6127,NA,NA,NA,"Hauptwohnsitzbevölkerung (65 Jahre und älter) (deutsch)","Hauptwohnsitzbevölkerung (bis 14 Jahre) (deutsch)",NA,NA,NA
"Überalterungsquotient","deutsch",2006,"25 Laim",230.2,9344,4059,NA,NA,NA,"Hauptwohnsitzbevölkerung (65 Jahre und älter) (deutsch)","Hauptwohnsitzbevölkerung (bis 14 Jahre) (deutsch)",NA,NA,NA
"Überalterungsquotient","deutsch",2005,"Stadt München",164.1,203945,124292,NA,NA,NA,"Hauptwohnsitzbevölkerung (65 Jahre und älter) (deutsch)","Hauptwohnsitzbevölkerung (bis 14 Jahre) (deutsch)",NA,NA,NA
"Überalterungsquotient","deutsch",2005,"01 Altstadt - Lehel",192.1,2653,1381,NA,NA,NA,"Hauptwohnsitzbevölkerung (65 Jahre und älter) (deutsch)","Hauptwohnsitzbevölkerung (bis 14 Jahre) (deutsch)",NA,NA,NA
"Überalterungsquotient","deutsch",2005,"02 Ludwigsvorstadt - Isarvorstadt",132.6,4165,3142,NA,NA,NA,"Hauptwohnsitzbevölkerung (65 Jahre und älter) (deutsch)","Hauptwohnsitzbevölkerung (bis 14 Jahre) (deutsch)",NA,NA,NA
"Überalterungsquotient","deutsch",2005,"03 Maxvorstadt",183.9,4893,2660,NA,NA,NA,"Hauptwohnsitzbevölkerung (65 Jahre und älter) (deutsch)","Hauptwohnsitzbevölkerung (bis 14 Jahre) (deutsch)",NA,NA,NA
"Überalterungsquotient","deutsch",2005,"04 Schwabing - West",196.7,8687,4417,NA,NA,NA,"Hauptwohnsitzbevölkerung (65 Jahre und älter) (deutsch)","Hauptwohnsitzbevölkerung (bis 14 Jahre) (deutsch)",NA,NA,NA
"Überalterungsquotient","deutsch",2005,"05 Au - Haidhausen",146.7,6654,4537,NA,NA,NA,"Hauptwohnsitzbevölkerung (65 Jahre und älter) (deutsch)","Hauptwohnsitzbevölkerung (bis 14 Jahre) (deutsch)",NA,NA,NA
"Überalterungsquotient","deutsch",2005,"06 Sendling",135.3,4406,3257,NA,NA,NA,"Hauptwohnsitzbevölkerung (65 Jahre und älter) (deutsch)","Hauptwohnsitzbevölkerung (bis 14 Jahre) (deutsch)",NA,NA,NA
"Überalterungsquotient","deutsch",2005,"07 Sendling - Westpark",195.3,8565,4385,NA,NA,NA,"Hauptwohnsitzbevölkerung (65 Jahre und älter) (deutsch)","Hauptwohnsitzbevölkerung (bis 14 Jahre) (deutsch)",NA,NA,NA
"Überalterungsquotient","deutsch",2005,"08 Schwanthalerhöhe",106.9,2309,2160,NA,NA,NA,"Hauptwohnsitzbevölkerung (65 Jahre und älter) (deutsch)","Hauptwohnsitzbevölkerung (bis 14 Jahre) (deutsch)",NA,NA,NA
"Überalterungsquotient","deutsch",2005,"09 Neuhausen - Nymphenburg",180.8,13090,7240,NA,NA,NA,"Hauptwohnsitzbevölkerung (65 Jahre und älter) (deutsch)","Hauptwohnsitzbevölkerung (bis 14 Jahre) (deutsch)",NA,NA,NA
"Überalterungsquotient","deutsch",2005,"10 Moosach",153.8,7439,4837,NA,NA,NA,"Hauptwohnsitzbevölkerung (65 Jahre und älter) (deutsch)","Hauptwohnsitzbevölkerung (bis 14 Jahre) (deutsch)",NA,NA,NA
"Überalterungsquotient","deutsch",2005,"11 Milbertshofen - Am Hart",146.6,8675,5918,NA,NA,NA,"Hauptwohnsitzbevölkerung (65 Jahre und älter) (deutsch)","Hauptwohnsitzbevölkerung (bis 14 Jahre) (deutsch)",NA,NA,NA
"Überalterungsquotient","deutsch",2005,"12 Schwabing - Freimann",147.3,8223,5581,NA,NA,NA,"Hauptwohnsitzbevölkerung (65 Jahre und älter) (deutsch)","Hauptwohnsitzbevölkerung (bis 14 Jahre) (deutsch)",NA,NA,NA
"Überalterungsquotient","deutsch",2005,"13 Bogenhausen",163.2,12419,7612,NA,NA,NA,"Hauptwohnsitzbevölkerung (65 Jahre und älter) (deutsch)","Hauptwohnsitzbevölkerung (bis 14 Jahre) (deutsch)",NA,NA,NA
"Überalterungsquotient","deutsch",2005,"14 Berg am Laim",176,6224,3536,NA,NA,NA,"Hauptwohnsitzbevölkerung (65 Jahre und älter) (deutsch)","Hauptwohnsitzbevölkerung (bis 14 Jahre) (deutsch)",NA,NA,NA
"Überalterungsquotient","deutsch",2005,"15 Trudering - Riem",99.1,7398,7462,NA,NA,NA,"Hauptwohnsitzbevölkerung (65 Jahre und älter) (deutsch)","Hauptwohnsitzbevölkerung (bis 14 Jahre) (deutsch)",NA,NA,NA
"Überalterungsquotient","deutsch",2005,"16 Ramersdorf - Perlach",149.9,15884,10598,NA,NA,NA,"Hauptwohnsitzbevölkerung (65 Jahre und älter) (deutsch)","Hauptwohnsitzbevölkerung (bis 14 Jahre) (deutsch)",NA,NA,NA
"Überalterungsquotient","deutsch",2005,"17 Obergiesing - Fasangarten",176.1,6817,3871,NA,NA,NA,"Hauptwohnsitzbevölkerung (65 Jahre und älter) (deutsch)","Hauptwohnsitzbevölkerung (bis 14 Jahre) (deutsch)",NA,NA,NA
"Überalterungsquotient","deutsch",2005,"18 Untergiesing - Harlaching",202.9,8799,4337,NA,NA,NA,"Hauptwohnsitzbevölkerung (65 Jahre und älter) (deutsch)","Hauptwohnsitzbevölkerung (bis 14 Jahre) (deutsch)",NA,NA,NA
"Überalterungsquotient","deutsch",2005,"19 Thalkirchen - Obersendling - Forstenried - Fürstenried - Solln",211.5,16061,7593,NA,NA,NA,"Hauptwohnsitzbevölkerung (65 Jahre und älter) (deutsch)","Hauptwohnsitzbevölkerung (bis 14 Jahre) (deutsch)",NA,NA,NA
"Überalterungsquotient","deutsch",2005,"20 Hadern",179.7,8568,4768,NA,NA,NA,"Hauptwohnsitzbevölkerung (65 Jahre und älter) (deutsch)","Hauptwohnsitzbevölkerung (bis 14 Jahre) (deutsch)",NA,NA,NA
"Überalterungsquotient","deutsch",2005,"21 Pasing - Obermenzing",147.3,10779,7318,NA,NA,NA,"Hauptwohnsitzbevölkerung (65 Jahre und älter) (deutsch)","Hauptwohnsitzbevölkerung (bis 14 Jahre) (deutsch)",NA,NA,NA
"Überalterungsquotient","deutsch",2005,"22 Aubing - Lochhausen - Langwied",170.6,7302,4281,NA,NA,NA,"Hauptwohnsitzbevölkerung (65 Jahre und älter) (deutsch)","Hauptwohnsitzbevölkerung (bis 14 Jahre) (deutsch)",NA,NA,NA
"Überalterungsquotient","deutsch",2005,"23 Allach - Untermenzing",144.2,5031,3488,NA,NA,NA,"Hauptwohnsitzbevölkerung (65 Jahre und älter) (deutsch)","Hauptwohnsitzbevölkerung (bis 14 Jahre) (deutsch)",NA,NA,NA
"Überalterungsquotient","deutsch",2005,"24 Feldmoching - Hasenbergl",163.1,9707,5950,NA,NA,NA,"Hauptwohnsitzbevölkerung (65 Jahre und älter) (deutsch)","Hauptwohnsitzbevölkerung (bis 14 Jahre) (deutsch)",NA,NA,NA
"Überalterungsquotient","deutsch",2005,"25 Laim",232.1,9197,3963,NA,NA,NA,"Hauptwohnsitzbevölkerung (65 Jahre und älter) (deutsch)","Hauptwohnsitzbevölkerung (bis 14 Jahre) (deutsch)",NA,NA,NA
"Überalterungsquotient","deutsch",2004,"Stadt München",162.9,198565,121871,NA,NA,NA,"Hauptwohnsitzbevölkerung (65 Jahre und älter) (deutsch)","Hauptwohnsitzbevölkerung (bis 14 Jahre) (deutsch)",NA,NA,NA
"Überalterungsquotient","deutsch",2004,"01 Altstadt - Lehel",195.5,2624,1342,NA,NA,NA,"Hauptwohnsitzbevölkerung (65 Jahre und älter) (deutsch)","Hauptwohnsitzbevölkerung (bis 14 Jahre) (deutsch)",NA,NA,NA
"Überalterungsquotient","deutsch",2004,"02 Ludwigsvorstadt - Isarvorstadt",134.8,4150,3078,NA,NA,NA,"Hauptwohnsitzbevölkerung (65 Jahre und älter) (deutsch)","Hauptwohnsitzbevölkerung (bis 14 Jahre) (deutsch)",NA,NA,NA
"Überalterungsquotient","deutsch",2004,"03 Maxvorstadt",180.1,4815,2674,NA,NA,NA,"Hauptwohnsitzbevölkerung (65 Jahre und älter) (deutsch)","Hauptwohnsitzbevölkerung (bis 14 Jahre) (deutsch)",NA,NA,NA
"Überalterungsquotient","deutsch",2004,"04 Schwabing - West",198.6,8479,4269,NA,NA,NA,"Hauptwohnsitzbevölkerung (65 Jahre und älter) (deutsch)","Hauptwohnsitzbevölkerung (bis 14 Jahre) (deutsch)",NA,NA,NA
"Überalterungsquotient","deutsch",2004,"05 Au - Haidhausen",152.1,6657,4376,NA,NA,NA,"Hauptwohnsitzbevölkerung (65 Jahre und älter) (deutsch)","Hauptwohnsitzbevölkerung (bis 14 Jahre) (deutsch)",NA,NA,NA
"Überalterungsquotient","deutsch",2004,"06 Sendling",134.7,4342,3224,NA,NA,NA,"Hauptwohnsitzbevölkerung (65 Jahre und älter) (deutsch)","Hauptwohnsitzbevölkerung (bis 14 Jahre) (deutsch)",NA,NA,NA
"Überalterungsquotient","deutsch",2004,"07 Sendling - Westpark",194.7,8346,4286,NA,NA,NA,"Hauptwohnsitzbevölkerung (65 Jahre und älter) (deutsch)","Hauptwohnsitzbevölkerung (bis 14 Jahre) (deutsch)",NA,NA,NA
"Überalterungsquotient","deutsch",2004,"08 Schwanthalerhöhe",110.9,2294,2068,NA,NA,NA,"Hauptwohnsitzbevölkerung (65 Jahre und älter) (deutsch)","Hauptwohnsitzbevölkerung (bis 14 Jahre) (deutsch)",NA,NA,NA
"Überalterungsquotient","deutsch",2004,"09 Neuhausen - Nymphenburg",181.1,12929,7138,NA,NA,NA,"Hauptwohnsitzbevölkerung (65 Jahre und älter) (deutsch)","Hauptwohnsitzbevölkerung (bis 14 Jahre) (deutsch)",NA,NA,NA
"Überalterungsquotient","deutsch",2004,"10 Moosach",152.4,7238,4748,NA,NA,NA,"Hauptwohnsitzbevölkerung (65 Jahre und älter) (deutsch)","Hauptwohnsitzbevölkerung (bis 14 Jahre) (deutsch)",NA,NA,NA
"Überalterungsquotient","deutsch",2004,"11 Milbertshofen - Am Hart",148.6,8454,5689,NA,NA,NA,"Hauptwohnsitzbevölkerung (65 Jahre und älter) (deutsch)","Hauptwohnsitzbevölkerung (bis 14 Jahre) (deutsch)",NA,NA,NA
"Überalterungsquotient","deutsch",2004,"12 Schwabing - Freimann",142.2,7973,5605,NA,NA,NA,"Hauptwohnsitzbevölkerung (65 Jahre und älter) (deutsch)","Hauptwohnsitzbevölkerung (bis 14 Jahre) (deutsch)",NA,NA,NA
"Überalterungsquotient","deutsch",2004,"13 Bogenhausen",161.1,11941,7414,NA,NA,NA,"Hauptwohnsitzbevölkerung (65 Jahre und älter) (deutsch)","Hauptwohnsitzbevölkerung (bis 14 Jahre) (deutsch)",NA,NA,NA
"Überalterungsquotient","deutsch",2004,"14 Berg am Laim",172.8,6083,3521,NA,NA,NA,"Hauptwohnsitzbevölkerung (65 Jahre und älter) (deutsch)","Hauptwohnsitzbevölkerung (bis 14 Jahre) (deutsch)",NA,NA,NA
"Überalterungsquotient","deutsch",2004,"15 Trudering - Riem",101.8,7046,6922,NA,NA,NA,"Hauptwohnsitzbevölkerung (65 Jahre und älter) (deutsch)","Hauptwohnsitzbevölkerung (bis 14 Jahre) (deutsch)",NA,NA,NA
"Überalterungsquotient","deutsch",2004,"16 Ramersdorf - Perlach",144.8,15298,10566,NA,NA,NA,"Hauptwohnsitzbevölkerung (65 Jahre und älter) (deutsch)","Hauptwohnsitzbevölkerung (bis 14 Jahre) (deutsch)",NA,NA,NA
"Überalterungsquotient","deutsch",2004,"17 Obergiesing - Fasangarten",183.5,6784,3697,NA,NA,NA,"Hauptwohnsitzbevölkerung (65 Jahre und älter) (deutsch)","Hauptwohnsitzbevölkerung (bis 14 Jahre) (deutsch)",NA,NA,NA
"Überalterungsquotient","deutsch",2004,"18 Untergiesing - Harlaching",205.7,8683,4221,NA,NA,NA,"Hauptwohnsitzbevölkerung (65 Jahre und älter) (deutsch)","Hauptwohnsitzbevölkerung (bis 14 Jahre) (deutsch)",NA,NA,NA
"Überalterungsquotient","deutsch",2004,"19 Thalkirchen - Obersendling - Forstenried - Fürstenried - Solln",208.5,15433,7401,NA,NA,NA,"Hauptwohnsitzbevölkerung (65 Jahre und älter) (deutsch)","Hauptwohnsitzbevölkerung (bis 14 Jahre) (deutsch)",NA,NA,NA
"Überalterungsquotient","deutsch",2004,"20 Hadern",176.2,8246,4681,NA,NA,NA,"Hauptwohnsitzbevölkerung (65 Jahre und älter) (deutsch)","Hauptwohnsitzbevölkerung (bis 14 Jahre) (deutsch)",NA,NA,NA
"Überalterungsquotient","deutsch",2004,"21 Pasing - Obermenzing",144.4,10400,7200,NA,NA,NA,"Hauptwohnsitzbevölkerung (65 Jahre und älter) (deutsch)","Hauptwohnsitzbevölkerung (bis 14 Jahre) (deutsch)",NA,NA,NA
"Überalterungsquotient","deutsch",2004,"22 Aubing - Lochhausen - Langwied",161,6974,4332,NA,NA,NA,"Hauptwohnsitzbevölkerung (65 Jahre und älter) (deutsch)","Hauptwohnsitzbevölkerung (bis 14 Jahre) (deutsch)",NA,NA,NA
"Überalterungsquotient","deutsch",2004,"23 Allach - Untermenzing",141.8,4906,3460,NA,NA,NA,"Hauptwohnsitzbevölkerung (65 Jahre und älter) (deutsch)","Hauptwohnsitzbevölkerung (bis 14 Jahre) (deutsch)",NA,NA,NA
"Überalterungsquotient","deutsch",2004,"24 Feldmoching - Hasenbergl",157.2,9391,5974,NA,NA,NA,"Hauptwohnsitzbevölkerung (65 Jahre und älter) (deutsch)","Hauptwohnsitzbevölkerung (bis 14 Jahre) (deutsch)",NA,NA,NA
"Überalterungsquotient","deutsch",2004,"25 Laim",227.8,9079,3985,NA,NA,NA,"Hauptwohnsitzbevölkerung (65 Jahre und älter) (deutsch)","Hauptwohnsitzbevölkerung (bis 14 Jahre) (deutsch)",NA,NA,NA
"Überalterungsquotient","deutsch",2003,"Stadt München",160.3,193185,120530,NA,NA,NA,"Hauptwohnsitzbevölkerung (65 Jahre und älter) (deutsch)","Hauptwohnsitzbevölkerung (bis 14 Jahre) (deutsch)",NA,NA,NA
"Überalterungsquotient","deutsch",2003,"01 Altstadt - Lehel",187.8,2513,1338,NA,NA,NA,"Hauptwohnsitzbevölkerung (65 Jahre und älter) (deutsch)","Hauptwohnsitzbevölkerung (bis 14 Jahre) (deutsch)",NA,NA,NA
"Überalterungsquotient","deutsch",2003,"02 Ludwigsvorstadt - Isarvorstadt",137.1,4106,2994,NA,NA,NA,"Hauptwohnsitzbevölkerung (65 Jahre und älter) (deutsch)","Hauptwohnsitzbevölkerung (bis 14 Jahre) (deutsch)",NA,NA,NA
"Überalterungsquotient","deutsch",2003,"03 Maxvorstadt",180.2,4777,2651,NA,NA,NA,"Hauptwohnsitzbevölkerung (65 Jahre und älter) (deutsch)","Hauptwohnsitzbevölkerung (bis 14 Jahre) (deutsch)",NA,NA,NA
"Überalterungsquotient","deutsch",2003,"04 Schwabing - West",205,8205,4002,NA,NA,NA,"Hauptwohnsitzbevölkerung (65 Jahre und älter) (deutsch)","Hauptwohnsitzbevölkerung (bis 14 Jahre) (deutsch)",NA,NA,NA
"Überalterungsquotient","deutsch",2003,"05 Au - Haidhausen",152.4,6602,4333,NA,NA,NA,"Hauptwohnsitzbevölkerung (65 Jahre und älter) (deutsch)","Hauptwohnsitzbevölkerung (bis 14 Jahre) (deutsch)",NA,NA,NA
"Überalterungsquotient","deutsch",2003,"06 Sendling",137.4,4300,3130,NA,NA,NA,"Hauptwohnsitzbevölkerung (65 Jahre und älter) (deutsch)","Hauptwohnsitzbevölkerung (bis 14 Jahre) (deutsch)",NA,NA,NA
"Überalterungsquotient","deutsch",2003,"07 Sendling - Westpark",192,8169,4254,NA,NA,NA,"Hauptwohnsitzbevölkerung (65 Jahre und älter) (deutsch)","Hauptwohnsitzbevölkerung (bis 14 Jahre) (deutsch)",NA,NA,NA
"Überalterungsquotient","deutsch",2003,"08 Schwanthalerhöhe",115.2,2264,1966,NA,NA,NA,"Hauptwohnsitzbevölkerung (65 Jahre und älter) (deutsch)","Hauptwohnsitzbevölkerung (bis 14 Jahre) (deutsch)",NA,NA,NA
"Überalterungsquotient","deutsch",2003,"09 Neuhausen - Nymphenburg",177.4,12713,7165,NA,NA,NA,"Hauptwohnsitzbevölkerung (65 Jahre und älter) (deutsch)","Hauptwohnsitzbevölkerung (bis 14 Jahre) (deutsch)",NA,NA,NA
"Überalterungsquotient","deutsch",2003,"10 Moosach",146,7004,4797,NA,NA,NA,"Hauptwohnsitzbevölkerung (65 Jahre und älter) (deutsch)","Hauptwohnsitzbevölkerung (bis 14 Jahre) (deutsch)",NA,NA,NA
"Überalterungsquotient","deutsch",2003,"11 Milbertshofen - Am Hart",151.4,8242,5444,NA,NA,NA,"Hauptwohnsitzbevölkerung (65 Jahre und älter) (deutsch)","Hauptwohnsitzbevölkerung (bis 14 Jahre) (deutsch)",NA,NA,NA
"Überalterungsquotient","deutsch",2003,"12 Schwabing - Freimann",135.5,7798,5753,NA,NA,NA,"Hauptwohnsitzbevölkerung (65 Jahre und älter) (deutsch)","Hauptwohnsitzbevölkerung (bis 14 Jahre) (deutsch)",NA,NA,NA
"Überalterungsquotient","deutsch",2003,"13 Bogenhausen",156.5,11536,7369,NA,NA,NA,"Hauptwohnsitzbevölkerung (65 Jahre und älter) (deutsch)","Hauptwohnsitzbevölkerung (bis 14 Jahre) (deutsch)",NA,NA,NA
"Überalterungsquotient","deutsch",2003,"14 Berg am Laim",172.7,5942,3440,NA,NA,NA,"Hauptwohnsitzbevölkerung (65 Jahre und älter) (deutsch)","Hauptwohnsitzbevölkerung (bis 14 Jahre) (deutsch)",NA,NA,NA
"Überalterungsquotient","deutsch",2003,"15 Trudering - Riem",101.4,6687,6593,NA,NA,NA,"Hauptwohnsitzbevölkerung (65 Jahre und älter) (deutsch)","Hauptwohnsitzbevölkerung (bis 14 Jahre) (deutsch)",NA,NA,NA
"Überalterungsquotient","deutsch",2003,"16 Ramersdorf - Perlach",139.6,14730,10551,NA,NA,NA,"Hauptwohnsitzbevölkerung (65 Jahre und älter) (deutsch)","Hauptwohnsitzbevölkerung (bis 14 Jahre) (deutsch)",NA,NA,NA
"Überalterungsquotient","deutsch",2003,"17 Obergiesing - Fasangarten",179.8,6704,3728,NA,NA,NA,"Hauptwohnsitzbevölkerung (65 Jahre und älter) (deutsch)","Hauptwohnsitzbevölkerung (bis 14 Jahre) (deutsch)",NA,NA,NA
"Überalterungsquotient","deutsch",2003,"18 Untergiesing - Harlaching",204.8,8539,4169,NA,NA,NA,"Hauptwohnsitzbevölkerung (65 Jahre und älter) (deutsch)","Hauptwohnsitzbevölkerung (bis 14 Jahre) (deutsch)",NA,NA,NA
"Überalterungsquotient","deutsch",2003,"19 Thalkirchen - Obersendling - Forstenried - Fürstenried - Solln",202,14895,7375,NA,NA,NA,"Hauptwohnsitzbevölkerung (65 Jahre und älter) (deutsch)","Hauptwohnsitzbevölkerung (bis 14 Jahre) (deutsch)",NA,NA,NA
"Überalterungsquotient","deutsch",2003,"20 Hadern",173.1,7875,4550,NA,NA,NA,"Hauptwohnsitzbevölkerung (65 Jahre und älter) (deutsch)","Hauptwohnsitzbevölkerung (bis 14 Jahre) (deutsch)",NA,NA,NA
"Überalterungsquotient","deutsch",2003,"21 Pasing - Obermenzing",140.4,10124,7213,NA,NA,NA,"Hauptwohnsitzbevölkerung (65 Jahre und älter) (deutsch)","Hauptwohnsitzbevölkerung (bis 14 Jahre) (deutsch)",NA,NA,NA
"Überalterungsquotient","deutsch",2003,"22 Aubing - Lochhausen - Langwied",153.3,6663,4346,NA,NA,NA,"Hauptwohnsitzbevölkerung (65 Jahre und älter) (deutsch)","Hauptwohnsitzbevölkerung (bis 14 Jahre) (deutsch)",NA,NA,NA
"Überalterungsquotient","deutsch",2003,"23 Allach - Untermenzing",137.1,4730,3450,NA,NA,NA,"Hauptwohnsitzbevölkerung (65 Jahre und älter) (deutsch)","Hauptwohnsitzbevölkerung (bis 14 Jahre) (deutsch)",NA,NA,NA
"Überalterungsquotient","deutsch",2003,"24 Feldmoching - Hasenbergl",152.5,9075,5949,NA,NA,NA,"Hauptwohnsitzbevölkerung (65 Jahre und älter) (deutsch)","Hauptwohnsitzbevölkerung (bis 14 Jahre) (deutsch)",NA,NA,NA
"Überalterungsquotient","deutsch",2003,"25 Laim",226.5,8992,3970,NA,NA,NA,"Hauptwohnsitzbevölkerung (65 Jahre und älter) (deutsch)","Hauptwohnsitzbevölkerung (bis 14 Jahre) (deutsch)",NA,NA,NA
"Überalterungsquotient","deutsch",2002,"Stadt München",160.5,189702,118209,NA,NA,NA,"Hauptwohnsitzbevölkerung (65 Jahre und älter) (deutsch)","Hauptwohnsitzbevölkerung (bis 14 Jahre) (deutsch)",NA,NA,NA
"Überalterungsquotient","deutsch",2002,"01 Altstadt - Lehel",196.8,2535,1288,NA,NA,NA,"Hauptwohnsitzbevölkerung (65 Jahre und älter) (deutsch)","Hauptwohnsitzbevölkerung (bis 14 Jahre) (deutsch)",NA,NA,NA
"Überalterungsquotient","deutsch",2002,"02 Ludwigsvorstadt - Isarvorstadt",143.1,4107,2870,NA,NA,NA,"Hauptwohnsitzbevölkerung (65 Jahre und älter) (deutsch)","Hauptwohnsitzbevölkerung (bis 14 Jahre) (deutsch)",NA,NA,NA
"Überalterungsquotient","deutsch",2002,"03 Maxvorstadt",180.5,4777,2647,NA,NA,NA,"Hauptwohnsitzbevölkerung (65 Jahre und älter) (deutsch)","Hauptwohnsitzbevölkerung (bis 14 Jahre) (deutsch)",NA,NA,NA
"Überalterungsquotient","deutsch",2002,"04 Schwabing - West",208.9,8167,3910,NA,NA,NA,"Hauptwohnsitzbevölkerung (65 Jahre und älter) (deutsch)","Hauptwohnsitzbevölkerung (bis 14 Jahre) (deutsch)",NA,NA,NA
"Überalterungsquotient","deutsch",2002,"05 Au - Haidhausen",154.9,6618,4273,NA,NA,NA,"Hauptwohnsitzbevölkerung (65 Jahre und älter) (deutsch)","Hauptwohnsitzbevölkerung (bis 14 Jahre) (deutsch)",NA,NA,NA
"Überalterungsquotient","deutsch",2002,"06 Sendling",140.5,4333,3084,NA,NA,NA,"Hauptwohnsitzbevölkerung (65 Jahre und älter) (deutsch)","Hauptwohnsitzbevölkerung (bis 14 Jahre) (deutsch)",NA,NA,NA
"Überalterungsquotient","deutsch",2002,"07 Sendling - Westpark",192.1,8076,4203,NA,NA,NA,"Hauptwohnsitzbevölkerung (65 Jahre und älter) (deutsch)","Hauptwohnsitzbevölkerung (bis 14 Jahre) (deutsch)",NA,NA,NA
"Überalterungsquotient","deutsch",2002,"08 Schwanthalerhöhe",120.1,2278,1897,NA,NA,NA,"Hauptwohnsitzbevölkerung (65 Jahre und älter) (deutsch)","Hauptwohnsitzbevölkerung (bis 14 Jahre) (deutsch)",NA,NA,NA
"Überalterungsquotient","deutsch",2002,"09 Neuhausen - Nymphenburg",176.6,12604,7138,NA,NA,NA,"Hauptwohnsitzbevölkerung (65 Jahre und älter) (deutsch)","Hauptwohnsitzbevölkerung (bis 14 Jahre) (deutsch)",NA,NA,NA
"Überalterungsquotient","deutsch",2002,"10 Moosach",145.3,6828,4698,NA,NA,NA,"Hauptwohnsitzbevölkerung (65 Jahre und älter) (deutsch)","Hauptwohnsitzbevölkerung (bis 14 Jahre) (deutsch)",NA,NA,NA
"Überalterungsquotient","deutsch",2002,"11 Milbertshofen - Am Hart",155.3,8094,5211,NA,NA,NA,"Hauptwohnsitzbevölkerung (65 Jahre und älter) (deutsch)","Hauptwohnsitzbevölkerung (bis 14 Jahre) (deutsch)",NA,NA,NA
"Überalterungsquotient","deutsch",2002,"12 Schwabing - Freimann",133.9,7720,5764,NA,NA,NA,"Hauptwohnsitzbevölkerung (65 Jahre und älter) (deutsch)","Hauptwohnsitzbevölkerung (bis 14 Jahre) (deutsch)",NA,NA,NA
"Überalterungsquotient","deutsch",2002,"13 Bogenhausen",154.5,11125,7200,NA,NA,NA,"Hauptwohnsitzbevölkerung (65 Jahre und älter) (deutsch)","Hauptwohnsitzbevölkerung (bis 14 Jahre) (deutsch)",NA,NA,NA
"Überalterungsquotient","deutsch",2002,"14 Berg am Laim",177.2,5891,3324,NA,NA,NA,"Hauptwohnsitzbevölkerung (65 Jahre und älter) (deutsch)","Hauptwohnsitzbevölkerung (bis 14 Jahre) (deutsch)",NA,NA,NA
"Überalterungsquotient","deutsch",2002,"15 Trudering - Riem",101.3,6416,6334,NA,NA,NA,"Hauptwohnsitzbevölkerung (65 Jahre und älter) (deutsch)","Hauptwohnsitzbevölkerung (bis 14 Jahre) (deutsch)",NA,NA,NA
"Überalterungsquotient","deutsch",2002,"16 Ramersdorf - Perlach",138.7,14307,10316,NA,NA,NA,"Hauptwohnsitzbevölkerung (65 Jahre und älter) (deutsch)","Hauptwohnsitzbevölkerung (bis 14 Jahre) (deutsch)",NA,NA,NA
"Überalterungsquotient","deutsch",2002,"17 Obergiesing - Fasangarten",183.7,6687,3640,NA,NA,NA,"Hauptwohnsitzbevölkerung (65 Jahre und älter) (deutsch)","Hauptwohnsitzbevölkerung (bis 14 Jahre) (deutsch)",NA,NA,NA
"Überalterungsquotient","deutsch",2002,"18 Untergiesing - Harlaching",206.7,8437,4081,NA,NA,NA,"Hauptwohnsitzbevölkerung (65 Jahre und älter) (deutsch)","Hauptwohnsitzbevölkerung (bis 14 Jahre) (deutsch)",NA,NA,NA
"Überalterungsquotient","deutsch",2002,"19 Thalkirchen - Obersendling - Forstenried - Fürstenried - Solln",200,14491,7246,NA,NA,NA,"Hauptwohnsitzbevölkerung (65 Jahre und älter) (deutsch)","Hauptwohnsitzbevölkerung (bis 14 Jahre) (deutsch)",NA,NA,NA
"Überalterungsquotient","deutsch",2002,"20 Hadern",168.6,7634,4527,NA,NA,NA,"Hauptwohnsitzbevölkerung (65 Jahre und älter) (deutsch)","Hauptwohnsitzbevölkerung (bis 14 Jahre) (deutsch)",NA,NA,NA
"Überalterungsquotient","deutsch",2002,"21 Pasing - Obermenzing",140.3,9826,7004,NA,NA,NA,"Hauptwohnsitzbevölkerung (65 Jahre und älter) (deutsch)","Hauptwohnsitzbevölkerung (bis 14 Jahre) (deutsch)",NA,NA,NA
"Überalterungsquotient","deutsch",2002,"22 Aubing - Lochhausen - Langwied",146.3,6375,4357,NA,NA,NA,"Hauptwohnsitzbevölkerung (65 Jahre und älter) (deutsch)","Hauptwohnsitzbevölkerung (bis 14 Jahre) (deutsch)",NA,NA,NA
"Überalterungsquotient","deutsch",2002,"23 Allach - Untermenzing",137.4,4592,3343,NA,NA,NA,"Hauptwohnsitzbevölkerung (65 Jahre und älter) (deutsch)","Hauptwohnsitzbevölkerung (bis 14 Jahre) (deutsch)",NA,NA,NA
"Überalterungsquotient","deutsch",2002,"24 Feldmoching - Hasenbergl",149.6,8859,5922,NA,NA,NA,"Hauptwohnsitzbevölkerung (65 Jahre und älter) (deutsch)","Hauptwohnsitzbevölkerung (bis 14 Jahre) (deutsch)",NA,NA,NA
"Überalterungsquotient","deutsch",2002,"25 Laim",227,8925,3932,NA,NA,NA,"Hauptwohnsitzbevölkerung (65 Jahre und älter) (deutsch)","Hauptwohnsitzbevölkerung (bis 14 Jahre) (deutsch)",NA,NA,NA
"Überalterungsquotient","deutsch",2001,"Stadt München",161.6,187302,115934,NA,NA,NA,"Hauptwohnsitzbevölkerung (65 Jahre und älter) (deutsch)","Hauptwohnsitzbevölkerung (bis 14 Jahre) (deutsch)",NA,NA,NA
"Überalterungsquotient","deutsch",2001,"01 Altstadt - Lehel",204.9,2551,1245,NA,NA,NA,"Hauptwohnsitzbevölkerung (65 Jahre und älter) (deutsch)","Hauptwohnsitzbevölkerung (bis 14 Jahre) (deutsch)",NA,NA,NA
"Überalterungsquotient","deutsch",2001,"02 Ludwigsvorstadt - Isarvorstadt",150,4139,2760,NA,NA,NA,"Hauptwohnsitzbevölkerung (65 Jahre und älter) (deutsch)","Hauptwohnsitzbevölkerung (bis 14 Jahre) (deutsch)",NA,NA,NA
"Überalterungsquotient","deutsch",2001,"03 Maxvorstadt",183.6,4868,2652,NA,NA,NA,"Hauptwohnsitzbevölkerung (65 Jahre und älter) (deutsch)","Hauptwohnsitzbevölkerung (bis 14 Jahre) (deutsch)",NA,NA,NA
"Überalterungsquotient","deutsch",2001,"04 Schwabing - West",214.2,8190,3824,NA,NA,NA,"Hauptwohnsitzbevölkerung (65 Jahre und älter) (deutsch)","Hauptwohnsitzbevölkerung (bis 14 Jahre) (deutsch)",NA,NA,NA
"Überalterungsquotient","deutsch",2001,"05 Au - Haidhausen",158.3,6697,4231,NA,NA,NA,"Hauptwohnsitzbevölkerung (65 Jahre und älter) (deutsch)","Hauptwohnsitzbevölkerung (bis 14 Jahre) (deutsch)",NA,NA,NA
"Überalterungsquotient","deutsch",2001,"06 Sendling",146.9,4317,2939,NA,NA,NA,"Hauptwohnsitzbevölkerung (65 Jahre und älter) (deutsch)","Hauptwohnsitzbevölkerung (bis 14 Jahre) (deutsch)",NA,NA,NA
"Überalterungsquotient","deutsch",2001,"07 Sendling - Westpark",194,8033,4141,NA,NA,NA,"Hauptwohnsitzbevölkerung (65 Jahre und älter) (deutsch)","Hauptwohnsitzbevölkerung (bis 14 Jahre) (deutsch)",NA,NA,NA
"Überalterungsquotient","deutsch",2001,"08 Schwanthalerhöhe",124.9,2294,1837,NA,NA,NA,"Hauptwohnsitzbevölkerung (65 Jahre und älter) (deutsch)","Hauptwohnsitzbevölkerung (bis 14 Jahre) (deutsch)",NA,NA,NA
"Überalterungsquotient","deutsch",2001,"09 Neuhausen - Nymphenburg",180.9,12629,6983,NA,NA,NA,"Hauptwohnsitzbevölkerung (65 Jahre und älter) (deutsch)","Hauptwohnsitzbevölkerung (bis 14 Jahre) (deutsch)",NA,NA,NA
"Überalterungsquotient","deutsch",2001,"10 Moosach",145.5,6716,4616,NA,NA,NA,"Hauptwohnsitzbevölkerung (65 Jahre und älter) (deutsch)","Hauptwohnsitzbevölkerung (bis 14 Jahre) (deutsch)",NA,NA,NA
"Überalterungsquotient","deutsch",2001,"11 Milbertshofen - Am Hart",156.6,7911,5052,NA,NA,NA,"Hauptwohnsitzbevölkerung (65 Jahre und älter) (deutsch)","Hauptwohnsitzbevölkerung (bis 14 Jahre) (deutsch)",NA,NA,NA
"Überalterungsquotient","deutsch",2001,"12 Schwabing - Freimann",132.7,7586,5718,NA,NA,NA,"Hauptwohnsitzbevölkerung (65 Jahre und älter) (deutsch)","Hauptwohnsitzbevölkerung (bis 14 Jahre) (deutsch)",NA,NA,NA
"Überalterungsquotient","deutsch",2001,"13 Bogenhausen",154.7,10818,6994,NA,NA,NA,"Hauptwohnsitzbevölkerung (65 Jahre und älter) (deutsch)","Hauptwohnsitzbevölkerung (bis 14 Jahre) (deutsch)",NA,NA,NA
"Überalterungsquotient","deutsch",2001,"14 Berg am Laim",184.4,5874,3186,NA,NA,NA,"Hauptwohnsitzbevölkerung (65 Jahre und älter) (deutsch)","Hauptwohnsitzbevölkerung (bis 14 Jahre) (deutsch)",NA,NA,NA
"Überalterungsquotient","deutsch",2001,"15 Trudering - Riem",103.4,6173,5970,NA,NA,NA,"Hauptwohnsitzbevölkerung (65 Jahre und älter) (deutsch)","Hauptwohnsitzbevölkerung (bis 14 Jahre) (deutsch)",NA,NA,NA
"Überalterungsquotient","deutsch",2001,"16 Ramersdorf - Perlach",134.9,13943,10336,NA,NA,NA,"Hauptwohnsitzbevölkerung (65 Jahre und älter) (deutsch)","Hauptwohnsitzbevölkerung (bis 14 Jahre) (deutsch)",NA,NA,NA
"Überalterungsquotient","deutsch",2001,"17 Obergiesing - Fasangarten",186.1,6701,3601,NA,NA,NA,"Hauptwohnsitzbevölkerung (65 Jahre und älter) (deutsch)","Hauptwohnsitzbevölkerung (bis 14 Jahre) (deutsch)",NA,NA,NA
"Überalterungsquotient","deutsch",2001,"18 Untergiesing - Harlaching",208.1,8417,4045,NA,NA,NA,"Hauptwohnsitzbevölkerung (65 Jahre und älter) (deutsch)","Hauptwohnsitzbevölkerung (bis 14 Jahre) (deutsch)",NA,NA,NA
"Überalterungsquotient","deutsch",2001,"19 Thalkirchen - Obersendling - Forstenried - Fürstenried - Solln",198,14200,7170,NA,NA,NA,"Hauptwohnsitzbevölkerung (65 Jahre und älter) (deutsch)","Hauptwohnsitzbevölkerung (bis 14 Jahre) (deutsch)",NA,NA,NA
"Überalterungsquotient","deutsch",2001,"20 Hadern",168.4,7409,4399,NA,NA,NA,"Hauptwohnsitzbevölkerung (65 Jahre und älter) (deutsch)","Hauptwohnsitzbevölkerung (bis 14 Jahre) (deutsch)",NA,NA,NA
"Überalterungsquotient","deutsch",2001,"21 Pasing - Obermenzing",140.5,9648,6867,NA,NA,NA,"Hauptwohnsitzbevölkerung (65 Jahre und älter) (deutsch)","Hauptwohnsitzbevölkerung (bis 14 Jahre) (deutsch)",NA,NA,NA
"Überalterungsquotient","deutsch",2001,"22 Aubing - Lochhausen - Langwied",139.1,6122,4402,NA,NA,NA,"Hauptwohnsitzbevölkerung (65 Jahre und älter) (deutsch)","Hauptwohnsitzbevölkerung (bis 14 Jahre) (deutsch)",NA,NA,NA
"Überalterungsquotient","deutsch",2001,"23 Allach - Untermenzing",136.7,4467,3268,NA,NA,NA,"Hauptwohnsitzbevölkerung (65 Jahre und älter) (deutsch)","Hauptwohnsitzbevölkerung (bis 14 Jahre) (deutsch)",NA,NA,NA
"Überalterungsquotient","deutsch",2001,"24 Feldmoching - Hasenbergl",147.2,8641,5869,NA,NA,NA,"Hauptwohnsitzbevölkerung (65 Jahre und älter) (deutsch)","Hauptwohnsitzbevölkerung (bis 14 Jahre) (deutsch)",NA,NA,NA
"Überalterungsquotient","deutsch",2001,"25 Laim",234,8958,3829,NA,NA,NA,"Hauptwohnsitzbevölkerung (65 Jahre und älter) (deutsch)","Hauptwohnsitzbevölkerung (bis 14 Jahre) (deutsch)",NA,NA,NA
"Überalterungsquotient","deutsch",2000,"Stadt München",165.3,184770,111755,NA,NA,NA,"Hauptwohnsitzbevölkerung (65 Jahre und älter) (deutsch)","Hauptwohnsitzbevölkerung (bis 14 Jahre) (deutsch)",NA,NA,NA
"Überalterungsquotient","deutsch",2000,"01 Altstadt - Lehel",207.2,2517,1215,NA,NA,NA,"Hauptwohnsitzbevölkerung (65 Jahre und älter) (deutsch)","Hauptwohnsitzbevölkerung (bis 14 Jahre) (deutsch)",NA,NA,NA
"Überalterungsquotient","deutsch",2000,"02 Ludwigsvorstadt - Isarvorstadt",163.4,4165,2549,NA,NA,NA,"Hauptwohnsitzbevölkerung (65 Jahre und älter) (deutsch)","Hauptwohnsitzbevölkerung (bis 14 Jahre) (deutsch)",NA,NA,NA
"Überalterungsquotient","deutsch",2000,"03 Maxvorstadt",193.5,4939,2553,NA,NA,NA,"Hauptwohnsitzbevölkerung (65 Jahre und älter) (deutsch)","Hauptwohnsitzbevölkerung (bis 14 Jahre) (deutsch)",NA,NA,NA
"Überalterungsquotient","deutsch",2000,"04 Schwabing - West",220.9,8185,3705,NA,NA,NA,"Hauptwohnsitzbevölkerung (65 Jahre und älter) (deutsch)","Hauptwohnsitzbevölkerung (bis 14 Jahre) (deutsch)",NA,NA,NA
"Überalterungsquotient","deutsch",2000,"05 Au - Haidhausen",166.5,6754,4056,NA,NA,NA,"Hauptwohnsitzbevölkerung (65 Jahre und älter) (deutsch)","Hauptwohnsitzbevölkerung (bis 14 Jahre) (deutsch)",NA,NA,NA
"Überalterungsquotient","deutsch",2000,"06 Sendling",152.2,4315,2835,NA,NA,NA,"Hauptwohnsitzbevölkerung (65 Jahre und älter) (deutsch)","Hauptwohnsitzbevölkerung (bis 14 Jahre) (deutsch)",NA,NA,NA
"Überalterungsquotient","deutsch",2000,"07 Sendling - Westpark",195.6,7953,4065,NA,NA,NA,"Hauptwohnsitzbevölkerung (65 Jahre und älter) (deutsch)","Hauptwohnsitzbevölkerung (bis 14 Jahre) (deutsch)",NA,NA,NA
"Überalterungsquotient","deutsch",2000,"08 Schwanthalerhöhe",133.9,2309,1725,NA,NA,NA,"Hauptwohnsitzbevölkerung (65 Jahre und älter) (deutsch)","Hauptwohnsitzbevölkerung (bis 14 Jahre) (deutsch)",NA,NA,NA
"Überalterungsquotient","deutsch",2000,"09 Neuhausen - Nymphenburg",187.1,12728,6802,NA,NA,NA,"Hauptwohnsitzbevölkerung (65 Jahre und älter) (deutsch)","Hauptwohnsitzbevölkerung (bis 14 Jahre) (deutsch)",NA,NA,NA
"Überalterungsquotient","deutsch",2000,"10 Moosach",146,6595,4518,NA,NA,NA,"Hauptwohnsitzbevölkerung (65 Jahre und älter) (deutsch)","Hauptwohnsitzbevölkerung (bis 14 Jahre) (deutsch)",NA,NA,NA
"Überalterungsquotient","deutsch",2000,"11 Milbertshofen - Am Hart",164.8,7747,4700,NA,NA,NA,"Hauptwohnsitzbevölkerung (65 Jahre und älter) (deutsch)","Hauptwohnsitzbevölkerung (bis 14 Jahre) (deutsch)",NA,NA,NA
"Überalterungsquotient","deutsch",2000,"12 Schwabing - Freimann",135,7493,5550,NA,NA,NA,"Hauptwohnsitzbevölkerung (65 Jahre und älter) (deutsch)","Hauptwohnsitzbevölkerung (bis 14 Jahre) (deutsch)",NA,NA,NA
"Überalterungsquotient","deutsch",2000,"13 Bogenhausen",154.7,10643,6878,NA,NA,NA,"Hauptwohnsitzbevölkerung (65 Jahre und älter) (deutsch)","Hauptwohnsitzbevölkerung (bis 14 Jahre) (deutsch)",NA,NA,NA
"Überalterungsquotient","deutsch",2000,"14 Berg am Laim",192.6,5835,3030,NA,NA,NA,"Hauptwohnsitzbevölkerung (65 Jahre und älter) (deutsch)","Hauptwohnsitzbevölkerung (bis 14 Jahre) (deutsch)",NA,NA,NA
"Überalterungsquotient","deutsch",2000,"15 Trudering - Riem",107.3,5918,5514,NA,NA,NA,"Hauptwohnsitzbevölkerung (65 Jahre und älter) (deutsch)","Hauptwohnsitzbevölkerung (bis 14 Jahre) (deutsch)",NA,NA,NA
"Überalterungsquotient","deutsch",2000,"16 Ramersdorf - Perlach",134.3,13502,10053,NA,NA,NA,"Hauptwohnsitzbevölkerung (65 Jahre und älter) (deutsch)","Hauptwohnsitzbevölkerung (bis 14 Jahre) (deutsch)",NA,NA,NA
"Überalterungsquotient","deutsch",2000,"17 Obergiesing - Fasangarten",196.5,6698,3409,NA,NA,NA,"Hauptwohnsitzbevölkerung (65 Jahre und älter) (deutsch)","Hauptwohnsitzbevölkerung (bis 14 Jahre) (deutsch)",NA,NA,NA
"Überalterungsquotient","deutsch",2000,"18 Untergiesing - Harlaching",215,8394,3904,NA,NA,NA,"Hauptwohnsitzbevölkerung (65 Jahre und älter) (deutsch)","Hauptwohnsitzbevölkerung (bis 14 Jahre) (deutsch)",NA,NA,NA
"Überalterungsquotient","deutsch",2000,"19 Thalkirchen - Obersendling - Forstenried - Fürstenried - Solln",200.3,13877,6929,NA,NA,NA,"Hauptwohnsitzbevölkerung (65 Jahre und älter) (deutsch)","Hauptwohnsitzbevölkerung (bis 14 Jahre) (deutsch)",NA,NA,NA
"Überalterungsquotient","deutsch",2000,"20 Hadern",166.9,7148,4284,NA,NA,NA,"Hauptwohnsitzbevölkerung (65 Jahre und älter) (deutsch)","Hauptwohnsitzbevölkerung (bis 14 Jahre) (deutsch)",NA,NA,NA
"Überalterungsquotient","deutsch",2000,"21 Pasing - Obermenzing",142.7,9489,6648,NA,NA,NA,"Hauptwohnsitzbevölkerung (65 Jahre und älter) (deutsch)","Hauptwohnsitzbevölkerung (bis 14 Jahre) (deutsch)",NA,NA,NA
"Überalterungsquotient","deutsch",2000,"22 Aubing - Lochhausen - Langwied",135.3,5837,4315,NA,NA,NA,"Hauptwohnsitzbevölkerung (65 Jahre und älter) (deutsch)","Hauptwohnsitzbevölkerung (bis 14 Jahre) (deutsch)",NA,NA,NA
"Überalterungsquotient","deutsch",2000,"23 Allach - Untermenzing",137.5,4396,3197,NA,NA,NA,"Hauptwohnsitzbevölkerung (65 Jahre und älter) (deutsch)","Hauptwohnsitzbevölkerung (bis 14 Jahre) (deutsch)",NA,NA,NA
"Überalterungsquotient","deutsch",2000,"24 Feldmoching - Hasenbergl",148.7,8352,5618,NA,NA,NA,"Hauptwohnsitzbevölkerung (65 Jahre und älter) (deutsch)","Hauptwohnsitzbevölkerung (bis 14 Jahre) (deutsch)",NA,NA,NA
"Überalterungsquotient","deutsch",2000,"25 Laim",242.5,8981,3703,NA,NA,NA,"Hauptwohnsitzbevölkerung (65 Jahre und älter) (deutsch)","Hauptwohnsitzbevölkerung (bis 14 Jahre) (deutsch)",NA,NA,NA
"Überalterungsquotient","insgesamt",2009,"Stadt München",148,245260,165754,NA,NA,NA,"Hauptwohnsitzbevölkerung (65 Jahre und älter) (insgesamt)","Hauptwohnsitzbevölkerung (bis 14 Jahre) (insgesamt)",NA,NA,NA
"Überalterungsquotient","insgesamt",2009,"01 Altstadt - Lehel",195.8,3285,1678,NA,NA,NA,"Hauptwohnsitzbevölkerung (65 Jahre und älter) (insgesamt)","Hauptwohnsitzbevölkerung (bis 14 Jahre) (insgesamt)",NA,NA,NA
"Überalterungsquotient","insgesamt",2009,"02 Ludwigsvorstadt - Isarvorstadt",122.5,5281,4311,NA,NA,NA,"Hauptwohnsitzbevölkerung (65 Jahre und älter) (insgesamt)","Hauptwohnsitzbevölkerung (bis 14 Jahre) (insgesamt)",NA,NA,NA
"Überalterungsquotient","insgesamt",2009,"03 Maxvorstadt",160,5873,3671,NA,NA,NA,"Hauptwohnsitzbevölkerung (65 Jahre und älter) (insgesamt)","Hauptwohnsitzbevölkerung (bis 14 Jahre) (insgesamt)",NA,NA,NA
"Überalterungsquotient","insgesamt",2009,"04 Schwabing - West",176.6,10549,5972,NA,NA,NA,"Hauptwohnsitzbevölkerung (65 Jahre und älter) (insgesamt)","Hauptwohnsitzbevölkerung (bis 14 Jahre) (insgesamt)",NA,NA,NA
"Überalterungsquotient","insgesamt",2009,"05 Au - Haidhausen",130.6,7886,6038,NA,NA,NA,"Hauptwohnsitzbevölkerung (65 Jahre und älter) (insgesamt)","Hauptwohnsitzbevölkerung (bis 14 Jahre) (insgesamt)",NA,NA,NA
"Überalterungsquotient","insgesamt",2009,"06 Sendling",128.1,5547,4329,NA,NA,NA,"Hauptwohnsitzbevölkerung (65 Jahre und älter) (insgesamt)","Hauptwohnsitzbevölkerung (bis 14 Jahre) (insgesamt)",NA,NA,NA
"Überalterungsquotient","insgesamt",2009,"07 Sendling - Westpark",172.9,10205,5901,NA,NA,NA,"Hauptwohnsitzbevölkerung (65 Jahre und älter) (insgesamt)","Hauptwohnsitzbevölkerung (bis 14 Jahre) (insgesamt)",NA,NA,NA
"Überalterungsquotient","insgesamt",2009,"08 Schwanthalerhöhe",98.7,3345,3389,NA,NA,NA,"Hauptwohnsitzbevölkerung (65 Jahre und älter) (insgesamt)","Hauptwohnsitzbevölkerung (bis 14 Jahre) (insgesamt)",NA,NA,NA
"Überalterungsquotient","insgesamt",2009,"09 Neuhausen - Nymphenburg",154.4,14776,9573,NA,NA,NA,"Hauptwohnsitzbevölkerung (65 Jahre und älter) (insgesamt)","Hauptwohnsitzbevölkerung (bis 14 Jahre) (insgesamt)",NA,NA,NA
"Überalterungsquotient","insgesamt",2009,"10 Moosach",143.3,8932,6231,NA,NA,NA,"Hauptwohnsitzbevölkerung (65 Jahre und älter) (insgesamt)","Hauptwohnsitzbevölkerung (bis 14 Jahre) (insgesamt)",NA,NA,NA
"Überalterungsquotient","insgesamt",2009,"11 Milbertshofen - Am Hart",118.9,10677,8979,NA,NA,NA,"Hauptwohnsitzbevölkerung (65 Jahre und älter) (insgesamt)","Hauptwohnsitzbevölkerung (bis 14 Jahre) (insgesamt)",NA,NA,NA
"Überalterungsquotient","insgesamt",2009,"12 Schwabing - Freimann",149.3,10088,6757,NA,NA,NA,"Hauptwohnsitzbevölkerung (65 Jahre und älter) (insgesamt)","Hauptwohnsitzbevölkerung (bis 14 Jahre) (insgesamt)",NA,NA,NA
"Überalterungsquotient","insgesamt",2009,"13 Bogenhausen",164.2,15787,9617,NA,NA,NA,"Hauptwohnsitzbevölkerung (65 Jahre und älter) (insgesamt)","Hauptwohnsitzbevölkerung (bis 14 Jahre) (insgesamt)",NA,NA,NA
"Überalterungsquotient","insgesamt",2009,"14 Berg am Laim",147.3,7219,4902,NA,NA,NA,"Hauptwohnsitzbevölkerung (65 Jahre und älter) (insgesamt)","Hauptwohnsitzbevölkerung (bis 14 Jahre) (insgesamt)",NA,NA,NA
"Überalterungsquotient","insgesamt",2009,"15 Trudering - Riem",84.4,9335,11065,NA,NA,NA,"Hauptwohnsitzbevölkerung (65 Jahre und älter) (insgesamt)","Hauptwohnsitzbevölkerung (bis 14 Jahre) (insgesamt)",NA,NA,NA
"Überalterungsquotient","insgesamt",2009,"16 Ramersdorf - Perlach",140,20187,14418,NA,NA,NA,"Hauptwohnsitzbevölkerung (65 Jahre und älter) (insgesamt)","Hauptwohnsitzbevölkerung (bis 14 Jahre) (insgesamt)",NA,NA,NA
"Überalterungsquotient","insgesamt",2009,"17 Obergiesing - Fasangarten",145.5,7940,5456,NA,NA,NA,"Hauptwohnsitzbevölkerung (65 Jahre und älter) (insgesamt)","Hauptwohnsitzbevölkerung (bis 14 Jahre) (insgesamt)",NA,NA,NA
"Überalterungsquotient","insgesamt",2009,"18 Untergiesing - Harlaching",186.4,9994,5363,NA,NA,NA,"Hauptwohnsitzbevölkerung (65 Jahre und älter) (insgesamt)","Hauptwohnsitzbevölkerung (bis 14 Jahre) (insgesamt)",NA,NA,NA
"Überalterungsquotient","insgesamt",2009,"19 Thalkirchen - Obersendling - Forstenried - Fürstenried - Solln",200.6,19128,9536,NA,NA,NA,"Hauptwohnsitzbevölkerung (65 Jahre und älter) (insgesamt)","Hauptwohnsitzbevölkerung (bis 14 Jahre) (insgesamt)",NA,NA,NA
"Überalterungsquotient","insgesamt",2009,"20 Hadern",168.9,10286,6089,NA,NA,NA,"Hauptwohnsitzbevölkerung (65 Jahre und älter) (insgesamt)","Hauptwohnsitzbevölkerung (bis 14 Jahre) (insgesamt)",NA,NA,NA
"Überalterungsquotient","insgesamt",2009,"21 Pasing - Obermenzing",141.3,12995,9196,NA,NA,NA,"Hauptwohnsitzbevölkerung (65 Jahre und älter) (insgesamt)","Hauptwohnsitzbevölkerung (bis 14 Jahre) (insgesamt)",NA,NA,NA
"Überalterungsquotient","insgesamt",2009,"22 Aubing - Lochhausen - Langwied",157.1,8583,5462,NA,NA,NA,"Hauptwohnsitzbevölkerung (65 Jahre und älter) (insgesamt)","Hauptwohnsitzbevölkerung (bis 14 Jahre) (insgesamt)",NA,NA,NA
"Überalterungsquotient","insgesamt",2009,"23 Allach - Untermenzing",140.1,5854,4179,NA,NA,NA,"Hauptwohnsitzbevölkerung (65 Jahre und älter) (insgesamt)","Hauptwohnsitzbevölkerung (bis 14 Jahre) (insgesamt)",NA,NA,NA
"Überalterungsquotient","insgesamt",2009,"24 Feldmoching - Hasenbergl",133.2,11143,8365,NA,NA,NA,"Hauptwohnsitzbevölkerung (65 Jahre und älter) (insgesamt)","Hauptwohnsitzbevölkerung (bis 14 Jahre) (insgesamt)",NA,NA,NA
"Überalterungsquotient","insgesamt",2009,"25 Laim",196.4,10365,5277,NA,NA,NA,"Hauptwohnsitzbevölkerung (65 Jahre und älter) (insgesamt)","Hauptwohnsitzbevölkerung (bis 14 Jahre) (insgesamt)",NA,NA,NA
"Überalterungsquotient","insgesamt",2008,"Stadt München",148.1,242950,164005,NA,NA,NA,"Hauptwohnsitzbevölkerung (65 Jahre und älter) (insgesamt)","Hauptwohnsitzbevölkerung (bis 14 Jahre) (insgesamt)",NA,NA,NA
"Überalterungsquotient","insgesamt",2008,"01 Altstadt - Lehel",197,3276,1663,NA,NA,NA,"Hauptwohnsitzbevölkerung (65 Jahre und älter) (insgesamt)","Hauptwohnsitzbevölkerung (bis 14 Jahre) (insgesamt)",NA,NA,NA
"Überalterungsquotient","insgesamt",2008,"02 Ludwigsvorstadt - Isarvorstadt",125.8,5379,4277,NA,NA,NA,"Hauptwohnsitzbevölkerung (65 Jahre und älter) (insgesamt)","Hauptwohnsitzbevölkerung (bis 14 Jahre) (insgesamt)",NA,NA,NA
"Überalterungsquotient","insgesamt",2008,"03 Maxvorstadt",165.2,5894,3568,NA,NA,NA,"Hauptwohnsitzbevölkerung (65 Jahre und älter) (insgesamt)","Hauptwohnsitzbevölkerung (bis 14 Jahre) (insgesamt)",NA,NA,NA
"Überalterungsquotient","insgesamt",2008,"04 Schwabing - West",178.2,10534,5911,NA,NA,NA,"Hauptwohnsitzbevölkerung (65 Jahre und älter) (insgesamt)","Hauptwohnsitzbevölkerung (bis 14 Jahre) (insgesamt)",NA,NA,NA
"Überalterungsquotient","insgesamt",2008,"05 Au - Haidhausen",135.6,7975,5881,NA,NA,NA,"Hauptwohnsitzbevölkerung (65 Jahre und älter) (insgesamt)","Hauptwohnsitzbevölkerung (bis 14 Jahre) (insgesamt)",NA,NA,NA
"Überalterungsquotient","insgesamt",2008,"06 Sendling",127.6,5518,4325,NA,NA,NA,"Hauptwohnsitzbevölkerung (65 Jahre und älter) (insgesamt)","Hauptwohnsitzbevölkerung (bis 14 Jahre) (insgesamt)",NA,NA,NA
"Überalterungsquotient","insgesamt",2008,"07 Sendling - Westpark",174.2,10123,5812,NA,NA,NA,"Hauptwohnsitzbevölkerung (65 Jahre und älter) (insgesamt)","Hauptwohnsitzbevölkerung (bis 14 Jahre) (insgesamt)",NA,NA,NA
"Überalterungsquotient","insgesamt",2008,"08 Schwanthalerhöhe",99.8,3350,3358,NA,NA,NA,"Hauptwohnsitzbevölkerung (65 Jahre und älter) (insgesamt)","Hauptwohnsitzbevölkerung (bis 14 Jahre) (insgesamt)",NA,NA,NA
"Überalterungsquotient","insgesamt",2008,"09 Neuhausen - Nymphenburg",159.8,14745,9226,NA,NA,NA,"Hauptwohnsitzbevölkerung (65 Jahre und älter) (insgesamt)","Hauptwohnsitzbevölkerung (bis 14 Jahre) (insgesamt)",NA,NA,NA
"Überalterungsquotient","insgesamt",2008,"10 Moosach",143.1,8817,6162,NA,NA,NA,"Hauptwohnsitzbevölkerung (65 Jahre und älter) (insgesamt)","Hauptwohnsitzbevölkerung (bis 14 Jahre) (insgesamt)",NA,NA,NA
"Überalterungsquotient","insgesamt",2008,"11 Milbertshofen - Am Hart",120.6,10730,8899,NA,NA,NA,"Hauptwohnsitzbevölkerung (65 Jahre und älter) (insgesamt)","Hauptwohnsitzbevölkerung (bis 14 Jahre) (insgesamt)",NA,NA,NA
"Überalterungsquotient","insgesamt",2008,"12 Schwabing - Freimann",144.4,9862,6829,NA,NA,NA,"Hauptwohnsitzbevölkerung (65 Jahre und älter) (insgesamt)","Hauptwohnsitzbevölkerung (bis 14 Jahre) (insgesamt)",NA,NA,NA
"Überalterungsquotient","insgesamt",2008,"13 Bogenhausen",160,15362,9602,NA,NA,NA,"Hauptwohnsitzbevölkerung (65 Jahre und älter) (insgesamt)","Hauptwohnsitzbevölkerung (bis 14 Jahre) (insgesamt)",NA,NA,NA
"Überalterungsquotient","insgesamt",2008,"14 Berg am Laim",147.9,7202,4869,NA,NA,NA,"Hauptwohnsitzbevölkerung (65 Jahre und älter) (insgesamt)","Hauptwohnsitzbevölkerung (bis 14 Jahre) (insgesamt)",NA,NA,NA
"Überalterungsquotient","insgesamt",2008,"15 Trudering - Riem",86,9063,10544,NA,NA,NA,"Hauptwohnsitzbevölkerung (65 Jahre und älter) (insgesamt)","Hauptwohnsitzbevölkerung (bis 14 Jahre) (insgesamt)",NA,NA,NA
"Überalterungsquotient","insgesamt",2008,"16 Ramersdorf - Perlach",137,19738,14410,NA,NA,NA,"Hauptwohnsitzbevölkerung (65 Jahre und älter) (insgesamt)","Hauptwohnsitzbevölkerung (bis 14 Jahre) (insgesamt)",NA,NA,NA
"Überalterungsquotient","insgesamt",2008,"17 Obergiesing - Fasangarten",150.2,7935,5283,NA,NA,NA,"Hauptwohnsitzbevölkerung (65 Jahre und älter) (insgesamt)","Hauptwohnsitzbevölkerung (bis 14 Jahre) (insgesamt)",NA,NA,NA
"Überalterungsquotient","insgesamt",2008,"18 Untergiesing - Harlaching",184.8,10045,5435,NA,NA,NA,"Hauptwohnsitzbevölkerung (65 Jahre und älter) (insgesamt)","Hauptwohnsitzbevölkerung (bis 14 Jahre) (insgesamt)",NA,NA,NA
"Überalterungsquotient","insgesamt",2008,"19 Thalkirchen - Obersendling - Forstenried - Fürstenried - Solln",198.5,18843,9491,NA,NA,NA,"Hauptwohnsitzbevölkerung (65 Jahre und älter) (insgesamt)","Hauptwohnsitzbevölkerung (bis 14 Jahre) (insgesamt)",NA,NA,NA
"Überalterungsquotient","insgesamt",2008,"20 Hadern",165.9,10040,6053,NA,NA,NA,"Hauptwohnsitzbevölkerung (65 Jahre und älter) (insgesamt)","Hauptwohnsitzbevölkerung (bis 14 Jahre) (insgesamt)",NA,NA,NA
"Überalterungsquotient","insgesamt",2008,"21 Pasing - Obermenzing",139.5,12763,9148,NA,NA,NA,"Hauptwohnsitzbevölkerung (65 Jahre und älter) (insgesamt)","Hauptwohnsitzbevölkerung (bis 14 Jahre) (insgesamt)",NA,NA,NA
"Überalterungsquotient","insgesamt",2008,"22 Aubing - Lochhausen - Langwied",154.3,8464,5484,NA,NA,NA,"Hauptwohnsitzbevölkerung (65 Jahre und älter) (insgesamt)","Hauptwohnsitzbevölkerung (bis 14 Jahre) (insgesamt)",NA,NA,NA
"Überalterungsquotient","insgesamt",2008,"23 Allach - Untermenzing",139.5,5814,4169,NA,NA,NA,"Hauptwohnsitzbevölkerung (65 Jahre und älter) (insgesamt)","Hauptwohnsitzbevölkerung (bis 14 Jahre) (insgesamt)",NA,NA,NA
"Überalterungsquotient","insgesamt",2008,"24 Feldmoching - Hasenbergl",133.1,11129,8361,NA,NA,NA,"Hauptwohnsitzbevölkerung (65 Jahre und älter) (insgesamt)","Hauptwohnsitzbevölkerung (bis 14 Jahre) (insgesamt)",NA,NA,NA
"Überalterungsquotient","insgesamt",2008,"25 Laim",197.3,10349,5245,NA,NA,NA,"Hauptwohnsitzbevölkerung (65 Jahre und älter) (insgesamt)","Hauptwohnsitzbevölkerung (bis 14 Jahre) (insgesamt)",NA,NA,NA
"Überalterungsquotient","insgesamt",2007,"Stadt München",147,238041,161891,NA,NA,NA,"Hauptwohnsitzbevölkerung (65 Jahre und älter) (insgesamt)","Hauptwohnsitzbevölkerung (bis 14 Jahre) (insgesamt)",NA,NA,NA
"Überalterungsquotient","insgesamt",2007,"01 Altstadt - Lehel",196.5,3236,1647,NA,NA,NA,"Hauptwohnsitzbevölkerung (65 Jahre und älter) (insgesamt)","Hauptwohnsitzbevölkerung (bis 14 Jahre) (insgesamt)",NA,NA,NA
"Überalterungsquotient","insgesamt",2007,"02 Ludwigsvorstadt - Isarvorstadt",129.2,5348,4139,NA,NA,NA,"Hauptwohnsitzbevölkerung (65 Jahre und älter) (insgesamt)","Hauptwohnsitzbevölkerung (bis 14 Jahre) (insgesamt)",NA,NA,NA
"Überalterungsquotient","insgesamt",2007,"03 Maxvorstadt",162.6,5773,3551,NA,NA,NA,"Hauptwohnsitzbevölkerung (65 Jahre und älter) (insgesamt)","Hauptwohnsitzbevölkerung (bis 14 Jahre) (insgesamt)",NA,NA,NA
"Überalterungsquotient","insgesamt",2007,"04 Schwabing - West",179.6,10281,5724,NA,NA,NA,"Hauptwohnsitzbevölkerung (65 Jahre und älter) (insgesamt)","Hauptwohnsitzbevölkerung (bis 14 Jahre) (insgesamt)",NA,NA,NA
"Überalterungsquotient","insgesamt",2007,"05 Au - Haidhausen",137.4,7867,5727,NA,NA,NA,"Hauptwohnsitzbevölkerung (65 Jahre und älter) (insgesamt)","Hauptwohnsitzbevölkerung (bis 14 Jahre) (insgesamt)",NA,NA,NA
"Überalterungsquotient","insgesamt",2007,"06 Sendling",126.2,5431,4305,NA,NA,NA,"Hauptwohnsitzbevölkerung (65 Jahre und älter) (insgesamt)","Hauptwohnsitzbevölkerung (bis 14 Jahre) (insgesamt)",NA,NA,NA
"Überalterungsquotient","insgesamt",2007,"07 Sendling - Westpark",168.4,9867,5859,NA,NA,NA,"Hauptwohnsitzbevölkerung (65 Jahre und älter) (insgesamt)","Hauptwohnsitzbevölkerung (bis 14 Jahre) (insgesamt)",NA,NA,NA
"Überalterungsquotient","insgesamt",2007,"08 Schwanthalerhöhe",104.5,3333,3190,NA,NA,NA,"Hauptwohnsitzbevölkerung (65 Jahre und älter) (insgesamt)","Hauptwohnsitzbevölkerung (bis 14 Jahre) (insgesamt)",NA,NA,NA
"Überalterungsquotient","insgesamt",2007,"09 Neuhausen - Nymphenburg",160.9,14589,9069,NA,NA,NA,"Hauptwohnsitzbevölkerung (65 Jahre und älter) (insgesamt)","Hauptwohnsitzbevölkerung (bis 14 Jahre) (insgesamt)",NA,NA,NA
"Überalterungsquotient","insgesamt",2007,"10 Moosach",138.8,8660,6239,NA,NA,NA,"Hauptwohnsitzbevölkerung (65 Jahre und älter) (insgesamt)","Hauptwohnsitzbevölkerung (bis 14 Jahre) (insgesamt)",NA,NA,NA
"Überalterungsquotient","insgesamt",2007,"11 Milbertshofen - Am Hart",118.3,10502,8875,NA,NA,NA,"Hauptwohnsitzbevölkerung (65 Jahre und älter) (insgesamt)","Hauptwohnsitzbevölkerung (bis 14 Jahre) (insgesamt)",NA,NA,NA
"Überalterungsquotient","insgesamt",2007,"12 Schwabing - Freimann",140.2,9599,6847,NA,NA,NA,"Hauptwohnsitzbevölkerung (65 Jahre und älter) (insgesamt)","Hauptwohnsitzbevölkerung (bis 14 Jahre) (insgesamt)",NA,NA,NA
"Überalterungsquotient","insgesamt",2007,"13 Bogenhausen",157.1,14814,9428,NA,NA,NA,"Hauptwohnsitzbevölkerung (65 Jahre und älter) (insgesamt)","Hauptwohnsitzbevölkerung (bis 14 Jahre) (insgesamt)",NA,NA,NA
"Überalterungsquotient","insgesamt",2007,"14 Berg am Laim",147.6,7100,4811,NA,NA,NA,"Hauptwohnsitzbevölkerung (65 Jahre und älter) (insgesamt)","Hauptwohnsitzbevölkerung (bis 14 Jahre) (insgesamt)",NA,NA,NA
"Überalterungsquotient","insgesamt",2007,"15 Trudering - Riem",88.3,8671,9825,NA,NA,NA,"Hauptwohnsitzbevölkerung (65 Jahre und älter) (insgesamt)","Hauptwohnsitzbevölkerung (bis 14 Jahre) (insgesamt)",NA,NA,NA
"Überalterungsquotient","insgesamt",2007,"16 Ramersdorf - Perlach",135,19346,14332,NA,NA,NA,"Hauptwohnsitzbevölkerung (65 Jahre und älter) (insgesamt)","Hauptwohnsitzbevölkerung (bis 14 Jahre) (insgesamt)",NA,NA,NA
"Überalterungsquotient","insgesamt",2007,"17 Obergiesing - Fasangarten",148.7,7834,5270,NA,NA,NA,"Hauptwohnsitzbevölkerung (65 Jahre und älter) (insgesamt)","Hauptwohnsitzbevölkerung (bis 14 Jahre) (insgesamt)",NA,NA,NA
"Überalterungsquotient","insgesamt",2007,"18 Untergiesing - Harlaching",185.6,9935,5354,NA,NA,NA,"Hauptwohnsitzbevölkerung (65 Jahre und älter) (insgesamt)","Hauptwohnsitzbevölkerung (bis 14 Jahre) (insgesamt)",NA,NA,NA
"Überalterungsquotient","insgesamt",2007,"19 Thalkirchen - Obersendling - Forstenried - Fürstenried - Solln",193.9,18366,9472,NA,NA,NA,"Hauptwohnsitzbevölkerung (65 Jahre und älter) (insgesamt)","Hauptwohnsitzbevölkerung (bis 14 Jahre) (insgesamt)",NA,NA,NA
"Überalterungsquotient","insgesamt",2007,"20 Hadern",160.6,9798,6102,NA,NA,NA,"Hauptwohnsitzbevölkerung (65 Jahre und älter) (insgesamt)","Hauptwohnsitzbevölkerung (bis 14 Jahre) (insgesamt)",NA,NA,NA
"Überalterungsquotient","insgesamt",2007,"21 Pasing - Obermenzing",136.9,12347,9019,NA,NA,NA,"Hauptwohnsitzbevölkerung (65 Jahre und älter) (insgesamt)","Hauptwohnsitzbevölkerung (bis 14 Jahre) (insgesamt)",NA,NA,NA
"Überalterungsquotient","insgesamt",2007,"22 Aubing - Lochhausen - Langwied",151.8,8293,5462,NA,NA,NA,"Hauptwohnsitzbevölkerung (65 Jahre und älter) (insgesamt)","Hauptwohnsitzbevölkerung (bis 14 Jahre) (insgesamt)",NA,NA,NA
"Überalterungsquotient","insgesamt",2007,"23 Allach - Untermenzing",139.9,5715,4084,NA,NA,NA,"Hauptwohnsitzbevölkerung (65 Jahre und älter) (insgesamt)","Hauptwohnsitzbevölkerung (bis 14 Jahre) (insgesamt)",NA,NA,NA
"Überalterungsquotient","insgesamt",2007,"24 Feldmoching - Hasenbergl",133.2,11081,8319,NA,NA,NA,"Hauptwohnsitzbevölkerung (65 Jahre und älter) (insgesamt)","Hauptwohnsitzbevölkerung (bis 14 Jahre) (insgesamt)",NA,NA,NA
"Überalterungsquotient","insgesamt",2007,"25 Laim",195.7,10255,5241,NA,NA,NA,"Hauptwohnsitzbevölkerung (65 Jahre und älter) (insgesamt)","Hauptwohnsitzbevölkerung (bis 14 Jahre) (insgesamt)",NA,NA,NA
"Überalterungsquotient","insgesamt",2006,"Stadt München",146.8,232910,158672,NA,NA,NA,"Hauptwohnsitzbevölkerung (65 Jahre und älter) (insgesamt)","Hauptwohnsitzbevölkerung (bis 14 Jahre) (insgesamt)",NA,NA,NA
"Überalterungsquotient","insgesamt",2006,"01 Altstadt - Lehel",198.1,3154,1592,NA,NA,NA,"Hauptwohnsitzbevölkerung (65 Jahre und älter) (insgesamt)","Hauptwohnsitzbevölkerung (bis 14 Jahre) (insgesamt)",NA,NA,NA
"Überalterungsquotient","insgesamt",2006,"02 Ludwigsvorstadt - Isarvorstadt",132.8,5329,4014,NA,NA,NA,"Hauptwohnsitzbevölkerung (65 Jahre und älter) (insgesamt)","Hauptwohnsitzbevölkerung (bis 14 Jahre) (insgesamt)",NA,NA,NA
"Überalterungsquotient","insgesamt",2006,"03 Maxvorstadt",166.6,5680,3409,NA,NA,NA,"Hauptwohnsitzbevölkerung (65 Jahre und älter) (insgesamt)","Hauptwohnsitzbevölkerung (bis 14 Jahre) (insgesamt)",NA,NA,NA
"Überalterungsquotient","insgesamt",2006,"04 Schwabing - West",180.8,9990,5526,NA,NA,NA,"Hauptwohnsitzbevölkerung (65 Jahre und älter) (insgesamt)","Hauptwohnsitzbevölkerung (bis 14 Jahre) (insgesamt)",NA,NA,NA
"Überalterungsquotient","insgesamt",2006,"05 Au - Haidhausen",138.2,7809,5652,NA,NA,NA,"Hauptwohnsitzbevölkerung (65 Jahre und älter) (insgesamt)","Hauptwohnsitzbevölkerung (bis 14 Jahre) (insgesamt)",NA,NA,NA
"Überalterungsquotient","insgesamt",2006,"06 Sendling",123.9,5342,4311,NA,NA,NA,"Hauptwohnsitzbevölkerung (65 Jahre und älter) (insgesamt)","Hauptwohnsitzbevölkerung (bis 14 Jahre) (insgesamt)",NA,NA,NA
"Überalterungsquotient","insgesamt",2006,"07 Sendling - Westpark",168.1,9658,5744,NA,NA,NA,"Hauptwohnsitzbevölkerung (65 Jahre und älter) (insgesamt)","Hauptwohnsitzbevölkerung (bis 14 Jahre) (insgesamt)",NA,NA,NA
"Überalterungsquotient","insgesamt",2006,"08 Schwanthalerhöhe",104.8,3227,3078,NA,NA,NA,"Hauptwohnsitzbevölkerung (65 Jahre und älter) (insgesamt)","Hauptwohnsitzbevölkerung (bis 14 Jahre) (insgesamt)",NA,NA,NA
"Überalterungsquotient","insgesamt",2006,"09 Neuhausen - Nymphenburg",162.5,14494,8918,NA,NA,NA,"Hauptwohnsitzbevölkerung (65 Jahre und älter) (insgesamt)","Hauptwohnsitzbevölkerung (bis 14 Jahre) (insgesamt)",NA,NA,NA
"Überalterungsquotient","insgesamt",2006,"10 Moosach",135.2,8476,6271,NA,NA,NA,"Hauptwohnsitzbevölkerung (65 Jahre und älter) (insgesamt)","Hauptwohnsitzbevölkerung (bis 14 Jahre) (insgesamt)",NA,NA,NA
"Überalterungsquotient","insgesamt",2006,"11 Milbertshofen - Am Hart",117.9,10377,8802,NA,NA,NA,"Hauptwohnsitzbevölkerung (65 Jahre und älter) (insgesamt)","Hauptwohnsitzbevölkerung (bis 14 Jahre) (insgesamt)",NA,NA,NA
"Überalterungsquotient","insgesamt",2006,"12 Schwabing - Freimann",138.9,9356,6734,NA,NA,NA,"Hauptwohnsitzbevölkerung (65 Jahre und älter) (insgesamt)","Hauptwohnsitzbevölkerung (bis 14 Jahre) (insgesamt)",NA,NA,NA
"Überalterungsquotient","insgesamt",2006,"13 Bogenhausen",155.7,14287,9177,NA,NA,NA,"Hauptwohnsitzbevölkerung (65 Jahre und älter) (insgesamt)","Hauptwohnsitzbevölkerung (bis 14 Jahre) (insgesamt)",NA,NA,NA
"Überalterungsquotient","insgesamt",2006,"14 Berg am Laim",150.9,6971,4619,NA,NA,NA,"Hauptwohnsitzbevölkerung (65 Jahre und älter) (insgesamt)","Hauptwohnsitzbevölkerung (bis 14 Jahre) (insgesamt)",NA,NA,NA
"Überalterungsquotient","insgesamt",2006,"15 Trudering - Riem",91.2,8304,9101,NA,NA,NA,"Hauptwohnsitzbevölkerung (65 Jahre und älter) (insgesamt)","Hauptwohnsitzbevölkerung (bis 14 Jahre) (insgesamt)",NA,NA,NA
"Überalterungsquotient","insgesamt",2006,"16 Ramersdorf - Perlach",129.7,18708,14428,NA,NA,NA,"Hauptwohnsitzbevölkerung (65 Jahre und älter) (insgesamt)","Hauptwohnsitzbevölkerung (bis 14 Jahre) (insgesamt)",NA,NA,NA
"Überalterungsquotient","insgesamt",2006,"17 Obergiesing - Fasangarten",149,7774,5218,NA,NA,NA,"Hauptwohnsitzbevölkerung (65 Jahre und älter) (insgesamt)","Hauptwohnsitzbevölkerung (bis 14 Jahre) (insgesamt)",NA,NA,NA
"Überalterungsquotient","insgesamt",2006,"18 Untergiesing - Harlaching",187.6,9796,5221,NA,NA,NA,"Hauptwohnsitzbevölkerung (65 Jahre und älter) (insgesamt)","Hauptwohnsitzbevölkerung (bis 14 Jahre) (insgesamt)",NA,NA,NA
"Überalterungsquotient","insgesamt",2006,"19 Thalkirchen - Obersendling - Forstenried - Fürstenried - Solln",193.5,17905,9252,NA,NA,NA,"Hauptwohnsitzbevölkerung (65 Jahre und älter) (insgesamt)","Hauptwohnsitzbevölkerung (bis 14 Jahre) (insgesamt)",NA,NA,NA
"Überalterungsquotient","insgesamt",2006,"20 Hadern",157.4,9505,6037,NA,NA,NA,"Hauptwohnsitzbevölkerung (65 Jahre und älter) (insgesamt)","Hauptwohnsitzbevölkerung (bis 14 Jahre) (insgesamt)",NA,NA,NA
"Überalterungsquotient","insgesamt",2006,"21 Pasing - Obermenzing",137.3,12045,8770,NA,NA,NA,"Hauptwohnsitzbevölkerung (65 Jahre und älter) (insgesamt)","Hauptwohnsitzbevölkerung (bis 14 Jahre) (insgesamt)",NA,NA,NA
"Überalterungsquotient","insgesamt",2006,"22 Aubing - Lochhausen - Langwied",148.9,8065,5416,NA,NA,NA,"Hauptwohnsitzbevölkerung (65 Jahre und älter) (insgesamt)","Hauptwohnsitzbevölkerung (bis 14 Jahre) (insgesamt)",NA,NA,NA
"Überalterungsquotient","insgesamt",2006,"23 Allach - Untermenzing",140.5,5607,3992,NA,NA,NA,"Hauptwohnsitzbevölkerung (65 Jahre und älter) (insgesamt)","Hauptwohnsitzbevölkerung (bis 14 Jahre) (insgesamt)",NA,NA,NA
"Überalterungsquotient","insgesamt",2006,"24 Feldmoching - Hasenbergl",132.8,10869,8187,NA,NA,NA,"Hauptwohnsitzbevölkerung (65 Jahre und älter) (insgesamt)","Hauptwohnsitzbevölkerung (bis 14 Jahre) (insgesamt)",NA,NA,NA
"Überalterungsquotient","insgesamt",2006,"25 Laim",195.7,10182,5203,NA,NA,NA,"Hauptwohnsitzbevölkerung (65 Jahre und älter) (insgesamt)","Hauptwohnsitzbevölkerung (bis 14 Jahre) (insgesamt)",NA,NA,NA
"Überalterungsquotient","insgesamt",2005,"Stadt München",143.2,225289,157371,NA,NA,NA,"Hauptwohnsitzbevölkerung (65 Jahre und älter) (insgesamt)","Hauptwohnsitzbevölkerung (bis 14 Jahre) (insgesamt)",NA,NA,NA
"Überalterungsquotient","insgesamt",2005,"01 Altstadt - Lehel",186.1,3036,1631,NA,NA,NA,"Hauptwohnsitzbevölkerung (65 Jahre und älter) (insgesamt)","Hauptwohnsitzbevölkerung (bis 14 Jahre) (insgesamt)",NA,NA,NA
"Überalterungsquotient","insgesamt",2005,"02 Ludwigsvorstadt - Isarvorstadt",129.4,5229,4042,NA,NA,NA,"Hauptwohnsitzbevölkerung (65 Jahre und älter) (insgesamt)","Hauptwohnsitzbevölkerung (bis 14 Jahre) (insgesamt)",NA,NA,NA
"Überalterungsquotient","insgesamt",2005,"03 Maxvorstadt",173.8,5596,3220,NA,NA,NA,"Hauptwohnsitzbevölkerung (65 Jahre und älter) (insgesamt)","Hauptwohnsitzbevölkerung (bis 14 Jahre) (insgesamt)",NA,NA,NA
"Überalterungsquotient","insgesamt",2005,"04 Schwabing - West",183.9,9591,5216,NA,NA,NA,"Hauptwohnsitzbevölkerung (65 Jahre und älter) (insgesamt)","Hauptwohnsitzbevölkerung (bis 14 Jahre) (insgesamt)",NA,NA,NA
"Überalterungsquotient","insgesamt",2005,"05 Au - Haidhausen",138,7704,5583,NA,NA,NA,"Hauptwohnsitzbevölkerung (65 Jahre und älter) (insgesamt)","Hauptwohnsitzbevölkerung (bis 14 Jahre) (insgesamt)",NA,NA,NA
"Überalterungsquotient","insgesamt",2005,"06 Sendling",118.7,5169,4353,NA,NA,NA,"Hauptwohnsitzbevölkerung (65 Jahre und älter) (insgesamt)","Hauptwohnsitzbevölkerung (bis 14 Jahre) (insgesamt)",NA,NA,NA
"Überalterungsquotient","insgesamt",2005,"07 Sendling - Westpark",164.7,9402,5709,NA,NA,NA,"Hauptwohnsitzbevölkerung (65 Jahre und älter) (insgesamt)","Hauptwohnsitzbevölkerung (bis 14 Jahre) (insgesamt)",NA,NA,NA
"Überalterungsquotient","insgesamt",2005,"08 Schwanthalerhöhe",103.6,3166,3056,NA,NA,NA,"Hauptwohnsitzbevölkerung (65 Jahre und älter) (insgesamt)","Hauptwohnsitzbevölkerung (bis 14 Jahre) (insgesamt)",NA,NA,NA
"Überalterungsquotient","insgesamt",2005,"09 Neuhausen - Nymphenburg",160.5,14360,8948,NA,NA,NA,"Hauptwohnsitzbevölkerung (65 Jahre und älter) (insgesamt)","Hauptwohnsitzbevölkerung (bis 14 Jahre) (insgesamt)",NA,NA,NA
"Überalterungsquotient","insgesamt",2005,"10 Moosach",130.7,8207,6281,NA,NA,NA,"Hauptwohnsitzbevölkerung (65 Jahre und älter) (insgesamt)","Hauptwohnsitzbevölkerung (bis 14 Jahre) (insgesamt)",NA,NA,NA
"Überalterungsquotient","insgesamt",2005,"11 Milbertshofen - Am Hart",114.9,10055,8754,NA,NA,NA,"Hauptwohnsitzbevölkerung (65 Jahre und älter) (insgesamt)","Hauptwohnsitzbevölkerung (bis 14 Jahre) (insgesamt)",NA,NA,NA
"Überalterungsquotient","insgesamt",2005,"12 Schwabing - Freimann",132,9002,6818,NA,NA,NA,"Hauptwohnsitzbevölkerung (65 Jahre und älter) (insgesamt)","Hauptwohnsitzbevölkerung (bis 14 Jahre) (insgesamt)",NA,NA,NA
"Überalterungsquotient","insgesamt",2005,"13 Bogenhausen",148.7,13487,9067,NA,NA,NA,"Hauptwohnsitzbevölkerung (65 Jahre und älter) (insgesamt)","Hauptwohnsitzbevölkerung (bis 14 Jahre) (insgesamt)",NA,NA,NA
"Überalterungsquotient","insgesamt",2005,"14 Berg am Laim",145.6,6851,4706,NA,NA,NA,"Hauptwohnsitzbevölkerung (65 Jahre und älter) (insgesamt)","Hauptwohnsitzbevölkerung (bis 14 Jahre) (insgesamt)",NA,NA,NA
"Überalterungsquotient","insgesamt",2005,"15 Trudering - Riem",90.9,7758,8536,NA,NA,NA,"Hauptwohnsitzbevölkerung (65 Jahre und älter) (insgesamt)","Hauptwohnsitzbevölkerung (bis 14 Jahre) (insgesamt)",NA,NA,NA
"Überalterungsquotient","insgesamt",2005,"16 Ramersdorf - Perlach",123.1,17841,14498,NA,NA,NA,"Hauptwohnsitzbevölkerung (65 Jahre und älter) (insgesamt)","Hauptwohnsitzbevölkerung (bis 14 Jahre) (insgesamt)",NA,NA,NA
"Überalterungsquotient","insgesamt",2005,"17 Obergiesing - Fasangarten",147.5,7619,5167,NA,NA,NA,"Hauptwohnsitzbevölkerung (65 Jahre und älter) (insgesamt)","Hauptwohnsitzbevölkerung (bis 14 Jahre) (insgesamt)",NA,NA,NA
"Überalterungsquotient","insgesamt",2005,"18 Untergiesing - Harlaching",184.8,9572,5179,NA,NA,NA,"Hauptwohnsitzbevölkerung (65 Jahre und älter) (insgesamt)","Hauptwohnsitzbevölkerung (bis 14 Jahre) (insgesamt)",NA,NA,NA
"Überalterungsquotient","insgesamt",2005,"19 Thalkirchen - Obersendling - Forstenried - Fürstenried - Solln",185.8,17173,9243,NA,NA,NA,"Hauptwohnsitzbevölkerung (65 Jahre und älter) (insgesamt)","Hauptwohnsitzbevölkerung (bis 14 Jahre) (insgesamt)",NA,NA,NA
"Überalterungsquotient","insgesamt",2005,"20 Hadern",152,9151,6020,NA,NA,NA,"Hauptwohnsitzbevölkerung (65 Jahre und älter) (insgesamt)","Hauptwohnsitzbevölkerung (bis 14 Jahre) (insgesamt)",NA,NA,NA
"Überalterungsquotient","insgesamt",2005,"21 Pasing - Obermenzing",133.5,11610,8698,NA,NA,NA,"Hauptwohnsitzbevölkerung (65 Jahre und älter) (insgesamt)","Hauptwohnsitzbevölkerung (bis 14 Jahre) (insgesamt)",NA,NA,NA
"Überalterungsquotient","insgesamt",2005,"22 Aubing - Lochhausen - Langwied",142.3,7723,5428,NA,NA,NA,"Hauptwohnsitzbevölkerung (65 Jahre und älter) (insgesamt)","Hauptwohnsitzbevölkerung (bis 14 Jahre) (insgesamt)",NA,NA,NA
"Überalterungsquotient","insgesamt",2005,"23 Allach - Untermenzing",136.2,5433,3988,NA,NA,NA,"Hauptwohnsitzbevölkerung (65 Jahre und älter) (insgesamt)","Hauptwohnsitzbevölkerung (bis 14 Jahre) (insgesamt)",NA,NA,NA
"Überalterungsquotient","insgesamt",2005,"24 Feldmoching - Hasenbergl",131.1,10570,8063,NA,NA,NA,"Hauptwohnsitzbevölkerung (65 Jahre und älter) (insgesamt)","Hauptwohnsitzbevölkerung (bis 14 Jahre) (insgesamt)",NA,NA,NA
"Überalterungsquotient","insgesamt",2005,"25 Laim",193.3,9984,5166,NA,NA,NA,"Hauptwohnsitzbevölkerung (65 Jahre und älter) (insgesamt)","Hauptwohnsitzbevölkerung (bis 14 Jahre) (insgesamt)",NA,NA,NA
"Überalterungsquotient","insgesamt",2004,"Stadt München",140,217948,155724,NA,NA,NA,"Hauptwohnsitzbevölkerung (65 Jahre und älter) (insgesamt)","Hauptwohnsitzbevölkerung (bis 14 Jahre) (insgesamt)",NA,NA,NA
"Überalterungsquotient","insgesamt",2004,"01 Altstadt - Lehel",187.9,2985,1589,NA,NA,NA,"Hauptwohnsitzbevölkerung (65 Jahre und älter) (insgesamt)","Hauptwohnsitzbevölkerung (bis 14 Jahre) (insgesamt)",NA,NA,NA
"Überalterungsquotient","insgesamt",2004,"02 Ludwigsvorstadt - Isarvorstadt",127.3,5140,4039,NA,NA,NA,"Hauptwohnsitzbevölkerung (65 Jahre und älter) (insgesamt)","Hauptwohnsitzbevölkerung (bis 14 Jahre) (insgesamt)",NA,NA,NA
"Überalterungsquotient","insgesamt",2004,"03 Maxvorstadt",166.9,5467,3276,NA,NA,NA,"Hauptwohnsitzbevölkerung (65 Jahre und älter) (insgesamt)","Hauptwohnsitzbevölkerung (bis 14 Jahre) (insgesamt)",NA,NA,NA
"Überalterungsquotient","insgesamt",2004,"04 Schwabing - West",179.6,9291,5172,NA,NA,NA,"Hauptwohnsitzbevölkerung (65 Jahre und älter) (insgesamt)","Hauptwohnsitzbevölkerung (bis 14 Jahre) (insgesamt)",NA,NA,NA
"Überalterungsquotient","insgesamt",2004,"05 Au - Haidhausen",140.1,7610,5430,NA,NA,NA,"Hauptwohnsitzbevölkerung (65 Jahre und älter) (insgesamt)","Hauptwohnsitzbevölkerung (bis 14 Jahre) (insgesamt)",NA,NA,NA
"Überalterungsquotient","insgesamt",2004,"06 Sendling",114.4,5019,4387,NA,NA,NA,"Hauptwohnsitzbevölkerung (65 Jahre und älter) (insgesamt)","Hauptwohnsitzbevölkerung (bis 14 Jahre) (insgesamt)",NA,NA,NA
"Überalterungsquotient","insgesamt",2004,"07 Sendling - Westpark",160.9,9107,5661,NA,NA,NA,"Hauptwohnsitzbevölkerung (65 Jahre und älter) (insgesamt)","Hauptwohnsitzbevölkerung (bis 14 Jahre) (insgesamt)",NA,NA,NA
"Überalterungsquotient","insgesamt",2004,"08 Schwanthalerhöhe",100.9,3066,3040,NA,NA,NA,"Hauptwohnsitzbevölkerung (65 Jahre und älter) (insgesamt)","Hauptwohnsitzbevölkerung (bis 14 Jahre) (insgesamt)",NA,NA,NA
"Überalterungsquotient","insgesamt",2004,"09 Neuhausen - Nymphenburg",157.8,14100,8938,NA,NA,NA,"Hauptwohnsitzbevölkerung (65 Jahre und älter) (insgesamt)","Hauptwohnsitzbevölkerung (bis 14 Jahre) (insgesamt)",NA,NA,NA
"Überalterungsquotient","insgesamt",2004,"10 Moosach",127.4,7927,6221,NA,NA,NA,"Hauptwohnsitzbevölkerung (65 Jahre und älter) (insgesamt)","Hauptwohnsitzbevölkerung (bis 14 Jahre) (insgesamt)",NA,NA,NA
"Überalterungsquotient","insgesamt",2004,"11 Milbertshofen - Am Hart",114.1,9687,8489,NA,NA,NA,"Hauptwohnsitzbevölkerung (65 Jahre und älter) (insgesamt)","Hauptwohnsitzbevölkerung (bis 14 Jahre) (insgesamt)",NA,NA,NA
"Überalterungsquotient","insgesamt",2004,"12 Schwabing - Freimann",125.8,8684,6901,NA,NA,NA,"Hauptwohnsitzbevölkerung (65 Jahre und älter) (insgesamt)","Hauptwohnsitzbevölkerung (bis 14 Jahre) (insgesamt)",NA,NA,NA
"Überalterungsquotient","insgesamt",2004,"13 Bogenhausen",146.2,12910,8833,NA,NA,NA,"Hauptwohnsitzbevölkerung (65 Jahre und älter) (insgesamt)","Hauptwohnsitzbevölkerung (bis 14 Jahre) (insgesamt)",NA,NA,NA
"Überalterungsquotient","insgesamt",2004,"14 Berg am Laim",140.3,6646,4736,NA,NA,NA,"Hauptwohnsitzbevölkerung (65 Jahre und älter) (insgesamt)","Hauptwohnsitzbevölkerung (bis 14 Jahre) (insgesamt)",NA,NA,NA
"Überalterungsquotient","insgesamt",2004,"15 Trudering - Riem",93.2,7357,7894,NA,NA,NA,"Hauptwohnsitzbevölkerung (65 Jahre und älter) (insgesamt)","Hauptwohnsitzbevölkerung (bis 14 Jahre) (insgesamt)",NA,NA,NA
"Überalterungsquotient","insgesamt",2004,"16 Ramersdorf - Perlach",117.4,17056,14534,NA,NA,NA,"Hauptwohnsitzbevölkerung (65 Jahre und älter) (insgesamt)","Hauptwohnsitzbevölkerung (bis 14 Jahre) (insgesamt)",NA,NA,NA
"Überalterungsquotient","insgesamt",2004,"17 Obergiesing - Fasangarten",147.9,7495,5066,NA,NA,NA,"Hauptwohnsitzbevölkerung (65 Jahre und älter) (insgesamt)","Hauptwohnsitzbevölkerung (bis 14 Jahre) (insgesamt)",NA,NA,NA
"Überalterungsquotient","insgesamt",2004,"18 Untergiesing - Harlaching",184.7,9392,5084,NA,NA,NA,"Hauptwohnsitzbevölkerung (65 Jahre und älter) (insgesamt)","Hauptwohnsitzbevölkerung (bis 14 Jahre) (insgesamt)",NA,NA,NA
"Überalterungsquotient","insgesamt",2004,"19 Thalkirchen - Obersendling - Forstenried - Fürstenried - Solln",182.2,16444,9026,NA,NA,NA,"Hauptwohnsitzbevölkerung (65 Jahre und älter) (insgesamt)","Hauptwohnsitzbevölkerung (bis 14 Jahre) (insgesamt)",NA,NA,NA
"Überalterungsquotient","insgesamt",2004,"20 Hadern",147.9,8771,5929,NA,NA,NA,"Hauptwohnsitzbevölkerung (65 Jahre und älter) (insgesamt)","Hauptwohnsitzbevölkerung (bis 14 Jahre) (insgesamt)",NA,NA,NA
"Überalterungsquotient","insgesamt",2004,"21 Pasing - Obermenzing",129.5,11186,8637,NA,NA,NA,"Hauptwohnsitzbevölkerung (65 Jahre und älter) (insgesamt)","Hauptwohnsitzbevölkerung (bis 14 Jahre) (insgesamt)",NA,NA,NA
"Überalterungsquotient","insgesamt",2004,"22 Aubing - Lochhausen - Langwied",133.6,7360,5508,NA,NA,NA,"Hauptwohnsitzbevölkerung (65 Jahre und älter) (insgesamt)","Hauptwohnsitzbevölkerung (bis 14 Jahre) (insgesamt)",NA,NA,NA
"Überalterungsquotient","insgesamt",2004,"23 Allach - Untermenzing",131.6,5275,4007,NA,NA,NA,"Hauptwohnsitzbevölkerung (65 Jahre und älter) (insgesamt)","Hauptwohnsitzbevölkerung (bis 14 Jahre) (insgesamt)",NA,NA,NA
"Überalterungsquotient","insgesamt",2004,"24 Feldmoching - Hasenbergl",125,10193,8152,NA,NA,NA,"Hauptwohnsitzbevölkerung (65 Jahre und älter) (insgesamt)","Hauptwohnsitzbevölkerung (bis 14 Jahre) (insgesamt)",NA,NA,NA
"Überalterungsquotient","insgesamt",2004,"25 Laim",189,9780,5175,NA,NA,NA,"Hauptwohnsitzbevölkerung (65 Jahre und älter) (insgesamt)","Hauptwohnsitzbevölkerung (bis 14 Jahre) (insgesamt)",NA,NA,NA
"Überalterungsquotient","insgesamt",2003,"Stadt München",136.2,211238,155089,NA,NA,NA,"Hauptwohnsitzbevölkerung (65 Jahre und älter) (insgesamt)","Hauptwohnsitzbevölkerung (bis 14 Jahre) (insgesamt)",NA,NA,NA
"Überalterungsquotient","insgesamt",2003,"01 Altstadt - Lehel",176.9,2860,1617,NA,NA,NA,"Hauptwohnsitzbevölkerung (65 Jahre und älter) (insgesamt)","Hauptwohnsitzbevölkerung (bis 14 Jahre) (insgesamt)",NA,NA,NA
"Überalterungsquotient","insgesamt",2003,"02 Ludwigsvorstadt - Isarvorstadt",127.3,5097,4003,NA,NA,NA,"Hauptwohnsitzbevölkerung (65 Jahre und älter) (insgesamt)","Hauptwohnsitzbevölkerung (bis 14 Jahre) (insgesamt)",NA,NA,NA
"Überalterungsquotient","insgesamt",2003,"03 Maxvorstadt",164.9,5400,3274,NA,NA,NA,"Hauptwohnsitzbevölkerung (65 Jahre und älter) (insgesamt)","Hauptwohnsitzbevölkerung (bis 14 Jahre) (insgesamt)",NA,NA,NA
"Überalterungsquotient","insgesamt",2003,"04 Schwabing - West",183.7,8933,4862,NA,NA,NA,"Hauptwohnsitzbevölkerung (65 Jahre und älter) (insgesamt)","Hauptwohnsitzbevölkerung (bis 14 Jahre) (insgesamt)",NA,NA,NA
"Überalterungsquotient","insgesamt",2003,"05 Au - Haidhausen",138.3,7540,5450,NA,NA,NA,"Hauptwohnsitzbevölkerung (65 Jahre und älter) (insgesamt)","Hauptwohnsitzbevölkerung (bis 14 Jahre) (insgesamt)",NA,NA,NA
"Überalterungsquotient","insgesamt",2003,"06 Sendling",115.3,4923,4270,NA,NA,NA,"Hauptwohnsitzbevölkerung (65 Jahre und älter) (insgesamt)","Hauptwohnsitzbevölkerung (bis 14 Jahre) (insgesamt)",NA,NA,NA
"Überalterungsquotient","insgesamt",2003,"07 Sendling - Westpark",155.5,8868,5704,NA,NA,NA,"Hauptwohnsitzbevölkerung (65 Jahre und älter) (insgesamt)","Hauptwohnsitzbevölkerung (bis 14 Jahre) (insgesamt)",NA,NA,NA
"Überalterungsquotient","insgesamt",2003,"08 Schwanthalerhöhe",101.7,3041,2991,NA,NA,NA,"Hauptwohnsitzbevölkerung (65 Jahre und älter) (insgesamt)","Hauptwohnsitzbevölkerung (bis 14 Jahre) (insgesamt)",NA,NA,NA
"Überalterungsquotient","insgesamt",2003,"09 Neuhausen - Nymphenburg",152.8,13812,9038,NA,NA,NA,"Hauptwohnsitzbevölkerung (65 Jahre und älter) (insgesamt)","Hauptwohnsitzbevölkerung (bis 14 Jahre) (insgesamt)",NA,NA,NA
"Überalterungsquotient","insgesamt",2003,"10 Moosach",121,7619,6295,NA,NA,NA,"Hauptwohnsitzbevölkerung (65 Jahre und älter) (insgesamt)","Hauptwohnsitzbevölkerung (bis 14 Jahre) (insgesamt)",NA,NA,NA
"Überalterungsquotient","insgesamt",2003,"11 Milbertshofen - Am Hart",114.5,9410,8218,NA,NA,NA,"Hauptwohnsitzbevölkerung (65 Jahre und älter) (insgesamt)","Hauptwohnsitzbevölkerung (bis 14 Jahre) (insgesamt)",NA,NA,NA
"Überalterungsquotient","insgesamt",2003,"12 Schwabing - Freimann",119.5,8453,7071,NA,NA,NA,"Hauptwohnsitzbevölkerung (65 Jahre und älter) (insgesamt)","Hauptwohnsitzbevölkerung (bis 14 Jahre) (insgesamt)",NA,NA,NA
"Überalterungsquotient","insgesamt",2003,"13 Bogenhausen",141.8,12437,8770,NA,NA,NA,"Hauptwohnsitzbevölkerung (65 Jahre und älter) (insgesamt)","Hauptwohnsitzbevölkerung (bis 14 Jahre) (insgesamt)",NA,NA,NA
"Überalterungsquotient","insgesamt",2003,"14 Berg am Laim",137.3,6456,4701,NA,NA,NA,"Hauptwohnsitzbevölkerung (65 Jahre und älter) (insgesamt)","Hauptwohnsitzbevölkerung (bis 14 Jahre) (insgesamt)",NA,NA,NA
"Überalterungsquotient","insgesamt",2003,"15 Trudering - Riem",92.3,6989,7576,NA,NA,NA,"Hauptwohnsitzbevölkerung (65 Jahre und älter) (insgesamt)","Hauptwohnsitzbevölkerung (bis 14 Jahre) (insgesamt)",NA,NA,NA
"Überalterungsquotient","insgesamt",2003,"16 Ramersdorf - Perlach",111.2,16319,14670,NA,NA,NA,"Hauptwohnsitzbevölkerung (65 Jahre und älter) (insgesamt)","Hauptwohnsitzbevölkerung (bis 14 Jahre) (insgesamt)",NA,NA,NA
"Überalterungsquotient","insgesamt",2003,"17 Obergiesing - Fasangarten",142.2,7391,5197,NA,NA,NA,"Hauptwohnsitzbevölkerung (65 Jahre und älter) (insgesamt)","Hauptwohnsitzbevölkerung (bis 14 Jahre) (insgesamt)",NA,NA,NA
"Überalterungsquotient","insgesamt",2003,"18 Untergiesing - Harlaching",180.9,9195,5083,NA,NA,NA,"Hauptwohnsitzbevölkerung (65 Jahre und älter) (insgesamt)","Hauptwohnsitzbevölkerung (bis 14 Jahre) (insgesamt)",NA,NA,NA
"Überalterungsquotient","insgesamt",2003,"19 Thalkirchen - Obersendling - Forstenried - Fürstenried - Solln",174.3,15805,9068,NA,NA,NA,"Hauptwohnsitzbevölkerung (65 Jahre und älter) (insgesamt)","Hauptwohnsitzbevölkerung (bis 14 Jahre) (insgesamt)",NA,NA,NA
"Überalterungsquotient","insgesamt",2003,"20 Hadern",144.4,8329,5770,NA,NA,NA,"Hauptwohnsitzbevölkerung (65 Jahre und älter) (insgesamt)","Hauptwohnsitzbevölkerung (bis 14 Jahre) (insgesamt)",NA,NA,NA
"Überalterungsquotient","insgesamt",2003,"21 Pasing - Obermenzing",126,10832,8598,NA,NA,NA,"Hauptwohnsitzbevölkerung (65 Jahre und älter) (insgesamt)","Hauptwohnsitzbevölkerung (bis 14 Jahre) (insgesamt)",NA,NA,NA
"Überalterungsquotient","insgesamt",2003,"22 Aubing - Lochhausen - Langwied",127.5,7037,5521,NA,NA,NA,"Hauptwohnsitzbevölkerung (65 Jahre und älter) (insgesamt)","Hauptwohnsitzbevölkerung (bis 14 Jahre) (insgesamt)",NA,NA,NA
"Überalterungsquotient","insgesamt",2003,"23 Allach - Untermenzing",127,5068,3991,NA,NA,NA,"Hauptwohnsitzbevölkerung (65 Jahre und älter) (insgesamt)","Hauptwohnsitzbevölkerung (bis 14 Jahre) (insgesamt)",NA,NA,NA
"Überalterungsquotient","insgesamt",2003,"24 Feldmoching - Hasenbergl",120,9819,8185,NA,NA,NA,"Hauptwohnsitzbevölkerung (65 Jahre und älter) (insgesamt)","Hauptwohnsitzbevölkerung (bis 14 Jahre) (insgesamt)",NA,NA,NA
"Überalterungsquotient","insgesamt",2003,"25 Laim",185.9,9605,5166,NA,NA,NA,"Hauptwohnsitzbevölkerung (65 Jahre und älter) (insgesamt)","Hauptwohnsitzbevölkerung (bis 14 Jahre) (insgesamt)",NA,NA,NA
"Überalterungsquotient","insgesamt",2002,"Stadt München",133.9,206125,153986,NA,NA,NA,"Hauptwohnsitzbevölkerung (65 Jahre und älter) (insgesamt)","Hauptwohnsitzbevölkerung (bis 14 Jahre) (insgesamt)",NA,NA,NA
"Überalterungsquotient","insgesamt",2002,"01 Altstadt - Lehel",183.4,2839,1548,NA,NA,NA,"Hauptwohnsitzbevölkerung (65 Jahre und älter) (insgesamt)","Hauptwohnsitzbevölkerung (bis 14 Jahre) (insgesamt)",NA,NA,NA
"Überalterungsquotient","insgesamt",2002,"02 Ludwigsvorstadt - Isarvorstadt",126.6,5061,3998,NA,NA,NA,"Hauptwohnsitzbevölkerung (65 Jahre und älter) (insgesamt)","Hauptwohnsitzbevölkerung (bis 14 Jahre) (insgesamt)",NA,NA,NA
"Überalterungsquotient","insgesamt",2002,"03 Maxvorstadt",163,5377,3298,NA,NA,NA,"Hauptwohnsitzbevölkerung (65 Jahre und älter) (insgesamt)","Hauptwohnsitzbevölkerung (bis 14 Jahre) (insgesamt)",NA,NA,NA
"Überalterungsquotient","insgesamt",2002,"04 Schwabing - West",183.5,8848,4821,NA,NA,NA,"Hauptwohnsitzbevölkerung (65 Jahre und älter) (insgesamt)","Hauptwohnsitzbevölkerung (bis 14 Jahre) (insgesamt)",NA,NA,NA
"Überalterungsquotient","insgesamt",2002,"05 Au - Haidhausen",136.1,7476,5494,NA,NA,NA,"Hauptwohnsitzbevölkerung (65 Jahre und älter) (insgesamt)","Hauptwohnsitzbevölkerung (bis 14 Jahre) (insgesamt)",NA,NA,NA
"Überalterungsquotient","insgesamt",2002,"06 Sendling",114.1,4874,4272,NA,NA,NA,"Hauptwohnsitzbevölkerung (65 Jahre und älter) (insgesamt)","Hauptwohnsitzbevölkerung (bis 14 Jahre) (insgesamt)",NA,NA,NA
"Überalterungsquotient","insgesamt",2002,"07 Sendling - Westpark",153,8714,5697,NA,NA,NA,"Hauptwohnsitzbevölkerung (65 Jahre und älter) (insgesamt)","Hauptwohnsitzbevölkerung (bis 14 Jahre) (insgesamt)",NA,NA,NA
"Überalterungsquotient","insgesamt",2002,"08 Schwanthalerhöhe",101.9,2984,2928,NA,NA,NA,"Hauptwohnsitzbevölkerung (65 Jahre und älter) (insgesamt)","Hauptwohnsitzbevölkerung (bis 14 Jahre) (insgesamt)",NA,NA,NA
"Überalterungsquotient","insgesamt",2002,"09 Neuhausen - Nymphenburg",149.3,13632,9129,NA,NA,NA,"Hauptwohnsitzbevölkerung (65 Jahre und älter) (insgesamt)","Hauptwohnsitzbevölkerung (bis 14 Jahre) (insgesamt)",NA,NA,NA
"Überalterungsquotient","insgesamt",2002,"10 Moosach",117.3,7373,6284,NA,NA,NA,"Hauptwohnsitzbevölkerung (65 Jahre und älter) (insgesamt)","Hauptwohnsitzbevölkerung (bis 14 Jahre) (insgesamt)",NA,NA,NA
"Überalterungsquotient","insgesamt",2002,"11 Milbertshofen - Am Hart",113.8,9128,8018,NA,NA,NA,"Hauptwohnsitzbevölkerung (65 Jahre und älter) (insgesamt)","Hauptwohnsitzbevölkerung (bis 14 Jahre) (insgesamt)",NA,NA,NA
"Überalterungsquotient","insgesamt",2002,"12 Schwabing - Freimann",115.6,8327,7202,NA,NA,NA,"Hauptwohnsitzbevölkerung (65 Jahre und älter) (insgesamt)","Hauptwohnsitzbevölkerung (bis 14 Jahre) (insgesamt)",NA,NA,NA
"Überalterungsquotient","insgesamt",2002,"13 Bogenhausen",139.6,11959,8568,NA,NA,NA,"Hauptwohnsitzbevölkerung (65 Jahre und älter) (insgesamt)","Hauptwohnsitzbevölkerung (bis 14 Jahre) (insgesamt)",NA,NA,NA
"Überalterungsquotient","insgesamt",2002,"14 Berg am Laim",134.9,6344,4702,NA,NA,NA,"Hauptwohnsitzbevölkerung (65 Jahre und älter) (insgesamt)","Hauptwohnsitzbevölkerung (bis 14 Jahre) (insgesamt)",NA,NA,NA
"Überalterungsquotient","insgesamt",2002,"15 Trudering - Riem",91.1,6699,7357,NA,NA,NA,"Hauptwohnsitzbevölkerung (65 Jahre und älter) (insgesamt)","Hauptwohnsitzbevölkerung (bis 14 Jahre) (insgesamt)",NA,NA,NA
"Überalterungsquotient","insgesamt",2002,"16 Ramersdorf - Perlach",107.8,15675,14546,NA,NA,NA,"Hauptwohnsitzbevölkerung (65 Jahre und älter) (insgesamt)","Hauptwohnsitzbevölkerung (bis 14 Jahre) (insgesamt)",NA,NA,NA
"Überalterungsquotient","insgesamt",2002,"17 Obergiesing - Fasangarten",141,7299,5175,NA,NA,NA,"Hauptwohnsitzbevölkerung (65 Jahre und älter) (insgesamt)","Hauptwohnsitzbevölkerung (bis 14 Jahre) (insgesamt)",NA,NA,NA
"Überalterungsquotient","insgesamt",2002,"18 Untergiesing - Harlaching",180.5,9047,5011,NA,NA,NA,"Hauptwohnsitzbevölkerung (65 Jahre und älter) (insgesamt)","Hauptwohnsitzbevölkerung (bis 14 Jahre) (insgesamt)",NA,NA,NA
"Überalterungsquotient","insgesamt",2002,"19 Thalkirchen - Obersendling - Forstenried - Fürstenried - Solln",170.4,15332,8999,NA,NA,NA,"Hauptwohnsitzbevölkerung (65 Jahre und älter) (insgesamt)","Hauptwohnsitzbevölkerung (bis 14 Jahre) (insgesamt)",NA,NA,NA
"Überalterungsquotient","insgesamt",2002,"20 Hadern",140.7,8047,5719,NA,NA,NA,"Hauptwohnsitzbevölkerung (65 Jahre und älter) (insgesamt)","Hauptwohnsitzbevölkerung (bis 14 Jahre) (insgesamt)",NA,NA,NA
"Überalterungsquotient","insgesamt",2002,"21 Pasing - Obermenzing",125.2,10457,8350,NA,NA,NA,"Hauptwohnsitzbevölkerung (65 Jahre und älter) (insgesamt)","Hauptwohnsitzbevölkerung (bis 14 Jahre) (insgesamt)",NA,NA,NA
"Überalterungsquotient","insgesamt",2002,"22 Aubing - Lochhausen - Langwied",120.9,6715,5555,NA,NA,NA,"Hauptwohnsitzbevölkerung (65 Jahre und älter) (insgesamt)","Hauptwohnsitzbevölkerung (bis 14 Jahre) (insgesamt)",NA,NA,NA
"Überalterungsquotient","insgesamt",2002,"23 Allach - Untermenzing",124.2,4906,3950,NA,NA,NA,"Hauptwohnsitzbevölkerung (65 Jahre und älter) (insgesamt)","Hauptwohnsitzbevölkerung (bis 14 Jahre) (insgesamt)",NA,NA,NA
"Überalterungsquotient","insgesamt",2002,"24 Feldmoching - Hasenbergl",115.8,9546,8243,NA,NA,NA,"Hauptwohnsitzbevölkerung (65 Jahre und älter) (insgesamt)","Hauptwohnsitzbevölkerung (bis 14 Jahre) (insgesamt)",NA,NA,NA
"Überalterungsquotient","insgesamt",2002,"25 Laim",184.8,9466,5122,NA,NA,NA,"Hauptwohnsitzbevölkerung (65 Jahre und älter) (insgesamt)","Hauptwohnsitzbevölkerung (bis 14 Jahre) (insgesamt)",NA,NA,NA
"Überalterungsquotient","insgesamt",2001,"Stadt München",132.3,202231,152879,NA,NA,NA,"Hauptwohnsitzbevölkerung (65 Jahre und älter) (insgesamt)","Hauptwohnsitzbevölkerung (bis 14 Jahre) (insgesamt)",NA,NA,NA
"Überalterungsquotient","insgesamt",2001,"01 Altstadt - Lehel",189.9,2837,1494,NA,NA,NA,"Hauptwohnsitzbevölkerung (65 Jahre und älter) (insgesamt)","Hauptwohnsitzbevölkerung (bis 14 Jahre) (insgesamt)",NA,NA,NA
"Überalterungsquotient","insgesamt",2001,"02 Ludwigsvorstadt - Isarvorstadt",125.9,5014,3984,NA,NA,NA,"Hauptwohnsitzbevölkerung (65 Jahre und älter) (insgesamt)","Hauptwohnsitzbevölkerung (bis 14 Jahre) (insgesamt)",NA,NA,NA
"Überalterungsquotient","insgesamt",2001,"03 Maxvorstadt",162.1,5437,3354,NA,NA,NA,"Hauptwohnsitzbevölkerung (65 Jahre und älter) (insgesamt)","Hauptwohnsitzbevölkerung (bis 14 Jahre) (insgesamt)",NA,NA,NA
"Überalterungsquotient","insgesamt",2001,"04 Schwabing - West",184.5,8819,4779,NA,NA,NA,"Hauptwohnsitzbevölkerung (65 Jahre und älter) (insgesamt)","Hauptwohnsitzbevölkerung (bis 14 Jahre) (insgesamt)",NA,NA,NA
"Überalterungsquotient","insgesamt",2001,"05 Au - Haidhausen",135.7,7468,5502,NA,NA,NA,"Hauptwohnsitzbevölkerung (65 Jahre und älter) (insgesamt)","Hauptwohnsitzbevölkerung (bis 14 Jahre) (insgesamt)",NA,NA,NA
"Überalterungsquotient","insgesamt",2001,"06 Sendling",114.3,4775,4176,NA,NA,NA,"Hauptwohnsitzbevölkerung (65 Jahre und älter) (insgesamt)","Hauptwohnsitzbevölkerung (bis 14 Jahre) (insgesamt)",NA,NA,NA
"Überalterungsquotient","insgesamt",2001,"07 Sendling - Westpark",150.5,8630,5733,NA,NA,NA,"Hauptwohnsitzbevölkerung (65 Jahre und älter) (insgesamt)","Hauptwohnsitzbevölkerung (bis 14 Jahre) (insgesamt)",NA,NA,NA
"Überalterungsquotient","insgesamt",2001,"08 Schwanthalerhöhe",100.4,2926,2913,NA,NA,NA,"Hauptwohnsitzbevölkerung (65 Jahre und älter) (insgesamt)","Hauptwohnsitzbevölkerung (bis 14 Jahre) (insgesamt)",NA,NA,NA
"Überalterungsquotient","insgesamt",2001,"09 Neuhausen - Nymphenburg",149.5,13575,9081,NA,NA,NA,"Hauptwohnsitzbevölkerung (65 Jahre und älter) (insgesamt)","Hauptwohnsitzbevölkerung (bis 14 Jahre) (insgesamt)",NA,NA,NA
"Überalterungsquotient","insgesamt",2001,"10 Moosach",115.1,7211,6265,NA,NA,NA,"Hauptwohnsitzbevölkerung (65 Jahre und älter) (insgesamt)","Hauptwohnsitzbevölkerung (bis 14 Jahre) (insgesamt)",NA,NA,NA
"Überalterungsquotient","insgesamt",2001,"11 Milbertshofen - Am Hart",111.3,8852,7955,NA,NA,NA,"Hauptwohnsitzbevölkerung (65 Jahre und älter) (insgesamt)","Hauptwohnsitzbevölkerung (bis 14 Jahre) (insgesamt)",NA,NA,NA
"Überalterungsquotient","insgesamt",2001,"12 Schwabing - Freimann",113,8132,7195,NA,NA,NA,"Hauptwohnsitzbevölkerung (65 Jahre und älter) (insgesamt)","Hauptwohnsitzbevölkerung (bis 14 Jahre) (insgesamt)",NA,NA,NA
"Überalterungsquotient","insgesamt",2001,"13 Bogenhausen",138.4,11578,8365,NA,NA,NA,"Hauptwohnsitzbevölkerung (65 Jahre und älter) (insgesamt)","Hauptwohnsitzbevölkerung (bis 14 Jahre) (insgesamt)",NA,NA,NA
"Überalterungsquotient","insgesamt",2001,"14 Berg am Laim",136.9,6275,4583,NA,NA,NA,"Hauptwohnsitzbevölkerung (65 Jahre und älter) (insgesamt)","Hauptwohnsitzbevölkerung (bis 14 Jahre) (insgesamt)",NA,NA,NA
"Überalterungsquotient","insgesamt",2001,"15 Trudering - Riem",93.4,6434,6891,NA,NA,NA,"Hauptwohnsitzbevölkerung (65 Jahre und älter) (insgesamt)","Hauptwohnsitzbevölkerung (bis 14 Jahre) (insgesamt)",NA,NA,NA
"Überalterungsquotient","insgesamt",2001,"16 Ramersdorf - Perlach",102.5,15154,14784,NA,NA,NA,"Hauptwohnsitzbevölkerung (65 Jahre und älter) (insgesamt)","Hauptwohnsitzbevölkerung (bis 14 Jahre) (insgesamt)",NA,NA,NA
"Überalterungsquotient","insgesamt",2001,"17 Obergiesing - Fasangarten",142.1,7257,5108,NA,NA,NA,"Hauptwohnsitzbevölkerung (65 Jahre und älter) (insgesamt)","Hauptwohnsitzbevölkerung (bis 14 Jahre) (insgesamt)",NA,NA,NA
"Überalterungsquotient","insgesamt",2001,"18 Untergiesing - Harlaching",179.7,8979,4998,NA,NA,NA,"Hauptwohnsitzbevölkerung (65 Jahre und älter) (insgesamt)","Hauptwohnsitzbevölkerung (bis 14 Jahre) (insgesamt)",NA,NA,NA
"Überalterungsquotient","insgesamt",2001,"19 Thalkirchen - Obersendling - Forstenried - Fürstenried - Solln",168.6,14949,8866,NA,NA,NA,"Hauptwohnsitzbevölkerung (65 Jahre und älter) (insgesamt)","Hauptwohnsitzbevölkerung (bis 14 Jahre) (insgesamt)",NA,NA,NA
"Überalterungsquotient","insgesamt",2001,"20 Hadern",139.1,7778,5590,NA,NA,NA,"Hauptwohnsitzbevölkerung (65 Jahre und älter) (insgesamt)","Hauptwohnsitzbevölkerung (bis 14 Jahre) (insgesamt)",NA,NA,NA
"Überalterungsquotient","insgesamt",2001,"21 Pasing - Obermenzing",123.2,10217,8291,NA,NA,NA,"Hauptwohnsitzbevölkerung (65 Jahre und älter) (insgesamt)","Hauptwohnsitzbevölkerung (bis 14 Jahre) (insgesamt)",NA,NA,NA
"Überalterungsquotient","insgesamt",2001,"22 Aubing - Lochhausen - Langwied",113.2,6443,5692,NA,NA,NA,"Hauptwohnsitzbevölkerung (65 Jahre und älter) (insgesamt)","Hauptwohnsitzbevölkerung (bis 14 Jahre) (insgesamt)",NA,NA,NA
"Überalterungsquotient","insgesamt",2001,"23 Allach - Untermenzing",121.3,4758,3922,NA,NA,NA,"Hauptwohnsitzbevölkerung (65 Jahre und älter) (insgesamt)","Hauptwohnsitzbevölkerung (bis 14 Jahre) (insgesamt)",NA,NA,NA
"Überalterungsquotient","insgesamt",2001,"24 Feldmoching - Hasenbergl",112.6,9290,8250,NA,NA,NA,"Hauptwohnsitzbevölkerung (65 Jahre und älter) (insgesamt)","Hauptwohnsitzbevölkerung (bis 14 Jahre) (insgesamt)",NA,NA,NA
"Überalterungsquotient","insgesamt",2001,"25 Laim",184.9,9443,5108,NA,NA,NA,"Hauptwohnsitzbevölkerung (65 Jahre und älter) (insgesamt)","Hauptwohnsitzbevölkerung (bis 14 Jahre) (insgesamt)",NA,NA,NA
"Überalterungsquotient","insgesamt",2000,"Stadt München",131.5,198392,150826,NA,NA,NA,"Hauptwohnsitzbevölkerung (65 Jahre und älter) (insgesamt)","Hauptwohnsitzbevölkerung (bis 14 Jahre) (insgesamt)",NA,NA,NA
"Überalterungsquotient","insgesamt",2000,"01 Altstadt - Lehel",186,2783,1496,NA,NA,NA,"Hauptwohnsitzbevölkerung (65 Jahre und älter) (insgesamt)","Hauptwohnsitzbevölkerung (bis 14 Jahre) (insgesamt)",NA,NA,NA
"Überalterungsquotient","insgesamt",2000,"02 Ludwigsvorstadt - Isarvorstadt",128.6,4972,3867,NA,NA,NA,"Hauptwohnsitzbevölkerung (65 Jahre und älter) (insgesamt)","Hauptwohnsitzbevölkerung (bis 14 Jahre) (insgesamt)",NA,NA,NA
"Überalterungsquotient","insgesamt",2000,"03 Maxvorstadt",165.6,5466,3301,NA,NA,NA,"Hauptwohnsitzbevölkerung (65 Jahre und älter) (insgesamt)","Hauptwohnsitzbevölkerung (bis 14 Jahre) (insgesamt)",NA,NA,NA
"Überalterungsquotient","insgesamt",2000,"04 Schwabing - West",186.6,8766,4698,NA,NA,NA,"Hauptwohnsitzbevölkerung (65 Jahre und älter) (insgesamt)","Hauptwohnsitzbevölkerung (bis 14 Jahre) (insgesamt)",NA,NA,NA
"Überalterungsquotient","insgesamt",2000,"05 Au - Haidhausen",138.1,7493,5426,NA,NA,NA,"Hauptwohnsitzbevölkerung (65 Jahre und älter) (insgesamt)","Hauptwohnsitzbevölkerung (bis 14 Jahre) (insgesamt)",NA,NA,NA
"Überalterungsquotient","insgesamt",2000,"06 Sendling",113.8,4723,4151,NA,NA,NA,"Hauptwohnsitzbevölkerung (65 Jahre und älter) (insgesamt)","Hauptwohnsitzbevölkerung (bis 14 Jahre) (insgesamt)",NA,NA,NA
"Überalterungsquotient","insgesamt",2000,"07 Sendling - Westpark",148.9,8517,5721,NA,NA,NA,"Hauptwohnsitzbevölkerung (65 Jahre und älter) (insgesamt)","Hauptwohnsitzbevölkerung (bis 14 Jahre) (insgesamt)",NA,NA,NA
"Überalterungsquotient","insgesamt",2000,"08 Schwanthalerhöhe",100.6,2888,2872,NA,NA,NA,"Hauptwohnsitzbevölkerung (65 Jahre und älter) (insgesamt)","Hauptwohnsitzbevölkerung (bis 14 Jahre) (insgesamt)",NA,NA,NA
"Überalterungsquotient","insgesamt",2000,"09 Neuhausen - Nymphenburg",149.9,13607,9076,NA,NA,NA,"Hauptwohnsitzbevölkerung (65 Jahre und älter) (insgesamt)","Hauptwohnsitzbevölkerung (bis 14 Jahre) (insgesamt)",NA,NA,NA
"Überalterungsquotient","insgesamt",2000,"10 Moosach",111.9,7019,6271,NA,NA,NA,"Hauptwohnsitzbevölkerung (65 Jahre und älter) (insgesamt)","Hauptwohnsitzbevölkerung (bis 14 Jahre) (insgesamt)",NA,NA,NA
"Überalterungsquotient","insgesamt",2000,"11 Milbertshofen - Am Hart",108.9,8575,7874,NA,NA,NA,"Hauptwohnsitzbevölkerung (65 Jahre und älter) (insgesamt)","Hauptwohnsitzbevölkerung (bis 14 Jahre) (insgesamt)",NA,NA,NA
"Überalterungsquotient","insgesamt",2000,"12 Schwabing - Freimann",112.6,8005,7110,NA,NA,NA,"Hauptwohnsitzbevölkerung (65 Jahre und älter) (insgesamt)","Hauptwohnsitzbevölkerung (bis 14 Jahre) (insgesamt)",NA,NA,NA
"Überalterungsquotient","insgesamt",2000,"13 Bogenhausen",137.5,11342,8249,NA,NA,NA,"Hauptwohnsitzbevölkerung (65 Jahre und älter) (insgesamt)","Hauptwohnsitzbevölkerung (bis 14 Jahre) (insgesamt)",NA,NA,NA
"Überalterungsquotient","insgesamt",2000,"14 Berg am Laim",137.5,6202,4509,NA,NA,NA,"Hauptwohnsitzbevölkerung (65 Jahre und älter) (insgesamt)","Hauptwohnsitzbevölkerung (bis 14 Jahre) (insgesamt)",NA,NA,NA
"Überalterungsquotient","insgesamt",2000,"15 Trudering - Riem",96.9,6145,6343,NA,NA,NA,"Hauptwohnsitzbevölkerung (65 Jahre und älter) (insgesamt)","Hauptwohnsitzbevölkerung (bis 14 Jahre) (insgesamt)",NA,NA,NA
"Überalterungsquotient","insgesamt",2000,"16 Ramersdorf - Perlach",97.6,14570,14921,NA,NA,NA,"Hauptwohnsitzbevölkerung (65 Jahre und älter) (insgesamt)","Hauptwohnsitzbevölkerung (bis 14 Jahre) (insgesamt)",NA,NA,NA
"Überalterungsquotient","insgesamt",2000,"17 Obergiesing - Fasangarten",142.9,7215,5048,NA,NA,NA,"Hauptwohnsitzbevölkerung (65 Jahre und älter) (insgesamt)","Hauptwohnsitzbevölkerung (bis 14 Jahre) (insgesamt)",NA,NA,NA
"Überalterungsquotient","insgesamt",2000,"18 Untergiesing - Harlaching",183.2,8912,4864,NA,NA,NA,"Hauptwohnsitzbevölkerung (65 Jahre und älter) (insgesamt)","Hauptwohnsitzbevölkerung (bis 14 Jahre) (insgesamt)",NA,NA,NA
"Überalterungsquotient","insgesamt",2000,"19 Thalkirchen - Obersendling - Forstenried - Fürstenried - Solln",168.5,14547,8633,NA,NA,NA,"Hauptwohnsitzbevölkerung (65 Jahre und älter) (insgesamt)","Hauptwohnsitzbevölkerung (bis 14 Jahre) (insgesamt)",NA,NA,NA
"Überalterungsquotient","insgesamt",2000,"20 Hadern",133.5,7486,5609,NA,NA,NA,"Hauptwohnsitzbevölkerung (65 Jahre und älter) (insgesamt)","Hauptwohnsitzbevölkerung (bis 14 Jahre) (insgesamt)",NA,NA,NA
"Überalterungsquotient","insgesamt",2000,"21 Pasing - Obermenzing",123.7,9990,8073,NA,NA,NA,"Hauptwohnsitzbevölkerung (65 Jahre und älter) (insgesamt)","Hauptwohnsitzbevölkerung (bis 14 Jahre) (insgesamt)",NA,NA,NA
"Überalterungsquotient","insgesamt",2000,"22 Aubing - Lochhausen - Langwied",107.7,6128,5690,NA,NA,NA,"Hauptwohnsitzbevölkerung (65 Jahre und älter) (insgesamt)","Hauptwohnsitzbevölkerung (bis 14 Jahre) (insgesamt)",NA,NA,NA
"Überalterungsquotient","insgesamt",2000,"23 Allach - Untermenzing",120.5,4662,3869,NA,NA,NA,"Hauptwohnsitzbevölkerung (65 Jahre und älter) (insgesamt)","Hauptwohnsitzbevölkerung (bis 14 Jahre) (insgesamt)",NA,NA,NA
"Überalterungsquotient","insgesamt",2000,"24 Feldmoching - Hasenbergl",110.3,8962,8127,NA,NA,NA,"Hauptwohnsitzbevölkerung (65 Jahre und älter) (insgesamt)","Hauptwohnsitzbevölkerung (bis 14 Jahre) (insgesamt)",NA,NA,NA
"Überalterungsquotient","insgesamt",2000,"25 Laim",187.3,9417,5028,NA,NA,NA,"Hauptwohnsitzbevölkerung (65 Jahre und älter) (insgesamt)","Hauptwohnsitzbevölkerung (bis 14 Jahre) (insgesamt)",NA,NA,NA
"Überalterungsquotient","nichtdeutsch",2009,"Stadt München",94.7,26679,28178,NA,NA,NA,"Hauptwohnsitzbevölkerung (65 Jahre und älter) (nichtdeutsch)","Hauptwohnsitzbevölkerung (bis 14 Jahre) (nichtdeutsch)",NA,NA,NA
"Überalterungsquotient","nichtdeutsch",2009,"01 Altstadt - Lehel",265.3,459,173,NA,NA,NA,"Hauptwohnsitzbevölkerung (65 Jahre und älter) (nichtdeutsch)","Hauptwohnsitzbevölkerung (bis 14 Jahre) (nichtdeutsch)",NA,NA,NA
"Überalterungsquotient","nichtdeutsch",2009,"02 Ludwigsvorstadt - Isarvorstadt",162.3,1131,697,NA,NA,NA,"Hauptwohnsitzbevölkerung (65 Jahre und älter) (nichtdeutsch)","Hauptwohnsitzbevölkerung (bis 14 Jahre) (nichtdeutsch)",NA,NA,NA
"Überalterungsquotient","nichtdeutsch",2009,"03 Maxvorstadt",153.2,818,534,NA,NA,NA,"Hauptwohnsitzbevölkerung (65 Jahre und älter) (nichtdeutsch)","Hauptwohnsitzbevölkerung (bis 14 Jahre) (nichtdeutsch)",NA,NA,NA
"Überalterungsquotient","nichtdeutsch",2009,"04 Schwabing - West",159.5,1096,687,NA,NA,NA,"Hauptwohnsitzbevölkerung (65 Jahre und älter) (nichtdeutsch)","Hauptwohnsitzbevölkerung (bis 14 Jahre) (nichtdeutsch)",NA,NA,NA
"Überalterungsquotient","nichtdeutsch",2009,"05 Au - Haidhausen",153.9,1214,789,NA,NA,NA,"Hauptwohnsitzbevölkerung (65 Jahre und älter) (nichtdeutsch)","Hauptwohnsitzbevölkerung (bis 14 Jahre) (nichtdeutsch)",NA,NA,NA
"Überalterungsquotient","nichtdeutsch",2009,"06 Sendling",115.7,921,796,NA,NA,NA,"Hauptwohnsitzbevölkerung (65 Jahre und älter) (nichtdeutsch)","Hauptwohnsitzbevölkerung (bis 14 Jahre) (nichtdeutsch)",NA,NA,NA
"Überalterungsquotient","nichtdeutsch",2009,"07 Sendling - Westpark",99.9,1111,1112,NA,NA,NA,"Hauptwohnsitzbevölkerung (65 Jahre und älter) (nichtdeutsch)","Hauptwohnsitzbevölkerung (bis 14 Jahre) (nichtdeutsch)",NA,NA,NA
"Überalterungsquotient","nichtdeutsch",2009,"08 Schwanthalerhöhe",141,1014,719,NA,NA,NA,"Hauptwohnsitzbevölkerung (65 Jahre und älter) (nichtdeutsch)","Hauptwohnsitzbevölkerung (bis 14 Jahre) (nichtdeutsch)",NA,NA,NA
"Überalterungsquotient","nichtdeutsch",2009,"09 Neuhausen - Nymphenburg",112.5,1500,1333,NA,NA,NA,"Hauptwohnsitzbevölkerung (65 Jahre und älter) (nichtdeutsch)","Hauptwohnsitzbevölkerung (bis 14 Jahre) (nichtdeutsch)",NA,NA,NA
"Überalterungsquotient","nichtdeutsch",2009,"10 Moosach",80.5,1033,1283,NA,NA,NA,"Hauptwohnsitzbevölkerung (65 Jahre und älter) (nichtdeutsch)","Hauptwohnsitzbevölkerung (bis 14 Jahre) (nichtdeutsch)",NA,NA,NA
"Überalterungsquotient","nichtdeutsch",2009,"11 Milbertshofen - Am Hart",72.9,1752,2402,NA,NA,NA,"Hauptwohnsitzbevölkerung (65 Jahre und älter) (nichtdeutsch)","Hauptwohnsitzbevölkerung (bis 14 Jahre) (nichtdeutsch)",NA,NA,NA
"Überalterungsquotient","nichtdeutsch",2009,"12 Schwabing - Freimann",91.9,926,1008,NA,NA,NA,"Hauptwohnsitzbevölkerung (65 Jahre und älter) (nichtdeutsch)","Hauptwohnsitzbevölkerung (bis 14 Jahre) (nichtdeutsch)",NA,NA,NA
"Überalterungsquotient","nichtdeutsch",2009,"13 Bogenhausen",98,1341,1368,NA,NA,NA,"Hauptwohnsitzbevölkerung (65 Jahre und älter) (nichtdeutsch)","Hauptwohnsitzbevölkerung (bis 14 Jahre) (nichtdeutsch)",NA,NA,NA
"Überalterungsquotient","nichtdeutsch",2009,"14 Berg am Laim",69.1,778,1126,NA,NA,NA,"Hauptwohnsitzbevölkerung (65 Jahre und älter) (nichtdeutsch)","Hauptwohnsitzbevölkerung (bis 14 Jahre) (nichtdeutsch)",NA,NA,NA
"Überalterungsquotient","nichtdeutsch",2009,"15 Trudering - Riem",45.8,588,1283,NA,NA,NA,"Hauptwohnsitzbevölkerung (65 Jahre und älter) (nichtdeutsch)","Hauptwohnsitzbevölkerung (bis 14 Jahre) (nichtdeutsch)",NA,NA,NA
"Überalterungsquotient","nichtdeutsch",2009,"16 Ramersdorf - Perlach",78.6,2588,3293,NA,NA,NA,"Hauptwohnsitzbevölkerung (65 Jahre und älter) (nichtdeutsch)","Hauptwohnsitzbevölkerung (bis 14 Jahre) (nichtdeutsch)",NA,NA,NA
"Überalterungsquotient","nichtdeutsch",2009,"17 Obergiesing - Fasangarten",88.3,1065,1206,NA,NA,NA,"Hauptwohnsitzbevölkerung (65 Jahre und älter) (nichtdeutsch)","Hauptwohnsitzbevölkerung (bis 14 Jahre) (nichtdeutsch)",NA,NA,NA
"Überalterungsquotient","nichtdeutsch",2009,"18 Untergiesing - Harlaching",128.1,952,743,NA,NA,NA,"Hauptwohnsitzbevölkerung (65 Jahre und älter) (nichtdeutsch)","Hauptwohnsitzbevölkerung (bis 14 Jahre) (nichtdeutsch)",NA,NA,NA
"Überalterungsquotient","nichtdeutsch",2009,"19 Thalkirchen - Obersendling - Forstenried - Fürstenried - Solln",105.1,1467,1396,NA,NA,NA,"Hauptwohnsitzbevölkerung (65 Jahre und älter) (nichtdeutsch)","Hauptwohnsitzbevölkerung (bis 14 Jahre) (nichtdeutsch)",NA,NA,NA
"Überalterungsquotient","nichtdeutsch",2009,"20 Hadern",70,762,1089,NA,NA,NA,"Hauptwohnsitzbevölkerung (65 Jahre und älter) (nichtdeutsch)","Hauptwohnsitzbevölkerung (bis 14 Jahre) (nichtdeutsch)",NA,NA,NA
"Überalterungsquotient","nichtdeutsch",2009,"21 Pasing - Obermenzing",93.7,1035,1105,NA,NA,NA,"Hauptwohnsitzbevölkerung (65 Jahre und älter) (nichtdeutsch)","Hauptwohnsitzbevölkerung (bis 14 Jahre) (nichtdeutsch)",NA,NA,NA
"Überalterungsquotient","nichtdeutsch",2009,"22 Aubing - Lochhausen - Langwied",59.4,567,955,NA,NA,NA,"Hauptwohnsitzbevölkerung (65 Jahre und älter) (nichtdeutsch)","Hauptwohnsitzbevölkerung (bis 14 Jahre) (nichtdeutsch)",NA,NA,NA
"Überalterungsquotient","nichtdeutsch",2009,"23 Allach - Untermenzing",100.5,426,424,NA,NA,NA,"Hauptwohnsitzbevölkerung (65 Jahre und älter) (nichtdeutsch)","Hauptwohnsitzbevölkerung (bis 14 Jahre) (nichtdeutsch)",NA,NA,NA
"Überalterungsquotient","nichtdeutsch",2009,"24 Feldmoching - Hasenbergl",66.1,1138,1722,NA,NA,NA,"Hauptwohnsitzbevölkerung (65 Jahre und älter) (nichtdeutsch)","Hauptwohnsitzbevölkerung (bis 14 Jahre) (nichtdeutsch)",NA,NA,NA
"Überalterungsquotient","nichtdeutsch",2009,"25 Laim",106.6,997,935,NA,NA,NA,"Hauptwohnsitzbevölkerung (65 Jahre und älter) (nichtdeutsch)","Hauptwohnsitzbevölkerung (bis 14 Jahre) (nichtdeutsch)",NA,NA,NA
"Überalterungsquotient","nichtdeutsch",2008,"Stadt München",88.1,26194,29725,NA,NA,NA,"Hauptwohnsitzbevölkerung (65 Jahre und älter) (nichtdeutsch)","Hauptwohnsitzbevölkerung (bis 14 Jahre) (nichtdeutsch)",NA,NA,NA
"Überalterungsquotient","nichtdeutsch",2008,"01 Altstadt - Lehel",260.2,471,181,NA,NA,NA,"Hauptwohnsitzbevölkerung (65 Jahre und älter) (nichtdeutsch)","Hauptwohnsitzbevölkerung (bis 14 Jahre) (nichtdeutsch)",NA,NA,NA
"Überalterungsquotient","nichtdeutsch",2008,"02 Ludwigsvorstadt - Isarvorstadt",160.4,1184,738,NA,NA,NA,"Hauptwohnsitzbevölkerung (65 Jahre und älter) (nichtdeutsch)","Hauptwohnsitzbevölkerung (bis 14 Jahre) (nichtdeutsch)",NA,NA,NA
"Überalterungsquotient","nichtdeutsch",2008,"03 Maxvorstadt",143.2,826,577,NA,NA,NA,"Hauptwohnsitzbevölkerung (65 Jahre und älter) (nichtdeutsch)","Hauptwohnsitzbevölkerung (bis 14 Jahre) (nichtdeutsch)",NA,NA,NA
"Überalterungsquotient","nichtdeutsch",2008,"04 Schwabing - West",152,1088,716,NA,NA,NA,"Hauptwohnsitzbevölkerung (65 Jahre und älter) (nichtdeutsch)","Hauptwohnsitzbevölkerung (bis 14 Jahre) (nichtdeutsch)",NA,NA,NA
"Überalterungsquotient","nichtdeutsch",2008,"05 Au - Haidhausen",143.2,1230,859,NA,NA,NA,"Hauptwohnsitzbevölkerung (65 Jahre und älter) (nichtdeutsch)","Hauptwohnsitzbevölkerung (bis 14 Jahre) (nichtdeutsch)",NA,NA,NA
"Überalterungsquotient","nichtdeutsch",2008,"06 Sendling",106.4,942,885,NA,NA,NA,"Hauptwohnsitzbevölkerung (65 Jahre und älter) (nichtdeutsch)","Hauptwohnsitzbevölkerung (bis 14 Jahre) (nichtdeutsch)",NA,NA,NA
"Überalterungsquotient","nichtdeutsch",2008,"07 Sendling - Westpark",91.1,1070,1175,NA,NA,NA,"Hauptwohnsitzbevölkerung (65 Jahre und älter) (nichtdeutsch)","Hauptwohnsitzbevölkerung (bis 14 Jahre) (nichtdeutsch)",NA,NA,NA
"Überalterungsquotient","nichtdeutsch",2008,"08 Schwanthalerhöhe",123.9,997,805,NA,NA,NA,"Hauptwohnsitzbevölkerung (65 Jahre und älter) (nichtdeutsch)","Hauptwohnsitzbevölkerung (bis 14 Jahre) (nichtdeutsch)",NA,NA,NA
"Überalterungsquotient","nichtdeutsch",2008,"09 Neuhausen - Nymphenburg",108,1505,1393,NA,NA,NA,"Hauptwohnsitzbevölkerung (65 Jahre und älter) (nichtdeutsch)","Hauptwohnsitzbevölkerung (bis 14 Jahre) (nichtdeutsch)",NA,NA,NA
"Überalterungsquotient","nichtdeutsch",2008,"10 Moosach",77.7,1002,1290,NA,NA,NA,"Hauptwohnsitzbevölkerung (65 Jahre und älter) (nichtdeutsch)","Hauptwohnsitzbevölkerung (bis 14 Jahre) (nichtdeutsch)",NA,NA,NA
"Überalterungsquotient","nichtdeutsch",2008,"11 Milbertshofen - Am Hart",69.6,1753,2519,NA,NA,NA,"Hauptwohnsitzbevölkerung (65 Jahre und älter) (nichtdeutsch)","Hauptwohnsitzbevölkerung (bis 14 Jahre) (nichtdeutsch)",NA,NA,NA
"Überalterungsquotient","nichtdeutsch",2008,"12 Schwabing - Freimann",84.7,911,1075,NA,NA,NA,"Hauptwohnsitzbevölkerung (65 Jahre und älter) (nichtdeutsch)","Hauptwohnsitzbevölkerung (bis 14 Jahre) (nichtdeutsch)",NA,NA,NA
"Überalterungsquotient","nichtdeutsch",2008,"13 Bogenhausen",90.7,1305,1439,NA,NA,NA,"Hauptwohnsitzbevölkerung (65 Jahre und älter) (nichtdeutsch)","Hauptwohnsitzbevölkerung (bis 14 Jahre) (nichtdeutsch)",NA,NA,NA
"Überalterungsquotient","nichtdeutsch",2008,"14 Berg am Laim",63.8,752,1178,NA,NA,NA,"Hauptwohnsitzbevölkerung (65 Jahre und älter) (nichtdeutsch)","Hauptwohnsitzbevölkerung (bis 14 Jahre) (nichtdeutsch)",NA,NA,NA
"Überalterungsquotient","nichtdeutsch",2008,"15 Trudering - Riem",44.8,560,1249,NA,NA,NA,"Hauptwohnsitzbevölkerung (65 Jahre und älter) (nichtdeutsch)","Hauptwohnsitzbevölkerung (bis 14 Jahre) (nichtdeutsch)",NA,NA,NA
"Überalterungsquotient","nichtdeutsch",2008,"16 Ramersdorf - Perlach",71,2433,3425,NA,NA,NA,"Hauptwohnsitzbevölkerung (65 Jahre und älter) (nichtdeutsch)","Hauptwohnsitzbevölkerung (bis 14 Jahre) (nichtdeutsch)",NA,NA,NA
"Überalterungsquotient","nichtdeutsch",2008,"17 Obergiesing - Fasangarten",84.6,1008,1191,NA,NA,NA,"Hauptwohnsitzbevölkerung (65 Jahre und älter) (nichtdeutsch)","Hauptwohnsitzbevölkerung (bis 14 Jahre) (nichtdeutsch)",NA,NA,NA
"Überalterungsquotient","nichtdeutsch",2008,"18 Untergiesing - Harlaching",116.1,939,809,NA,NA,NA,"Hauptwohnsitzbevölkerung (65 Jahre und älter) (nichtdeutsch)","Hauptwohnsitzbevölkerung (bis 14 Jahre) (nichtdeutsch)",NA,NA,NA
"Überalterungsquotient","nichtdeutsch",2008,"19 Thalkirchen - Obersendling - Forstenried - Fürstenried - Solln",94.3,1415,1500,NA,NA,NA,"Hauptwohnsitzbevölkerung (65 Jahre und älter) (nichtdeutsch)","Hauptwohnsitzbevölkerung (bis 14 Jahre) (nichtdeutsch)",NA,NA,NA
"Überalterungsquotient","nichtdeutsch",2008,"20 Hadern",66,740,1121,NA,NA,NA,"Hauptwohnsitzbevölkerung (65 Jahre und älter) (nichtdeutsch)","Hauptwohnsitzbevölkerung (bis 14 Jahre) (nichtdeutsch)",NA,NA,NA
"Überalterungsquotient","nichtdeutsch",2008,"21 Pasing - Obermenzing",83.5,999,1197,NA,NA,NA,"Hauptwohnsitzbevölkerung (65 Jahre und älter) (nichtdeutsch)","Hauptwohnsitzbevölkerung (bis 14 Jahre) (nichtdeutsch)",NA,NA,NA
"Überalterungsquotient","nichtdeutsch",2008,"22 Aubing - Lochhausen - Langwied",53.1,547,1031,NA,NA,NA,"Hauptwohnsitzbevölkerung (65 Jahre und älter) (nichtdeutsch)","Hauptwohnsitzbevölkerung (bis 14 Jahre) (nichtdeutsch)",NA,NA,NA
"Überalterungsquotient","nichtdeutsch",2008,"23 Allach - Untermenzing",99.3,447,450,NA,NA,NA,"Hauptwohnsitzbevölkerung (65 Jahre und älter) (nichtdeutsch)","Hauptwohnsitzbevölkerung (bis 14 Jahre) (nichtdeutsch)",NA,NA,NA
"Überalterungsquotient","nichtdeutsch",2008,"24 Feldmoching - Hasenbergl",57.4,1092,1901,NA,NA,NA,"Hauptwohnsitzbevölkerung (65 Jahre und älter) (nichtdeutsch)","Hauptwohnsitzbevölkerung (bis 14 Jahre) (nichtdeutsch)",NA,NA,NA
"Überalterungsquotient","nichtdeutsch",2008,"25 Laim",95.8,978,1021,NA,NA,NA,"Hauptwohnsitzbevölkerung (65 Jahre und älter) (nichtdeutsch)","Hauptwohnsitzbevölkerung (bis 14 Jahre) (nichtdeutsch)",NA,NA,NA
"Überalterungsquotient","nichtdeutsch",2007,"Stadt München",79.8,24647,30901,NA,NA,NA,"Hauptwohnsitzbevölkerung (65 Jahre und älter) (nichtdeutsch)","Hauptwohnsitzbevölkerung (bis 14 Jahre) (nichtdeutsch)",NA,NA,NA
"Überalterungsquotient","nichtdeutsch",2007,"01 Altstadt - Lehel",209.8,449,214,NA,NA,NA,"Hauptwohnsitzbevölkerung (65 Jahre und älter) (nichtdeutsch)","Hauptwohnsitzbevölkerung (bis 14 Jahre) (nichtdeutsch)",NA,NA,NA
"Überalterungsquotient","nichtdeutsch",2007,"02 Ludwigsvorstadt - Isarvorstadt",149.3,1147,768,NA,NA,NA,"Hauptwohnsitzbevölkerung (65 Jahre und älter) (nichtdeutsch)","Hauptwohnsitzbevölkerung (bis 14 Jahre) (nichtdeutsch)",NA,NA,NA
"Überalterungsquotient","nichtdeutsch",2007,"03 Maxvorstadt",134.4,785,584,NA,NA,NA,"Hauptwohnsitzbevölkerung (65 Jahre und älter) (nichtdeutsch)","Hauptwohnsitzbevölkerung (bis 14 Jahre) (nichtdeutsch)",NA,NA,NA
"Überalterungsquotient","nichtdeutsch",2007,"04 Schwabing - West",132.2,1038,785,NA,NA,NA,"Hauptwohnsitzbevölkerung (65 Jahre und älter) (nichtdeutsch)","Hauptwohnsitzbevölkerung (bis 14 Jahre) (nichtdeutsch)",NA,NA,NA
"Überalterungsquotient","nichtdeutsch",2007,"05 Au - Haidhausen",128.4,1152,897,NA,NA,NA,"Hauptwohnsitzbevölkerung (65 Jahre und älter) (nichtdeutsch)","Hauptwohnsitzbevölkerung (bis 14 Jahre) (nichtdeutsch)",NA,NA,NA
"Überalterungsquotient","nichtdeutsch",2007,"06 Sendling",95,897,944,NA,NA,NA,"Hauptwohnsitzbevölkerung (65 Jahre und älter) (nichtdeutsch)","Hauptwohnsitzbevölkerung (bis 14 Jahre) (nichtdeutsch)",NA,NA,NA
"Überalterungsquotient","nichtdeutsch",2007,"07 Sendling - Westpark",76.5,967,1264,NA,NA,NA,"Hauptwohnsitzbevölkerung (65 Jahre und älter) (nichtdeutsch)","Hauptwohnsitzbevölkerung (bis 14 Jahre) (nichtdeutsch)",NA,NA,NA
"Überalterungsquotient","nichtdeutsch",2007,"08 Schwanthalerhöhe",122.5,986,805,NA,NA,NA,"Hauptwohnsitzbevölkerung (65 Jahre und älter) (nichtdeutsch)","Hauptwohnsitzbevölkerung (bis 14 Jahre) (nichtdeutsch)",NA,NA,NA
"Überalterungsquotient","nichtdeutsch",2007,"09 Neuhausen - Nymphenburg",100,1440,1440,NA,NA,NA,"Hauptwohnsitzbevölkerung (65 Jahre und älter) (nichtdeutsch)","Hauptwohnsitzbevölkerung (bis 14 Jahre) (nichtdeutsch)",NA,NA,NA
"Überalterungsquotient","nichtdeutsch",2007,"10 Moosach",68.7,951,1384,NA,NA,NA,"Hauptwohnsitzbevölkerung (65 Jahre und älter) (nichtdeutsch)","Hauptwohnsitzbevölkerung (bis 14 Jahre) (nichtdeutsch)",NA,NA,NA
"Überalterungsquotient","nichtdeutsch",2007,"11 Milbertshofen - Am Hart",60.2,1592,2646,NA,NA,NA,"Hauptwohnsitzbevölkerung (65 Jahre und älter) (nichtdeutsch)","Hauptwohnsitzbevölkerung (bis 14 Jahre) (nichtdeutsch)",NA,NA,NA
"Überalterungsquotient","nichtdeutsch",2007,"12 Schwabing - Freimann",74.1,851,1148,NA,NA,NA,"Hauptwohnsitzbevölkerung (65 Jahre und älter) (nichtdeutsch)","Hauptwohnsitzbevölkerung (bis 14 Jahre) (nichtdeutsch)",NA,NA,NA
"Überalterungsquotient","nichtdeutsch",2007,"13 Bogenhausen",84.9,1241,1462,NA,NA,NA,"Hauptwohnsitzbevölkerung (65 Jahre und älter) (nichtdeutsch)","Hauptwohnsitzbevölkerung (bis 14 Jahre) (nichtdeutsch)",NA,NA,NA
"Überalterungsquotient","nichtdeutsch",2007,"14 Berg am Laim",60.9,711,1168,NA,NA,NA,"Hauptwohnsitzbevölkerung (65 Jahre und älter) (nichtdeutsch)","Hauptwohnsitzbevölkerung (bis 14 Jahre) (nichtdeutsch)",NA,NA,NA
"Überalterungsquotient","nichtdeutsch",2007,"15 Trudering - Riem",40.2,469,1166,NA,NA,NA,"Hauptwohnsitzbevölkerung (65 Jahre und älter) (nichtdeutsch)","Hauptwohnsitzbevölkerung (bis 14 Jahre) (nichtdeutsch)",NA,NA,NA
"Überalterungsquotient","nichtdeutsch",2007,"16 Ramersdorf - Perlach",64.3,2303,3579,NA,NA,NA,"Hauptwohnsitzbevölkerung (65 Jahre und älter) (nichtdeutsch)","Hauptwohnsitzbevölkerung (bis 14 Jahre) (nichtdeutsch)",NA,NA,NA
"Überalterungsquotient","nichtdeutsch",2007,"17 Obergiesing - Fasangarten",78,950,1218,NA,NA,NA,"Hauptwohnsitzbevölkerung (65 Jahre und älter) (nichtdeutsch)","Hauptwohnsitzbevölkerung (bis 14 Jahre) (nichtdeutsch)",NA,NA,NA
"Überalterungsquotient","nichtdeutsch",2007,"18 Untergiesing - Harlaching",110.2,873,792,NA,NA,NA,"Hauptwohnsitzbevölkerung (65 Jahre und älter) (nichtdeutsch)","Hauptwohnsitzbevölkerung (bis 14 Jahre) (nichtdeutsch)",NA,NA,NA
"Überalterungsquotient","nichtdeutsch",2007,"19 Thalkirchen - Obersendling - Forstenried - Fürstenried - Solln",81.4,1321,1623,NA,NA,NA,"Hauptwohnsitzbevölkerung (65 Jahre und älter) (nichtdeutsch)","Hauptwohnsitzbevölkerung (bis 14 Jahre) (nichtdeutsch)",NA,NA,NA
"Überalterungsquotient","nichtdeutsch",2007,"20 Hadern",59.4,685,1154,NA,NA,NA,"Hauptwohnsitzbevölkerung (65 Jahre und älter) (nichtdeutsch)","Hauptwohnsitzbevölkerung (bis 14 Jahre) (nichtdeutsch)",NA,NA,NA
"Überalterungsquotient","nichtdeutsch",2007,"21 Pasing - Obermenzing",76.4,954,1248,NA,NA,NA,"Hauptwohnsitzbevölkerung (65 Jahre und älter) (nichtdeutsch)","Hauptwohnsitzbevölkerung (bis 14 Jahre) (nichtdeutsch)",NA,NA,NA
"Überalterungsquotient","nichtdeutsch",2007,"22 Aubing - Lochhausen - Langwied",46.8,502,1073,NA,NA,NA,"Hauptwohnsitzbevölkerung (65 Jahre und älter) (nichtdeutsch)","Hauptwohnsitzbevölkerung (bis 14 Jahre) (nichtdeutsch)",NA,NA,NA
"Überalterungsquotient","nichtdeutsch",2007,"23 Allach - Untermenzing",96,432,450,NA,NA,NA,"Hauptwohnsitzbevölkerung (65 Jahre und älter) (nichtdeutsch)","Hauptwohnsitzbevölkerung (bis 14 Jahre) (nichtdeutsch)",NA,NA,NA
"Überalterungsquotient","nichtdeutsch",2007,"24 Feldmoching - Hasenbergl",52.7,1051,1994,NA,NA,NA,"Hauptwohnsitzbevölkerung (65 Jahre und älter) (nichtdeutsch)","Hauptwohnsitzbevölkerung (bis 14 Jahre) (nichtdeutsch)",NA,NA,NA
"Überalterungsquotient","nichtdeutsch",2007,"25 Laim",82.2,900,1095,NA,NA,NA,"Hauptwohnsitzbevölkerung (65 Jahre und älter) (nichtdeutsch)","Hauptwohnsitzbevölkerung (bis 14 Jahre) (nichtdeutsch)",NA,NA,NA
"Überalterungsquotient","nichtdeutsch",2006,"Stadt München",71.9,22909,31851,NA,NA,NA,"Hauptwohnsitzbevölkerung (65 Jahre und älter) (nichtdeutsch)","Hauptwohnsitzbevölkerung (bis 14 Jahre) (nichtdeutsch)",NA,NA,NA
"Überalterungsquotient","nichtdeutsch",2006,"01 Altstadt - Lehel",189,414,219,NA,NA,NA,"Hauptwohnsitzbevölkerung (65 Jahre und älter) (nichtdeutsch)","Hauptwohnsitzbevölkerung (bis 14 Jahre) (nichtdeutsch)",NA,NA,NA
"Überalterungsquotient","nichtdeutsch",2006,"02 Ludwigsvorstadt - Isarvorstadt",134.7,1087,807,NA,NA,NA,"Hauptwohnsitzbevölkerung (65 Jahre und älter) (nichtdeutsch)","Hauptwohnsitzbevölkerung (bis 14 Jahre) (nichtdeutsch)",NA,NA,NA
"Überalterungsquotient","nichtdeutsch",2006,"03 Maxvorstadt",122.6,721,588,NA,NA,NA,"Hauptwohnsitzbevölkerung (65 Jahre und älter) (nichtdeutsch)","Hauptwohnsitzbevölkerung (bis 14 Jahre) (nichtdeutsch)",NA,NA,NA
"Überalterungsquotient","nichtdeutsch",2006,"04 Schwabing - West",121.7,980,805,NA,NA,NA,"Hauptwohnsitzbevölkerung (65 Jahre und älter) (nichtdeutsch)","Hauptwohnsitzbevölkerung (bis 14 Jahre) (nichtdeutsch)",NA,NA,NA
"Überalterungsquotient","nichtdeutsch",2006,"05 Au - Haidhausen",111.1,1107,996,NA,NA,NA,"Hauptwohnsitzbevölkerung (65 Jahre und älter) (nichtdeutsch)","Hauptwohnsitzbevölkerung (bis 14 Jahre) (nichtdeutsch)",NA,NA,NA
"Überalterungsquotient","nichtdeutsch",2006,"06 Sendling",80.1,828,1034,NA,NA,NA,"Hauptwohnsitzbevölkerung (65 Jahre und älter) (nichtdeutsch)","Hauptwohnsitzbevölkerung (bis 14 Jahre) (nichtdeutsch)",NA,NA,NA
"Überalterungsquotient","nichtdeutsch",2006,"07 Sendling - Westpark",70.1,904,1290,NA,NA,NA,"Hauptwohnsitzbevölkerung (65 Jahre und älter) (nichtdeutsch)","Hauptwohnsitzbevölkerung (bis 14 Jahre) (nichtdeutsch)",NA,NA,NA
"Überalterungsquotient","nichtdeutsch",2006,"08 Schwanthalerhöhe",108.8,916,842,NA,NA,NA,"Hauptwohnsitzbevölkerung (65 Jahre und älter) (nichtdeutsch)","Hauptwohnsitzbevölkerung (bis 14 Jahre) (nichtdeutsch)",NA,NA,NA
"Überalterungsquotient","nichtdeutsch",2006,"09 Neuhausen - Nymphenburg",84.1,1334,1587,NA,NA,NA,"Hauptwohnsitzbevölkerung (65 Jahre und älter) (nichtdeutsch)","Hauptwohnsitzbevölkerung (bis 14 Jahre) (nichtdeutsch)",NA,NA,NA
"Überalterungsquotient","nichtdeutsch",2006,"10 Moosach",59.7,859,1440,NA,NA,NA,"Hauptwohnsitzbevölkerung (65 Jahre und älter) (nichtdeutsch)","Hauptwohnsitzbevölkerung (bis 14 Jahre) (nichtdeutsch)",NA,NA,NA
"Überalterungsquotient","nichtdeutsch",2006,"11 Milbertshofen - Am Hart",55.3,1494,2703,NA,NA,NA,"Hauptwohnsitzbevölkerung (65 Jahre und älter) (nichtdeutsch)","Hauptwohnsitzbevölkerung (bis 14 Jahre) (nichtdeutsch)",NA,NA,NA
"Überalterungsquotient","nichtdeutsch",2006,"12 Schwabing - Freimann",71.6,831,1160,NA,NA,NA,"Hauptwohnsitzbevölkerung (65 Jahre und älter) (nichtdeutsch)","Hauptwohnsitzbevölkerung (bis 14 Jahre) (nichtdeutsch)",NA,NA,NA
"Überalterungsquotient","nichtdeutsch",2006,"13 Bogenhausen",80.6,1161,1441,NA,NA,NA,"Hauptwohnsitzbevölkerung (65 Jahre und älter) (nichtdeutsch)","Hauptwohnsitzbevölkerung (bis 14 Jahre) (nichtdeutsch)",NA,NA,NA
"Überalterungsquotient","nichtdeutsch",2006,"14 Berg am Laim",59.7,664,1112,NA,NA,NA,"Hauptwohnsitzbevölkerung (65 Jahre und älter) (nichtdeutsch)","Hauptwohnsitzbevölkerung (bis 14 Jahre) (nichtdeutsch)",NA,NA,NA
"Überalterungsquotient","nichtdeutsch",2006,"15 Trudering - Riem",36.2,404,1117,NA,NA,NA,"Hauptwohnsitzbevölkerung (65 Jahre und älter) (nichtdeutsch)","Hauptwohnsitzbevölkerung (bis 14 Jahre) (nichtdeutsch)",NA,NA,NA
"Überalterungsquotient","nichtdeutsch",2006,"16 Ramersdorf - Perlach",56.8,2133,3757,NA,NA,NA,"Hauptwohnsitzbevölkerung (65 Jahre und älter) (nichtdeutsch)","Hauptwohnsitzbevölkerung (bis 14 Jahre) (nichtdeutsch)",NA,NA,NA
"Überalterungsquotient","nichtdeutsch",2006,"17 Obergiesing - Fasangarten",68.7,853,1241,NA,NA,NA,"Hauptwohnsitzbevölkerung (65 Jahre und älter) (nichtdeutsch)","Hauptwohnsitzbevölkerung (bis 14 Jahre) (nichtdeutsch)",NA,NA,NA
"Überalterungsquotient","nichtdeutsch",2006,"18 Untergiesing - Harlaching",99.4,812,817,NA,NA,NA,"Hauptwohnsitzbevölkerung (65 Jahre und älter) (nichtdeutsch)","Hauptwohnsitzbevölkerung (bis 14 Jahre) (nichtdeutsch)",NA,NA,NA
"Überalterungsquotient","nichtdeutsch",2006,"19 Thalkirchen - Obersendling - Forstenried - Fürstenried - Solln",74.8,1215,1625,NA,NA,NA,"Hauptwohnsitzbevölkerung (65 Jahre und älter) (nichtdeutsch)","Hauptwohnsitzbevölkerung (bis 14 Jahre) (nichtdeutsch)",NA,NA,NA
"Überalterungsquotient","nichtdeutsch",2006,"20 Hadern",52.2,620,1187,NA,NA,NA,"Hauptwohnsitzbevölkerung (65 Jahre und älter) (nichtdeutsch)","Hauptwohnsitzbevölkerung (bis 14 Jahre) (nichtdeutsch)",NA,NA,NA
"Überalterungsquotient","nichtdeutsch",2006,"21 Pasing - Obermenzing",68.9,896,1301,NA,NA,NA,"Hauptwohnsitzbevölkerung (65 Jahre und älter) (nichtdeutsch)","Hauptwohnsitzbevölkerung (bis 14 Jahre) (nichtdeutsch)",NA,NA,NA
"Überalterungsquotient","nichtdeutsch",2006,"22 Aubing - Lochhausen - Langwied",42.4,466,1099,NA,NA,NA,"Hauptwohnsitzbevölkerung (65 Jahre und älter) (nichtdeutsch)","Hauptwohnsitzbevölkerung (bis 14 Jahre) (nichtdeutsch)",NA,NA,NA
"Überalterungsquotient","nichtdeutsch",2006,"23 Allach - Untermenzing",86.6,415,479,NA,NA,NA,"Hauptwohnsitzbevölkerung (65 Jahre und älter) (nichtdeutsch)","Hauptwohnsitzbevölkerung (bis 14 Jahre) (nichtdeutsch)",NA,NA,NA
"Überalterungsquotient","nichtdeutsch",2006,"24 Feldmoching - Hasenbergl",46.5,957,2060,NA,NA,NA,"Hauptwohnsitzbevölkerung (65 Jahre und älter) (nichtdeutsch)","Hauptwohnsitzbevölkerung (bis 14 Jahre) (nichtdeutsch)",NA,NA,NA
"Überalterungsquotient","nichtdeutsch",2006,"25 Laim",73.3,838,1144,NA,NA,NA,"Hauptwohnsitzbevölkerung (65 Jahre und älter) (nichtdeutsch)","Hauptwohnsitzbevölkerung (bis 14 Jahre) (nichtdeutsch)",NA,NA,NA
"Überalterungsquotient","nichtdeutsch",2005,"Stadt München",64.5,21344,33079,NA,NA,NA,"Hauptwohnsitzbevölkerung (65 Jahre und älter) (nichtdeutsch)","Hauptwohnsitzbevölkerung (bis 14 Jahre) (nichtdeutsch)",NA,NA,NA
"Überalterungsquotient","nichtdeutsch",2005,"01 Altstadt - Lehel",153.2,383,250,NA,NA,NA,"Hauptwohnsitzbevölkerung (65 Jahre und älter) (nichtdeutsch)","Hauptwohnsitzbevölkerung (bis 14 Jahre) (nichtdeutsch)",NA,NA,NA
"Überalterungsquotient","nichtdeutsch",2005,"02 Ludwigsvorstadt - Isarvorstadt",118.2,1064,900,NA,NA,NA,"Hauptwohnsitzbevölkerung (65 Jahre und älter) (nichtdeutsch)","Hauptwohnsitzbevölkerung (bis 14 Jahre) (nichtdeutsch)",NA,NA,NA
"Überalterungsquotient","nichtdeutsch",2005,"03 Maxvorstadt",125.5,703,560,NA,NA,NA,"Hauptwohnsitzbevölkerung (65 Jahre und älter) (nichtdeutsch)","Hauptwohnsitzbevölkerung (bis 14 Jahre) (nichtdeutsch)",NA,NA,NA
"Überalterungsquotient","nichtdeutsch",2005,"04 Schwabing - West",113.1,904,799,NA,NA,NA,"Hauptwohnsitzbevölkerung (65 Jahre und älter) (nichtdeutsch)","Hauptwohnsitzbevölkerung (bis 14 Jahre) (nichtdeutsch)",NA,NA,NA
"Überalterungsquotient","nichtdeutsch",2005,"05 Au - Haidhausen",100.4,1050,1046,NA,NA,NA,"Hauptwohnsitzbevölkerung (65 Jahre und älter) (nichtdeutsch)","Hauptwohnsitzbevölkerung (bis 14 Jahre) (nichtdeutsch)",NA,NA,NA
"Überalterungsquotient","nichtdeutsch",2005,"06 Sendling",69.6,763,1096,NA,NA,NA,"Hauptwohnsitzbevölkerung (65 Jahre und älter) (nichtdeutsch)","Hauptwohnsitzbevölkerung (bis 14 Jahre) (nichtdeutsch)",NA,NA,NA
"Überalterungsquotient","nichtdeutsch",2005,"07 Sendling - Westpark",63.2,837,1324,NA,NA,NA,"Hauptwohnsitzbevölkerung (65 Jahre und älter) (nichtdeutsch)","Hauptwohnsitzbevölkerung (bis 14 Jahre) (nichtdeutsch)",NA,NA,NA
"Überalterungsquotient","nichtdeutsch",2005,"08 Schwanthalerhöhe",95.6,857,896,NA,NA,NA,"Hauptwohnsitzbevölkerung (65 Jahre und älter) (nichtdeutsch)","Hauptwohnsitzbevölkerung (bis 14 Jahre) (nichtdeutsch)",NA,NA,NA
"Überalterungsquotient","nichtdeutsch",2005,"09 Neuhausen - Nymphenburg",74.4,1270,1708,NA,NA,NA,"Hauptwohnsitzbevölkerung (65 Jahre und älter) (nichtdeutsch)","Hauptwohnsitzbevölkerung (bis 14 Jahre) (nichtdeutsch)",NA,NA,NA
"Überalterungsquotient","nichtdeutsch",2005,"10 Moosach",53.2,768,1444,NA,NA,NA,"Hauptwohnsitzbevölkerung (65 Jahre und älter) (nichtdeutsch)","Hauptwohnsitzbevölkerung (bis 14 Jahre) (nichtdeutsch)",NA,NA,NA
"Überalterungsquotient","nichtdeutsch",2005,"11 Milbertshofen - Am Hart",48.7,1380,2836,NA,NA,NA,"Hauptwohnsitzbevölkerung (65 Jahre und älter) (nichtdeutsch)","Hauptwohnsitzbevölkerung (bis 14 Jahre) (nichtdeutsch)",NA,NA,NA
"Überalterungsquotient","nichtdeutsch",2005,"12 Schwabing - Freimann",63,779,1237,NA,NA,NA,"Hauptwohnsitzbevölkerung (65 Jahre und älter) (nichtdeutsch)","Hauptwohnsitzbevölkerung (bis 14 Jahre) (nichtdeutsch)",NA,NA,NA
"Überalterungsquotient","nichtdeutsch",2005,"13 Bogenhausen",73.4,1068,1455,NA,NA,NA,"Hauptwohnsitzbevölkerung (65 Jahre und älter) (nichtdeutsch)","Hauptwohnsitzbevölkerung (bis 14 Jahre) (nichtdeutsch)",NA,NA,NA
"Überalterungsquotient","nichtdeutsch",2005,"14 Berg am Laim",53.6,627,1170,NA,NA,NA,"Hauptwohnsitzbevölkerung (65 Jahre und älter) (nichtdeutsch)","Hauptwohnsitzbevölkerung (bis 14 Jahre) (nichtdeutsch)",NA,NA,NA
"Überalterungsquotient","nichtdeutsch",2005,"15 Trudering - Riem",33.5,360,1074,NA,NA,NA,"Hauptwohnsitzbevölkerung (65 Jahre und älter) (nichtdeutsch)","Hauptwohnsitzbevölkerung (bis 14 Jahre) (nichtdeutsch)",NA,NA,NA
"Überalterungsquotient","nichtdeutsch",2005,"16 Ramersdorf - Perlach",50.2,1957,3900,NA,NA,NA,"Hauptwohnsitzbevölkerung (65 Jahre und älter) (nichtdeutsch)","Hauptwohnsitzbevölkerung (bis 14 Jahre) (nichtdeutsch)",NA,NA,NA
"Überalterungsquotient","nichtdeutsch",2005,"17 Obergiesing - Fasangarten",61.9,802,1296,NA,NA,NA,"Hauptwohnsitzbevölkerung (65 Jahre und älter) (nichtdeutsch)","Hauptwohnsitzbevölkerung (bis 14 Jahre) (nichtdeutsch)",NA,NA,NA
"Überalterungsquotient","nichtdeutsch",2005,"18 Untergiesing - Harlaching",91.8,773,842,NA,NA,NA,"Hauptwohnsitzbevölkerung (65 Jahre und älter) (nichtdeutsch)","Hauptwohnsitzbevölkerung (bis 14 Jahre) (nichtdeutsch)",NA,NA,NA
"Überalterungsquotient","nichtdeutsch",2005,"19 Thalkirchen - Obersendling - Forstenried - Fürstenried - Solln",67.4,1112,1650,NA,NA,NA,"Hauptwohnsitzbevölkerung (65 Jahre und älter) (nichtdeutsch)","Hauptwohnsitzbevölkerung (bis 14 Jahre) (nichtdeutsch)",NA,NA,NA
"Überalterungsquotient","nichtdeutsch",2005,"20 Hadern",46.6,583,1252,NA,NA,NA,"Hauptwohnsitzbevölkerung (65 Jahre und älter) (nichtdeutsch)","Hauptwohnsitzbevölkerung (bis 14 Jahre) (nichtdeutsch)",NA,NA,NA
"Überalterungsquotient","nichtdeutsch",2005,"21 Pasing - Obermenzing",60.2,831,1380,NA,NA,NA,"Hauptwohnsitzbevölkerung (65 Jahre und älter) (nichtdeutsch)","Hauptwohnsitzbevölkerung (bis 14 Jahre) (nichtdeutsch)",NA,NA,NA
"Überalterungsquotient","nichtdeutsch",2005,"22 Aubing - Lochhausen - Langwied",36.7,421,1147,NA,NA,NA,"Hauptwohnsitzbevölkerung (65 Jahre und älter) (nichtdeutsch)","Hauptwohnsitzbevölkerung (bis 14 Jahre) (nichtdeutsch)",NA,NA,NA
"Überalterungsquotient","nichtdeutsch",2005,"23 Allach - Untermenzing",80.4,402,500,NA,NA,NA,"Hauptwohnsitzbevölkerung (65 Jahre und älter) (nichtdeutsch)","Hauptwohnsitzbevölkerung (bis 14 Jahre) (nichtdeutsch)",NA,NA,NA
"Überalterungsquotient","nichtdeutsch",2005,"24 Feldmoching - Hasenbergl",40.8,863,2113,NA,NA,NA,"Hauptwohnsitzbevölkerung (65 Jahre und älter) (nichtdeutsch)","Hauptwohnsitzbevölkerung (bis 14 Jahre) (nichtdeutsch)",NA,NA,NA
"Überalterungsquotient","nichtdeutsch",2005,"25 Laim",65.4,787,1203,NA,NA,NA,"Hauptwohnsitzbevölkerung (65 Jahre und älter) (nichtdeutsch)","Hauptwohnsitzbevölkerung (bis 14 Jahre) (nichtdeutsch)",NA,NA,NA
"Überalterungsquotient","nichtdeutsch",2004,"Stadt München",57.3,19383,33853,NA,NA,NA,"Hauptwohnsitzbevölkerung (65 Jahre und älter) (nichtdeutsch)","Hauptwohnsitzbevölkerung (bis 14 Jahre) (nichtdeutsch)",NA,NA,NA
"Überalterungsquotient","nichtdeutsch",2004,"01 Altstadt - Lehel",146.2,361,247,NA,NA,NA,"Hauptwohnsitzbevölkerung (65 Jahre und älter) (nichtdeutsch)","Hauptwohnsitzbevölkerung (bis 14 Jahre) (nichtdeutsch)",NA,NA,NA
"Überalterungsquotient","nichtdeutsch",2004,"02 Ludwigsvorstadt - Isarvorstadt",103,990,961,NA,NA,NA,"Hauptwohnsitzbevölkerung (65 Jahre und älter) (nichtdeutsch)","Hauptwohnsitzbevölkerung (bis 14 Jahre) (nichtdeutsch)",NA,NA,NA
"Überalterungsquotient","nichtdeutsch",2004,"03 Maxvorstadt",108.3,652,602,NA,NA,NA,"Hauptwohnsitzbevölkerung (65 Jahre und älter) (nichtdeutsch)","Hauptwohnsitzbevölkerung (bis 14 Jahre) (nichtdeutsch)",NA,NA,NA
"Überalterungsquotient","nichtdeutsch",2004,"04 Schwabing - West",89.9,812,903,NA,NA,NA,"Hauptwohnsitzbevölkerung (65 Jahre und älter) (nichtdeutsch)","Hauptwohnsitzbevölkerung (bis 14 Jahre) (nichtdeutsch)",NA,NA,NA
"Überalterungsquotient","nichtdeutsch",2004,"05 Au - Haidhausen",90.4,953,1054,NA,NA,NA,"Hauptwohnsitzbevölkerung (65 Jahre und älter) (nichtdeutsch)","Hauptwohnsitzbevölkerung (bis 14 Jahre) (nichtdeutsch)",NA,NA,NA
"Überalterungsquotient","nichtdeutsch",2004,"06 Sendling",58.2,677,1163,NA,NA,NA,"Hauptwohnsitzbevölkerung (65 Jahre und älter) (nichtdeutsch)","Hauptwohnsitzbevölkerung (bis 14 Jahre) (nichtdeutsch)",NA,NA,NA
"Überalterungsquotient","nichtdeutsch",2004,"07 Sendling - Westpark",55.3,761,1375,NA,NA,NA,"Hauptwohnsitzbevölkerung (65 Jahre und älter) (nichtdeutsch)","Hauptwohnsitzbevölkerung (bis 14 Jahre) (nichtdeutsch)",NA,NA,NA
"Überalterungsquotient","nichtdeutsch",2004,"08 Schwanthalerhöhe",79.4,772,972,NA,NA,NA,"Hauptwohnsitzbevölkerung (65 Jahre und älter) (nichtdeutsch)","Hauptwohnsitzbevölkerung (bis 14 Jahre) (nichtdeutsch)",NA,NA,NA
"Überalterungsquotient","nichtdeutsch",2004,"09 Neuhausen - Nymphenburg",65.1,1171,1800,NA,NA,NA,"Hauptwohnsitzbevölkerung (65 Jahre und älter) (nichtdeutsch)","Hauptwohnsitzbevölkerung (bis 14 Jahre) (nichtdeutsch)",NA,NA,NA
"Überalterungsquotient","nichtdeutsch",2004,"10 Moosach",46.8,689,1473,NA,NA,NA,"Hauptwohnsitzbevölkerung (65 Jahre und älter) (nichtdeutsch)","Hauptwohnsitzbevölkerung (bis 14 Jahre) (nichtdeutsch)",NA,NA,NA
"Überalterungsquotient","nichtdeutsch",2004,"11 Milbertshofen - Am Hart",44,1233,2800,NA,NA,NA,"Hauptwohnsitzbevölkerung (65 Jahre und älter) (nichtdeutsch)","Hauptwohnsitzbevölkerung (bis 14 Jahre) (nichtdeutsch)",NA,NA,NA
"Überalterungsquotient","nichtdeutsch",2004,"12 Schwabing - Freimann",54.9,711,1296,NA,NA,NA,"Hauptwohnsitzbevölkerung (65 Jahre und älter) (nichtdeutsch)","Hauptwohnsitzbevölkerung (bis 14 Jahre) (nichtdeutsch)",NA,NA,NA
"Überalterungsquotient","nichtdeutsch",2004,"13 Bogenhausen",68.3,969,1419,NA,NA,NA,"Hauptwohnsitzbevölkerung (65 Jahre und älter) (nichtdeutsch)","Hauptwohnsitzbevölkerung (bis 14 Jahre) (nichtdeutsch)",NA,NA,NA
"Überalterungsquotient","nichtdeutsch",2004,"14 Berg am Laim",46.3,563,1215,NA,NA,NA,"Hauptwohnsitzbevölkerung (65 Jahre und älter) (nichtdeutsch)","Hauptwohnsitzbevölkerung (bis 14 Jahre) (nichtdeutsch)",NA,NA,NA
"Überalterungsquotient","nichtdeutsch",2004,"15 Trudering - Riem",32,311,972,NA,NA,NA,"Hauptwohnsitzbevölkerung (65 Jahre und älter) (nichtdeutsch)","Hauptwohnsitzbevölkerung (bis 14 Jahre) (nichtdeutsch)",NA,NA,NA
"Überalterungsquotient","nichtdeutsch",2004,"16 Ramersdorf - Perlach",44.3,1758,3968,NA,NA,NA,"Hauptwohnsitzbevölkerung (65 Jahre und älter) (nichtdeutsch)","Hauptwohnsitzbevölkerung (bis 14 Jahre) (nichtdeutsch)",NA,NA,NA
"Überalterungsquotient","nichtdeutsch",2004,"17 Obergiesing - Fasangarten",51.9,711,1369,NA,NA,NA,"Hauptwohnsitzbevölkerung (65 Jahre und älter) (nichtdeutsch)","Hauptwohnsitzbevölkerung (bis 14 Jahre) (nichtdeutsch)",NA,NA,NA
"Überalterungsquotient","nichtdeutsch",2004,"18 Untergiesing - Harlaching",82.2,709,863,NA,NA,NA,"Hauptwohnsitzbevölkerung (65 Jahre und älter) (nichtdeutsch)","Hauptwohnsitzbevölkerung (bis 14 Jahre) (nichtdeutsch)",NA,NA,NA
"Überalterungsquotient","nichtdeutsch",2004,"19 Thalkirchen - Obersendling - Forstenried - Fürstenried - Solln",62.2,1011,1625,NA,NA,NA,"Hauptwohnsitzbevölkerung (65 Jahre und älter) (nichtdeutsch)","Hauptwohnsitzbevölkerung (bis 14 Jahre) (nichtdeutsch)",NA,NA,NA
"Überalterungsquotient","nichtdeutsch",2004,"20 Hadern",42.1,525,1248,NA,NA,NA,"Hauptwohnsitzbevölkerung (65 Jahre und älter) (nichtdeutsch)","Hauptwohnsitzbevölkerung (bis 14 Jahre) (nichtdeutsch)",NA,NA,NA
"Überalterungsquotient","nichtdeutsch",2004,"21 Pasing - Obermenzing",54.7,786,1437,NA,NA,NA,"Hauptwohnsitzbevölkerung (65 Jahre und älter) (nichtdeutsch)","Hauptwohnsitzbevölkerung (bis 14 Jahre) (nichtdeutsch)",NA,NA,NA
"Überalterungsquotient","nichtdeutsch",2004,"22 Aubing - Lochhausen - Langwied",32.8,386,1176,NA,NA,NA,"Hauptwohnsitzbevölkerung (65 Jahre und älter) (nichtdeutsch)","Hauptwohnsitzbevölkerung (bis 14 Jahre) (nichtdeutsch)",NA,NA,NA
"Überalterungsquotient","nichtdeutsch",2004,"23 Allach - Untermenzing",67.5,369,547,NA,NA,NA,"Hauptwohnsitzbevölkerung (65 Jahre und älter) (nichtdeutsch)","Hauptwohnsitzbevölkerung (bis 14 Jahre) (nichtdeutsch)",NA,NA,NA
"Überalterungsquotient","nichtdeutsch",2004,"24 Feldmoching - Hasenbergl",36.8,802,2178,NA,NA,NA,"Hauptwohnsitzbevölkerung (65 Jahre und älter) (nichtdeutsch)","Hauptwohnsitzbevölkerung (bis 14 Jahre) (nichtdeutsch)",NA,NA,NA
"Überalterungsquotient","nichtdeutsch",2004,"25 Laim",58.9,701,1190,NA,NA,NA,"Hauptwohnsitzbevölkerung (65 Jahre und älter) (nichtdeutsch)","Hauptwohnsitzbevölkerung (bis 14 Jahre) (nichtdeutsch)",NA,NA,NA
"Überalterungsquotient","nichtdeutsch",2003,"Stadt München",52.2,18053,34559,NA,NA,NA,"Hauptwohnsitzbevölkerung (65 Jahre und älter) (nichtdeutsch)","Hauptwohnsitzbevölkerung (bis 14 Jahre) (nichtdeutsch)",NA,NA,NA
"Überalterungsquotient","nichtdeutsch",2003,"01 Altstadt - Lehel",124.4,347,279,NA,NA,NA,"Hauptwohnsitzbevölkerung (65 Jahre und älter) (nichtdeutsch)","Hauptwohnsitzbevölkerung (bis 14 Jahre) (nichtdeutsch)",NA,NA,NA
"Überalterungsquotient","nichtdeutsch",2003,"02 Ludwigsvorstadt - Isarvorstadt",98.2,991,1009,NA,NA,NA,"Hauptwohnsitzbevölkerung (65 Jahre und älter) (nichtdeutsch)","Hauptwohnsitzbevölkerung (bis 14 Jahre) (nichtdeutsch)",NA,NA,NA
"Überalterungsquotient","nichtdeutsch",2003,"03 Maxvorstadt",100,623,623,NA,NA,NA,"Hauptwohnsitzbevölkerung (65 Jahre und älter) (nichtdeutsch)","Hauptwohnsitzbevölkerung (bis 14 Jahre) (nichtdeutsch)",NA,NA,NA
"Überalterungsquotient","nichtdeutsch",2003,"04 Schwabing - West",84.7,728,860,NA,NA,NA,"Hauptwohnsitzbevölkerung (65 Jahre und älter) (nichtdeutsch)","Hauptwohnsitzbevölkerung (bis 14 Jahre) (nichtdeutsch)",NA,NA,NA
"Überalterungsquotient","nichtdeutsch",2003,"05 Au - Haidhausen",84,938,1117,NA,NA,NA,"Hauptwohnsitzbevölkerung (65 Jahre und älter) (nichtdeutsch)","Hauptwohnsitzbevölkerung (bis 14 Jahre) (nichtdeutsch)",NA,NA,NA
"Überalterungsquotient","nichtdeutsch",2003,"06 Sendling",54.6,623,1140,NA,NA,NA,"Hauptwohnsitzbevölkerung (65 Jahre und älter) (nichtdeutsch)","Hauptwohnsitzbevölkerung (bis 14 Jahre) (nichtdeutsch)",NA,NA,NA
"Überalterungsquotient","nichtdeutsch",2003,"07 Sendling - Westpark",48.2,699,1450,NA,NA,NA,"Hauptwohnsitzbevölkerung (65 Jahre und älter) (nichtdeutsch)","Hauptwohnsitzbevölkerung (bis 14 Jahre) (nichtdeutsch)",NA,NA,NA
"Überalterungsquotient","nichtdeutsch",2003,"08 Schwanthalerhöhe",75.8,777,1025,NA,NA,NA,"Hauptwohnsitzbevölkerung (65 Jahre und älter) (nichtdeutsch)","Hauptwohnsitzbevölkerung (bis 14 Jahre) (nichtdeutsch)",NA,NA,NA
"Überalterungsquotient","nichtdeutsch",2003,"09 Neuhausen - Nymphenburg",58.7,1099,1873,NA,NA,NA,"Hauptwohnsitzbevölkerung (65 Jahre und älter) (nichtdeutsch)","Hauptwohnsitzbevölkerung (bis 14 Jahre) (nichtdeutsch)",NA,NA,NA
"Überalterungsquotient","nichtdeutsch",2003,"10 Moosach",41.1,615,1498,NA,NA,NA,"Hauptwohnsitzbevölkerung (65 Jahre und älter) (nichtdeutsch)","Hauptwohnsitzbevölkerung (bis 14 Jahre) (nichtdeutsch)",NA,NA,NA
"Überalterungsquotient","nichtdeutsch",2003,"11 Milbertshofen - Am Hart",42.1,1168,2774,NA,NA,NA,"Hauptwohnsitzbevölkerung (65 Jahre und älter) (nichtdeutsch)","Hauptwohnsitzbevölkerung (bis 14 Jahre) (nichtdeutsch)",NA,NA,NA
"Überalterungsquotient","nichtdeutsch",2003,"12 Schwabing - Freimann",49.7,655,1318,NA,NA,NA,"Hauptwohnsitzbevölkerung (65 Jahre und älter) (nichtdeutsch)","Hauptwohnsitzbevölkerung (bis 14 Jahre) (nichtdeutsch)",NA,NA,NA
"Überalterungsquotient","nichtdeutsch",2003,"13 Bogenhausen",64.3,901,1401,NA,NA,NA,"Hauptwohnsitzbevölkerung (65 Jahre und älter) (nichtdeutsch)","Hauptwohnsitzbevölkerung (bis 14 Jahre) (nichtdeutsch)",NA,NA,NA
"Überalterungsquotient","nichtdeutsch",2003,"14 Berg am Laim",40.8,514,1261,NA,NA,NA,"Hauptwohnsitzbevölkerung (65 Jahre und älter) (nichtdeutsch)","Hauptwohnsitzbevölkerung (bis 14 Jahre) (nichtdeutsch)",NA,NA,NA
"Überalterungsquotient","nichtdeutsch",2003,"15 Trudering - Riem",30.7,302,983,NA,NA,NA,"Hauptwohnsitzbevölkerung (65 Jahre und älter) (nichtdeutsch)","Hauptwohnsitzbevölkerung (bis 14 Jahre) (nichtdeutsch)",NA,NA,NA
"Überalterungsquotient","nichtdeutsch",2003,"16 Ramersdorf - Perlach",38.6,1589,4119,NA,NA,NA,"Hauptwohnsitzbevölkerung (65 Jahre und älter) (nichtdeutsch)","Hauptwohnsitzbevölkerung (bis 14 Jahre) (nichtdeutsch)",NA,NA,NA
"Überalterungsquotient","nichtdeutsch",2003,"17 Obergiesing - Fasangarten",46.8,687,1469,NA,NA,NA,"Hauptwohnsitzbevölkerung (65 Jahre und älter) (nichtdeutsch)","Hauptwohnsitzbevölkerung (bis 14 Jahre) (nichtdeutsch)",NA,NA,NA
"Überalterungsquotient","nichtdeutsch",2003,"18 Untergiesing - Harlaching",71.8,656,914,NA,NA,NA,"Hauptwohnsitzbevölkerung (65 Jahre und älter) (nichtdeutsch)","Hauptwohnsitzbevölkerung (bis 14 Jahre) (nichtdeutsch)",NA,NA,NA
"Überalterungsquotient","nichtdeutsch",2003,"19 Thalkirchen - Obersendling - Forstenried - Fürstenried - Solln",53.8,910,1693,NA,NA,NA,"Hauptwohnsitzbevölkerung (65 Jahre und älter) (nichtdeutsch)","Hauptwohnsitzbevölkerung (bis 14 Jahre) (nichtdeutsch)",NA,NA,NA
"Überalterungsquotient","nichtdeutsch",2003,"20 Hadern",37.2,454,1220,NA,NA,NA,"Hauptwohnsitzbevölkerung (65 Jahre und älter) (nichtdeutsch)","Hauptwohnsitzbevölkerung (bis 14 Jahre) (nichtdeutsch)",NA,NA,NA
"Überalterungsquotient","nichtdeutsch",2003,"21 Pasing - Obermenzing",51.1,708,1385,NA,NA,NA,"Hauptwohnsitzbevölkerung (65 Jahre und älter) (nichtdeutsch)","Hauptwohnsitzbevölkerung (bis 14 Jahre) (nichtdeutsch)",NA,NA,NA
"Überalterungsquotient","nichtdeutsch",2003,"22 Aubing - Lochhausen - Langwied",31.8,374,1175,NA,NA,NA,"Hauptwohnsitzbevölkerung (65 Jahre und älter) (nichtdeutsch)","Hauptwohnsitzbevölkerung (bis 14 Jahre) (nichtdeutsch)",NA,NA,NA
"Überalterungsquotient","nichtdeutsch",2003,"23 Allach - Untermenzing",62.5,338,541,NA,NA,NA,"Hauptwohnsitzbevölkerung (65 Jahre und älter) (nichtdeutsch)","Hauptwohnsitzbevölkerung (bis 14 Jahre) (nichtdeutsch)",NA,NA,NA
"Überalterungsquotient","nichtdeutsch",2003,"24 Feldmoching - Hasenbergl",33.3,744,2236,NA,NA,NA,"Hauptwohnsitzbevölkerung (65 Jahre und älter) (nichtdeutsch)","Hauptwohnsitzbevölkerung (bis 14 Jahre) (nichtdeutsch)",NA,NA,NA
"Überalterungsquotient","nichtdeutsch",2003,"25 Laim",51.3,613,1196,NA,NA,NA,"Hauptwohnsitzbevölkerung (65 Jahre und älter) (nichtdeutsch)","Hauptwohnsitzbevölkerung (bis 14 Jahre) (nichtdeutsch)",NA,NA,NA
"Überalterungsquotient","nichtdeutsch",2002,"Stadt München",45.9,16423,35777,NA,NA,NA,"Hauptwohnsitzbevölkerung (65 Jahre und älter) (nichtdeutsch)","Hauptwohnsitzbevölkerung (bis 14 Jahre) (nichtdeutsch)",NA,NA,NA
"Überalterungsquotient","nichtdeutsch",2002,"01 Altstadt - Lehel",116.9,304,260,NA,NA,NA,"Hauptwohnsitzbevölkerung (65 Jahre und älter) (nichtdeutsch)","Hauptwohnsitzbevölkerung (bis 14 Jahre) (nichtdeutsch)",NA,NA,NA
"Überalterungsquotient","nichtdeutsch",2002,"02 Ludwigsvorstadt - Isarvorstadt",84.6,954,1128,NA,NA,NA,"Hauptwohnsitzbevölkerung (65 Jahre und älter) (nichtdeutsch)","Hauptwohnsitzbevölkerung (bis 14 Jahre) (nichtdeutsch)",NA,NA,NA
"Überalterungsquotient","nichtdeutsch",2002,"03 Maxvorstadt",92.2,600,651,NA,NA,NA,"Hauptwohnsitzbevölkerung (65 Jahre und älter) (nichtdeutsch)","Hauptwohnsitzbevölkerung (bis 14 Jahre) (nichtdeutsch)",NA,NA,NA
"Überalterungsquotient","nichtdeutsch",2002,"04 Schwabing - West",74.8,681,911,NA,NA,NA,"Hauptwohnsitzbevölkerung (65 Jahre und älter) (nichtdeutsch)","Hauptwohnsitzbevölkerung (bis 14 Jahre) (nichtdeutsch)",NA,NA,NA
"Überalterungsquotient","nichtdeutsch",2002,"05 Au - Haidhausen",70.3,858,1221,NA,NA,NA,"Hauptwohnsitzbevölkerung (65 Jahre und älter) (nichtdeutsch)","Hauptwohnsitzbevölkerung (bis 14 Jahre) (nichtdeutsch)",NA,NA,NA
"Überalterungsquotient","nichtdeutsch",2002,"06 Sendling",45.5,541,1188,NA,NA,NA,"Hauptwohnsitzbevölkerung (65 Jahre und älter) (nichtdeutsch)","Hauptwohnsitzbevölkerung (bis 14 Jahre) (nichtdeutsch)",NA,NA,NA
"Überalterungsquotient","nichtdeutsch",2002,"07 Sendling - Westpark",42.7,638,1494,NA,NA,NA,"Hauptwohnsitzbevölkerung (65 Jahre und älter) (nichtdeutsch)","Hauptwohnsitzbevölkerung (bis 14 Jahre) (nichtdeutsch)",NA,NA,NA
"Überalterungsquotient","nichtdeutsch",2002,"08 Schwanthalerhöhe",68.5,706,1031,NA,NA,NA,"Hauptwohnsitzbevölkerung (65 Jahre und älter) (nichtdeutsch)","Hauptwohnsitzbevölkerung (bis 14 Jahre) (nichtdeutsch)",NA,NA,NA
"Überalterungsquotient","nichtdeutsch",2002,"09 Neuhausen - Nymphenburg",51.6,1028,1991,NA,NA,NA,"Hauptwohnsitzbevölkerung (65 Jahre und älter) (nichtdeutsch)","Hauptwohnsitzbevölkerung (bis 14 Jahre) (nichtdeutsch)",NA,NA,NA
"Überalterungsquotient","nichtdeutsch",2002,"10 Moosach",34.4,545,1586,NA,NA,NA,"Hauptwohnsitzbevölkerung (65 Jahre und älter) (nichtdeutsch)","Hauptwohnsitzbevölkerung (bis 14 Jahre) (nichtdeutsch)",NA,NA,NA
"Überalterungsquotient","nichtdeutsch",2002,"11 Milbertshofen - Am Hart",36.8,1034,2807,NA,NA,NA,"Hauptwohnsitzbevölkerung (65 Jahre und älter) (nichtdeutsch)","Hauptwohnsitzbevölkerung (bis 14 Jahre) (nichtdeutsch)",NA,NA,NA
"Überalterungsquotient","nichtdeutsch",2002,"12 Schwabing - Freimann",42.2,607,1438,NA,NA,NA,"Hauptwohnsitzbevölkerung (65 Jahre und älter) (nichtdeutsch)","Hauptwohnsitzbevölkerung (bis 14 Jahre) (nichtdeutsch)",NA,NA,NA
"Überalterungsquotient","nichtdeutsch",2002,"13 Bogenhausen",61,834,1368,NA,NA,NA,"Hauptwohnsitzbevölkerung (65 Jahre und älter) (nichtdeutsch)","Hauptwohnsitzbevölkerung (bis 14 Jahre) (nichtdeutsch)",NA,NA,NA
"Überalterungsquotient","nichtdeutsch",2002,"14 Berg am Laim",32.9,453,1378,NA,NA,NA,"Hauptwohnsitzbevölkerung (65 Jahre und älter) (nichtdeutsch)","Hauptwohnsitzbevölkerung (bis 14 Jahre) (nichtdeutsch)",NA,NA,NA
"Überalterungsquotient","nichtdeutsch",2002,"15 Trudering - Riem",27.7,283,1023,NA,NA,NA,"Hauptwohnsitzbevölkerung (65 Jahre und älter) (nichtdeutsch)","Hauptwohnsitzbevölkerung (bis 14 Jahre) (nichtdeutsch)",NA,NA,NA
"Überalterungsquotient","nichtdeutsch",2002,"16 Ramersdorf - Perlach",32.3,1368,4230,NA,NA,NA,"Hauptwohnsitzbevölkerung (65 Jahre und älter) (nichtdeutsch)","Hauptwohnsitzbevölkerung (bis 14 Jahre) (nichtdeutsch)",NA,NA,NA
"Überalterungsquotient","nichtdeutsch",2002,"17 Obergiesing - Fasangarten",39.9,612,1535,NA,NA,NA,"Hauptwohnsitzbevölkerung (65 Jahre und älter) (nichtdeutsch)","Hauptwohnsitzbevölkerung (bis 14 Jahre) (nichtdeutsch)",NA,NA,NA
"Überalterungsquotient","nichtdeutsch",2002,"18 Untergiesing - Harlaching",65.6,610,930,NA,NA,NA,"Hauptwohnsitzbevölkerung (65 Jahre und älter) (nichtdeutsch)","Hauptwohnsitzbevölkerung (bis 14 Jahre) (nichtdeutsch)",NA,NA,NA
"Überalterungsquotient","nichtdeutsch",2002,"19 Thalkirchen - Obersendling - Forstenried - Fürstenried - Solln",48,841,1753,NA,NA,NA,"Hauptwohnsitzbevölkerung (65 Jahre und älter) (nichtdeutsch)","Hauptwohnsitzbevölkerung (bis 14 Jahre) (nichtdeutsch)",NA,NA,NA
"Überalterungsquotient","nichtdeutsch",2002,"20 Hadern",34.6,413,1192,NA,NA,NA,"Hauptwohnsitzbevölkerung (65 Jahre und älter) (nichtdeutsch)","Hauptwohnsitzbevölkerung (bis 14 Jahre) (nichtdeutsch)",NA,NA,NA
"Überalterungsquotient","nichtdeutsch",2002,"21 Pasing - Obermenzing",46.9,631,1346,NA,NA,NA,"Hauptwohnsitzbevölkerung (65 Jahre und älter) (nichtdeutsch)","Hauptwohnsitzbevölkerung (bis 14 Jahre) (nichtdeutsch)",NA,NA,NA
"Überalterungsquotient","nichtdeutsch",2002,"22 Aubing - Lochhausen - Langwied",28.4,340,1198,NA,NA,NA,"Hauptwohnsitzbevölkerung (65 Jahre und älter) (nichtdeutsch)","Hauptwohnsitzbevölkerung (bis 14 Jahre) (nichtdeutsch)",NA,NA,NA
"Überalterungsquotient","nichtdeutsch",2002,"23 Allach - Untermenzing",51.7,314,607,NA,NA,NA,"Hauptwohnsitzbevölkerung (65 Jahre und älter) (nichtdeutsch)","Hauptwohnsitzbevölkerung (bis 14 Jahre) (nichtdeutsch)",NA,NA,NA
"Überalterungsquotient","nichtdeutsch",2002,"24 Feldmoching - Hasenbergl",29.6,687,2321,NA,NA,NA,"Hauptwohnsitzbevölkerung (65 Jahre und älter) (nichtdeutsch)","Hauptwohnsitzbevölkerung (bis 14 Jahre) (nichtdeutsch)",NA,NA,NA
"Überalterungsquotient","nichtdeutsch",2002,"25 Laim",45.5,541,1190,NA,NA,NA,"Hauptwohnsitzbevölkerung (65 Jahre und älter) (nichtdeutsch)","Hauptwohnsitzbevölkerung (bis 14 Jahre) (nichtdeutsch)",NA,NA,NA
"Überalterungsquotient","nichtdeutsch",2001,"Stadt München",40.4,14929,36945,NA,NA,NA,"Hauptwohnsitzbevölkerung (65 Jahre und älter) (nichtdeutsch)","Hauptwohnsitzbevölkerung (bis 14 Jahre) (nichtdeutsch)",NA,NA,NA
"Überalterungsquotient","nichtdeutsch",2001,"01 Altstadt - Lehel",114.9,286,249,NA,NA,NA,"Hauptwohnsitzbevölkerung (65 Jahre und älter) (nichtdeutsch)","Hauptwohnsitzbevölkerung (bis 14 Jahre) (nichtdeutsch)",NA,NA,NA
"Überalterungsquotient","nichtdeutsch",2001,"02 Ludwigsvorstadt - Isarvorstadt",71.5,875,1224,NA,NA,NA,"Hauptwohnsitzbevölkerung (65 Jahre und älter) (nichtdeutsch)","Hauptwohnsitzbevölkerung (bis 14 Jahre) (nichtdeutsch)",NA,NA,NA
"Überalterungsquotient","nichtdeutsch",2001,"03 Maxvorstadt",81.1,569,702,NA,NA,NA,"Hauptwohnsitzbevölkerung (65 Jahre und älter) (nichtdeutsch)","Hauptwohnsitzbevölkerung (bis 14 Jahre) (nichtdeutsch)",NA,NA,NA
"Überalterungsquotient","nichtdeutsch",2001,"04 Schwabing - West",65.9,629,955,NA,NA,NA,"Hauptwohnsitzbevölkerung (65 Jahre und älter) (nichtdeutsch)","Hauptwohnsitzbevölkerung (bis 14 Jahre) (nichtdeutsch)",NA,NA,NA
"Überalterungsquotient","nichtdeutsch",2001,"05 Au - Haidhausen",60.7,771,1271,NA,NA,NA,"Hauptwohnsitzbevölkerung (65 Jahre und älter) (nichtdeutsch)","Hauptwohnsitzbevölkerung (bis 14 Jahre) (nichtdeutsch)",NA,NA,NA
"Überalterungsquotient","nichtdeutsch",2001,"06 Sendling",37,458,1237,NA,NA,NA,"Hauptwohnsitzbevölkerung (65 Jahre und älter) (nichtdeutsch)","Hauptwohnsitzbevölkerung (bis 14 Jahre) (nichtdeutsch)",NA,NA,NA
"Überalterungsquotient","nichtdeutsch",2001,"07 Sendling - Westpark",37.5,597,1592,NA,NA,NA,"Hauptwohnsitzbevölkerung (65 Jahre und älter) (nichtdeutsch)","Hauptwohnsitzbevölkerung (bis 14 Jahre) (nichtdeutsch)",NA,NA,NA
"Überalterungsquotient","nichtdeutsch",2001,"08 Schwanthalerhöhe",58.7,632,1076,NA,NA,NA,"Hauptwohnsitzbevölkerung (65 Jahre und älter) (nichtdeutsch)","Hauptwohnsitzbevölkerung (bis 14 Jahre) (nichtdeutsch)",NA,NA,NA
"Überalterungsquotient","nichtdeutsch",2001,"09 Neuhausen - Nymphenburg",45.1,946,2098,NA,NA,NA,"Hauptwohnsitzbevölkerung (65 Jahre und älter) (nichtdeutsch)","Hauptwohnsitzbevölkerung (bis 14 Jahre) (nichtdeutsch)",NA,NA,NA
"Überalterungsquotient","nichtdeutsch",2001,"10 Moosach",30,495,1649,NA,NA,NA,"Hauptwohnsitzbevölkerung (65 Jahre und älter) (nichtdeutsch)","Hauptwohnsitzbevölkerung (bis 14 Jahre) (nichtdeutsch)",NA,NA,NA
"Überalterungsquotient","nichtdeutsch",2001,"11 Milbertshofen - Am Hart",32.4,941,2903,NA,NA,NA,"Hauptwohnsitzbevölkerung (65 Jahre und älter) (nichtdeutsch)","Hauptwohnsitzbevölkerung (bis 14 Jahre) (nichtdeutsch)",NA,NA,NA
"Überalterungsquotient","nichtdeutsch",2001,"12 Schwabing - Freimann",37,546,1477,NA,NA,NA,"Hauptwohnsitzbevölkerung (65 Jahre und älter) (nichtdeutsch)","Hauptwohnsitzbevölkerung (bis 14 Jahre) (nichtdeutsch)",NA,NA,NA
"Überalterungsquotient","nichtdeutsch",2001,"13 Bogenhausen",55.4,760,1371,NA,NA,NA,"Hauptwohnsitzbevölkerung (65 Jahre und älter) (nichtdeutsch)","Hauptwohnsitzbevölkerung (bis 14 Jahre) (nichtdeutsch)",NA,NA,NA
"Überalterungsquotient","nichtdeutsch",2001,"14 Berg am Laim",28.7,401,1397,NA,NA,NA,"Hauptwohnsitzbevölkerung (65 Jahre und älter) (nichtdeutsch)","Hauptwohnsitzbevölkerung (bis 14 Jahre) (nichtdeutsch)",NA,NA,NA
"Überalterungsquotient","nichtdeutsch",2001,"15 Trudering - Riem",28.3,261,921,NA,NA,NA,"Hauptwohnsitzbevölkerung (65 Jahre und älter) (nichtdeutsch)","Hauptwohnsitzbevölkerung (bis 14 Jahre) (nichtdeutsch)",NA,NA,NA
"Überalterungsquotient","nichtdeutsch",2001,"16 Ramersdorf - Perlach",27.2,1211,4448,NA,NA,NA,"Hauptwohnsitzbevölkerung (65 Jahre und älter) (nichtdeutsch)","Hauptwohnsitzbevölkerung (bis 14 Jahre) (nichtdeutsch)",NA,NA,NA
"Überalterungsquotient","nichtdeutsch",2001,"17 Obergiesing - Fasangarten",36.9,556,1507,NA,NA,NA,"Hauptwohnsitzbevölkerung (65 Jahre und älter) (nichtdeutsch)","Hauptwohnsitzbevölkerung (bis 14 Jahre) (nichtdeutsch)",NA,NA,NA
"Überalterungsquotient","nichtdeutsch",2001,"18 Untergiesing - Harlaching",59,562,953,NA,NA,NA,"Hauptwohnsitzbevölkerung (65 Jahre und älter) (nichtdeutsch)","Hauptwohnsitzbevölkerung (bis 14 Jahre) (nichtdeutsch)",NA,NA,NA
"Überalterungsquotient","nichtdeutsch",2001,"19 Thalkirchen - Obersendling - Forstenried - Fürstenried - Solln",44.2,749,1696,NA,NA,NA,"Hauptwohnsitzbevölkerung (65 Jahre und älter) (nichtdeutsch)","Hauptwohnsitzbevölkerung (bis 14 Jahre) (nichtdeutsch)",NA,NA,NA
"Überalterungsquotient","nichtdeutsch",2001,"20 Hadern",31,369,1191,NA,NA,NA,"Hauptwohnsitzbevölkerung (65 Jahre und älter) (nichtdeutsch)","Hauptwohnsitzbevölkerung (bis 14 Jahre) (nichtdeutsch)",NA,NA,NA
"Überalterungsquotient","nichtdeutsch",2001,"21 Pasing - Obermenzing",40,569,1424,NA,NA,NA,"Hauptwohnsitzbevölkerung (65 Jahre und älter) (nichtdeutsch)","Hauptwohnsitzbevölkerung (bis 14 Jahre) (nichtdeutsch)",NA,NA,NA
"Überalterungsquotient","nichtdeutsch",2001,"22 Aubing - Lochhausen - Langwied",24.9,321,1290,NA,NA,NA,"Hauptwohnsitzbevölkerung (65 Jahre und älter) (nichtdeutsch)","Hauptwohnsitzbevölkerung (bis 14 Jahre) (nichtdeutsch)",NA,NA,NA
"Überalterungsquotient","nichtdeutsch",2001,"23 Allach - Untermenzing",44.5,291,654,NA,NA,NA,"Hauptwohnsitzbevölkerung (65 Jahre und älter) (nichtdeutsch)","Hauptwohnsitzbevölkerung (bis 14 Jahre) (nichtdeutsch)",NA,NA,NA
"Überalterungsquotient","nichtdeutsch",2001,"24 Feldmoching - Hasenbergl",27.3,649,2381,NA,NA,NA,"Hauptwohnsitzbevölkerung (65 Jahre und älter) (nichtdeutsch)","Hauptwohnsitzbevölkerung (bis 14 Jahre) (nichtdeutsch)",NA,NA,NA
"Überalterungsquotient","nichtdeutsch",2001,"25 Laim",37.9,485,1279,NA,NA,NA,"Hauptwohnsitzbevölkerung (65 Jahre und älter) (nichtdeutsch)","Hauptwohnsitzbevölkerung (bis 14 Jahre) (nichtdeutsch)",NA,NA,NA
"Überalterungsquotient","nichtdeutsch",2000,"Stadt München",34.9,13622,39071,NA,NA,NA,"Hauptwohnsitzbevölkerung (65 Jahre und älter) (nichtdeutsch)","Hauptwohnsitzbevölkerung (bis 14 Jahre) (nichtdeutsch)",NA,NA,NA
"Überalterungsquotient","nichtdeutsch",2000,"01 Altstadt - Lehel",94.7,266,281,NA,NA,NA,"Hauptwohnsitzbevölkerung (65 Jahre und älter) (nichtdeutsch)","Hauptwohnsitzbevölkerung (bis 14 Jahre) (nichtdeutsch)",NA,NA,NA
"Überalterungsquotient","nichtdeutsch",2000,"02 Ludwigsvorstadt - Isarvorstadt",61.2,807,1318,NA,NA,NA,"Hauptwohnsitzbevölkerung (65 Jahre und älter) (nichtdeutsch)","Hauptwohnsitzbevölkerung (bis 14 Jahre) (nichtdeutsch)",NA,NA,NA
"Überalterungsquotient","nichtdeutsch",2000,"03 Maxvorstadt",70.5,527,748,NA,NA,NA,"Hauptwohnsitzbevölkerung (65 Jahre und älter) (nichtdeutsch)","Hauptwohnsitzbevölkerung (bis 14 Jahre) (nichtdeutsch)",NA,NA,NA
"Überalterungsquotient","nichtdeutsch",2000,"04 Schwabing - West",58.5,581,993,NA,NA,NA,"Hauptwohnsitzbevölkerung (65 Jahre und älter) (nichtdeutsch)","Hauptwohnsitzbevölkerung (bis 14 Jahre) (nichtdeutsch)",NA,NA,NA
"Überalterungsquotient","nichtdeutsch",2000,"05 Au - Haidhausen",53.9,739,1370,NA,NA,NA,"Hauptwohnsitzbevölkerung (65 Jahre und älter) (nichtdeutsch)","Hauptwohnsitzbevölkerung (bis 14 Jahre) (nichtdeutsch)",NA,NA,NA
"Überalterungsquotient","nichtdeutsch",2000,"06 Sendling",31,408,1316,NA,NA,NA,"Hauptwohnsitzbevölkerung (65 Jahre und älter) (nichtdeutsch)","Hauptwohnsitzbevölkerung (bis 14 Jahre) (nichtdeutsch)",NA,NA,NA
"Überalterungsquotient","nichtdeutsch",2000,"07 Sendling - Westpark",34.1,564,1656,NA,NA,NA,"Hauptwohnsitzbevölkerung (65 Jahre und älter) (nichtdeutsch)","Hauptwohnsitzbevölkerung (bis 14 Jahre) (nichtdeutsch)",NA,NA,NA
"Überalterungsquotient","nichtdeutsch",2000,"08 Schwanthalerhöhe",50.5,579,1147,NA,NA,NA,"Hauptwohnsitzbevölkerung (65 Jahre und älter) (nichtdeutsch)","Hauptwohnsitzbevölkerung (bis 14 Jahre) (nichtdeutsch)",NA,NA,NA
"Überalterungsquotient","nichtdeutsch",2000,"09 Neuhausen - Nymphenburg",38.7,879,2274,NA,NA,NA,"Hauptwohnsitzbevölkerung (65 Jahre und älter) (nichtdeutsch)","Hauptwohnsitzbevölkerung (bis 14 Jahre) (nichtdeutsch)",NA,NA,NA
"Überalterungsquotient","nichtdeutsch",2000,"10 Moosach",24.2,424,1753,NA,NA,NA,"Hauptwohnsitzbevölkerung (65 Jahre und älter) (nichtdeutsch)","Hauptwohnsitzbevölkerung (bis 14 Jahre) (nichtdeutsch)",NA,NA,NA
"Überalterungsquotient","nichtdeutsch",2000,"11 Milbertshofen - Am Hart",26.1,828,3174,NA,NA,NA,"Hauptwohnsitzbevölkerung (65 Jahre und älter) (nichtdeutsch)","Hauptwohnsitzbevölkerung (bis 14 Jahre) (nichtdeutsch)",NA,NA,NA
"Überalterungsquotient","nichtdeutsch",2000,"12 Schwabing - Freimann",32.8,512,1560,NA,NA,NA,"Hauptwohnsitzbevölkerung (65 Jahre und älter) (nichtdeutsch)","Hauptwohnsitzbevölkerung (bis 14 Jahre) (nichtdeutsch)",NA,NA,NA
"Überalterungsquotient","nichtdeutsch",2000,"13 Bogenhausen",51,699,1371,NA,NA,NA,"Hauptwohnsitzbevölkerung (65 Jahre und älter) (nichtdeutsch)","Hauptwohnsitzbevölkerung (bis 14 Jahre) (nichtdeutsch)",NA,NA,NA
"Überalterungsquotient","nichtdeutsch",2000,"14 Berg am Laim",24.8,367,1479,NA,NA,NA,"Hauptwohnsitzbevölkerung (65 Jahre und älter) (nichtdeutsch)","Hauptwohnsitzbevölkerung (bis 14 Jahre) (nichtdeutsch)",NA,NA,NA
"Überalterungsquotient","nichtdeutsch",2000,"15 Trudering - Riem",27.4,227,829,NA,NA,NA,"Hauptwohnsitzbevölkerung (65 Jahre und älter) (nichtdeutsch)","Hauptwohnsitzbevölkerung (bis 14 Jahre) (nichtdeutsch)",NA,NA,NA
"Überalterungsquotient","nichtdeutsch",2000,"16 Ramersdorf - Perlach",21.9,1068,4868,NA,NA,NA,"Hauptwohnsitzbevölkerung (65 Jahre und älter) (nichtdeutsch)","Hauptwohnsitzbevölkerung (bis 14 Jahre) (nichtdeutsch)",NA,NA,NA
"Überalterungsquotient","nichtdeutsch",2000,"17 Obergiesing - Fasangarten",31.5,517,1639,NA,NA,NA,"Hauptwohnsitzbevölkerung (65 Jahre und älter) (nichtdeutsch)","Hauptwohnsitzbevölkerung (bis 14 Jahre) (nichtdeutsch)",NA,NA,NA
"Überalterungsquotient","nichtdeutsch",2000,"18 Untergiesing - Harlaching",54,518,960,NA,NA,NA,"Hauptwohnsitzbevölkerung (65 Jahre und älter) (nichtdeutsch)","Hauptwohnsitzbevölkerung (bis 14 Jahre) (nichtdeutsch)",NA,NA,NA
"Überalterungsquotient","nichtdeutsch",2000,"19 Thalkirchen - Obersendling - Forstenried - Fürstenried - Solln",39.3,670,1704,NA,NA,NA,"Hauptwohnsitzbevölkerung (65 Jahre und älter) (nichtdeutsch)","Hauptwohnsitzbevölkerung (bis 14 Jahre) (nichtdeutsch)",NA,NA,NA
"Überalterungsquotient","nichtdeutsch",2000,"20 Hadern",25.5,338,1325,NA,NA,NA,"Hauptwohnsitzbevölkerung (65 Jahre und älter) (nichtdeutsch)","Hauptwohnsitzbevölkerung (bis 14 Jahre) (nichtdeutsch)",NA,NA,NA
"Überalterungsquotient","nichtdeutsch",2000,"21 Pasing - Obermenzing",35.2,501,1425,NA,NA,NA,"Hauptwohnsitzbevölkerung (65 Jahre und älter) (nichtdeutsch)","Hauptwohnsitzbevölkerung (bis 14 Jahre) (nichtdeutsch)",NA,NA,NA
"Überalterungsquotient","nichtdeutsch",2000,"22 Aubing - Lochhausen - Langwied",21.2,291,1375,NA,NA,NA,"Hauptwohnsitzbevölkerung (65 Jahre und älter) (nichtdeutsch)","Hauptwohnsitzbevölkerung (bis 14 Jahre) (nichtdeutsch)",NA,NA,NA
"Überalterungsquotient","nichtdeutsch",2000,"23 Allach - Untermenzing",39.6,266,672,NA,NA,NA,"Hauptwohnsitzbevölkerung (65 Jahre und älter) (nichtdeutsch)","Hauptwohnsitzbevölkerung (bis 14 Jahre) (nichtdeutsch)",NA,NA,NA
"Überalterungsquotient","nichtdeutsch",2000,"24 Feldmoching - Hasenbergl",24.3,610,2509,NA,NA,NA,"Hauptwohnsitzbevölkerung (65 Jahre und älter) (nichtdeutsch)","Hauptwohnsitzbevölkerung (bis 14 Jahre) (nichtdeutsch)",NA,NA,NA
"Überalterungsquotient","nichtdeutsch",2000,"25 Laim",32.9,436,1325,NA,NA,NA,"Hauptwohnsitzbevölkerung (65 Jahre und älter) (nichtdeutsch)","Hauptwohnsitzbevölkerung (bis 14 Jahre) (nichtdeutsch)",NA,NA,NA
